gid,move_ply,move_uci,move_time,player_white,player_clock_time,opponent_clock_time,board_position,castling_rights,en_passant_targets,halfmove_clock,n_possible_moves,n_pieces,player_in_check,partition
202201093288228,35,e1e8,34.0,True,480.0,523.0,4rrk1/5ppp/p1pb4/1p1n3q/3P2b1/1BP3P1/PP1N1PQP/R1B1R1K1,,,7,35,27,False,202201
202201093613962,35,e1e8,11.0,True,259.0,289.0,4rrk1/5ppp/p1pb4/1p1n3q/3P2b1/1BP3P1/PP1N1PQP/R1B1R1K1,,,7,35,27,False,202201
202201070063801,35,e1f1,19.0,True,93.0,121.0,4rrk1/5ppp/p1pb4/1p1n3q/3P2b1/1BP3P1/PP1N1PQP/R1B1R1K1,,,7,35,27,False,202201
202201070319565,35,d2e4,15.0,True,157.0,277.0,4rrk1/5ppp/p1pb4/1p1n3q/3P2b1/1BP3P1/PP1N1PQP/R1B1R1K1,,,7,35,27,False,202201
202201070385424,35,d2e4,9.0,True,135.0,164.0,4rrk1/5ppp/p1pb4/1p1n3q/3P2b1/1BP3P1/PP1N1PQP/R1B1R1K1,,,7,35,27,False,202201
202201070388899,35,e1e8,28.0,True,303.0,335.0,4rrk1/5ppp/p1pb4/1p1n3q/3P2b1/1BP3P1/PP1N1PQP/R1B1R1K1,,,7,35,27,False,202201
202201048152555,35,e1e4,31.0,True,136.0,185.0,4rrk1/5ppp/p1pb4/1p1n3q/3P2b1/1BP3P1/PP1N1PQP/R1B1R1K1,,,7,35,27,False,202201
202201048253124,35,e1e8,23.0,True,185.0,192.0,4rrk1/5ppp/p1pb4/1p1n3q/3P2b1/1BP3P1/PP1N1PQP/R1B1R1K1,,,7,35,27,False,202201
202201077964324,35,e1e8,36.0,True,153.0,171.0,4rrk1/5ppp/p1pb4/1p1n3q/3P2b1/1BP3P1/PP1N1PQP/R1B1R1K1,,,7,35,27,False,202201
202201035297620,35,e1f1,36.0,True,154.0,164.0,4rrk1/5ppp/p1pb4/1p1n3q/3P2b1/1BP3P1/PP1N1PQP/R1B1R1K1,,,7,35,27,False,202201
202201035834291,35,e1e8,75.0,True,412.0,627.0,4rrk1/5ppp/p1pb4/1p1n3q/3P2b1/1BP3P1/PP1N1PQP/R1B1R1K1,,,7,35,27,False,202201
202201035842287,35,e1e8,204.0,True,382.0,472.0,4rrk1/5ppp/p1pb4/1p1n3q/3P2b1/1BP3P1/PP1N1PQP/R1B1R1K1,,,7,35,27,False,202201
202201035992121,35,e1e8,23.0,True,540.0,571.0,4rrk1/5ppp/p1pb4/1p1n3q/3P2b1/1BP3P1/PP1N1PQP/R1B1R1K1,,,7,35,27,False,202201
202201032030310,35,e1e8,6.0,True,41.0,54.0,4rrk1/5ppp/p1pb4/1p1n3q/3P2b1/1BP3P1/PP1N1PQP/R1B1R1K1,,,7,35,27,False,202201
202201032337695,35,e1e4,21.0,True,157.0,184.0,4rrk1/5ppp/p1pb4/1p1n3q/3P2b1/1BP3P1/PP1N1PQP/R1B1R1K1,,,7,35,27,False,202201
202201032675362,35,e1e8,33.0,True,128.0,148.0,4rrk1/5ppp/p1pb4/1p1n3q/3P2b1/1BP3P1/PP1N1PQP/R1B1R1K1,,,7,35,27,False,202201
202201006110803,35,e1e8,9.0,True,179.0,148.0,4rrk1/5ppp/p1pb4/1p1n3q/3P2b1/1BP3P1/PP1N1PQP/R1B1R1K1,,,7,35,27,False,202201
202201006176176,35,e1e8,16.0,True,131.0,164.0,4rrk1/5ppp/p1pb4/1p1n3q/3P2b1/1BP3P1/PP1N1PQP/R1B1R1K1,,,7,35,27,False,202201
202201006501035,35,e1e8,104.0,True,354.0,514.0,4rrk1/5ppp/p1pb4/1p1n3q/3P2b1/1BP3P1/PP1N1PQP/R1B1R1K1,,,7,35,27,False,202201
202201006507453,35,e1e8,5.0,True,40.0,47.0,4rrk1/5ppp/p1pb4/1p1n3q/3P2b1/1BP3P1/PP1N1PQP/R1B1R1K1,,,7,35,27,False,202201
202201006565552,35,e1f1,23.0,True,240.0,283.0,4rrk1/5ppp/p1pb4/1p1n3q/3P2b1/1BP3P1/PP1N1PQP/R1B1R1K1,,,7,35,27,False,202201
202201006784592,35,d2e4,10.0,True,185.0,113.0,4rrk1/5ppp/p1pb4/1p1n3q/3P2b1/1BP3P1/PP1N1PQP/R1B1R1K1,,,7,35,27,False,202201
202201087748092,35,e1e8,51.0,True,86.0,100.0,4rrk1/5ppp/p1pb4/1p1n3q/3P2b1/1BP3P1/PP1N1PQP/R1B1R1K1,,,7,35,27,False,202201
202201087914967,35,d2e4,16.0,True,178.0,181.0,4rrk1/5ppp/p1pb4/1p1n3q/3P2b1/1BP3P1/PP1N1PQP/R1B1R1K1,,,7,35,27,False,202201
202201087995065,35,d2e4,24.0,True,81.0,115.0,4rrk1/5ppp/p1pb4/1p1n3q/3P2b1/1BP3P1/PP1N1PQP/R1B1R1K1,,,7,35,27,False,202201
202201065145128,35,e1e8,39.0,True,288.0,312.0,4rrk1/5ppp/p1pb4/1p1n3q/3P2b1/1BP3P1/PP1N1PQP/R1B1R1K1,,,7,35,27,False,202201
202201065399544,35,e1e8,3.0,True,44.0,48.0,4rrk1/5ppp/p1pb4/1p1n3q/3P2b1/1BP3P1/PP1N1PQP/R1B1R1K1,,,7,35,27,False,202201
202201065456878,35,d2e4,7.0,True,557.0,538.0,4rrk1/5ppp/p1pb4/1p1n3q/3P2b1/1BP3P1/PP1N1PQP/R1B1R1K1,,,7,35,27,False,202201
202201065835572,35,e1e8,10.0,True,164.0,181.0,4rrk1/5ppp/p1pb4/1p1n3q/3P2b1/1BP3P1/PP1N1PQP/R1B1R1K1,,,7,35,27,False,202201
202201065998270,35,e1e8,7.0,True,109.0,113.0,4rrk1/5ppp/p1pb4/1p1n3q/3P2b1/1BP3P1/PP1N1PQP/R1B1R1K1,,,7,35,27,False,202201
202201049280367,35,g2f1,18.0,True,249.0,311.0,4rrk1/5ppp/p1pb4/1p1n3q/3P2b1/1BP3P1/PP1N1PQP/R1B1R1K1,,,7,35,27,False,202201
202201049956148,35,d2e4,4.0,True,121.0,85.0,4rrk1/5ppp/p1pb4/1p1n3q/3P2b1/1BP3P1/PP1N1PQP/R1B1R1K1,,,7,35,27,False,202201
202201001220050,35,d2e4,1.0,True,110.0,172.0,4rrk1/5ppp/p1pb4/1p1n3q/3P2b1/1BP3P1/PP1N1PQP/R1B1R1K1,,,7,35,27,False,202201
202201001330319,35,e1e8,21.0,True,310.0,322.0,4rrk1/5ppp/p1pb4/1p1n3q/3P2b1/1BP3P1/PP1N1PQP/R1B1R1K1,,,7,35,27,False,202201
202201001607201,35,e1e8,8.0,True,99.0,165.0,4rrk1/5ppp/p1pb4/1p1n3q/3P2b1/1BP3P1/PP1N1PQP/R1B1R1K1,,,7,35,27,False,202201
202201001656028,35,e1e4,22.0,True,148.0,148.0,4rrk1/5ppp/p1pb4/1p1n3q/3P2b1/1BP3P1/PP1N1PQP/R1B1R1K1,,,7,35,27,False,202201
202201001826454,35,e1e8,6.0,True,166.0,182.0,4rrk1/5ppp/p1pb4/1p1n3q/3P2b1/1BP3P1/PP1N1PQP/R1B1R1K1,,,7,35,27,False,202201
202201001900569,35,e1e8,60.0,True,140.0,152.0,4rrk1/5ppp/p1pb4/1p1n3q/3P2b1/1BP3P1/PP1N1PQP/R1B1R1K1,,,7,35,27,False,202201
202201005142040,35,e1e8,7.0,True,184.0,381.0,4rrk1/5ppp/p1pb4/1p1n3q/3P2b1/1BP3P1/PP1N1PQP/R1B1R1K1,,,7,35,27,False,202201
202201005587340,35,e1f1,107.0,True,771.0,858.0,4rrk1/5ppp/p1pb4/1p1n3q/3P2b1/1BP3P1/PP1N1PQP/R1B1R1K1,,,7,35,27,False,202201
202201005740654,35,e1e8,6.0,True,269.0,306.0,4rrk1/5ppp/p1pb4/1p1n3q/3P2b1/1BP3P1/PP1N1PQP/R1B1R1K1,,,7,35,27,False,202201
202201090026347,35,e1e8,11.0,True,100.0,85.0,4rrk1/5ppp/p1pb4/1p1n3q/3P2b1/1BP3P1/PP1N1PQP/R1B1R1K1,,,7,35,27,False,202201
202201090298260,35,e1e8,102.0,True,135.0,202.0,4rrk1/5ppp/p1pb4/1p1n3q/3P2b1/1BP3P1/PP1N1PQP/R1B1R1K1,,,7,35,27,False,202201
202201090592985,35,d2e4,2.0,True,34.0,53.0,4rrk1/5ppp/p1pb4/1p1n3q/3P2b1/1BP3P1/PP1N1PQP/R1B1R1K1,,,7,35,27,False,202201
202201090612167,35,e1e8,3.0,True,114.0,122.0,4rrk1/5ppp/p1pb4/1p1n3q/3P2b1/1BP3P1/PP1N1PQP/R1B1R1K1,,,7,35,27,False,202201
202201090775324,35,e1e8,3.0,True,114.0,125.0,4rrk1/5ppp/p1pb4/1p1n3q/3P2b1/1BP3P1/PP1N1PQP/R1B1R1K1,,,7,35,27,False,202201
202201090785678,35,e1e8,3.0,True,114.0,128.0,4rrk1/5ppp/p1pb4/1p1n3q/3P2b1/1BP3P1/PP1N1PQP/R1B1R1K1,,,7,35,27,False,202201
202201090989650,35,e1e4,50.0,True,279.0,264.0,4rrk1/5ppp/p1pb4/1p1n3q/3P2b1/1BP3P1/PP1N1PQP/R1B1R1K1,,,7,35,27,False,202201
202201090996361,35,e1e8,41.0,True,203.0,313.0,4rrk1/5ppp/p1pb4/1p1n3q/3P2b1/1BP3P1/PP1N1PQP/R1B1R1K1,,,7,35,27,False,202201
202201061074793,35,e1e8,10.0,True,133.0,167.0,4rrk1/5ppp/p1pb4/1p1n3q/3P2b1/1BP3P1/PP1N1PQP/R1B1R1K1,,,7,35,27,False,202201
202201061712634,35,e1e8,7.0,True,100.0,120.0,4rrk1/5ppp/p1pb4/1p1n3q/3P2b1/1BP3P1/PP1N1PQP/R1B1R1K1,,,7,35,27,False,202201
202201057140717,35,e1e8,5.0,True,152.0,143.0,4rrk1/5ppp/p1pb4/1p1n3q/3P2b1/1BP3P1/PP1N1PQP/R1B1R1K1,,,7,35,27,False,202201
202201057545002,35,e1e4,46.0,True,133.0,165.0,4rrk1/5ppp/p1pb4/1p1n3q/3P2b1/1BP3P1/PP1N1PQP/R1B1R1K1,,,7,35,27,False,202201
202201057925981,35,e1e8,6.0,True,136.0,148.0,4rrk1/5ppp/p1pb4/1p1n3q/3P2b1/1BP3P1/PP1N1PQP/R1B1R1K1,,,7,35,27,False,202201
202201036059528,35,e1e4,12.0,True,167.0,149.0,4rrk1/5ppp/p1pb4/1p1n3q/3P2b1/1BP3P1/PP1N1PQP/R1B1R1K1,,,7,35,27,False,202201
202201036303032,35,e1f1,6.0,True,307.0,309.0,4rrk1/5ppp/p1pb4/1p1n3q/3P2b1/1BP3P1/PP1N1PQP/R1B1R1K1,,,7,35,27,False,202201
202201036556724,35,d2e4,4.0,True,37.0,48.0,4rrk1/5ppp/p1pb4/1p1n3q/3P2b1/1BP3P1/PP1N1PQP/R1B1R1K1,,,7,35,27,False,202201
202201036706336,35,e1e8,5.0,True,180.0,175.0,4rrk1/5ppp/p1pb4/1p1n3q/3P2b1/1BP3P1/PP1N1PQP/R1B1R1K1,,,7,35,27,False,202201
202201036959137,35,d2e4,6.0,True,144.0,158.0,4rrk1/5ppp/p1pb4/1p1n3q/3P2b1/1BP3P1/PP1N1PQP/R1B1R1K1,,,7,35,27,False,202201
202201023227747,35,e1e8,13.0,True,93.0,113.0,4rrk1/5ppp/p1pb4/1p1n3q/3P2b1/1BP3P1/PP1N1PQP/R1B1R1K1,,,7,35,27,False,202201
202201023402213,35,e1f1,21.0,True,626.0,593.0,4rrk1/5ppp/p1pb4/1p1n3q/3P2b1/1BP3P1/PP1N1PQP/R1B1R1K1,,,7,35,27,False,202201
202201023704031,35,e1e8,4.0,True,1270.0,1269.0,4rrk1/5ppp/p1pb4/1p1n3q/3P2b1/1BP3P1/PP1N1PQP/R1B1R1K1,,,7,35,27,False,202201
202201023801934,35,d2e4,53.0,True,118.0,272.0,4rrk1/5ppp/p1pb4/1p1n3q/3P2b1/1BP3P1/PP1N1PQP/R1B1R1K1,,,7,35,27,False,202201
202201085467523,35,e1e4,17.0,True,153.0,155.0,4rrk1/5ppp/p1pb4/1p1n3q/3P2b1/1BP3P1/PP1N1PQP/R1B1R1K1,,,7,35,27,False,202201
202201085634221,35,e1e8,9.0,True,83.0,99.0,4rrk1/5ppp/p1pb4/1p1n3q/3P2b1/1BP3P1/PP1N1PQP/R1B1R1K1,,,7,35,27,False,202201
202201009697209,35,e1f1,62.0,True,169.0,187.0,4rrk1/5ppp/p1pb4/1p1n3q/3P2b1/1BP3P1/PP1N1PQP/R1B1R1K1,,,7,35,27,False,202201
202201009699290,35,e1e7,7.0,True,151.0,177.0,4rrk1/5ppp/p1pb4/1p1n3q/3P2b1/1BP3P1/PP1N1PQP/R1B1R1K1,,,7,35,27,False,202201
202201063035514,35,e1e8,18.0,True,124.0,123.0,4rrk1/5ppp/p1pb4/1p1n3q/3P2b1/1BP3P1/PP1N1PQP/R1B1R1K1,,,7,35,27,False,202201
202201063191117,35,e1e8,21.0,True,140.0,149.0,4rrk1/5ppp/p1pb4/1p1n3q/3P2b1/1BP3P1/PP1N1PQP/R1B1R1K1,,,7,35,27,False,202201
202201063384806,35,e1e8,4.0,True,96.0,107.0,4rrk1/5ppp/p1pb4/1p1n3q/3P2b1/1BP3P1/PP1N1PQP/R1B1R1K1,,,7,35,27,False,202201
202201063561307,35,e1e8,4.0,True,38.0,45.0,4rrk1/5ppp/p1pb4/1p1n3q/3P2b1/1BP3P1/PP1N1PQP/R1B1R1K1,,,7,35,27,False,202201
202201063669953,35,e1e8,33.0,True,135.0,161.0,4rrk1/5ppp/p1pb4/1p1n3q/3P2b1/1BP3P1/PP1N1PQP/R1B1R1K1,,,7,35,27,False,202201
202201063810400,35,e1e8,89.0,True,105.0,118.0,4rrk1/5ppp/p1pb4/1p1n3q/3P2b1/1BP3P1/PP1N1PQP/R1B1R1K1,,,7,35,27,False,202201
202201063891111,35,e1e8,15.0,True,101.0,119.0,4rrk1/5ppp/p1pb4/1p1n3q/3P2b1/1BP3P1/PP1N1PQP/R1B1R1K1,,,7,35,27,False,202201
202201059003118,35,e1e8,16.0,True,155.0,167.0,4rrk1/5ppp/p1pb4/1p1n3q/3P2b1/1BP3P1/PP1N1PQP/R1B1R1K1,,,7,35,27,False,202201
202201059045581,35,e1e8,6.0,True,87.0,116.0,4rrk1/5ppp/p1pb4/1p1n3q/3P2b1/1BP3P1/PP1N1PQP/R1B1R1K1,,,7,35,27,False,202201
202201059417238,35,e1e8,16.0,True,491.0,1019.0,4rrk1/5ppp/p1pb4/1p1n3q/3P2b1/1BP3P1/PP1N1PQP/R1B1R1K1,,,7,35,27,False,202201
202201059537693,35,e1f1,21.0,True,219.0,275.0,4rrk1/5ppp/p1pb4/1p1n3q/3P2b1/1BP3P1/PP1N1PQP/R1B1R1K1,,,7,35,27,False,202201
202201059635005,35,e1e8,10.0,True,142.0,166.0,4rrk1/5ppp/p1pb4/1p1n3q/3P2b1/1BP3P1/PP1N1PQP/R1B1R1K1,,,7,35,27,False,202201
202201074077287,35,e1e8,2.0,True,99.0,127.0,4rrk1/5ppp/p1pb4/1p1n3q/3P2b1/1BP3P1/PP1N1PQP/R1B1R1K1,,,7,35,27,False,202201
202201074262426,35,d2e4,5.0,True,173.0,191.0,4rrk1/5ppp/p1pb4/1p1n3q/3P2b1/1BP3P1/PP1N1PQP/R1B1R1K1,,,7,35,27,False,202201
202201074466823,35,e1f1,17.0,True,93.0,121.0,4rrk1/5ppp/p1pb4/1p1n3q/3P2b1/1BP3P1/PP1N1PQP/R1B1R1K1,,,7,35,27,False,202201
202201074523764,35,d2e4,12.0,True,73.0,116.0,4rrk1/5ppp/p1pb4/1p1n3q/3P2b1/1BP3P1/PP1N1PQP/R1B1R1K1,,,7,35,27,False,202201
202201074635883,35,e1e8,122.0,True,217.0,309.0,4rrk1/5ppp/p1pb4/1p1n3q/3P2b1/1BP3P1/PP1N1PQP/R1B1R1K1,,,7,35,27,False,202201
202201074682906,35,e1e3,18.0,True,150.0,148.0,4rrk1/5ppp/p1pb4/1p1n3q/3P2b1/1BP3P1/PP1N1PQP/R1B1R1K1,,,7,35,27,False,202201
202201074841174,35,e1e8,24.0,True,540.0,595.0,4rrk1/5ppp/p1pb4/1p1n3q/3P2b1/1BP3P1/PP1N1PQP/R1B1R1K1,,,7,35,27,False,202201
202201101578179,39,e1e8,25.0,True,140.0,144.0,4rrk1/5ppp/p1pb4/1p1n3q/3P2b1/1BP3P1/PP1N1PQP/R1B1R1K1,,,11,35,27,False,202201
202201101661527,35,e1f1,7.0,True,117.0,111.0,4rrk1/5ppp/p1pb4/1p1n3q/3P2b1/1BP3P1/PP1N1PQP/R1B1R1K1,,,7,35,27,False,202201
202201101864209,35,d2e4,14.0,True,77.0,109.0,4rrk1/5ppp/p1pb4/1p1n3q/3P2b1/1BP3P1/PP1N1PQP/R1B1R1K1,,,7,35,27,False,202201
202201101914440,35,g2f1,10.0,True,156.0,154.0,4rrk1/5ppp/p1pb4/1p1n3q/3P2b1/1BP3P1/PP1N1PQP/R1B1R1K1,,,7,35,27,False,202201
202201040048918,35,d2e4,14.0,True,107.0,181.0,4rrk1/5ppp/p1pb4/1p1n3q/3P2b1/1BP3P1/PP1N1PQP/R1B1R1K1,,,7,35,27,False,202201
202201040088607,35,e1e8,89.0,True,150.0,140.0,4rrk1/5ppp/p1pb4/1p1n3q/3P2b1/1BP3P1/PP1N1PQP/R1B1R1K1,,,7,35,27,False,202201
202201040210439,35,e1e8,65.0,True,121.0,185.0,4rrk1/5ppp/p1pb4/1p1n3q/3P2b1/1BP3P1/PP1N1PQP/R1B1R1K1,,,7,35,27,False,202201
202201040302278,35,e1e8,10.0,True,46.0,53.0,4rrk1/5ppp/p1pb4/1p1n3q/3P2b1/1BP3P1/PP1N1PQP/R1B1R1K1,,,7,35,27,False,202201
202201040632598,39,e1e8,9.0,True,109.0,189.0,4rrk1/5ppp/p1pb4/1p1n3q/3P2b1/1BP3P1/PP1N1PQP/R1B1R1K1,,,11,35,27,False,202201
202201040739131,35,d2e4,11.0,True,43.0,53.0,4rrk1/5ppp/p1pb4/1p1n3q/3P2b1/1BP3P1/PP1N1PQP/R1B1R1K1,,,7,35,27,False,202201
202201040819295,35,d2e4,19.0,True,485.0,545.0,4rrk1/5ppp/p1pb4/1p1n3q/3P2b1/1BP3P1/PP1N1PQP/R1B1R1K1,,,7,35,27,False,202201
202201021333994,35,e1e8,18.0,True,150.0,159.0,4rrk1/5ppp/p1pb4/1p1n3q/3P2b1/1BP3P1/PP1N1PQP/R1B1R1K1,,,7,35,27,False,202201
202201021629702,35,e1e4,47.0,True,223.0,325.0,4rrk1/5ppp/p1pb4/1p1n3q/3P2b1/1BP3P1/PP1N1PQP/R1B1R1K1,,,7,35,27,False,202201
202201021710045,35,e1f1,6.0,True,128.0,156.0,4rrk1/5ppp/p1pb4/1p1n3q/3P2b1/1BP3P1/PP1N1PQP/R1B1R1K1,,,7,35,27,False,202201
202201062113484,35,g2f1,26.0,True,104.0,119.0,4rrk1/5ppp/p1pb4/1p1n3q/3P2b1/1BP3P1/PP1N1PQP/R1B1R1K1,,,7,35,27,False,202201
202201062653679,35,e1e8,18.0,True,155.0,176.0,4rrk1/5ppp/p1pb4/1p1n3q/3P2b1/1BP3P1/PP1N1PQP/R1B1R1K1,,,7,35,27,False,202201
202201062702074,35,e1e8,50.0,True,237.0,247.0,4rrk1/5ppp/p1pb4/1p1n3q/3P2b1/1BP3P1/PP1N1PQP/R1B1R1K1,,,7,35,27,False,202201
202201022002982,35,e1f1,5.0,True,179.0,183.0,4rrk1/5ppp/p1pb4/1p1n3q/3P2b1/1BP3P1/PP1N1PQP/R1B1R1K1,,,7,35,27,False,202201
202201022073224,35,g2f1,44.0,True,246.0,273.0,4rrk1/5ppp/p1pb4/1p1n3q/3P2b1/1BP3P1/PP1N1PQP/R1B1R1K1,,,7,35,27,False,202201
202201022095192,35,e1e8,1.0,True,127.0,189.0,4rrk1/5ppp/p1pb4/1p1n3q/3P2b1/1BP3P1/PP1N1PQP/R1B1R1K1,,,7,35,27,False,202201
202201022325339,35,e1e8,25.0,True,253.0,275.0,4rrk1/5ppp/p1pb4/1p1n3q/3P2b1/1BP3P1/PP1N1PQP/R1B1R1K1,,,7,35,27,False,202201
202201022499374,35,d2e4,2.0,True,89.0,108.0,4rrk1/5ppp/p1pb4/1p1n3q/3P2b1/1BP3P1/PP1N1PQP/R1B1R1K1,,,5,35,27,False,202201
202201022524337,35,e1e8,12.0,True,144.0,160.0,4rrk1/5ppp/p1pb4/1p1n3q/3P2b1/1BP3P1/PP1N1PQP/R1B1R1K1,,,7,35,27,False,202201
202201022673420,35,e1e8,22.0,True,140.0,196.0,4rrk1/5ppp/p1pb4/1p1n3q/3P2b1/1BP3P1/PP1N1PQP/R1B1R1K1,,,7,35,27,False,202201
202201022776594,35,e1e8,15.0,True,107.0,167.0,4rrk1/5ppp/p1pb4/1p1n3q/3P2b1/1BP3P1/PP1N1PQP/R1B1R1K1,,,7,35,27,False,202201
202201022814474,35,e1e4,63.0,True,136.0,199.0,4rrk1/5ppp/p1pb4/1p1n3q/3P2b1/1BP3P1/PP1N1PQP/R1B1R1K1,,,7,35,27,False,202201
202201022835841,35,e1f1,46.0,True,155.0,179.0,4rrk1/5ppp/p1pb4/1p1n3q/3P2b1/1BP3P1/PP1N1PQP/R1B1R1K1,,,7,35,27,False,202201
202201022987828,35,d2e4,3.0,True,157.0,195.0,4rrk1/5ppp/p1pb4/1p1n3q/3P2b1/1BP3P1/PP1N1PQP/R1B1R1K1,,,7,35,27,False,202201
202201042075571,35,e1f1,14.0,True,129.0,168.0,4rrk1/5ppp/p1pb4/1p1n3q/3P2b1/1BP3P1/PP1N1PQP/R1B1R1K1,,,7,35,27,False,202201
202201042213730,35,e1e8,8.0,True,564.0,582.0,4rrk1/5ppp/p1pb4/1p1n3q/3P2b1/1BP3P1/PP1N1PQP/R1B1R1K1,,,7,35,27,False,202201
202201042308256,35,e1e8,32.0,True,128.0,159.0,4rrk1/5ppp/p1pb4/1p1n3q/3P2b1/1BP3P1/PP1N1PQP/R1B1R1K1,,,7,35,27,False,202201
202201042367651,35,e1f1,42.0,True,167.0,173.0,4rrk1/5ppp/p1pb4/1p1n3q/3P2b1/1BP3P1/PP1N1PQP/R1B1R1K1,,,7,35,27,False,202201
202201042547445,35,e1e8,22.0,True,75.0,110.0,4rrk1/5ppp/p1pb4/1p1n3q/3P2b1/1BP3P1/PP1N1PQP/R1B1R1K1,,,7,35,27,False,202201
202201042842268,35,e1e8,21.0,True,628.0,590.0,4rrk1/5ppp/p1pb4/1p1n3q/3P2b1/1BP3P1/PP1N1PQP/R1B1R1K1,,,5,35,27,False,202201
202201038142680,35,e1f1,38.0,True,210.0,252.0,4rrk1/5ppp/p1pb4/1p1n3q/3P2b1/1BP3P1/PP1N1PQP/R1B1R1K1,,,7,35,27,False,202201
202201038493952,35,e1e8,35.0,True,91.0,100.0,4rrk1/5ppp/p1pb4/1p1n3q/3P2b1/1BP3P1/PP1N1PQP/R1B1R1K1,,,7,35,27,False,202201
202201039066307,35,e1e8,48.0,True,120.0,142.0,4rrk1/5ppp/p1pb4/1p1n3q/3P2b1/1BP3P1/PP1N1PQP/R1B1R1K1,,,7,35,27,False,202201
202201039541602,35,e1e8,39.0,True,128.0,156.0,4rrk1/5ppp/p1pb4/1p1n3q/3P2b1/1BP3P1/PP1N1PQP/R1B1R1K1,,,5,35,27,False,202201
202201039830166,35,d2e4,33.0,True,481.0,521.0,4rrk1/5ppp/p1pb4/1p1n3q/3P2b1/1BP3P1/PP1N1PQP/R1B1R1K1,,,7,35,27,False,202201
202201084217919,35,e1e8,75.0,True,138.0,195.0,4rrk1/5ppp/p1pb4/1p1n3q/3P2b1/1BP3P1/PP1N1PQP/R1B1R1K1,,,7,35,27,False,202201
202201084509476,35,e1e4,16.0,True,104.0,117.0,4rrk1/5ppp/p1pb4/1p1n3q/3P2b1/1BP3P1/PP1N1PQP/R1B1R1K1,,,7,35,27,False,202201
202201084981265,35,d2e4,1.0,True,36.0,53.0,4rrk1/5ppp/p1pb4/1p1n3q/3P2b1/1BP3P1/PP1N1PQP/R1B1R1K1,,,7,35,27,False,202201
202201080095267,35,e1f1,15.0,True,135.0,162.0,4rrk1/5ppp/p1pb4/1p1n3q/3P2b1/1BP3P1/PP1N1PQP/R1B1R1K1,,,7,35,27,False,202201
202201080269965,35,d2e4,20.0,True,55.0,102.0,4rrk1/5ppp/p1pb4/1p1n3q/3P2b1/1BP3P1/PP1N1PQP/R1B1R1K1,,,7,35,27,False,202201
202201080362223,35,e1e8,34.0,True,252.0,285.0,4rrk1/5ppp/p1pb4/1p1n3q/3P2b1/1BP3P1/PP1N1PQP/R1B1R1K1,,,7,35,27,False,202201
202201080525700,35,e1e8,6.0,True,161.0,159.0,4rrk1/5ppp/p1pb4/1p1n3q/3P2b1/1BP3P1/PP1N1PQP/R1B1R1K1,,,7,35,27,False,202201
202201080624133,35,e1e8,11.0,True,545.0,555.0,4rrk1/5ppp/p1pb4/1p1n3q/3P2b1/1BP3P1/PP1N1PQP/R1B1R1K1,,,7,35,27,False,202201
202201080942134,35,e1e8,30.0,True,121.0,116.0,4rrk1/5ppp/p1pb4/1p1n3q/3P2b1/1BP3P1/PP1N1PQP/R1B1R1K1,,,7,35,27,False,202201
202201051192825,35,e1e8,49.0,True,554.0,581.0,4rrk1/5ppp/p1pb4/1p1n3q/3P2b1/1BP3P1/PP1N1PQP/R1B1R1K1,,,7,35,27,False,202201
202201051572549,35,e1e8,9.0,True,236.0,273.0,4rrk1/5ppp/p1pb4/1p1n3q/3P2b1/1BP3P1/PP1N1PQP/R1B1R1K1,,,7,35,27,False,202201
202201051860631,35,e1e8,9.0,True,128.0,184.0,4rrk1/5ppp/p1pb4/1p1n3q/3P2b1/1BP3P1/PP1N1PQP/R1B1R1K1,,,7,35,27,False,202201
202201069194431,35,d2e4,3.0,True,161.0,190.0,4rrk1/5ppp/p1pb4/1p1n3q/3P2b1/1BP3P1/PP1N1PQP/R1B1R1K1,,,7,35,27,False,202201
202201069241216,35,e1e4,9.0,True,43.0,51.0,4rrk1/5ppp/p1pb4/1p1n3q/3P2b1/1BP3P1/PP1N1PQP/R1B1R1K1,,,7,35,27,False,202201
202201069372489,35,d2e4,29.0,True,132.0,272.0,4rrk1/5ppp/p1pb4/1p1n3q/3P2b1/1BP3P1/PP1N1PQP/R1B1R1K1,,,7,35,27,False,202201
202201069514569,35,e1e4,37.0,True,117.0,125.0,4rrk1/5ppp/p1pb4/1p1n3q/3P2b1/1BP3P1/PP1N1PQP/R1B1R1K1,,,7,35,27,False,202201
202201069554019,35,d2e4,26.0,True,249.0,298.0,4rrk1/5ppp/p1pb4/1p1n3q/3P2b1/1BP3P1/PP1N1PQP/R1B1R1K1,,,7,35,27,False,202201
202201069652986,35,e1e8,41.0,True,129.0,160.0,4rrk1/5ppp/p1pb4/1p1n3q/3P2b1/1BP3P1/PP1N1PQP/R1B1R1K1,,,7,35,27,False,202201
202201069740254,35,e1e4,148.0,True,1250.0,1316.0,4rrk1/5ppp/p1pb4/1p1n3q/3P2b1/1BP3P1/PP1N1PQP/R1B1R1K1,,,7,35,27,False,202201
202201082137703,35,e1f1,3.0,True,256.0,261.0,4rrk1/5ppp/p1pb4/1p1n3q/3P2b1/1BP3P1/PP1N1PQP/R1B1R1K1,,,7,35,27,False,202201
202201082633828,35,e1e8,4.0,True,1707.0,1726.0,4rrk1/5ppp/p1pb4/1p1n3q/3P2b1/1BP3P1/PP1N1PQP/R1B1R1K1,,,7,35,27,False,202201
202201003175640,35,e1e8,47.0,True,150.0,162.0,4rrk1/5ppp/p1pb4/1p1n3q/3P2b1/1BP3P1/PP1N1PQP/R1B1R1K1,,,7,35,27,False,202201
202201003363128,35,e1e8,41.0,True,82.0,173.0,4rrk1/5ppp/p1pb4/1p1n3q/3P2b1/1BP3P1/PP1N1PQP/R1B1R1K1,,,7,35,27,False,202201
202201003708323,35,e1e8,15.0,True,143.0,163.0,4rrk1/5ppp/p1pb4/1p1n3q/3P2b1/1BP3P1/PP1N1PQP/R1B1R1K1,,,7,35,27,False,202201
202201003829363,35,e1e8,22.0,True,141.0,77.0,4rrk1/5ppp/p1pb4/1p1n3q/3P2b1/1BP3P1/PP1N1PQP/R1B1R1K1,,,7,35,27,False,202201
202201055183090,35,e1e8,12.0,True,66.0,121.0,4rrk1/5ppp/p1pb4/1p1n3q/3P2b1/1BP3P1/PP1N1PQP/R1B1R1K1,,,7,35,27,False,202201
202201055640587,35,e1e8,11.0,True,204.0,274.0,4rrk1/5ppp/p1pb4/1p1n3q/3P2b1/1BP3P1/PP1N1PQP/R1B1R1K1,,,7,35,27,False,202201
202201055745219,35,e1e8,19.0,True,239.0,276.0,4rrk1/5ppp/p1pb4/1p1n3q/3P2b1/1BP3P1/PP1N1PQP/R1B1R1K1,,,7,35,27,False,202201
202201055872303,35,e1e8,23.0,True,226.0,275.0,4rrk1/5ppp/p1pb4/1p1n3q/3P2b1/1BP3P1/PP1N1PQP/R1B1R1K1,,,7,35,27,False,202201
202201055915858,35,b3d5,8.0,True,237.0,278.0,4rrk1/5ppp/p1pb4/1p1n3q/3P2b1/1BP3P1/PP1N1PQP/R1B1R1K1,,,7,35,27,False,202201
202201020101258,35,e1e8,2.0,True,144.0,164.0,4rrk1/5ppp/p1pb4/1p1n3q/3P2b1/1BP3P1/PP1N1PQP/R1B1R1K1,,,7,35,27,False,202201
202201020511093,35,e1e8,36.0,True,97.0,96.0,4rrk1/5ppp/p1pb4/1p1n3q/3P2b1/1BP3P1/PP1N1PQP/R1B1R1K1,,,7,35,27,False,202201
202201020576387,35,e1e4,9.0,True,179.0,190.0,4rrk1/5ppp/p1pb4/1p1n3q/3P2b1/1BP3P1/PP1N1PQP/R1B1R1K1,,,7,35,27,False,202201
202201020618452,35,e1e8,72.0,True,133.0,169.0,4rrk1/5ppp/p1pb4/1p1n3q/3P2b1/1BP3P1/PP1N1PQP/R1B1R1K1,,,7,35,27,False,202201
202201020706821,35,e1e8,72.0,True,232.0,230.0,4rrk1/5ppp/p1pb4/1p1n3q/3P2b1/1BP3P1/PP1N1PQP/R1B1R1K1,,,7,35,27,False,202201
202201020729294,35,e1e4,121.0,True,142.0,154.0,4rrk1/5ppp/p1pb4/1p1n3q/3P2b1/1BP3P1/PP1N1PQP/R1B1R1K1,,,7,35,27,False,202201
202201004534954,35,e1f1,8.0,True,104.0,117.0,4rrk1/5ppp/p1pb4/1p1n3q/3P2b1/1BP3P1/PP1N1PQP/R1B1R1K1,,,7,35,27,False,202201
202201004836349,35,e1e8,6.0,True,551.0,565.0,4rrk1/5ppp/p1pb4/1p1n3q/3P2b1/1BP3P1/PP1N1PQP/R1B1R1K1,,,7,35,27,False,202201
202201004840402,35,e1e8,27.0,True,148.0,153.0,4rrk1/5ppp/p1pb4/1p1n3q/3P2b1/1BP3P1/PP1N1PQP/R1B1R1K1,,,7,35,27,False,202201
202201097330668,35,e1e8,21.0,True,146.0,163.0,4rrk1/5ppp/p1pb4/1p1n3q/3P2b1/1BP3P1/PP1N1PQP/R1B1R1K1,,,7,35,27,False,202201
202201097403001,35,d2e4,13.0,True,167.0,156.0,4rrk1/5ppp/p1pb4/1p1n3q/3P2b1/1BP3P1/PP1N1PQP/R1B1R1K1,,,7,35,27,False,202201
202201097443197,35,e1f1,7.0,True,122.0,133.0,4rrk1/5ppp/p1pb4/1p1n3q/3P2b1/1BP3P1/PP1N1PQP/R1B1R1K1,,,3,35,27,False,202201
202201097553652,35,e1f1,45.0,True,161.0,97.0,4rrk1/5ppp/p1pb4/1p1n3q/3P2b1/1BP3P1/PP1N1PQP/R1B1R1K1,,,7,35,27,False,202201
202201097736188,35,g2f1,26.0,True,162.0,173.0,4rrk1/5ppp/p1pb4/1p1n3q/3P2b1/1BP3P1/PP1N1PQP/R1B1R1K1,,,7,35,27,False,202201
202201097750822,35,e1e8,13.0,True,557.0,573.0,4rrk1/5ppp/p1pb4/1p1n3q/3P2b1/1BP3P1/PP1N1PQP/R1B1R1K1,,,7,35,27,False,202201
202201031443427,35,e1e8,22.0,True,252.0,314.0,4rrk1/5ppp/p1pb4/1p1n3q/3P2b1/1BP3P1/PP1N1PQP/R1B1R1K1,,,7,35,27,False,202201
202201031478833,35,e1e4,109.0,True,951.0,1015.0,4rrk1/5ppp/p1pb4/1p1n3q/3P2b1/1BP3P1/PP1N1PQP/R1B1R1K1,,,7,35,27,False,202201
202201031497040,35,e1e8,3.0,True,104.0,118.0,4rrk1/5ppp/p1pb4/1p1n3q/3P2b1/1BP3P1/PP1N1PQP/R1B1R1K1,,,7,35,27,False,202201
202201060398453,35,e1e8,43.0,True,92.0,120.0,4rrk1/5ppp/p1pb4/1p1n3q/3P2b1/1BP3P1/PP1N1PQP/R1B1R1K1,,,7,35,27,False,202201
202201060520486,35,e1f1,44.0,True,102.0,121.0,4rrk1/5ppp/p1pb4/1p1n3q/3P2b1/1BP3P1/PP1N1PQP/R1B1R1K1,,,7,35,27,False,202201
202201060527393,35,d2e4,3.0,True,190.0,247.0,4rrk1/5ppp/p1pb4/1p1n3q/3P2b1/1BP3P1/PP1N1PQP/R1B1R1K1,,,7,35,27,False,202201
202201060881361,35,e1f1,57.0,True,225.0,259.0,4rrk1/5ppp/p1pb4/1p1n3q/3P2b1/1BP3P1/PP1N1PQP/R1B1R1K1,,,7,35,27,False,202201
202201060904473,35,e1f1,39.0,True,95.0,102.0,4rrk1/5ppp/p1pb4/1p1n3q/3P2b1/1BP3P1/PP1N1PQP/R1B1R1K1,,,7,35,27,False,202201
202201056208087,35,e1e4,29.0,True,109.0,125.0,4rrk1/5ppp/p1pb4/1p1n3q/3P2b1/1BP3P1/PP1N1PQP/R1B1R1K1,,,7,35,27,False,202201
202201056514115,35,e1e8,,True,,,4rrk1/5ppp/p1pb4/1p1n3q/3P2b1/1BP3P1/PP1N1PQP/R1B1R1K1,,,7,35,27,False,202201
202201056957155,35,e1e8,11.0,True,404.0,639.0,4rrk1/5ppp/p1pb4/1p1n3q/3P2b1/1BP3P1/PP1N1PQP/R1B1R1K1,,,7,35,27,False,202201
202201058185817,35,h2h4,12.0,True,17.0,18.0,4rrk1/5ppp/p1pb4/1p1n3q/3P2b1/1BP3P1/PP1N1PQP/R1B1R1K1,,,7,35,27,False,202201
202201058708122,35,e1e4,13.0,True,170.0,198.0,4rrk1/5ppp/p1pb4/1p1n3q/3P2b1/1BP3P1/PP1N1PQP/R1B1R1K1,,,7,35,27,False,202201
202201058888476,35,d2e4,18.0,True,206.0,307.0,4rrk1/5ppp/p1pb4/1p1n3q/3P2b1/1BP3P1/PP1N1PQP/R1B1R1K1,,,7,35,27,False,202201
202201068142743,35,d2e4,15.0,True,77.0,114.0,4rrk1/5ppp/p1pb4/1p1n3q/3P2b1/1BP3P1/PP1N1PQP/R1B1R1K1,,,7,35,27,False,202201
202201068145594,35,e1e8,13.0,True,147.0,149.0,4rrk1/5ppp/p1pb4/1p1n3q/3P2b1/1BP3P1/PP1N1PQP/R1B1R1K1,,,7,35,27,False,202201
202201068593711,35,d2e4,3.0,True,140.0,141.0,4rrk1/5ppp/p1pb4/1p1n3q/3P2b1/1BP3P1/PP1N1PQP/R1B1R1K1,,,7,35,27,False,202201
202201068991310,35,e1e8,8.0,True,92.0,179.0,4rrk1/5ppp/p1pb4/1p1n3q/3P2b1/1BP3P1/PP1N1PQP/R1B1R1K1,,,7,35,27,False,202201
202201012650840,35,e1e8,162.0,True,494.0,534.0,4rrk1/5ppp/p1pb4/1p1n3q/3P2b1/1BP3P1/PP1N1PQP/R1B1R1K1,,,7,35,27,False,202201
202201012808666,35,e1f1,56.0,True,108.0,114.0,4rrk1/5ppp/p1pb4/1p1n3q/3P2b1/1BP3P1/PP1N1PQP/R1B1R1K1,,,7,35,27,False,202201
202201095325168,35,d2e4,26.0,True,494.0,513.0,4rrk1/5ppp/p1pb4/1p1n3q/3P2b1/1BP3P1/PP1N1PQP/R1B1R1K1,,,7,35,27,False,202201
202201095382360,35,d2e4,42.0,True,124.0,303.0,4rrk1/5ppp/p1pb4/1p1n3q/3P2b1/1BP3P1/PP1N1PQP/R1B1R1K1,,,7,35,27,False,202201
202201095506436,35,e1f1,6.0,True,158.0,146.0,4rrk1/5ppp/p1pb4/1p1n3q/3P2b1/1BP3P1/PP1N1PQP/R1B1R1K1,,,7,35,27,False,202201
202201095655990,35,e1e8,25.0,True,276.0,278.0,4rrk1/5ppp/p1pb4/1p1n3q/3P2b1/1BP3P1/PP1N1PQP/R1B1R1K1,,,7,35,27,False,202201
202201078191071,35,e1e8,7.0,True,487.0,538.0,4rrk1/5ppp/p1pb4/1p1n3q/3P2b1/1BP3P1/PP1N1PQP/R1B1R1K1,,,7,35,27,False,202201
202201078204991,35,e1f1,12.0,True,475.0,528.0,4rrk1/5ppp/p1pb4/1p1n3q/3P2b1/1BP3P1/PP1N1PQP/R1B1R1K1,,,7,35,27,False,202201
202201078491351,35,e1f1,42.0,True,246.0,261.0,4rrk1/5ppp/p1pb4/1p1n3q/3P2b1/1BP3P1/PP1N1PQP/R1B1R1K1,,,7,35,27,False,202201
202201078517538,35,e1e8,16.0,True,92.0,118.0,4rrk1/5ppp/p1pb4/1p1n3q/3P2b1/1BP3P1/PP1N1PQP/R1B1R1K1,,,7,35,27,False,202201
202201078734290,35,e1e8,11.0,True,160.0,168.0,4rrk1/5ppp/p1pb4/1p1n3q/3P2b1/1BP3P1/PP1N1PQP/R1B1R1K1,,,7,35,27,False,202201
202201078901242,35,g2f1,20.0,True,128.0,188.0,4rrk1/5ppp/p1pb4/1p1n3q/3P2b1/1BP3P1/PP1N1PQP/R1B1R1K1,,,7,35,27,False,202201
202201027066312,35,d2e4,6.0,True,9.0,18.0,4rrk1/5ppp/p1pb4/1p1n3q/3P2b1/1BP3P1/PP1N1PQP/R1B1R1K1,,,7,35,27,False,202201
202201027889490,39,e1e8,3.0,True,152.0,153.0,4rrk1/5ppp/p1pb4/1p1n3q/3P2b1/1BP3P1/PP1N1PQP/R1B1R1K1,,,11,35,27,False,202201
202201043780137,35,e1e8,25.0,True,69.0,43.0,4rrk1/5ppp/p1pb4/1p1n3q/3P2b1/1BP3P1/PP1N1PQP/R1B1R1K1,,,7,35,27,False,202201
202201050301875,35,e1e8,20.0,True,543.0,540.0,4rrk1/5ppp/p1pb4/1p1n3q/3P2b1/1BP3P1/PP1N1PQP/R1B1R1K1,,,7,35,27,False,202201
202201088005328,35,d2e4,10.0,True,131.0,145.0,4rrk1/5ppp/p1pb4/1p1n3q/3P2b1/1BP3P1/PP1N1PQP/R1B1R1K1,,,5,35,27,False,202201
202201088095751,35,e1f1,8.0,True,47.0,53.0,4rrk1/5ppp/p1pb4/1p1n3q/3P2b1/1BP3P1/PP1N1PQP/R1B1R1K1,,,7,35,27,False,202201
202201088621954,35,d2e4,22.0,True,251.0,305.0,4rrk1/5ppp/p1pb4/1p1n3q/3P2b1/1BP3P1/PP1N1PQP/R1B1R1K1,,,7,35,27,False,202201
202201088856214,35,e1f1,9.0,True,266.0,267.0,4rrk1/5ppp/p1pb4/1p1n3q/3P2b1/1BP3P1/PP1N1PQP/R1B1R1K1,,,7,35,27,False,202201
202201028293777,35,g2f1,7.0,True,855.0,896.0,4rrk1/5ppp/p1pb4/1p1n3q/3P2b1/1BP3P1/PP1N1PQP/R1B1R1K1,,,7,35,27,False,202201
202201028492034,35,e1e8,3.0,True,157.0,184.0,4rrk1/5ppp/p1pb4/1p1n3q/3P2b1/1BP3P1/PP1N1PQP/R1B1R1K1,,,7,35,27,False,202201
202201100011446,35,e1e8,5.0,True,45.0,55.0,4rrk1/5ppp/p1pb4/1p1n3q/3P2b1/1BP3P1/PP1N1PQP/R1B1R1K1,,,7,35,27,False,202201
202201100070366,35,e1f1,26.0,True,555.0,649.0,4rrk1/5ppp/p1pb4/1p1n3q/3P2b1/1BP3P1/PP1N1PQP/R1B1R1K1,,,7,35,27,False,202201
202201100202680,35,e1f1,19.0,True,132.0,189.0,4rrk1/5ppp/p1pb4/1p1n3q/3P2b1/1BP3P1/PP1N1PQP/R1B1R1K1,,,7,35,27,False,202201
202201100224299,35,g2f1,35.0,True,518.0,577.0,4rrk1/5ppp/p1pb4/1p1n3q/3P2b1/1BP3P1/PP1N1PQP/R1B1R1K1,,,7,35,27,False,202201
202201100276723,35,e1e8,16.0,True,290.0,312.0,4rrk1/5ppp/p1pb4/1p1n3q/3P2b1/1BP3P1/PP1N1PQP/R1B1R1K1,,,7,35,27,False,202201
202201100643182,35,e1f1,27.0,True,138.0,166.0,4rrk1/5ppp/p1pb4/1p1n3q/3P2b1/1BP3P1/PP1N1PQP/R1B1R1K1,,,7,35,27,False,202201
202201100815667,35,e1e8,74.0,True,248.0,186.0,4rrk1/5ppp/p1pb4/1p1n3q/3P2b1/1BP3P1/PP1N1PQP/R1B1R1K1,,,7,35,27,False,202201
202201100897115,35,e1e8,9.0,True,138.0,200.0,4rrk1/5ppp/p1pb4/1p1n3q/3P2b1/1BP3P1/PP1N1PQP/R1B1R1K1,,,7,35,27,False,202201
202201071421528,35,e1e8,2.0,True,65.0,136.0,4rrk1/5ppp/p1pb4/1p1n3q/3P2b1/1BP3P1/PP1N1PQP/R1B1R1K1,,,7,35,27,False,202201
202201071437972,35,e1e8,17.0,True,131.0,191.0,4rrk1/5ppp/p1pb4/1p1n3q/3P2b1/1BP3P1/PP1N1PQP/R1B1R1K1,,,7,35,27,False,202201
202201071478847,35,e1e8,62.0,True,207.0,285.0,4rrk1/5ppp/p1pb4/1p1n3q/3P2b1/1BP3P1/PP1N1PQP/R1B1R1K1,,,7,35,27,False,202201
202201071831956,35,e1e3,58.0,True,800.0,811.0,4rrk1/5ppp/p1pb4/1p1n3q/3P2b1/1BP3P1/PP1N1PQP/R1B1R1K1,,,7,35,27,False,202201
202201071848075,35,e1f1,14.0,True,146.0,161.0,4rrk1/5ppp/p1pb4/1p1n3q/3P2b1/1BP3P1/PP1N1PQP/R1B1R1K1,,,7,35,27,False,202201
202201071966182,35,e1e8,17.0,True,551.0,492.0,4rrk1/5ppp/p1pb4/1p1n3q/3P2b1/1BP3P1/PP1N1PQP/R1B1R1K1,,,7,35,27,False,202201
202201076015668,35,g2f1,32.0,True,117.0,191.0,4rrk1/5ppp/p1pb4/1p1n3q/3P2b1/1BP3P1/PP1N1PQP/R1B1R1K1,,,7,35,27,False,202201
202201076612265,35,d2e4,9.0,True,172.0,196.0,4rrk1/5ppp/p1pb4/1p1n3q/3P2b1/1BP3P1/PP1N1PQP/R1B1R1K1,,,7,35,27,False,202201
202201076627321,35,e1e8,42.0,True,158.0,160.0,4rrk1/5ppp/p1pb4/1p1n3q/3P2b1/1BP3P1/PP1N1PQP/R1B1R1K1,,,7,35,27,False,202201
202201017572665,39,e1e8,32.0,True,82.0,105.0,4rrk1/5ppp/p1pb4/1p1n3q/3P2b1/1BP3P1/PP1N1PQP/R1B1R1K1,,,11,35,27,False,202201
202201017630378,35,e1e4,30.0,True,128.0,157.0,4rrk1/5ppp/p1pb4/1p1n3q/3P2b1/1BP3P1/PP1N1PQP/R1B1R1K1,,,7,35,27,False,202201
202201017915761,35,e1e8,30.0,True,186.0,194.0,4rrk1/5ppp/p1pb4/1p1n3q/3P2b1/1BP3P1/PP1N1PQP/R1B1R1K1,,,7,35,27,False,202201
202201017926196,35,e1f1,17.0,True,158.0,166.0,4rrk1/5ppp/p1pb4/1p1n3q/3P2b1/1BP3P1/PP1N1PQP/R1B1R1K1,,,7,35,27,False,202201
202201053014891,35,e1f1,21.0,True,520.0,577.0,4rrk1/5ppp/p1pb4/1p1n3q/3P2b1/1BP3P1/PP1N1PQP/R1B1R1K1,,,7,35,27,False,202201
202201053020478,35,e1e8,12.0,True,144.0,177.0,4rrk1/5ppp/p1pb4/1p1n3q/3P2b1/1BP3P1/PP1N1PQP/R1B1R1K1,,,7,35,27,False,202201
202201053068528,35,e1e8,34.0,True,135.0,154.0,4rrk1/5ppp/p1pb4/1p1n3q/3P2b1/1BP3P1/PP1N1PQP/R1B1R1K1,,,7,35,27,False,202201
202201053437459,35,e1e8,46.0,True,547.0,575.0,4rrk1/5ppp/p1pb4/1p1n3q/3P2b1/1BP3P1/PP1N1PQP/R1B1R1K1,,,7,35,27,False,202201
202201053731614,35,d2e4,26.0,True,158.0,180.0,4rrk1/5ppp/p1pb4/1p1n3q/3P2b1/1BP3P1/PP1N1PQP/R1B1R1K1,,,7,35,27,False,202201
202201053822713,35,e1e4,9.0,True,609.0,549.0,4rrk1/5ppp/p1pb4/1p1n3q/3P2b1/1BP3P1/PP1N1PQP/R1B1R1K1,,,7,35,27,False,202201
202201053875293,35,e1e8,38.0,True,195.0,268.0,4rrk1/5ppp/p1pb4/1p1n3q/3P2b1/1BP3P1/PP1N1PQP/R1B1R1K1,,,7,35,27,False,202201
202201047098537,35,e1e4,10.0,True,38.0,47.0,4rrk1/5ppp/p1pb4/1p1n3q/3P2b1/1BP3P1/PP1N1PQP/R1B1R1K1,,,7,35,27,False,202201
202201047132705,35,e1e4,23.0,True,251.0,318.0,4rrk1/5ppp/p1pb4/1p1n3q/3P2b1/1BP3P1/PP1N1PQP/R1B1R1K1,,,7,35,27,False,202201
202201047369195,35,d2e4,9.0,True,91.0,96.0,4rrk1/5ppp/p1pb4/1p1n3q/3P2b1/1BP3P1/PP1N1PQP/R1B1R1K1,,,7,35,27,False,202201
202201010349962,35,e1e8,173.0,True,1648.0,1736.0,4rrk1/5ppp/p1pb4/1p1n3q/3P2b1/1BP3P1/PP1N1PQP/R1B1R1K1,,,7,35,27,False,202201
202201010808469,35,e1e8,3.0,True,260.0,269.0,4rrk1/5ppp/p1pb4/1p1n3q/3P2b1/1BP3P1/PP1N1PQP/R1B1R1K1,,,7,35,27,False,202201
202201010889080,35,e1e8,17.0,True,569.0,555.0,4rrk1/5ppp/p1pb4/1p1n3q/3P2b1/1BP3P1/PP1N1PQP/R1B1R1K1,,,7,35,27,False,202201
202201089055500,35,g2f1,16.0,True,168.0,106.0,4rrk1/5ppp/p1pb4/1p1n3q/3P2b1/1BP3P1/PP1N1PQP/R1B1R1K1,,,7,35,27,False,202201
202201089131224,35,g2f1,3.0,True,193.0,183.0,4rrk1/5ppp/p1pb4/1p1n3q/3P2b1/1BP3P1/PP1N1PQP/R1B1R1K1,,,7,35,27,False,202201
202201089173333,35,e1f1,9.0,True,268.0,281.0,4rrk1/5ppp/p1pb4/1p1n3q/3P2b1/1BP3P1/PP1N1PQP/R1B1R1K1,,,7,35,27,False,202201
202201089173470,35,e1e8,10.0,True,237.0,228.0,4rrk1/5ppp/p1pb4/1p1n3q/3P2b1/1BP3P1/PP1N1PQP/R1B1R1K1,,,7,35,27,False,202201
202201089472129,35,e1e8,3.0,True,40.0,50.0,4rrk1/5ppp/p1pb4/1p1n3q/3P2b1/1BP3P1/PP1N1PQP/R1B1R1K1,,,7,35,27,False,202201
202201089490985,35,e1e8,31.0,True,479.0,570.0,4rrk1/5ppp/p1pb4/1p1n3q/3P2b1/1BP3P1/PP1N1PQP/R1B1R1K1,,,7,35,27,False,202201
202201089605828,35,e1e8,3.0,True,114.0,126.0,4rrk1/5ppp/p1pb4/1p1n3q/3P2b1/1BP3P1/PP1N1PQP/R1B1R1K1,,,7,35,27,False,202201
202201089611643,39,g2f1,38.0,True,65.0,108.0,4rrk1/5ppp/p1pb4/1p1n3q/3P2b1/1BP3P1/PP1N1PQP/R1B1R1K1,,,11,35,27,False,202201
202201089706198,37,d2e4,10.0,True,195.0,282.0,4rrk1/5ppp/p1pb4/1p1n3q/3P2b1/1BP3P1/PP1N1PQP/R1B1R1K1,,,7,35,27,False,202201
202201089769639,35,e1e8,44.0,True,153.0,166.0,4rrk1/5ppp/p1pb4/1p1n3q/3P2b1/1BP3P1/PP1N1PQP/R1B1R1K1,,,7,35,27,False,202201
202201075189358,35,e1f1,15.0,True,135.0,157.0,4rrk1/5ppp/p1pb4/1p1n3q/3P2b1/1BP3P1/PP1N1PQP/R1B1R1K1,,,7,35,27,False,202201
202201075788390,35,e1e8,12.0,True,178.0,163.0,4rrk1/5ppp/p1pb4/1p1n3q/3P2b1/1BP3P1/PP1N1PQP/R1B1R1K1,,,7,35,27,False,202201
202201075949400,35,f2f3,2.0,True,97.0,117.0,4rrk1/5ppp/p1pb4/1p1n3q/3P2b1/1BP3P1/PP1N1PQP/R1B1R1K1,,,7,35,27,False,202201
202201096119121,35,d2e4,17.0,True,122.0,143.0,4rrk1/5ppp/p1pb4/1p1n3q/3P2b1/1BP3P1/PP1N1PQP/R1B1R1K1,,,7,35,27,False,202201
202201096947276,35,e1f1,44.0,True,118.0,165.0,4rrk1/5ppp/p1pb4/1p1n3q/3P2b1/1BP3P1/PP1N1PQP/R1B1R1K1,,,7,35,27,False,202201
202201096991805,35,g2f1,35.0,True,144.0,146.0,4rrk1/5ppp/p1pb4/1p1n3q/3P2b1/1BP3P1/PP1N1PQP/R1B1R1K1,,,7,35,27,False,202201
202201103089396,35,e1e8,14.0,True,41.0,35.0,4rrk1/5ppp/p1pb4/1p1n3q/3P2b1/1BP3P1/PP1N1PQP/R1B1R1K1,,,7,35,27,False,202201
202201033094318,35,e1f1,39.0,True,1590.0,1665.0,4rrk1/5ppp/p1pb4/1p1n3q/3P2b1/1BP3P1/PP1N1PQP/R1B1R1K1,,,7,35,27,False,202201
202201033259217,35,e1e8,52.0,True,121.0,191.0,4rrk1/5ppp/p1pb4/1p1n3q/3P2b1/1BP3P1/PP1N1PQP/R1B1R1K1,,,7,35,27,False,202201
202201033474431,35,e1e8,94.0,True,208.0,248.0,4rrk1/5ppp/p1pb4/1p1n3q/3P2b1/1BP3P1/PP1N1PQP/R1B1R1K1,,,7,35,27,False,202201
202201033934091,35,d2e4,20.0,True,520.0,568.0,4rrk1/5ppp/p1pb4/1p1n3q/3P2b1/1BP3P1/PP1N1PQP/R1B1R1K1,,,7,35,27,False,202201
202201033970652,35,e1e8,10.0,True,138.0,165.0,4rrk1/5ppp/p1pb4/1p1n3q/3P2b1/1BP3P1/PP1N1PQP/R1B1R1K1,,,7,35,27,False,202201
202201098363755,35,d2e4,50.0,True,254.0,283.0,4rrk1/5ppp/p1pb4/1p1n3q/3P2b1/1BP3P1/PP1N1PQP/R1B1R1K1,,,7,35,27,False,202201
202201098374717,35,d2e4,35.0,True,954.0,715.0,4rrk1/5ppp/p1pb4/1p1n3q/3P2b1/1BP3P1/PP1N1PQP/R1B1R1K1,,,7,35,27,False,202201
202201098419074,35,e1e4,31.0,True,158.0,163.0,4rrk1/5ppp/p1pb4/1p1n3q/3P2b1/1BP3P1/PP1N1PQP/R1B1R1K1,,,7,35,27,False,202201
202201098888949,35,e1e8,41.0,True,117.0,186.0,4rrk1/5ppp/p1pb4/1p1n3q/3P2b1/1BP3P1/PP1N1PQP/R1B1R1K1,,,7,35,27,False,202201
202201086530225,35,e1e8,3.0,True,142.0,167.0,4rrk1/5ppp/p1pb4/1p1n3q/3P2b1/1BP3P1/PP1N1PQP/R1B1R1K1,,,7,35,27,False,202201
202201086678502,35,e1e8,8.0,True,489.0,525.0,4rrk1/5ppp/p1pb4/1p1n3q/3P2b1/1BP3P1/PP1N1PQP/R1B1R1K1,,,7,35,27,False,202201
202201086705262,35,g1f1,37.0,True,160.0,155.0,4rrk1/5ppp/p1pb4/1p1n3q/3P2b1/1BP3P1/PP1N1PQP/R1B1R1K1,,,7,35,27,False,202201
202201086777614,35,e1e8,30.0,True,583.0,640.0,4rrk1/5ppp/p1pb4/1p1n3q/3P2b1/1BP3P1/PP1N1PQP/R1B1R1K1,,,7,35,27,False,202201
202201086794411,35,e1e8,52.0,True,356.0,392.0,4rrk1/5ppp/p1pb4/1p1n3q/3P2b1/1BP3P1/PP1N1PQP/R1B1R1K1,,,7,35,27,False,202201
202201086904624,35,e1e8,76.0,True,524.0,563.0,4rrk1/5ppp/p1pb4/1p1n3q/3P2b1/1BP3P1/PP1N1PQP/R1B1R1K1,,,7,35,27,False,202201
202201086906533,35,e1e8,48.0,True,101.0,165.0,4rrk1/5ppp/p1pb4/1p1n3q/3P2b1/1BP3P1/PP1N1PQP/R1B1R1K1,,,7,35,27,False,202201
202201034738030,35,e1e4,18.0,True,141.0,155.0,4rrk1/5ppp/p1pb4/1p1n3q/3P2b1/1BP3P1/PP1N1PQP/R1B1R1K1,,,7,35,27,False,202201
202201034856441,39,e1f1,23.0,True,83.0,120.0,4rrk1/5ppp/p1pb4/1p1n3q/3P2b1/1BP3P1/PP1N1PQP/R1B1R1K1,,,11,35,27,False,202201
202201094329241,35,e1e8,17.0,True,145.0,196.0,4rrk1/5ppp/p1pb4/1p1n3q/3P2b1/1BP3P1/PP1N1PQP/R1B1R1K1,,,7,35,27,False,202201
202201094455383,35,e1f1,16.0,True,130.0,171.0,4rrk1/5ppp/p1pb4/1p1n3q/3P2b1/1BP3P1/PP1N1PQP/R1B1R1K1,,,7,35,27,False,202201
202201094636142,35,d2e4,2.0,True,120.0,153.0,4rrk1/5ppp/p1pb4/1p1n3q/3P2b1/1BP3P1/PP1N1PQP/R1B1R1K1,,,7,35,27,False,202201
202201094783330,35,e1e8,7.0,True,36.0,51.0,4rrk1/5ppp/p1pb4/1p1n3q/3P2b1/1BP3P1/PP1N1PQP/R1B1R1K1,,,7,35,27,False,202201
202201092039739,35,e1f1,17.0,True,116.0,196.0,4rrk1/5ppp/p1pb4/1p1n3q/3P2b1/1BP3P1/PP1N1PQP/R1B1R1K1,,,7,35,27,False,202201
202201092236975,35,e1f1,26.0,True,139.0,160.0,4rrk1/5ppp/p1pb4/1p1n3q/3P2b1/1BP3P1/PP1N1PQP/R1B1R1K1,,,7,35,27,False,202201
202201092563708,35,e1f1,11.0,True,111.0,67.0,4rrk1/5ppp/p1pb4/1p1n3q/3P2b1/1BP3P1/PP1N1PQP/R1B1R1K1,,,7,35,27,False,202201
202201044074048,35,e1e8,18.0,True,306.0,323.0,4rrk1/5ppp/p1pb4/1p1n3q/3P2b1/1BP3P1/PP1N1PQP/R1B1R1K1,,,7,35,27,False,202201
202201044206289,35,d2e4,0.0,True,47.0,50.0,4rrk1/5ppp/p1pb4/1p1n3q/3P2b1/1BP3P1/PP1N1PQP/R1B1R1K1,,,7,35,27,False,202201
202201044387764,35,e1e8,77.0,True,125.0,165.0,4rrk1/5ppp/p1pb4/1p1n3q/3P2b1/1BP3P1/PP1N1PQP/R1B1R1K1,,,7,35,27,False,202201
202201044974071,35,e1f1,11.0,True,152.0,166.0,4rrk1/5ppp/p1pb4/1p1n3q/3P2b1/1BP3P1/PP1N1PQP/R1B1R1K1,,,7,35,27,False,202201
202201044974071,39,e1f1,2.0,True,135.0,156.0,4rrk1/5ppp/p1pb4/1p1n3q/3P2b1/1BP3P1/PP1N1PQP/R1B1R1K1,,,11,35,27,False,202201
202201018198444,35,e1e8,32.0,True,149.0,184.0,4rrk1/5ppp/p1pb4/1p1n3q/3P2b1/1BP3P1/PP1N1PQP/R1B1R1K1,,,7,35,27,False,202201
202201018407362,35,e1e8,9.0,True,144.0,162.0,4rrk1/5ppp/p1pb4/1p1n3q/3P2b1/1BP3P1/PP1N1PQP/R1B1R1K1,,,7,35,27,False,202201
202201018723488,35,e1e8,41.0,True,514.0,631.0,4rrk1/5ppp/p1pb4/1p1n3q/3P2b1/1BP3P1/PP1N1PQP/R1B1R1K1,,,7,35,27,False,202201
202201018822916,35,e1f1,281.0,True,2785.0,3446.0,4rrk1/5ppp/p1pb4/1p1n3q/3P2b1/1BP3P1/PP1N1PQP/R1B1R1K1,,,7,35,27,False,202201
202201099491632,35,d2e4,34.0,True,122.0,158.0,4rrk1/5ppp/p1pb4/1p1n3q/3P2b1/1BP3P1/PP1N1PQP/R1B1R1K1,,,7,35,27,False,202201
202201099869584,35,e1e8,5.0,True,115.0,120.0,4rrk1/5ppp/p1pb4/1p1n3q/3P2b1/1BP3P1/PP1N1PQP/R1B1R1K1,,,7,35,27,False,202201
202201099986163,35,e1f1,11.0,True,123.0,185.0,4rrk1/5ppp/p1pb4/1p1n3q/3P2b1/1BP3P1/PP1N1PQP/R1B1R1K1,,,7,35,27,False,202201
202201054104209,35,e1e8,87.0,True,502.0,564.0,4rrk1/5ppp/p1pb4/1p1n3q/3P2b1/1BP3P1/PP1N1PQP/R1B1R1K1,,,7,35,27,False,202201
202201054231173,35,d2e4,10.0,True,161.0,189.0,4rrk1/5ppp/p1pb4/1p1n3q/3P2b1/1BP3P1/PP1N1PQP/R1B1R1K1,,,7,35,27,False,202201
202201054253590,35,e1e8,16.0,True,450.0,519.0,4rrk1/5ppp/p1pb4/1p1n3q/3P2b1/1BP3P1/PP1N1PQP/R1B1R1K1,,,7,35,27,False,202201
202201054772067,35,e1e8,14.0,True,98.0,120.0,4rrk1/5ppp/p1pb4/1p1n3q/3P2b1/1BP3P1/PP1N1PQP/R1B1R1K1,,,7,35,27,False,202201
202201054789530,35,e1f1,7.0,True,155.0,168.0,4rrk1/5ppp/p1pb4/1p1n3q/3P2b1/1BP3P1/PP1N1PQP/R1B1R1K1,,,7,35,27,False,202201
202201054987339,35,e1e8,30.0,True,519.0,578.0,4rrk1/5ppp/p1pb4/1p1n3q/3P2b1/1BP3P1/PP1N1PQP/R1B1R1K1,,,7,35,27,False,202201
202201016054444,35,f2f3,15.0,True,87.0,126.0,4rrk1/5ppp/p1pb4/1p1n3q/3P2b1/1BP3P1/PP1N1PQP/R1B1R1K1,,,7,35,27,False,202201
202201016526494,35,g2f1,73.0,True,505.0,573.0,4rrk1/5ppp/p1pb4/1p1n3q/3P2b1/1BP3P1/PP1N1PQP/R1B1R1K1,,,7,35,27,False,202201
202201016985101,35,e1f1,45.0,True,117.0,196.0,4rrk1/5ppp/p1pb4/1p1n3q/3P2b1/1BP3P1/PP1N1PQP/R1B1R1K1,,,7,35,27,False,202201
202201016989195,35,e1e8,18.0,True,62.0,106.0,4rrk1/5ppp/p1pb4/1p1n3q/3P2b1/1BP3P1/PP1N1PQP/R1B1R1K1,,,7,35,27,False,202201
202201072993228,35,g2f1,13.0,True,153.0,150.0,4rrk1/5ppp/p1pb4/1p1n3q/3P2b1/1BP3P1/PP1N1PQP/R1B1R1K1,,,7,35,27,False,202201
202201083141411,35,e1e8,3.0,True,39.0,37.0,4rrk1/5ppp/p1pb4/1p1n3q/3P2b1/1BP3P1/PP1N1PQP/R1B1R1K1,,,7,35,27,False,202201
202201083285254,35,d2e4,16.0,True,152.0,190.0,4rrk1/5ppp/p1pb4/1p1n3q/3P2b1/1BP3P1/PP1N1PQP/R1B1R1K1,,,7,35,27,False,202201
202201083649034,35,e1e8,10.0,True,148.0,160.0,4rrk1/5ppp/p1pb4/1p1n3q/3P2b1/1BP3P1/PP1N1PQP/R1B1R1K1,,,7,35,27,False,202201
202201083824417,35,d2e4,9.0,True,269.0,560.0,4rrk1/5ppp/p1pb4/1p1n3q/3P2b1/1BP3P1/PP1N1PQP/R1B1R1K1,,,7,35,27,False,202201
202201083952276,35,e1e8,3.0,True,140.0,168.0,4rrk1/5ppp/p1pb4/1p1n3q/3P2b1/1BP3P1/PP1N1PQP/R1B1R1K1,,,7,35,27,False,202201
202201030074213,35,e1f1,14.0,True,175.0,189.0,4rrk1/5ppp/p1pb4/1p1n3q/3P2b1/1BP3P1/PP1N1PQP/R1B1R1K1,,,7,35,27,False,202201
202201030202370,35,e1e8,60.0,True,173.0,152.0,4rrk1/5ppp/p1pb4/1p1n3q/3P2b1/1BP3P1/PP1N1PQP/R1B1R1K1,,,7,35,27,False,202201
202201030480327,35,g1f1,49.0,True,82.0,115.0,4rrk1/5ppp/p1pb4/1p1n3q/3P2b1/1BP3P1/PP1N1PQP/R1B1R1K1,,,7,35,27,False,202201
202201030742918,35,e1e8,25.0,True,154.0,158.0,4rrk1/5ppp/p1pb4/1p1n3q/3P2b1/1BP3P1/PP1N1PQP/R1B1R1K1,,,7,35,27,False,202201
202201030928793,35,e1e8,2.0,True,91.0,125.0,4rrk1/5ppp/p1pb4/1p1n3q/3P2b1/1BP3P1/PP1N1PQP/R1B1R1K1,,,7,35,27,False,202201
202201030950845,35,e1e8,2.0,True,91.0,126.0,4rrk1/5ppp/p1pb4/1p1n3q/3P2b1/1BP3P1/PP1N1PQP/R1B1R1K1,,,7,35,27,False,202201
202201030969574,35,e1e8,2.0,True,91.0,122.0,4rrk1/5ppp/p1pb4/1p1n3q/3P2b1/1BP3P1/PP1N1PQP/R1B1R1K1,,,7,35,27,False,202201
202201019018958,35,g2f1,3.0,True,66.0,66.0,4rrk1/5ppp/p1pb4/1p1n3q/3P2b1/1BP3P1/PP1N1PQP/R1B1R1K1,,,7,35,27,False,202201
202201019347349,35,e1e4,15.0,True,42.0,46.0,4rrk1/5ppp/p1pb4/1p1n3q/3P2b1/1BP3P1/PP1N1PQP/R1B1R1K1,,,7,35,27,False,202201
202201019466667,35,e1f1,45.0,True,178.0,202.0,4rrk1/5ppp/p1pb4/1p1n3q/3P2b1/1BP3P1/PP1N1PQP/R1B1R1K1,,,7,35,27,False,202201
202201019779890,35,e1e8,4.0,True,106.0,120.0,4rrk1/5ppp/p1pb4/1p1n3q/3P2b1/1BP3P1/PP1N1PQP/R1B1R1K1,,,7,35,27,False,202201
202201102165609,35,e1e8,2.0,True,142.0,161.0,4rrk1/5ppp/p1pb4/1p1n3q/3P2b1/1BP3P1/PP1N1PQP/R1B1R1K1,,,7,35,27,False,202201
202201102235973,35,e1e8,20.0,True,781.0,920.0,4rrk1/5ppp/p1pb4/1p1n3q/3P2b1/1BP3P1/PP1N1PQP/R1B1R1K1,,,7,35,27,False,202201
202201102514384,35,d2e4,2.0,True,45.0,37.0,4rrk1/5ppp/p1pb4/1p1n3q/3P2b1/1BP3P1/PP1N1PQP/R1B1R1K1,,,7,35,27,False,202201
202201073160648,35,e1e8,2.0,True,99.0,121.0,4rrk1/5ppp/p1pb4/1p1n3q/3P2b1/1BP3P1/PP1N1PQP/R1B1R1K1,,,7,35,27,False,202201
202201073289675,35,e1e8,13.0,True,137.0,171.0,4rrk1/5ppp/p1pb4/1p1n3q/3P2b1/1BP3P1/PP1N1PQP/R1B1R1K1,,,7,35,27,False,202201
202201073370900,35,e1e8,35.0,True,158.0,160.0,4rrk1/5ppp/p1pb4/1p1n3q/3P2b1/1BP3P1/PP1N1PQP/R1B1R1K1,,,7,35,27,False,202201
202201073773810,35,g2f1,18.0,True,541.0,561.0,4rrk1/5ppp/p1pb4/1p1n3q/3P2b1/1BP3P1/PP1N1PQP/R1B1R1K1,,,7,35,27,False,202201
202201073895265,35,e1e8,2.0,True,99.0,120.0,4rrk1/5ppp/p1pb4/1p1n3q/3P2b1/1BP3P1/PP1N1PQP/R1B1R1K1,,,7,35,27,False,202201
202201015096890,35,e1e8,52.0,True,199.0,264.0,4rrk1/5ppp/p1pb4/1p1n3q/3P2b1/1BP3P1/PP1N1PQP/R1B1R1K1,,,7,35,27,False,202201
202201015109057,35,e1e8,2.0,True,114.0,100.0,4rrk1/5ppp/p1pb4/1p1n3q/3P2b1/1BP3P1/PP1N1PQP/R1B1R1K1,,,7,35,27,False,202201
202201015286498,35,e1e8,3.0,True,97.0,119.0,4rrk1/5ppp/p1pb4/1p1n3q/3P2b1/1BP3P1/PP1N1PQP/R1B1R1K1,,,7,35,27,False,202201
202201015433037,35,d2e4,3.0,True,22.0,46.0,4rrk1/5ppp/p1pb4/1p1n3q/3P2b1/1BP3P1/PP1N1PQP/R1B1R1K1,,,7,35,27,False,202201
202201015665000,35,g2f1,24.0,True,153.0,169.0,4rrk1/5ppp/p1pb4/1p1n3q/3P2b1/1BP3P1/PP1N1PQP/R1B1R1K1,,,7,35,27,False,202201
202201015710657,35,g2f1,17.0,True,87.0,115.0,4rrk1/5ppp/p1pb4/1p1n3q/3P2b1/1BP3P1/PP1N1PQP/R1B1R1K1,,,7,35,27,False,202201
202201067092310,35,e1e8,39.0,True,114.0,159.0,4rrk1/5ppp/p1pb4/1p1n3q/3P2b1/1BP3P1/PP1N1PQP/R1B1R1K1,,,7,35,27,False,202201
202201067234041,35,e1e4,46.0,True,274.0,285.0,4rrk1/5ppp/p1pb4/1p1n3q/3P2b1/1BP3P1/PP1N1PQP/R1B1R1K1,,,7,35,27,False,202201
202201067366327,35,d2e4,14.0,True,151.0,150.0,4rrk1/5ppp/p1pb4/1p1n3q/3P2b1/1BP3P1/PP1N1PQP/R1B1R1K1,,,7,35,27,False,202201
202201067377207,35,d2e4,9.0,True,159.0,190.0,4rrk1/5ppp/p1pb4/1p1n3q/3P2b1/1BP3P1/PP1N1PQP/R1B1R1K1,,,7,35,27,False,202201
202201067647302,35,e1e4,46.0,True,107.0,162.0,4rrk1/5ppp/p1pb4/1p1n3q/3P2b1/1BP3P1/PP1N1PQP/R1B1R1K1,,,7,35,27,False,202201
202201026634148,35,e1e8,27.0,True,185.0,186.0,4rrk1/5ppp/p1pb4/1p1n3q/3P2b1/1BP3P1/PP1N1PQP/R1B1R1K1,,,7,35,27,False,202201
202201026733304,35,e1e8,36.0,True,151.0,165.0,4rrk1/5ppp/p1pb4/1p1n3q/3P2b1/1BP3P1/PP1N1PQP/R1B1R1K1,,,7,35,27,False,202201
202201026733678,35,d2e4,3.0,True,81.0,81.0,4rrk1/5ppp/p1pb4/1p1n3q/3P2b1/1BP3P1/PP1N1PQP/R1B1R1K1,,,5,35,27,False,202201
202201026735795,35,e1e8,19.0,True,253.0,287.0,4rrk1/5ppp/p1pb4/1p1n3q/3P2b1/1BP3P1/PP1N1PQP/R1B1R1K1,,,7,35,27,False,202201
202201079017298,35,e1e8,21.0,True,227.0,507.0,4rrk1/5ppp/p1pb4/1p1n3q/3P2b1/1BP3P1/PP1N1PQP/R1B1R1K1,,,7,35,27,False,202201
202201079259038,35,b3d5,28.0,True,241.0,285.0,4rrk1/5ppp/p1pb4/1p1n3q/3P2b1/1BP3P1/PP1N1PQP/R1B1R1K1,,,7,35,27,False,202201
202201079326148,35,e1f1,5.0,True,137.0,160.0,4rrk1/5ppp/p1pb4/1p1n3q/3P2b1/1BP3P1/PP1N1PQP/R1B1R1K1,,,7,35,27,False,202201
202201002124777,35,e1e8,9.0,True,252.0,275.0,4rrk1/5ppp/p1pb4/1p1n3q/3P2b1/1BP3P1/PP1N1PQP/R1B1R1K1,,,7,35,27,False,202201
202201002463452,35,d2e4,8.0,True,150.0,44.0,4rrk1/5ppp/p1pb4/1p1n3q/3P2b1/1BP3P1/PP1N1PQP/R1B1R1K1,,,7,35,27,False,202201
202201014041156,35,e1e8,11.0,True,99.0,97.0,4rrk1/5ppp/p1pb4/1p1n3q/3P2b1/1BP3P1/PP1N1PQP/R1B1R1K1,,,7,35,27,False,202201
202201014162326,35,e1e8,5.0,True,37.0,54.0,4rrk1/5ppp/p1pb4/1p1n3q/3P2b1/1BP3P1/PP1N1PQP/R1B1R1K1,,,7,35,27,False,202201
202201014204962,35,e1e4,13.0,True,163.0,179.0,4rrk1/5ppp/p1pb4/1p1n3q/3P2b1/1BP3P1/PP1N1PQP/R1B1R1K1,,,7,35,27,False,202201
202201014659453,35,e1e8,2.0,True,30.0,49.0,4rrk1/5ppp/p1pb4/1p1n3q/3P2b1/1BP3P1/PP1N1PQP/R1B1R1K1,,,7,35,27,False,202201
202201014800940,35,g2f1,56.0,True,158.0,111.0,4rrk1/5ppp/p1pb4/1p1n3q/3P2b1/1BP3P1/PP1N1PQP/R1B1R1K1,,,7,35,27,False,202201
202201014827810,35,d2e4,2.0,True,123.0,149.0,4rrk1/5ppp/p1pb4/1p1n3q/3P2b1/1BP3P1/PP1N1PQP/R1B1R1K1,,,7,35,27,False,202201
202201007760532,35,d2e4,8.0,True,131.0,133.0,4rrk1/5ppp/p1pb4/1p1n3q/3P2b1/1BP3P1/PP1N1PQP/R1B1R1K1,,,7,35,27,False,202201
202201024178638,35,e1e8,234.0,True,894.0,1012.0,4rrk1/5ppp/p1pb4/1p1n3q/3P2b1/1BP3P1/PP1N1PQP/R1B1R1K1,,,7,35,27,False,202201
202201024197141,35,g2f1,32.0,True,123.0,158.0,4rrk1/5ppp/p1pb4/1p1n3q/3P2b1/1BP3P1/PP1N1PQP/R1B1R1K1,,,7,35,27,False,202201
202201024377949,35,d2e4,9.0,True,116.0,161.0,4rrk1/5ppp/p1pb4/1p1n3q/3P2b1/1BP3P1/PP1N1PQP/R1B1R1K1,,,7,35,27,False,202201
202201024584366,35,e1f1,25.0,True,225.0,230.0,4rrk1/5ppp/p1pb4/1p1n3q/3P2b1/1BP3P1/PP1N1PQP/R1B1R1K1,,,7,35,27,False,202201
202201045191532,35,e1e8,5.0,True,160.0,159.0,4rrk1/5ppp/p1pb4/1p1n3q/3P2b1/1BP3P1/PP1N1PQP/R1B1R1K1,,,7,35,27,False,202201
202201045357285,35,d2e4,17.0,True,130.0,158.0,4rrk1/5ppp/p1pb4/1p1n3q/3P2b1/1BP3P1/PP1N1PQP/R1B1R1K1,,,7,35,27,False,202201
202201045664338,35,e1e8,16.0,True,155.0,171.0,4rrk1/5ppp/p1pb4/1p1n3q/3P2b1/1BP3P1/PP1N1PQP/R1B1R1K1,,,7,35,27,False,202201
202201052000258,35,e1e8,19.0,True,522.0,552.0,4rrk1/5ppp/p1pb4/1p1n3q/3P2b1/1BP3P1/PP1N1PQP/R1B1R1K1,,,7,35,27,False,202201
202201052707446,35,e1e8,5.0,True,216.0,295.0,4rrk1/5ppp/p1pb4/1p1n3q/3P2b1/1BP3P1/PP1N1PQP/R1B1R1K1,,,7,35,27,False,202201
202201052973373,35,d2e4,39.0,True,144.0,164.0,4rrk1/5ppp/p1pb4/1p1n3q/3P2b1/1BP3P1/PP1N1PQP/R1B1R1K1,,,7,35,27,False,202201
202201008284001,35,e1e8,7.0,True,42.0,55.0,4rrk1/5ppp/p1pb4/1p1n3q/3P2b1/1BP3P1/PP1N1PQP/R1B1R1K1,,,7,35,27,False,202201
202201008308713,35,e1e8,1.0,True,135.0,173.0,4rrk1/5ppp/p1pb4/1p1n3q/3P2b1/1BP3P1/PP1N1PQP/R1B1R1K1,,,7,35,27,False,202201
202201008375295,35,e1e8,73.0,True,487.0,580.0,4rrk1/5ppp/p1pb4/1p1n3q/3P2b1/1BP3P1/PP1N1PQP/R1B1R1K1,,,7,35,27,False,202201
202201008636603,35,e1f1,70.0,True,231.0,310.0,4rrk1/5ppp/p1pb4/1p1n3q/3P2b1/1BP3P1/PP1N1PQP/R1B1R1K1,,,7,35,27,False,202201
202201008670539,35,d2e4,6.0,True,162.0,200.0,4rrk1/5ppp/p1pb4/1p1n3q/3P2b1/1BP3P1/PP1N1PQP/R1B1R1K1,,,7,35,27,False,202201
202201008907107,35,e1f1,10.0,True,178.0,184.0,4rrk1/5ppp/p1pb4/1p1n3q/3P2b1/1BP3P1/PP1N1PQP/R1B1R1K1,,,7,35,27,False,202201
202201066030538,35,e1f1,3.0,True,49.0,48.0,4rrk1/5ppp/p1pb4/1p1n3q/3P2b1/1BP3P1/PP1N1PQP/R1B1R1K1,,,7,35,27,False,202201
202201066087045,35,e1e8,49.0,True,160.0,170.0,4rrk1/5ppp/p1pb4/1p1n3q/3P2b1/1BP3P1/PP1N1PQP/R1B1R1K1,,,7,35,27,False,202201
202201066278844,35,e1f1,2.0,True,87.0,117.0,4rrk1/5ppp/p1pb4/1p1n3q/3P2b1/1BP3P1/PP1N1PQP/R1B1R1K1,,,7,35,27,False,202201
202201066578177,35,e1e8,9.0,True,185.0,194.0,4rrk1/5ppp/p1pb4/1p1n3q/3P2b1/1BP3P1/PP1N1PQP/R1B1R1K1,,,7,35,27,False,202201
202201066837409,35,e1e8,77.0,True,197.0,273.0,4rrk1/5ppp/p1pb4/1p1n3q/3P2b1/1BP3P1/PP1N1PQP/R1B1R1K1,,,7,35,27,False,202201
202201064046315,35,e1e8,71.0,True,279.0,199.0,4rrk1/5ppp/p1pb4/1p1n3q/3P2b1/1BP3P1/PP1N1PQP/R1B1R1K1,,,7,35,27,False,202201
202201064109356,35,e1e8,18.0,True,148.0,128.0,4rrk1/5ppp/p1pb4/1p1n3q/3P2b1/1BP3P1/PP1N1PQP/R1B1R1K1,,,7,35,27,False,202201
202201064682200,35,e1e4,10.0,True,37.0,47.0,4rrk1/5ppp/p1pb4/1p1n3q/3P2b1/1BP3P1/PP1N1PQP/R1B1R1K1,,,7,35,27,False,202201
202201041027877,35,e1e8,89.0,True,502.0,567.0,4rrk1/5ppp/p1pb4/1p1n3q/3P2b1/1BP3P1/PP1N1PQP/R1B1R1K1,,,7,35,27,False,202201
202201041165498,35,e1e8,12.0,True,492.0,530.0,4rrk1/5ppp/p1pb4/1p1n3q/3P2b1/1BP3P1/PP1N1PQP/R1B1R1K1,,,7,35,27,False,202201
202201041284305,35,e1e8,11.0,True,258.0,273.0,4rrk1/5ppp/p1pb4/1p1n3q/3P2b1/1BP3P1/PP1N1PQP/R1B1R1K1,,,7,35,27,False,202201
202201041376074,35,e1e8,9.0,True,96.0,117.0,4rrk1/5ppp/p1pb4/1p1n3q/3P2b1/1BP3P1/PP1N1PQP/R1B1R1K1,,,7,35,27,False,202201
202201041452633,35,e1e8,71.0,True,115.0,180.0,4rrk1/5ppp/p1pb4/1p1n3q/3P2b1/1BP3P1/PP1N1PQP/R1B1R1K1,,,7,35,27,False,202201
202201041554127,35,e1e8,3.0,True,110.0,98.0,4rrk1/5ppp/p1pb4/1p1n3q/3P2b1/1BP3P1/PP1N1PQP/R1B1R1K1,,,7,35,27,False,202201
202201037755898,35,e1e8,2.0,True,104.0,106.0,4rrk1/5ppp/p1pb4/1p1n3q/3P2b1/1BP3P1/PP1N1PQP/R1B1R1K1,,,7,35,27,False,202201
202201037865987,37,e1e8,50.0,True,1702.0,1891.0,4rrk1/5ppp/p1pb4/1p1n3q/3P2b1/1BP3P1/PP1N1PQP/R1B1R1K1,,,7,35,27,False,202201
202201029247202,35,e1e8,11.0,True,537.0,540.0,4rrk1/5ppp/p1pb4/1p1n3q/3P2b1/1BP3P1/PP1N1PQP/R1B1R1K1,,,7,35,27,False,202201
202201029571060,35,e1e8,2.0,True,91.0,126.0,4rrk1/5ppp/p1pb4/1p1n3q/3P2b1/1BP3P1/PP1N1PQP/R1B1R1K1,,,7,35,27,False,202201
202201029589919,35,e1e8,2.0,True,91.0,127.0,4rrk1/5ppp/p1pb4/1p1n3q/3P2b1/1BP3P1/PP1N1PQP/R1B1R1K1,,,7,35,27,False,202201
202201029787173,35,g2f1,40.0,True,105.0,177.0,4rrk1/5ppp/p1pb4/1p1n3q/3P2b1/1BP3P1/PP1N1PQP/R1B1R1K1,,,7,35,27,False,202201
202201029804280,35,e1e8,19.0,True,42.0,49.0,4rrk1/5ppp/p1pb4/1p1n3q/3P2b1/1BP3P1/PP1N1PQP/R1B1R1K1,,,7,35,27,False,202201
202201091397865,35,e1e8,36.0,True,539.0,566.0,4rrk1/5ppp/p1pb4/1p1n3q/3P2b1/1BP3P1/PP1N1PQP/R1B1R1K1,,,7,35,27,False,202201
202201091442479,35,e1f1,2.0,True,99.0,118.0,4rrk1/5ppp/p1pb4/1p1n3q/3P2b1/1BP3P1/PP1N1PQP/R1B1R1K1,,,7,35,27,False,202201
202201013258871,35,e1f1,12.0,True,144.0,162.0,4rrk1/5ppp/p1pb4/1p1n3q/3P2b1/1BP3P1/PP1N1PQP/R1B1R1K1,,,7,35,27,False,202201
202201081786367,35,e1e8,30.0,True,526.0,539.0,4rrk1/5ppp/p1pb4/1p1n3q/3P2b1/1BP3P1/PP1N1PQP/R1B1R1K1,,,7,35,27,False,202201
202201081875429,35,e1f1,30.0,True,255.0,255.0,4rrk1/5ppp/p1pb4/1p1n3q/3P2b1/1BP3P1/PP1N1PQP/R1B1R1K1,,,7,35,27,False,202201
202201011040706,39,e1e8,41.0,True,159.0,243.0,4rrk1/5ppp/p1pb4/1p1n3q/3P2b1/1BP3P1/PP1N1PQP/R1B1R1K1,,,11,35,27,False,202201
202201011459864,35,e1f1,48.0,True,274.0,322.0,4rrk1/5ppp/p1pb4/1p1n3q/3P2b1/1BP3P1/PP1N1PQP/R1B1R1K1,,,7,35,27,False,202201
202201011685561,35,e1f1,74.0,True,463.0,564.0,4rrk1/5ppp/p1pb4/1p1n3q/3P2b1/1BP3P1/PP1N1PQP/R1B1R1K1,,,7,35,27,False,202201
202201011766265,35,e1e8,38.0,True,484.0,182.0,4rrk1/5ppp/p1pb4/1p1n3q/3P2b1/1BP3P1/PP1N1PQP/R1B1R1K1,,,7,35,27,False,202201
202201046416976,35,e1e4,16.0,True,130.0,160.0,4rrk1/5ppp/p1pb4/1p1n3q/3P2b1/1BP3P1/PP1N1PQP/R1B1R1K1,,,7,35,27,False,202201
202201046433757,35,e1e8,14.0,True,147.0,160.0,4rrk1/5ppp/p1pb4/1p1n3q/3P2b1/1BP3P1/PP1N1PQP/R1B1R1K1,,,5,35,27,False,202201
202201046439436,35,e1e8,5.0,True,303.0,328.0,4rrk1/5ppp/p1pb4/1p1n3q/3P2b1/1BP3P1/PP1N1PQP/R1B1R1K1,,,7,35,27,False,202201
202201046536939,35,e1e8,14.0,True,162.0,170.0,4rrk1/5ppp/p1pb4/1p1n3q/3P2b1/1BP3P1/PP1N1PQP/R1B1R1K1,,,7,35,27,False,202201
202201046792273,35,e1f1,7.0,True,143.0,161.0,4rrk1/5ppp/p1pb4/1p1n3q/3P2b1/1BP3P1/PP1N1PQP/R1B1R1K1,,,7,35,27,False,202201
202201025289314,35,d2e4,2.0,True,137.0,150.0,4rrk1/5ppp/p1pb4/1p1n3q/3P2b1/1BP3P1/PP1N1PQP/R1B1R1K1,,,7,35,27,False,202201
202201025570182,35,e1f1,43.0,True,139.0,147.0,4rrk1/5ppp/p1pb4/1p1n3q/3P2b1/1BP3P1/PP1N1PQP/R1B1R1K1,,,7,35,27,False,202201
202201025582647,35,e1e8,10.0,True,81.0,115.0,4rrk1/5ppp/p1pb4/1p1n3q/3P2b1/1BP3P1/PP1N1PQP/R1B1R1K1,,,7,35,27,False,202201
202201025603135,35,e1f1,173.0,True,1168.0,1074.0,4rrk1/5ppp/p1pb4/1p1n3q/3P2b1/1BP3P1/PP1N1PQP/R1B1R1K1,,,7,35,27,False,202201
202202070076526,35,e1e8,11.0,True,575.0,642.0,4rrk1/5ppp/p1pb4/1p1n3q/3P2b1/1BP3P1/PP1N1PQP/R1B1R1K1,,,7,35,27,False,202202
202202070998456,35,d2e4,24.0,True,44.0,48.0,4rrk1/5ppp/p1pb4/1p1n3q/3P2b1/1BP3P1/PP1N1PQP/R1B1R1K1,,,7,35,27,False,202202
202202048052531,39,d2e4,3.0,True,47.0,47.0,4rrk1/5ppp/p1pb4/1p1n3q/3P2b1/1BP3P1/PP1N1PQP/R1B1R1K1,,,11,35,27,False,202202
202202048626581,35,e1f1,14.0,True,263.0,243.0,4rrk1/5ppp/p1pb4/1p1n3q/3P2b1/1BP3P1/PP1N1PQP/R1B1R1K1,,,7,35,27,False,202202
202202048674357,35,e1e8,3.0,True,112.0,121.0,4rrk1/5ppp/p1pb4/1p1n3q/3P2b1/1BP3P1/PP1N1PQP/R1B1R1K1,,,7,35,27,False,202202
202202048781694,35,e1e8,15.0,True,128.0,152.0,4rrk1/5ppp/p1pb4/1p1n3q/3P2b1/1BP3P1/PP1N1PQP/R1B1R1K1,,,7,35,27,False,202202
202202048797028,35,e1e8,0.0,True,107.0,119.0,4rrk1/5ppp/p1pb4/1p1n3q/3P2b1/1BP3P1/PP1N1PQP/R1B1R1K1,,,7,35,27,False,202202
202202077021490,35,b3c2,30.0,True,260.0,275.0,4rrk1/5ppp/p1pb4/1p1n3q/3P2b1/1BP3P1/PP1N1PQP/R1B1R1K1,,,7,35,27,False,202202
202202077243621,35,e1e8,17.0,True,213.0,279.0,4rrk1/5ppp/p1pb4/1p1n3q/3P2b1/1BP3P1/PP1N1PQP/R1B1R1K1,,,7,35,27,False,202202
202202077331277,35,d2e4,3.0,True,136.0,148.0,4rrk1/5ppp/p1pb4/1p1n3q/3P2b1/1BP3P1/PP1N1PQP/R1B1R1K1,,,7,35,27,False,202202
202202077348522,35,e1f1,51.0,True,180.0,182.0,4rrk1/5ppp/p1pb4/1p1n3q/3P2b1/1BP3P1/PP1N1PQP/R1B1R1K1,,,7,35,27,False,202202
202202077388658,35,d2e4,41.0,True,280.0,321.0,4rrk1/5ppp/p1pb4/1p1n3q/3P2b1/1BP3P1/PP1N1PQP/R1B1R1K1,,,7,35,27,False,202202
202202077730142,35,g2f1,13.0,True,125.0,159.0,4rrk1/5ppp/p1pb4/1p1n3q/3P2b1/1BP3P1/PP1N1PQP/R1B1R1K1,,,7,35,27,False,202202
202202077859028,35,e1e8,2.0,True,163.0,194.0,4rrk1/5ppp/p1pb4/1p1n3q/3P2b1/1BP3P1/PP1N1PQP/R1B1R1K1,,,7,35,27,False,202202
202202035703471,35,g2f1,121.0,True,370.0,414.0,4rrk1/5ppp/p1pb4/1p1n3q/3P2b1/1BP3P1/PP1N1PQP/R1B1R1K1,,,7,35,27,False,202202
202202032563225,35,e1e8,7.0,True,145.0,166.0,4rrk1/5ppp/p1pb4/1p1n3q/3P2b1/1BP3P1/PP1N1PQP/R1B1R1K1,,,7,35,27,False,202202
202202032674371,35,e1f1,116.0,True,413.0,266.0,4rrk1/5ppp/p1pb4/1p1n3q/3P2b1/1BP3P1/PP1N1PQP/R1B1R1K1,,,7,35,27,False,202202
202202032705889,35,g1f1,46.0,True,127.0,134.0,4rrk1/5ppp/p1pb4/1p1n3q/3P2b1/1BP3P1/PP1N1PQP/R1B1R1K1,,,7,35,27,False,202202
202202032746140,35,d2e4,8.0,True,225.0,296.0,4rrk1/5ppp/p1pb4/1p1n3q/3P2b1/1BP3P1/PP1N1PQP/R1B1R1K1,,,7,35,27,False,202202
202202032975339,35,e1e8,23.0,True,133.0,170.0,4rrk1/5ppp/p1pb4/1p1n3q/3P2b1/1BP3P1/PP1N1PQP/R1B1R1K1,,,7,35,27,False,202202
202202006044444,35,d2e4,2.0,True,129.0,141.0,4rrk1/5ppp/p1pb4/1p1n3q/3P2b1/1BP3P1/PP1N1PQP/R1B1R1K1,,,7,35,27,False,202202
202202006962306,35,d2e4,18.0,True,242.0,317.0,4rrk1/5ppp/p1pb4/1p1n3q/3P2b1/1BP3P1/PP1N1PQP/R1B1R1K1,,,7,35,27,False,202202
202202006997374,35,e1e4,1.0,True,131.0,268.0,4rrk1/5ppp/p1pb4/1p1n3q/3P2b1/1BP3P1/PP1N1PQP/R1B1R1K1,,,7,35,27,False,202202
202202087218085,35,e1f1,16.0,True,150.0,161.0,4rrk1/5ppp/p1pb4/1p1n3q/3P2b1/1BP3P1/PP1N1PQP/R1B1R1K1,,,7,35,27,False,202202
202202065468498,35,e1e8,13.0,True,167.0,186.0,4rrk1/5ppp/p1pb4/1p1n3q/3P2b1/1BP3P1/PP1N1PQP/R1B1R1K1,,,7,35,27,False,202202
202202065824990,35,e1e8,20.0,True,168.0,144.0,4rrk1/5ppp/p1pb4/1p1n3q/3P2b1/1BP3P1/PP1N1PQP/R1B1R1K1,,,7,35,27,False,202202
202202065963816,35,g2f1,71.0,True,152.0,166.0,4rrk1/5ppp/p1pb4/1p1n3q/3P2b1/1BP3P1/PP1N1PQP/R1B1R1K1,,,7,35,27,False,202202
202202049094236,35,e1e8,27.0,True,154.0,194.0,4rrk1/5ppp/p1pb4/1p1n3q/3P2b1/1BP3P1/PP1N1PQP/R1B1R1K1,,,7,35,27,False,202202
202202049198561,35,e1e8,22.0,True,101.0,121.0,4rrk1/5ppp/p1pb4/1p1n3q/3P2b1/1BP3P1/PP1N1PQP/R1B1R1K1,,,7,35,27,False,202202
202202049389635,35,d2e4,57.0,True,70.0,147.0,4rrk1/5ppp/p1pb4/1p1n3q/3P2b1/1BP3P1/PP1N1PQP/R1B1R1K1,,,7,35,27,False,202202
202202049670231,35,e1e4,18.0,True,125.0,154.0,4rrk1/5ppp/p1pb4/1p1n3q/3P2b1/1BP3P1/PP1N1PQP/R1B1R1K1,,,7,35,27,False,202202
202202049689053,35,e1e8,23.0,True,134.0,159.0,4rrk1/5ppp/p1pb4/1p1n3q/3P2b1/1BP3P1/PP1N1PQP/R1B1R1K1,,,7,35,27,False,202202
202202001062430,35,d2e4,16.0,True,150.0,171.0,4rrk1/5ppp/p1pb4/1p1n3q/3P2b1/1BP3P1/PP1N1PQP/R1B1R1K1,,,7,35,27,False,202202
202202001928809,35,e1f1,30.0,True,148.0,153.0,4rrk1/5ppp/p1pb4/1p1n3q/3P2b1/1BP3P1/PP1N1PQP/R1B1R1K1,,,7,35,27,False,202202
202202005263444,35,d2e4,16.0,True,144.0,195.0,4rrk1/5ppp/p1pb4/1p1n3q/3P2b1/1BP3P1/PP1N1PQP/R1B1R1K1,,,7,35,27,False,202202
202202005352983,35,e1e4,74.0,True,455.0,559.0,4rrk1/5ppp/p1pb4/1p1n3q/3P2b1/1BP3P1/PP1N1PQP/R1B1R1K1,,,7,35,27,False,202202
202202005653673,35,e1e8,58.0,True,195.0,307.0,4rrk1/5ppp/p1pb4/1p1n3q/3P2b1/1BP3P1/PP1N1PQP/R1B1R1K1,,,7,35,27,False,202202
202202061345236,35,d2e4,2.0,True,92.0,101.0,4rrk1/5ppp/p1pb4/1p1n3q/3P2b1/1BP3P1/PP1N1PQP/R1B1R1K1,,,7,35,27,False,202202
202202057095678,35,e1e8,6.0,True,99.0,113.0,4rrk1/5ppp/p1pb4/1p1n3q/3P2b1/1BP3P1/PP1N1PQP/R1B1R1K1,,,7,35,27,False,202202
202202057226065,35,e1e8,75.0,True,300.0,322.0,4rrk1/5ppp/p1pb4/1p1n3q/3P2b1/1BP3P1/PP1N1PQP/R1B1R1K1,,,7,35,27,False,202202
202202057355931,35,e1e8,8.0,True,91.0,111.0,4rrk1/5ppp/p1pb4/1p1n3q/3P2b1/1BP3P1/PP1N1PQP/R1B1R1K1,,,7,35,27,False,202202
202202036513718,35,e1e4,41.0,True,306.0,281.0,4rrk1/5ppp/p1pb4/1p1n3q/3P2b1/1BP3P1/PP1N1PQP/R1B1R1K1,,,7,35,27,False,202202
202202023137222,35,e1e4,39.0,True,112.0,173.0,4rrk1/5ppp/p1pb4/1p1n3q/3P2b1/1BP3P1/PP1N1PQP/R1B1R1K1,,,7,35,27,False,202202
202202085491384,35,e1e8,12.0,True,162.0,148.0,4rrk1/5ppp/p1pb4/1p1n3q/3P2b1/1BP3P1/PP1N1PQP/R1B1R1K1,,,7,35,27,False,202202
202202085905841,35,g2f1,9.0,True,134.0,190.0,4rrk1/5ppp/p1pb4/1p1n3q/3P2b1/1BP3P1/PP1N1PQP/R1B1R1K1,,,7,35,27,False,202202
202202009344394,35,e1e8,9.0,True,180.0,189.0,4rrk1/5ppp/p1pb4/1p1n3q/3P2b1/1BP3P1/PP1N1PQP/R1B1R1K1,,,7,35,27,False,202202
202202009434789,35,e1e8,12.0,True,217.0,265.0,4rrk1/5ppp/p1pb4/1p1n3q/3P2b1/1BP3P1/PP1N1PQP/R1B1R1K1,,,7,35,27,False,202202
202202009522728,35,d2e4,28.0,True,522.0,578.0,4rrk1/5ppp/p1pb4/1p1n3q/3P2b1/1BP3P1/PP1N1PQP/R1B1R1K1,,,7,35,27,False,202202
202202009867768,35,e1e8,11.0,True,142.0,140.0,4rrk1/5ppp/p1pb4/1p1n3q/3P2b1/1BP3P1/PP1N1PQP/R1B1R1K1,,,7,35,27,False,202202
202202059334365,35,d2e4,3.0,True,167.0,167.0,4rrk1/5ppp/p1pb4/1p1n3q/3P2b1/1BP3P1/PP1N1PQP/R1B1R1K1,,,7,35,27,False,202202
202202059521372,35,d2e4,14.0,True,115.0,160.0,4rrk1/5ppp/p1pb4/1p1n3q/3P2b1/1BP3P1/PP1N1PQP/R1B1R1K1,,,7,35,27,False,202202
202202074104627,35,e1e8,34.0,True,248.0,280.0,4rrk1/5ppp/p1pb4/1p1n3q/3P2b1/1BP3P1/PP1N1PQP/R1B1R1K1,,,7,35,27,False,202202
202202074766115,35,e1f1,19.0,True,106.0,119.0,4rrk1/5ppp/p1pb4/1p1n3q/3P2b1/1BP3P1/PP1N1PQP/R1B1R1K1,,,7,35,27,False,202202
202202074784424,35,e1e8,42.0,True,110.0,156.0,4rrk1/5ppp/p1pb4/1p1n3q/3P2b1/1BP3P1/PP1N1PQP/R1B1R1K1,,,7,35,27,False,202202
202202040022941,35,e1e4,33.0,True,572.0,510.0,4rrk1/5ppp/p1pb4/1p1n3q/3P2b1/1BP3P1/PP1N1PQP/R1B1R1K1,,,7,35,27,False,202202
202202040192032,35,e1e4,32.0,True,129.0,182.0,4rrk1/5ppp/p1pb4/1p1n3q/3P2b1/1BP3P1/PP1N1PQP/R1B1R1K1,,,7,35,27,False,202202
202202040195504,35,e1e8,12.0,True,116.0,170.0,4rrk1/5ppp/p1pb4/1p1n3q/3P2b1/1BP3P1/PP1N1PQP/R1B1R1K1,,,7,35,27,False,202202
202202040267830,35,e1e8,5.0,True,131.0,173.0,4rrk1/5ppp/p1pb4/1p1n3q/3P2b1/1BP3P1/PP1N1PQP/R1B1R1K1,,,7,35,27,False,202202
202202040449206,35,e1e8,6.0,True,45.0,47.0,4rrk1/5ppp/p1pb4/1p1n3q/3P2b1/1BP3P1/PP1N1PQP/R1B1R1K1,,,7,35,27,False,202202
202202021241938,35,e1e8,3.0,True,45.0,48.0,4rrk1/5ppp/p1pb4/1p1n3q/3P2b1/1BP3P1/PP1N1PQP/R1B1R1K1,,,7,35,27,False,202202
202202021313519,35,e1e8,2.0,True,248.0,271.0,4rrk1/5ppp/p1pb4/1p1n3q/3P2b1/1BP3P1/PP1N1PQP/R1B1R1K1,,,7,35,27,False,202202
202202062009127,35,g2f1,34.0,True,225.0,970.0,4rrk1/5ppp/p1pb4/1p1n3q/3P2b1/1BP3P1/PP1N1PQP/R1B1R1K1,,,7,35,27,False,202202
202202062256996,35,e1e8,56.0,True,107.0,222.0,4rrk1/5ppp/p1pb4/1p1n3q/3P2b1/1BP3P1/PP1N1PQP/R1B1R1K1,,,7,35,27,False,202202
202202062555464,35,e1e8,17.0,True,163.0,183.0,4rrk1/5ppp/p1pb4/1p1n3q/3P2b1/1BP3P1/PP1N1PQP/R1B1R1K1,,,7,35,27,False,202202
202202022618545,35,e1e8,2.0,True,37.0,43.0,4rrk1/5ppp/p1pb4/1p1n3q/3P2b1/1BP3P1/PP1N1PQP/R1B1R1K1,,,7,35,27,False,202202
202202022654530,35,e1e8,29.0,True,188.0,188.0,4rrk1/5ppp/p1pb4/1p1n3q/3P2b1/1BP3P1/PP1N1PQP/R1B1R1K1,,,7,35,27,False,202202
202202022675520,35,d2e4,8.0,True,34.0,48.0,4rrk1/5ppp/p1pb4/1p1n3q/3P2b1/1BP3P1/PP1N1PQP/R1B1R1K1,,,7,35,27,False,202202
202202022887408,35,e1e8,16.0,True,491.0,553.0,4rrk1/5ppp/p1pb4/1p1n3q/3P2b1/1BP3P1/PP1N1PQP/R1B1R1K1,,,7,35,27,False,202202
202202038092691,35,d2e4,7.0,True,152.0,156.0,4rrk1/5ppp/p1pb4/1p1n3q/3P2b1/1BP3P1/PP1N1PQP/R1B1R1K1,,,7,35,27,False,202202
202202038395212,35,g2f1,9.0,True,46.0,50.0,4rrk1/5ppp/p1pb4/1p1n3q/3P2b1/1BP3P1/PP1N1PQP/R1B1R1K1,,,7,35,27,False,202202
202202038683398,35,e1e8,9.0,True,237.0,250.0,4rrk1/5ppp/p1pb4/1p1n3q/3P2b1/1BP3P1/PP1N1PQP/R1B1R1K1,,,7,35,27,False,202202
202202038690519,35,d2e4,22.0,True,508.0,276.0,4rrk1/5ppp/p1pb4/1p1n3q/3P2b1/1BP3P1/PP1N1PQP/R1B1R1K1,,,7,35,27,False,202202
202202038860590,35,e1e8,37.0,True,93.0,119.0,4rrk1/5ppp/p1pb4/1p1n3q/3P2b1/1BP3P1/PP1N1PQP/R1B1R1K1,,,7,35,27,False,202202
202202038904683,35,d2e4,6.0,True,35.0,49.0,4rrk1/5ppp/p1pb4/1p1n3q/3P2b1/1BP3P1/PP1N1PQP/R1B1R1K1,,,7,35,27,False,202202
202202038941272,35,g2f1,14.0,True,216.0,244.0,4rrk1/5ppp/p1pb4/1p1n3q/3P2b1/1BP3P1/PP1N1PQP/R1B1R1K1,,,7,35,27,False,202202
202202038957125,35,e1e8,33.0,True,244.0,282.0,4rrk1/5ppp/p1pb4/1p1n3q/3P2b1/1BP3P1/PP1N1PQP/R1B1R1K1,,,7,35,27,False,202202
202202039823535,35,e1e8,30.0,True,159.0,167.0,4rrk1/5ppp/p1pb4/1p1n3q/3P2b1/1BP3P1/PP1N1PQP/R1B1R1K1,,,7,35,27,False,202202
202202080031306,35,e1f1,35.0,True,579.0,592.0,4rrk1/5ppp/p1pb4/1p1n3q/3P2b1/1BP3P1/PP1N1PQP/R1B1R1K1,,,7,35,27,False,202202
202202080134402,35,e1e8,17.0,True,181.0,178.0,4rrk1/5ppp/p1pb4/1p1n3q/3P2b1/1BP3P1/PP1N1PQP/R1B1R1K1,,,7,35,27,False,202202
202202080168890,35,e1e8,12.0,True,256.0,288.0,4rrk1/5ppp/p1pb4/1p1n3q/3P2b1/1BP3P1/PP1N1PQP/R1B1R1K1,,,7,35,27,False,202202
202202080246881,35,d2e4,3.0,True,126.0,155.0,4rrk1/5ppp/p1pb4/1p1n3q/3P2b1/1BP3P1/PP1N1PQP/R1B1R1K1,,,7,35,27,False,202202
202202080341371,35,e1e8,17.0,True,220.0,281.0,4rrk1/5ppp/p1pb4/1p1n3q/3P2b1/1BP3P1/PP1N1PQP/R1B1R1K1,,,7,35,27,False,202202
202202051119679,35,e1e8,2.0,True,113.0,160.0,4rrk1/5ppp/p1pb4/1p1n3q/3P2b1/1BP3P1/PP1N1PQP/R1B1R1K1,,,7,35,27,False,202202
202202051448296,35,e1e8,26.0,True,533.0,549.0,4rrk1/5ppp/p1pb4/1p1n3q/3P2b1/1BP3P1/PP1N1PQP/R1B1R1K1,,,7,35,27,False,202202
202202051890351,35,d2e4,4.0,True,123.0,188.0,4rrk1/5ppp/p1pb4/1p1n3q/3P2b1/1BP3P1/PP1N1PQP/R1B1R1K1,,,7,35,27,False,202202
202202082019161,35,d2e4,6.0,True,166.0,178.0,4rrk1/5ppp/p1pb4/1p1n3q/3P2b1/1BP3P1/PP1N1PQP/R1B1R1K1,,,7,35,27,False,202202
202202082095552,35,e1f1,11.0,True,145.0,136.0,4rrk1/5ppp/p1pb4/1p1n3q/3P2b1/1BP3P1/PP1N1PQP/R1B1R1K1,,,7,35,27,False,202202
202202082173601,35,e1e8,21.0,True,152.0,184.0,4rrk1/5ppp/p1pb4/1p1n3q/3P2b1/1BP3P1/PP1N1PQP/R1B1R1K1,,,7,35,27,False,202202
202202082232151,35,e1e8,6.0,True,266.0,329.0,4rrk1/5ppp/p1pb4/1p1n3q/3P2b1/1BP3P1/PP1N1PQP/R1B1R1K1,,,7,35,27,False,202202
202202082357884,35,e1e8,14.0,True,122.0,168.0,4rrk1/5ppp/p1pb4/1p1n3q/3P2b1/1BP3P1/PP1N1PQP/R1B1R1K1,,,7,35,27,False,202202
202202082463961,35,d2e4,3.0,True,311.0,316.0,4rrk1/5ppp/p1pb4/1p1n3q/3P2b1/1BP3P1/PP1N1PQP/R1B1R1K1,,,7,35,27,False,202202
202202082568626,35,e1e4,135.0,True,518.0,551.0,4rrk1/5ppp/p1pb4/1p1n3q/3P2b1/1BP3P1/PP1N1PQP/R1B1R1K1,,,7,35,27,False,202202
202202082570199,35,e1e8,40.0,True,96.0,173.0,4rrk1/5ppp/p1pb4/1p1n3q/3P2b1/1BP3P1/PP1N1PQP/R1B1R1K1,,,7,35,27,False,202202
202202082581544,35,e1f1,4.0,True,65.0,121.0,4rrk1/5ppp/p1pb4/1p1n3q/3P2b1/1BP3P1/PP1N1PQP/R1B1R1K1,,,7,35,27,False,202202
202202003155641,35,e1f1,5.0,True,93.0,122.0,4rrk1/5ppp/p1pb4/1p1n3q/3P2b1/1BP3P1/PP1N1PQP/R1B1R1K1,,,7,35,27,False,202202
202202003683326,35,e1e8,1.0,True,94.0,121.0,4rrk1/5ppp/p1pb4/1p1n3q/3P2b1/1BP3P1/PP1N1PQP/R1B1R1K1,,,7,35,27,False,202202
202202003779132,35,e1f1,41.0,True,470.0,545.0,4rrk1/5ppp/p1pb4/1p1n3q/3P2b1/1BP3P1/PP1N1PQP/R1B1R1K1,,,7,35,27,False,202202
202202055146837,35,g2f1,30.0,True,158.0,166.0,4rrk1/5ppp/p1pb4/1p1n3q/3P2b1/1BP3P1/PP1N1PQP/R1B1R1K1,,,7,35,27,False,202202
202202055159264,35,e1e8,28.0,True,226.0,297.0,4rrk1/5ppp/p1pb4/1p1n3q/3P2b1/1BP3P1/PP1N1PQP/R1B1R1K1,,,7,35,27,False,202202
202202055629195,35,e1f1,33.0,True,79.0,42.0,4rrk1/5ppp/p1pb4/1p1n3q/3P2b1/1BP3P1/PP1N1PQP/R1B1R1K1,,,7,35,27,False,202202
202202020107361,35,e1e8,14.0,True,455.0,540.0,4rrk1/5ppp/p1pb4/1p1n3q/3P2b1/1BP3P1/PP1N1PQP/R1B1R1K1,,,7,35,27,False,202202
202202020107710,35,d2e4,22.0,True,144.0,132.0,4rrk1/5ppp/p1pb4/1p1n3q/3P2b1/1BP3P1/PP1N1PQP/R1B1R1K1,,,7,35,27,False,202202
202202020345641,35,e1e8,11.0,True,122.0,119.0,4rrk1/5ppp/p1pb4/1p1n3q/3P2b1/1BP3P1/PP1N1PQP/R1B1R1K1,,,7,35,27,False,202202
202202020433304,35,d2e4,7.0,True,228.0,277.0,4rrk1/5ppp/p1pb4/1p1n3q/3P2b1/1BP3P1/PP1N1PQP/R1B1R1K1,,,7,35,27,False,202202
202202020542230,35,d2e4,8.0,True,49.0,54.0,4rrk1/5ppp/p1pb4/1p1n3q/3P2b1/1BP3P1/PP1N1PQP/R1B1R1K1,,,7,35,27,False,202202
202202020630151,35,e1f1,16.0,True,260.0,282.0,4rrk1/5ppp/p1pb4/1p1n3q/3P2b1/1BP3P1/PP1N1PQP/R1B1R1K1,,,7,35,27,False,202202
202202020655950,35,e1e4,27.0,True,176.0,198.0,4rrk1/5ppp/p1pb4/1p1n3q/3P2b1/1BP3P1/PP1N1PQP/R1B1R1K1,,,7,35,27,False,202202
202202020949783,35,e1f1,7.0,True,77.0,105.0,4rrk1/5ppp/p1pb4/1p1n3q/3P2b1/1BP3P1/PP1N1PQP/R1B1R1K1,,,7,35,27,False,202202
202202004165549,35,e1e8,20.0,True,534.0,544.0,4rrk1/5ppp/p1pb4/1p1n3q/3P2b1/1BP3P1/PP1N1PQP/R1B1R1K1,,,7,35,27,False,202202
202202004470811,35,e1e8,12.0,True,153.0,145.0,4rrk1/5ppp/p1pb4/1p1n3q/3P2b1/1BP3P1/PP1N1PQP/R1B1R1K1,,,7,35,27,False,202202
202202031678646,35,e1e8,17.0,True,161.0,165.0,4rrk1/5ppp/p1pb4/1p1n3q/3P2b1/1BP3P1/PP1N1PQP/R1B1R1K1,,,7,35,27,False,202202
202202031779932,35,e1e8,25.0,True,1713.0,1904.0,4rrk1/5ppp/p1pb4/1p1n3q/3P2b1/1BP3P1/PP1N1PQP/R1B1R1K1,,,7,35,27,False,202202
202202031943113,35,e1e8,5.0,True,136.0,163.0,4rrk1/5ppp/p1pb4/1p1n3q/3P2b1/1BP3P1/PP1N1PQP/R1B1R1K1,,,7,35,27,False,202202
202202060009408,35,e1f1,1.0,True,111.0,124.0,4rrk1/5ppp/p1pb4/1p1n3q/3P2b1/1BP3P1/PP1N1PQP/R1B1R1K1,,,7,35,27,False,202202
202202060231094,35,e1e8,3.0,True,275.0,271.0,4rrk1/5ppp/p1pb4/1p1n3q/3P2b1/1BP3P1/PP1N1PQP/R1B1R1K1,,,7,35,27,False,202202
202202060709143,35,e1f1,27.0,True,251.0,279.0,4rrk1/5ppp/p1pb4/1p1n3q/3P2b1/1BP3P1/PP1N1PQP/R1B1R1K1,,,7,35,27,False,202202
202202056181695,35,e1e4,16.0,True,139.0,185.0,4rrk1/5ppp/p1pb4/1p1n3q/3P2b1/1BP3P1/PP1N1PQP/R1B1R1K1,,,7,35,27,False,202202
202202056307038,35,e1e8,13.0,True,238.0,248.0,4rrk1/5ppp/p1pb4/1p1n3q/3P2b1/1BP3P1/PP1N1PQP/R1B1R1K1,,,7,35,27,False,202202
202202056511273,35,g2f1,26.0,True,75.0,188.0,4rrk1/5ppp/p1pb4/1p1n3q/3P2b1/1BP3P1/PP1N1PQP/R1B1R1K1,,,7,35,27,False,202202
202202056809287,35,e1f1,25.0,True,101.0,162.0,4rrk1/5ppp/p1pb4/1p1n3q/3P2b1/1BP3P1/PP1N1PQP/R1B1R1K1,,,7,35,27,False,202202
202202058086741,35,e1e8,5.0,True,89.0,121.0,4rrk1/5ppp/p1pb4/1p1n3q/3P2b1/1BP3P1/PP1N1PQP/R1B1R1K1,,,7,35,27,False,202202
202202058562135,35,e1f1,38.0,True,103.0,128.0,4rrk1/5ppp/p1pb4/1p1n3q/3P2b1/1BP3P1/PP1N1PQP/R1B1R1K1,,,7,35,27,False,202202
202202058904994,35,e1e8,4.0,True,283.0,306.0,4rrk1/5ppp/p1pb4/1p1n3q/3P2b1/1BP3P1/PP1N1PQP/R1B1R1K1,,,7,35,27,False,202202
202202068009616,35,e1f1,22.0,True,109.0,115.0,4rrk1/5ppp/p1pb4/1p1n3q/3P2b1/1BP3P1/PP1N1PQP/R1B1R1K1,,,7,35,27,False,202202
202202068188153,35,e1e8,3.0,True,74.0,116.0,4rrk1/5ppp/p1pb4/1p1n3q/3P2b1/1BP3P1/PP1N1PQP/R1B1R1K1,,,7,35,27,False,202202
202202068363428,35,d2e4,11.0,True,99.0,93.0,4rrk1/5ppp/p1pb4/1p1n3q/3P2b1/1BP3P1/PP1N1PQP/R1B1R1K1,,,7,35,27,False,202202
202202012062952,35,e1e8,96.0,True,1551.0,1746.0,4rrk1/5ppp/p1pb4/1p1n3q/3P2b1/1BP3P1/PP1N1PQP/R1B1R1K1,,,7,35,27,False,202202
202202012619742,35,e1e8,6.0,True,144.0,120.0,4rrk1/5ppp/p1pb4/1p1n3q/3P2b1/1BP3P1/PP1N1PQP/R1B1R1K1,,,7,35,27,False,202202
202202012796805,35,e1e8,12.0,True,598.0,632.0,4rrk1/5ppp/p1pb4/1p1n3q/3P2b1/1BP3P1/PP1N1PQP/R1B1R1K1,,,7,35,27,False,202202
202202078120300,35,e1e8,13.0,True,250.0,244.0,4rrk1/5ppp/p1pb4/1p1n3q/3P2b1/1BP3P1/PP1N1PQP/R1B1R1K1,,,7,35,27,False,202202
202202078393199,35,e1e8,5.0,True,174.0,191.0,4rrk1/5ppp/p1pb4/1p1n3q/3P2b1/1BP3P1/PP1N1PQP/R1B1R1K1,,,7,35,27,False,202202
202202078447103,35,e1e4,13.0,True,103.0,114.0,4rrk1/5ppp/p1pb4/1p1n3q/3P2b1/1BP3P1/PP1N1PQP/R1B1R1K1,,,7,35,27,False,202202
202202078772379,35,d2e4,1.0,True,30.0,45.0,4rrk1/5ppp/p1pb4/1p1n3q/3P2b1/1BP3P1/PP1N1PQP/R1B1R1K1,,,7,35,27,False,202202
202202078856637,35,e1e8,3.0,True,168.0,188.0,4rrk1/5ppp/p1pb4/1p1n3q/3P2b1/1BP3P1/PP1N1PQP/R1B1R1K1,,,7,35,27,False,202202
202202078924501,35,e1f1,52.0,True,112.0,162.0,4rrk1/5ppp/p1pb4/1p1n3q/3P2b1/1BP3P1/PP1N1PQP/R1B1R1K1,,,7,35,27,False,202202
202202027343116,35,d2e4,,True,,,4rrk1/5ppp/p1pb4/1p1n3q/3P2b1/1BP3P1/PP1N1PQP/R1B1R1K1,,,7,35,27,False,202202
202202027606079,35,e1e8,10.0,True,164.0,186.0,4rrk1/5ppp/p1pb4/1p1n3q/3P2b1/1BP3P1/PP1N1PQP/R1B1R1K1,,,7,35,27,False,202202
202202027734174,35,e1f1,39.0,True,182.0,185.0,4rrk1/5ppp/p1pb4/1p1n3q/3P2b1/1BP3P1/PP1N1PQP/R1B1R1K1,,,7,35,27,False,202202
202202027996407,35,e1e8,38.0,True,390.0,544.0,4rrk1/5ppp/p1pb4/1p1n3q/3P2b1/1BP3P1/PP1N1PQP/R1B1R1K1,,,7,35,27,False,202202
202202043261641,35,d2e4,5.0,True,157.0,172.0,4rrk1/5ppp/p1pb4/1p1n3q/3P2b1/1BP3P1/PP1N1PQP/R1B1R1K1,,,7,35,27,False,202202
202202043625806,35,g2f1,48.0,True,1677.0,1733.0,4rrk1/5ppp/p1pb4/1p1n3q/3P2b1/1BP3P1/PP1N1PQP/R1B1R1K1,,,5,35,27,False,202202
202202050418776,35,e1e8,10.0,True,214.0,260.0,4rrk1/5ppp/p1pb4/1p1n3q/3P2b1/1BP3P1/PP1N1PQP/R1B1R1K1,,,7,35,27,False,202202
202202050485988,35,e1f1,17.0,True,161.0,196.0,4rrk1/5ppp/p1pb4/1p1n3q/3P2b1/1BP3P1/PP1N1PQP/R1B1R1K1,,,7,35,27,False,202202
202202028237658,35,d2e4,32.0,True,155.0,254.0,4rrk1/5ppp/p1pb4/1p1n3q/3P2b1/1BP3P1/PP1N1PQP/R1B1R1K1,,,7,35,27,False,202202
202202028489968,35,e1e8,22.0,True,152.0,192.0,4rrk1/5ppp/p1pb4/1p1n3q/3P2b1/1BP3P1/PP1N1PQP/R1B1R1K1,,,7,35,27,False,202202
202202028911771,35,e1e8,33.0,True,120.0,160.0,4rrk1/5ppp/p1pb4/1p1n3q/3P2b1/1BP3P1/PP1N1PQP/R1B1R1K1,,,7,35,27,False,202202
202202028965300,35,d2e4,7.0,True,159.0,128.0,4rrk1/5ppp/p1pb4/1p1n3q/3P2b1/1BP3P1/PP1N1PQP/R1B1R1K1,,,7,35,27,False,202202
202202071132456,35,e1e8,15.0,True,156.0,190.0,4rrk1/5ppp/p1pb4/1p1n3q/3P2b1/1BP3P1/PP1N1PQP/R1B1R1K1,,,7,35,27,False,202202
202202071209211,35,e1e8,11.0,True,163.0,185.0,4rrk1/5ppp/p1pb4/1p1n3q/3P2b1/1BP3P1/PP1N1PQP/R1B1R1K1,,,7,35,27,False,202202
202202071293457,35,e1e8,49.0,True,144.0,157.0,4rrk1/5ppp/p1pb4/1p1n3q/3P2b1/1BP3P1/PP1N1PQP/R1B1R1K1,,,7,35,27,False,202202
202202071296555,35,e1f1,56.0,True,170.0,176.0,4rrk1/5ppp/p1pb4/1p1n3q/3P2b1/1BP3P1/PP1N1PQP/R1B1R1K1,,,7,35,27,False,202202
202202071445891,35,e1f1,6.0,True,39.0,52.0,4rrk1/5ppp/p1pb4/1p1n3q/3P2b1/1BP3P1/PP1N1PQP/R1B1R1K1,,,7,35,27,False,202202
202202076047742,35,e1e8,11.0,True,228.0,279.0,4rrk1/5ppp/p1pb4/1p1n3q/3P2b1/1BP3P1/PP1N1PQP/R1B1R1K1,,,7,35,27,False,202202
202202076305520,35,e1e8,32.0,True,202.0,283.0,4rrk1/5ppp/p1pb4/1p1n3q/3P2b1/1BP3P1/PP1N1PQP/R1B1R1K1,,,7,35,27,False,202202
202202076602090,35,d2e4,1.0,True,162.0,161.0,4rrk1/5ppp/p1pb4/1p1n3q/3P2b1/1BP3P1/PP1N1PQP/R1B1R1K1,,,7,35,27,False,202202
202202076739921,35,e1f1,17.0,True,131.0,169.0,4rrk1/5ppp/p1pb4/1p1n3q/3P2b1/1BP3P1/PP1N1PQP/R1B1R1K1,,,7,35,27,False,202202
202202076889078,35,e1e8,41.0,True,537.0,533.0,4rrk1/5ppp/p1pb4/1p1n3q/3P2b1/1BP3P1/PP1N1PQP/R1B1R1K1,,,7,35,27,False,202202
202202017215528,35,g2f1,20.0,True,166.0,166.0,4rrk1/5ppp/p1pb4/1p1n3q/3P2b1/1BP3P1/PP1N1PQP/R1B1R1K1,,,7,35,27,False,202202
202202017362357,35,e1e8,36.0,True,308.0,317.0,4rrk1/5ppp/p1pb4/1p1n3q/3P2b1/1BP3P1/PP1N1PQP/R1B1R1K1,,,7,35,27,False,202202
202202017510981,35,e1e8,25.0,True,544.0,577.0,4rrk1/5ppp/p1pb4/1p1n3q/3P2b1/1BP3P1/PP1N1PQP/R1B1R1K1,,,7,35,27,False,202202
202202053045986,35,e1f1,23.0,True,155.0,150.0,4rrk1/5ppp/p1pb4/1p1n3q/3P2b1/1BP3P1/PP1N1PQP/R1B1R1K1,,,7,35,27,False,202202
202202053169553,35,e1f1,16.0,True,259.0,284.0,4rrk1/5ppp/p1pb4/1p1n3q/3P2b1/1BP3P1/PP1N1PQP/R1B1R1K1,,,7,35,27,False,202202
202202053223144,35,e1e8,14.0,True,163.0,281.0,4rrk1/5ppp/p1pb4/1p1n3q/3P2b1/1BP3P1/PP1N1PQP/R1B1R1K1,,,7,35,27,False,202202
202202053576750,35,e1e8,49.0,True,575.0,565.0,4rrk1/5ppp/p1pb4/1p1n3q/3P2b1/1BP3P1/PP1N1PQP/R1B1R1K1,,,7,35,27,False,202202
202202053703380,35,d2e4,13.0,True,209.0,274.0,4rrk1/5ppp/p1pb4/1p1n3q/3P2b1/1BP3P1/PP1N1PQP/R1B1R1K1,,,7,35,27,False,202202
202202047453638,35,e1e4,70.0,True,951.0,845.0,4rrk1/5ppp/p1pb4/1p1n3q/3P2b1/1BP3P1/PP1N1PQP/R1B1R1K1,,,7,35,27,False,202202
202202047476403,35,d2e4,37.0,True,368.0,606.0,4rrk1/5ppp/p1pb4/1p1n3q/3P2b1/1BP3P1/PP1N1PQP/R1B1R1K1,,,7,35,27,False,202202
202202047649871,35,e1e8,42.0,True,167.0,194.0,4rrk1/5ppp/p1pb4/1p1n3q/3P2b1/1BP3P1/PP1N1PQP/R1B1R1K1,,,7,35,27,False,202202
202202047706116,35,e1e8,19.0,True,148.0,184.0,4rrk1/5ppp/p1pb4/1p1n3q/3P2b1/1BP3P1/PP1N1PQP/R1B1R1K1,,,7,35,27,False,202202
202202047773893,35,e1e8,20.0,True,223.0,273.0,4rrk1/5ppp/p1pb4/1p1n3q/3P2b1/1BP3P1/PP1N1PQP/R1B1R1K1,,,7,35,27,False,202202
202202047989678,35,d2e4,4.0,True,90.0,119.0,4rrk1/5ppp/p1pb4/1p1n3q/3P2b1/1BP3P1/PP1N1PQP/R1B1R1K1,,,7,35,27,False,202202
202202010200339,35,e1e8,12.0,True,82.0,262.0,4rrk1/5ppp/p1pb4/1p1n3q/3P2b1/1BP3P1/PP1N1PQP/R1B1R1K1,,,7,35,27,False,202202
202202010862575,35,e1f1,1.0,True,158.0,159.0,4rrk1/5ppp/p1pb4/1p1n3q/3P2b1/1BP3P1/PP1N1PQP/R1B1R1K1,,,7,35,27,False,202202
202202075814078,35,g2f1,12.0,True,135.0,167.0,4rrk1/5ppp/p1pb4/1p1n3q/3P2b1/1BP3P1/PP1N1PQP/R1B1R1K1,,,7,35,27,False,202202
202202075839243,35,e1e8,38.0,True,137.0,151.0,4rrk1/5ppp/p1pb4/1p1n3q/3P2b1/1BP3P1/PP1N1PQP/R1B1R1K1,,,7,35,27,False,202202
202202033109994,35,e1e8,7.0,True,92.0,125.0,4rrk1/5ppp/p1pb4/1p1n3q/3P2b1/1BP3P1/PP1N1PQP/R1B1R1K1,,,7,35,27,False,202202
202202033314102,35,e1e8,20.0,True,127.0,162.0,4rrk1/5ppp/p1pb4/1p1n3q/3P2b1/1BP3P1/PP1N1PQP/R1B1R1K1,,,7,35,27,False,202202
202202033780807,35,e1e8,28.0,True,165.0,184.0,4rrk1/5ppp/p1pb4/1p1n3q/3P2b1/1BP3P1/PP1N1PQP/R1B1R1K1,,,7,35,27,False,202202
202202086164688,35,d2e4,4.0,True,482.0,516.0,4rrk1/5ppp/p1pb4/1p1n3q/3P2b1/1BP3P1/PP1N1PQP/R1B1R1K1,,,7,35,27,False,202202
202202086369731,35,d2e4,3.0,True,146.0,161.0,4rrk1/5ppp/p1pb4/1p1n3q/3P2b1/1BP3P1/PP1N1PQP/R1B1R1K1,,,7,35,27,False,202202
202202086885904,35,e1e8,10.0,True,143.0,159.0,4rrk1/5ppp/p1pb4/1p1n3q/3P2b1/1BP3P1/PP1N1PQP/R1B1R1K1,,,7,35,27,False,202202
202202034315235,35,e1e8,5.0,True,75.0,125.0,4rrk1/5ppp/p1pb4/1p1n3q/3P2b1/1BP3P1/PP1N1PQP/R1B1R1K1,,,7,35,27,False,202202
202202034685018,35,e1e8,50.0,True,479.0,520.0,4rrk1/5ppp/p1pb4/1p1n3q/3P2b1/1BP3P1/PP1N1PQP/R1B1R1K1,,,7,35,27,False,202202
202202034713954,35,d2e4,1.0,True,40.0,51.0,4rrk1/5ppp/p1pb4/1p1n3q/3P2b1/1BP3P1/PP1N1PQP/R1B1R1K1,,,7,35,27,False,202202
202202034966689,35,e1f1,31.0,True,292.0,320.0,4rrk1/5ppp/p1pb4/1p1n3q/3P2b1/1BP3P1/PP1N1PQP/R1B1R1K1,,,7,35,27,False,202202
202202044421769,35,e1f1,28.0,True,136.0,152.0,4rrk1/5ppp/p1pb4/1p1n3q/3P2b1/1BP3P1/PP1N1PQP/R1B1R1K1,,,7,35,27,False,202202
202202044461739,39,e1e4,37.0,True,516.0,503.0,4rrk1/5ppp/p1pb4/1p1n3q/3P2b1/1BP3P1/PP1N1PQP/R1B1R1K1,,,11,35,27,False,202202
202202044562250,35,g2f1,8.0,True,118.0,123.0,4rrk1/5ppp/p1pb4/1p1n3q/3P2b1/1BP3P1/PP1N1PQP/R1B1R1K1,,,7,35,27,False,202202
202202018418108,35,e1e8,17.0,True,133.0,164.0,4rrk1/5ppp/p1pb4/1p1n3q/3P2b1/1BP3P1/PP1N1PQP/R1B1R1K1,,,7,35,27,False,202202
202202018707684,35,e1e8,3.0,True,168.0,176.0,4rrk1/5ppp/p1pb4/1p1n3q/3P2b1/1BP3P1/PP1N1PQP/R1B1R1K1,,,7,35,27,False,202202
202202018708178,35,e1f1,25.0,True,181.0,182.0,4rrk1/5ppp/p1pb4/1p1n3q/3P2b1/1BP3P1/PP1N1PQP/R1B1R1K1,,,7,35,27,False,202202
202202054072622,35,e1f1,49.0,True,143.0,160.0,4rrk1/5ppp/p1pb4/1p1n3q/3P2b1/1BP3P1/PP1N1PQP/R1B1R1K1,,,7,35,27,False,202202
202202054707082,35,e1f1,4.0,True,207.0,247.0,4rrk1/5ppp/p1pb4/1p1n3q/3P2b1/1BP3P1/PP1N1PQP/R1B1R1K1,,,7,35,27,False,202202
202202016126878,35,e1e8,3.0,True,147.0,160.0,4rrk1/5ppp/p1pb4/1p1n3q/3P2b1/1BP3P1/PP1N1PQP/R1B1R1K1,,,7,35,27,False,202202
202202016230089,35,f2f3,3.0,True,165.0,180.0,4rrk1/5ppp/p1pb4/1p1n3q/3P2b1/1BP3P1/PP1N1PQP/R1B1R1K1,,,7,35,27,False,202202
202202016327350,35,e1e8,71.0,True,267.0,308.0,4rrk1/5ppp/p1pb4/1p1n3q/3P2b1/1BP3P1/PP1N1PQP/R1B1R1K1,,,7,35,27,False,202202
202202016419446,35,e1e8,148.0,True,393.0,564.0,4rrk1/5ppp/p1pb4/1p1n3q/3P2b1/1BP3P1/PP1N1PQP/R1B1R1K1,,,7,35,27,False,202202
202202016697156,35,e1e8,55.0,True,230.0,291.0,4rrk1/5ppp/p1pb4/1p1n3q/3P2b1/1BP3P1/PP1N1PQP/R1B1R1K1,,,7,35,27,False,202202
202202072236851,35,e1e8,6.0,True,182.0,187.0,4rrk1/5ppp/p1pb4/1p1n3q/3P2b1/1BP3P1/PP1N1PQP/R1B1R1K1,,,7,35,27,False,202202
202202072262830,35,e1e8,4.0,True,88.0,81.0,4rrk1/5ppp/p1pb4/1p1n3q/3P2b1/1BP3P1/PP1N1PQP/R1B1R1K1,,,7,35,27,False,202202
202202072424017,35,d2e4,11.0,True,88.0,117.0,4rrk1/5ppp/p1pb4/1p1n3q/3P2b1/1BP3P1/PP1N1PQP/R1B1R1K1,,,7,35,27,False,202202
202202072670043,35,e1e8,14.0,True,76.0,99.0,4rrk1/5ppp/p1pb4/1p1n3q/3P2b1/1BP3P1/PP1N1PQP/R1B1R1K1,,,7,35,27,False,202202
202202083198300,35,d2e4,11.0,True,61.0,140.0,4rrk1/5ppp/p1pb4/1p1n3q/3P2b1/1BP3P1/PP1N1PQP/R1B1R1K1,,,5,35,27,False,202202
202202083375172,35,d2e4,10.0,True,98.0,105.0,4rrk1/5ppp/p1pb4/1p1n3q/3P2b1/1BP3P1/PP1N1PQP/R1B1R1K1,,,7,35,27,False,202202
202202083739421,35,e1e8,74.0,True,109.0,191.0,4rrk1/5ppp/p1pb4/1p1n3q/3P2b1/1BP3P1/PP1N1PQP/R1B1R1K1,,,7,35,27,False,202202
202202030068091,35,e1e8,11.0,True,301.0,311.0,4rrk1/5ppp/p1pb4/1p1n3q/3P2b1/1BP3P1/PP1N1PQP/R1B1R1K1,,,7,35,27,False,202202
202202030862233,35,e1e8,17.0,True,104.0,103.0,4rrk1/5ppp/p1pb4/1p1n3q/3P2b1/1BP3P1/PP1N1PQP/R1B1R1K1,,,7,35,27,False,202202
202202030972544,35,e1e8,5.0,True,99.0,119.0,4rrk1/5ppp/p1pb4/1p1n3q/3P2b1/1BP3P1/PP1N1PQP/R1B1R1K1,,,7,35,27,False,202202
202202019102190,35,e1e8,40.0,True,537.0,553.0,4rrk1/5ppp/p1pb4/1p1n3q/3P2b1/1BP3P1/PP1N1PQP/R1B1R1K1,,,7,35,27,False,202202
202202019402516,35,g2f1,46.0,True,119.0,155.0,4rrk1/5ppp/p1pb4/1p1n3q/3P2b1/1BP3P1/PP1N1PQP/R1B1R1K1,,,7,35,27,False,202202
202202019415521,35,e1e8,19.0,True,129.0,269.0,4rrk1/5ppp/p1pb4/1p1n3q/3P2b1/1BP3P1/PP1N1PQP/R1B1R1K1,,,7,35,27,False,202202
202202019483002,35,g2f1,26.0,True,244.0,266.0,4rrk1/5ppp/p1pb4/1p1n3q/3P2b1/1BP3P1/PP1N1PQP/R1B1R1K1,,,7,35,27,False,202202
202202019625060,35,e1e8,70.0,True,175.0,179.0,4rrk1/5ppp/p1pb4/1p1n3q/3P2b1/1BP3P1/PP1N1PQP/R1B1R1K1,,,7,35,27,False,202202
202202073370469,35,e1f1,4.0,True,26.0,48.0,4rrk1/5ppp/p1pb4/1p1n3q/3P2b1/1BP3P1/PP1N1PQP/R1B1R1K1,,,7,35,27,False,202202
202202015215419,35,g2f1,15.0,True,130.0,159.0,4rrk1/5ppp/p1pb4/1p1n3q/3P2b1/1BP3P1/PP1N1PQP/R1B1R1K1,,,7,35,27,False,202202
202202015225630,35,e1e8,5.0,True,142.0,180.0,4rrk1/5ppp/p1pb4/1p1n3q/3P2b1/1BP3P1/PP1N1PQP/R1B1R1K1,,,7,35,27,False,202202
202202015339407,35,e1e8,5.0,True,73.0,102.0,4rrk1/5ppp/p1pb4/1p1n3q/3P2b1/1BP3P1/PP1N1PQP/R1B1R1K1,,,7,35,27,False,202202
202202015375990,35,e1e8,2.0,True,43.0,43.0,4rrk1/5ppp/p1pb4/1p1n3q/3P2b1/1BP3P1/PP1N1PQP/R1B1R1K1,,,7,35,27,False,202202
202202015776760,35,e1e8,31.0,True,107.0,187.0,4rrk1/5ppp/p1pb4/1p1n3q/3P2b1/1BP3P1/PP1N1PQP/R1B1R1K1,,,7,35,27,False,202202
202202015802553,35,g2f1,7.0,True,162.0,192.0,4rrk1/5ppp/p1pb4/1p1n3q/3P2b1/1BP3P1/PP1N1PQP/R1B1R1K1,,,7,35,27,False,202202
202202067001075,35,e1e8,15.0,True,92.0,124.0,4rrk1/5ppp/p1pb4/1p1n3q/3P2b1/1BP3P1/PP1N1PQP/R1B1R1K1,,,7,35,27,False,202202
202202067458720,35,e1e8,38.0,True,256.0,275.0,4rrk1/5ppp/p1pb4/1p1n3q/3P2b1/1BP3P1/PP1N1PQP/R1B1R1K1,,,7,35,27,False,202202
202202067615105,35,e1f1,46.0,True,181.0,176.0,4rrk1/5ppp/p1pb4/1p1n3q/3P2b1/1BP3P1/PP1N1PQP/R1B1R1K1,,,7,35,27,False,202202
202202067691198,35,d2e4,3.0,True,132.0,159.0,4rrk1/5ppp/p1pb4/1p1n3q/3P2b1/1BP3P1/PP1N1PQP/R1B1R1K1,,,7,35,27,False,202202
202202067885023,35,e1f1,5.0,True,247.0,271.0,4rrk1/5ppp/p1pb4/1p1n3q/3P2b1/1BP3P1/PP1N1PQP/R1B1R1K1,,,7,35,27,False,202202
202202026197862,35,e1e8,32.0,True,769.0,847.0,4rrk1/5ppp/p1pb4/1p1n3q/3P2b1/1BP3P1/PP1N1PQP/R1B1R1K1,,,7,35,27,False,202202
202202026615050,35,e1f1,13.0,True,126.0,167.0,4rrk1/5ppp/p1pb4/1p1n3q/3P2b1/1BP3P1/PP1N1PQP/R1B1R1K1,,,7,35,27,False,202202
202202079132567,35,e1e8,33.0,True,537.0,524.0,4rrk1/5ppp/p1pb4/1p1n3q/3P2b1/1BP3P1/PP1N1PQP/R1B1R1K1,,,7,35,27,False,202202
202202079434837,35,d2e4,21.0,True,114.0,153.0,4rrk1/5ppp/p1pb4/1p1n3q/3P2b1/1BP3P1/PP1N1PQP/R1B1R1K1,,,7,35,27,False,202202
202202079457674,35,e1e8,45.0,True,1654.0,1570.0,4rrk1/5ppp/p1pb4/1p1n3q/3P2b1/1BP3P1/PP1N1PQP/R1B1R1K1,,,7,35,27,False,202202
202202079826259,35,e1e3,21.0,True,123.0,156.0,4rrk1/5ppp/p1pb4/1p1n3q/3P2b1/1BP3P1/PP1N1PQP/R1B1R1K1,,,7,35,27,False,202202
202202079828271,35,e1e4,61.0,True,87.0,159.0,4rrk1/5ppp/p1pb4/1p1n3q/3P2b1/1BP3P1/PP1N1PQP/R1B1R1K1,,,7,35,27,False,202202
202202079848742,35,e1e8,20.0,True,101.0,114.0,4rrk1/5ppp/p1pb4/1p1n3q/3P2b1/1BP3P1/PP1N1PQP/R1B1R1K1,,,7,35,27,False,202202
202202079933396,35,e1e8,18.0,True,170.0,200.0,4rrk1/5ppp/p1pb4/1p1n3q/3P2b1/1BP3P1/PP1N1PQP/R1B1R1K1,,,7,35,27,False,202202
202202002383849,35,e1e8,29.0,True,181.0,173.0,4rrk1/5ppp/p1pb4/1p1n3q/3P2b1/1BP3P1/PP1N1PQP/R1B1R1K1,,,7,35,27,False,202202
202202002576701,35,e1e8,65.0,True,229.0,208.0,4rrk1/5ppp/p1pb4/1p1n3q/3P2b1/1BP3P1/PP1N1PQP/R1B1R1K1,,,7,35,27,False,202202
202202002607292,35,e1e8,6.0,True,109.0,120.0,4rrk1/5ppp/p1pb4/1p1n3q/3P2b1/1BP3P1/PP1N1PQP/R1B1R1K1,,,7,35,27,False,202202
202202002848340,35,d2e4,3.0,True,89.0,109.0,4rrk1/5ppp/p1pb4/1p1n3q/3P2b1/1BP3P1/PP1N1PQP/R1B1R1K1,,,7,35,27,False,202202
202202002870613,39,e1e8,5.0,True,129.0,111.0,4rrk1/5ppp/p1pb4/1p1n3q/3P2b1/1BP3P1/PP1N1PQP/R1B1R1K1,,,9,35,27,False,202202
202202014241764,35,e1e8,13.0,True,286.0,326.0,4rrk1/5ppp/p1pb4/1p1n3q/3P2b1/1BP3P1/PP1N1PQP/R1B1R1K1,,,7,35,27,False,202202
202202014285407,35,e1e8,28.0,True,204.0,262.0,4rrk1/5ppp/p1pb4/1p1n3q/3P2b1/1BP3P1/PP1N1PQP/R1B1R1K1,,,7,35,27,False,202202
202202014295144,35,e1e8,26.0,True,544.0,459.0,4rrk1/5ppp/p1pb4/1p1n3q/3P2b1/1BP3P1/PP1N1PQP/R1B1R1K1,,,7,35,27,False,202202
202202014801033,35,e1e8,20.0,True,149.0,145.0,4rrk1/5ppp/p1pb4/1p1n3q/3P2b1/1BP3P1/PP1N1PQP/R1B1R1K1,,,7,35,27,False,202202
202202014899710,35,d2e4,97.0,True,547.0,612.0,4rrk1/5ppp/p1pb4/1p1n3q/3P2b1/1BP3P1/PP1N1PQP/R1B1R1K1,,,7,35,27,False,202202
202202014912023,35,e1e8,14.0,True,466.0,579.0,4rrk1/5ppp/p1pb4/1p1n3q/3P2b1/1BP3P1/PP1N1PQP/R1B1R1K1,,,7,35,27,False,202202
202202014969012,35,g2f1,16.0,True,114.0,118.0,4rrk1/5ppp/p1pb4/1p1n3q/3P2b1/1BP3P1/PP1N1PQP/R1B1R1K1,,,7,35,27,False,202202
202202007054100,35,e1e8,3.0,True,42.0,52.0,4rrk1/5ppp/p1pb4/1p1n3q/3P2b1/1BP3P1/PP1N1PQP/R1B1R1K1,,,7,35,27,False,202202
202202007075058,35,e1e8,16.0,True,206.0,257.0,4rrk1/5ppp/p1pb4/1p1n3q/3P2b1/1BP3P1/PP1N1PQP/R1B1R1K1,,,7,35,27,False,202202
202202007257864,35,e1f1,7.0,True,565.0,582.0,4rrk1/5ppp/p1pb4/1p1n3q/3P2b1/1BP3P1/PP1N1PQP/R1B1R1K1,,,7,35,27,False,202202
202202007595792,35,e1e4,70.0,True,149.0,201.0,4rrk1/5ppp/p1pb4/1p1n3q/3P2b1/1BP3P1/PP1N1PQP/R1B1R1K1,,,7,35,27,False,202202
202202024093480,35,d2e4,3.0,True,119.0,163.0,4rrk1/5ppp/p1pb4/1p1n3q/3P2b1/1BP3P1/PP1N1PQP/R1B1R1K1,,,7,35,27,False,202202
202202024391602,35,d2e4,6.0,True,232.0,280.0,4rrk1/5ppp/p1pb4/1p1n3q/3P2b1/1BP3P1/PP1N1PQP/R1B1R1K1,,,7,35,27,False,202202
202202045098668,35,e1e8,21.0,True,140.0,162.0,4rrk1/5ppp/p1pb4/1p1n3q/3P2b1/1BP3P1/PP1N1PQP/R1B1R1K1,,,7,35,27,False,202202
202202045371390,35,e1e8,5.0,True,25.0,27.0,4rrk1/5ppp/p1pb4/1p1n3q/3P2b1/1BP3P1/PP1N1PQP/R1B1R1K1,,,5,35,27,False,202202
202202045392967,35,e1e8,1.0,True,108.0,113.0,4rrk1/5ppp/p1pb4/1p1n3q/3P2b1/1BP3P1/PP1N1PQP/R1B1R1K1,,,7,35,27,False,202202
202202045428331,35,e1e4,30.0,True,139.0,196.0,4rrk1/5ppp/p1pb4/1p1n3q/3P2b1/1BP3P1/PP1N1PQP/R1B1R1K1,,,7,35,27,False,202202
202202045948572,35,e1e8,4.0,True,135.0,158.0,4rrk1/5ppp/p1pb4/1p1n3q/3P2b1/1BP3P1/PP1N1PQP/R1B1R1K1,,,7,35,27,False,202202
202202052075608,35,e1e8,26.0,True,121.0,163.0,4rrk1/5ppp/p1pb4/1p1n3q/3P2b1/1BP3P1/PP1N1PQP/R1B1R1K1,,,7,35,27,False,202202
202202052186438,35,d2e4,31.0,True,189.0,255.0,4rrk1/5ppp/p1pb4/1p1n3q/3P2b1/1BP3P1/PP1N1PQP/R1B1R1K1,,,7,35,27,False,202202
202202008144918,35,e1f1,197.0,True,520.0,552.0,4rrk1/5ppp/p1pb4/1p1n3q/3P2b1/1BP3P1/PP1N1PQP/R1B1R1K1,,,7,35,27,False,202202
202202008175524,35,e1e8,61.0,True,223.0,281.0,4rrk1/5ppp/p1pb4/1p1n3q/3P2b1/1BP3P1/PP1N1PQP/R1B1R1K1,,,7,35,27,False,202202
202202008759244,35,e1e8,33.0,True,100.0,79.0,4rrk1/5ppp/p1pb4/1p1n3q/3P2b1/1BP3P1/PP1N1PQP/R1B1R1K1,,,7,35,27,False,202202
202202008793739,35,e1e4,29.0,True,231.0,261.0,4rrk1/5ppp/p1pb4/1p1n3q/3P2b1/1BP3P1/PP1N1PQP/R1B1R1K1,,,7,35,27,False,202202
202202066241921,35,e1f1,17.0,True,122.0,191.0,4rrk1/5ppp/p1pb4/1p1n3q/3P2b1/1BP3P1/PP1N1PQP/R1B1R1K1,,,7,35,27,False,202202
202202066300456,35,e1e8,16.0,True,95.0,126.0,4rrk1/5ppp/p1pb4/1p1n3q/3P2b1/1BP3P1/PP1N1PQP/R1B1R1K1,,,7,35,27,False,202202
202202066322000,35,e1e8,3.0,True,82.0,88.0,4rrk1/5ppp/p1pb4/1p1n3q/3P2b1/1BP3P1/PP1N1PQP/R1B1R1K1,,,7,35,27,False,202202
202202066598165,35,d2e4,12.0,True,279.0,321.0,4rrk1/5ppp/p1pb4/1p1n3q/3P2b1/1BP3P1/PP1N1PQP/R1B1R1K1,,,7,35,27,False,202202
202202064279251,35,e1e8,35.0,True,156.0,147.0,4rrk1/5ppp/p1pb4/1p1n3q/3P2b1/1BP3P1/PP1N1PQP/R1B1R1K1,,,7,35,27,False,202202
202202041206937,35,e1e8,47.0,True,416.0,578.0,4rrk1/5ppp/p1pb4/1p1n3q/3P2b1/1BP3P1/PP1N1PQP/R1B1R1K1,,,7,35,27,False,202202
202202041737312,35,e1e8,1.0,True,48.0,52.0,4rrk1/5ppp/p1pb4/1p1n3q/3P2b1/1BP3P1/PP1N1PQP/R1B1R1K1,,,7,35,27,False,202202
202202037248599,35,e1f1,5.0,True,235.0,273.0,4rrk1/5ppp/p1pb4/1p1n3q/3P2b1/1BP3P1/PP1N1PQP/R1B1R1K1,,,7,35,27,False,202202
202202037604383,35,e1e4,15.0,True,169.0,191.0,4rrk1/5ppp/p1pb4/1p1n3q/3P2b1/1BP3P1/PP1N1PQP/R1B1R1K1,,,7,35,27,False,202202
202202029095056,35,e1e5,77.0,True,306.0,305.0,4rrk1/5ppp/p1pb4/1p1n3q/3P2b1/1BP3P1/PP1N1PQP/R1B1R1K1,,,7,35,27,False,202202
202202029862117,35,e1e8,4.0,True,124.0,178.0,4rrk1/5ppp/p1pb4/1p1n3q/3P2b1/1BP3P1/PP1N1PQP/R1B1R1K1,,,7,35,27,False,202202
202202013297009,35,e1e4,34.0,True,149.0,62.0,4rrk1/5ppp/p1pb4/1p1n3q/3P2b1/1BP3P1/PP1N1PQP/R1B1R1K1,,,7,35,27,False,202202
202202013949990,35,e1e8,2.0,True,62.0,117.0,4rrk1/5ppp/p1pb4/1p1n3q/3P2b1/1BP3P1/PP1N1PQP/R1B1R1K1,,,7,35,27,False,202202
202202081458622,35,d2e4,16.0,True,107.0,167.0,4rrk1/5ppp/p1pb4/1p1n3q/3P2b1/1BP3P1/PP1N1PQP/R1B1R1K1,,,7,35,27,False,202202
202202081566228,35,e1f1,15.0,True,158.0,168.0,4rrk1/5ppp/p1pb4/1p1n3q/3P2b1/1BP3P1/PP1N1PQP/R1B1R1K1,,,7,35,27,False,202202
202202081896640,35,e1f1,58.0,True,78.0,167.0,4rrk1/5ppp/p1pb4/1p1n3q/3P2b1/1BP3P1/PP1N1PQP/R1B1R1K1,,,7,35,27,False,202202
202202011317068,35,g1f1,27.0,True,119.0,188.0,4rrk1/5ppp/p1pb4/1p1n3q/3P2b1/1BP3P1/PP1N1PQP/R1B1R1K1,,,7,35,27,False,202202
202202011963367,35,e1e8,48.0,True,480.0,531.0,4rrk1/5ppp/p1pb4/1p1n3q/3P2b1/1BP3P1/PP1N1PQP/R1B1R1K1,,,7,35,27,False,202202
202202025113545,35,e1f1,28.0,True,483.0,556.0,4rrk1/5ppp/p1pb4/1p1n3q/3P2b1/1BP3P1/PP1N1PQP/R1B1R1K1,,,7,35,27,False,202202
202202025128432,35,e1e8,4.0,True,261.0,278.0,4rrk1/5ppp/p1pb4/1p1n3q/3P2b1/1BP3P1/PP1N1PQP/R1B1R1K1,,,7,35,27,False,202202
202202025416575,35,e1e8,17.0,True,123.0,157.0,4rrk1/5ppp/p1pb4/1p1n3q/3P2b1/1BP3P1/PP1N1PQP/R1B1R1K1,,,7,35,27,False,202202
202202025978872,35,e1e8,28.0,True,489.0,541.0,4rrk1/5ppp/p1pb4/1p1n3q/3P2b1/1BP3P1/PP1N1PQP/R1B1R1K1,,,3,35,27,False,202202
202203070447368,35,e1d1,15.0,True,164.0,164.0,4rrk1/5ppp/p1pb4/1p1n3q/3P2b1/1BP3P1/PP1N1PQP/R1B1R1K1,,,7,35,27,False,202203
202203070845909,35,e1f1,36.0,True,200.0,246.0,4rrk1/5ppp/p1pb4/1p1n3q/3P2b1/1BP3P1/PP1N1PQP/R1B1R1K1,,,7,35,27,False,202203
202203048151211,35,e1e8,9.0,True,49.0,54.0,4rrk1/5ppp/p1pb4/1p1n3q/3P2b1/1BP3P1/PP1N1PQP/R1B1R1K1,,,7,35,27,False,202203
202203048206120,35,e1f1,15.0,True,126.0,169.0,4rrk1/5ppp/p1pb4/1p1n3q/3P2b1/1BP3P1/PP1N1PQP/R1B1R1K1,,,7,35,27,False,202203
202203048210657,35,g2f1,41.0,True,244.0,275.0,4rrk1/5ppp/p1pb4/1p1n3q/3P2b1/1BP3P1/PP1N1PQP/R1B1R1K1,,,7,35,27,False,202203
202203048217260,35,e1f1,3.0,True,144.0,173.0,4rrk1/5ppp/p1pb4/1p1n3q/3P2b1/1BP3P1/PP1N1PQP/R1B1R1K1,,,7,35,27,False,202203
202203048837581,35,d2e4,4.0,True,127.0,167.0,4rrk1/5ppp/p1pb4/1p1n3q/3P2b1/1BP3P1/PP1N1PQP/R1B1R1K1,,,7,35,27,False,202203
202203077061439,35,d2e4,2.0,True,56.0,89.0,4rrk1/5ppp/p1pb4/1p1n3q/3P2b1/1BP3P1/PP1N1PQP/R1B1R1K1,,,7,35,27,False,202203
202203077263802,35,e1d1,6.0,True,148.0,181.0,4rrk1/5ppp/p1pb4/1p1n3q/3P2b1/1BP3P1/PP1N1PQP/R1B1R1K1,,,7,35,27,False,202203
202203077357903,35,e1e4,45.0,True,157.0,161.0,4rrk1/5ppp/p1pb4/1p1n3q/3P2b1/1BP3P1/PP1N1PQP/R1B1R1K1,,,7,35,27,False,202203
202203077536943,35,g1f1,17.0,True,142.0,152.0,4rrk1/5ppp/p1pb4/1p1n3q/3P2b1/1BP3P1/PP1N1PQP/R1B1R1K1,,,7,35,27,False,202203
202203077594110,39,e1e8,45.0,True,112.0,175.0,4rrk1/5ppp/p1pb4/1p1n3q/3P2b1/1BP3P1/PP1N1PQP/R1B1R1K1,,,11,35,27,False,202203
202203077761773,35,e1e8,11.0,True,130.0,134.0,4rrk1/5ppp/p1pb4/1p1n3q/3P2b1/1BP3P1/PP1N1PQP/R1B1R1K1,,,7,35,27,False,202203
202203077764593,35,d2e4,17.0,True,210.0,132.0,4rrk1/5ppp/p1pb4/1p1n3q/3P2b1/1BP3P1/PP1N1PQP/R1B1R1K1,,,7,35,27,False,202203
202203035030249,35,e1e8,7.0,True,116.0,122.0,4rrk1/5ppp/p1pb4/1p1n3q/3P2b1/1BP3P1/PP1N1PQP/R1B1R1K1,,,7,35,27,False,202203
202203035264430,35,e1e8,19.0,True,169.0,105.0,4rrk1/5ppp/p1pb4/1p1n3q/3P2b1/1BP3P1/PP1N1PQP/R1B1R1K1,,,7,35,27,False,202203
202203035507318,35,e1e8,25.0,True,158.0,187.0,4rrk1/5ppp/p1pb4/1p1n3q/3P2b1/1BP3P1/PP1N1PQP/R1B1R1K1,,,7,35,27,False,202203
202203035932285,35,e1e8,4.0,True,33.0,53.0,4rrk1/5ppp/p1pb4/1p1n3q/3P2b1/1BP3P1/PP1N1PQP/R1B1R1K1,,,7,35,27,False,202203
202203032285223,35,e1e8,,True,,,4rrk1/5ppp/p1pb4/1p1n3q/3P2b1/1BP3P1/PP1N1PQP/R1B1R1K1,,,7,35,27,False,202203
202203032795806,35,d2e4,26.0,True,150.0,177.0,4rrk1/5ppp/p1pb4/1p1n3q/3P2b1/1BP3P1/PP1N1PQP/R1B1R1K1,,,7,35,27,False,202203
202203006299448,35,e1f1,8.0,True,119.0,164.0,4rrk1/5ppp/p1pb4/1p1n3q/3P2b1/1BP3P1/PP1N1PQP/R1B1R1K1,,,7,35,27,False,202203
202203006542903,35,e1e8,22.0,True,99.0,116.0,4rrk1/5ppp/p1pb4/1p1n3q/3P2b1/1BP3P1/PP1N1PQP/R1B1R1K1,,,7,35,27,False,202203
202203006553376,35,e1e4,23.0,True,265.0,296.0,4rrk1/5ppp/p1pb4/1p1n3q/3P2b1/1BP3P1/PP1N1PQP/R1B1R1K1,,,7,35,27,False,202203
202203006650945,35,g2f1,8.0,True,72.0,99.0,4rrk1/5ppp/p1pb4/1p1n3q/3P2b1/1BP3P1/PP1N1PQP/R1B1R1K1,,,7,35,27,False,202203
202203087048628,35,e1e8,13.0,True,95.0,115.0,4rrk1/5ppp/p1pb4/1p1n3q/3P2b1/1BP3P1/PP1N1PQP/R1B1R1K1,,,7,35,27,False,202203
202203087101852,35,e1e4,38.0,True,151.0,190.0,4rrk1/5ppp/p1pb4/1p1n3q/3P2b1/1BP3P1/PP1N1PQP/R1B1R1K1,,,7,35,27,False,202203
202203087505714,35,e1e8,12.0,True,175.0,211.0,4rrk1/5ppp/p1pb4/1p1n3q/3P2b1/1BP3P1/PP1N1PQP/R1B1R1K1,,,7,35,27,False,202203
202203087726970,35,g2f1,80.0,True,174.0,163.0,4rrk1/5ppp/p1pb4/1p1n3q/3P2b1/1BP3P1/PP1N1PQP/R1B1R1K1,,,7,35,27,False,202203
202203087793269,35,e1e4,14.0,True,283.0,263.0,4rrk1/5ppp/p1pb4/1p1n3q/3P2b1/1BP3P1/PP1N1PQP/R1B1R1K1,,,7,35,27,False,202203
202203087821343,35,e1f1,6.0,True,111.0,105.0,4rrk1/5ppp/p1pb4/1p1n3q/3P2b1/1BP3P1/PP1N1PQP/R1B1R1K1,,,7,35,27,False,202203
202203087957418,35,e1f1,33.0,True,282.0,321.0,4rrk1/5ppp/p1pb4/1p1n3q/3P2b1/1BP3P1/PP1N1PQP/R1B1R1K1,,,7,35,27,False,202203
202203065725714,35,e1e8,23.0,True,102.0,117.0,4rrk1/5ppp/p1pb4/1p1n3q/3P2b1/1BP3P1/PP1N1PQP/R1B1R1K1,,,7,35,27,False,202203
202203065946081,35,e1e8,6.0,True,96.0,117.0,4rrk1/5ppp/p1pb4/1p1n3q/3P2b1/1BP3P1/PP1N1PQP/R1B1R1K1,,,7,35,27,False,202203
202203065994289,35,e1e8,83.0,True,457.0,265.0,4rrk1/5ppp/p1pb4/1p1n3q/3P2b1/1BP3P1/PP1N1PQP/R1B1R1K1,,,7,35,27,False,202203
202203049068543,35,d2e4,6.0,True,264.0,299.0,4rrk1/5ppp/p1pb4/1p1n3q/3P2b1/1BP3P1/PP1N1PQP/R1B1R1K1,,,7,35,27,False,202203
202203049171325,35,e1f1,28.0,True,239.0,299.0,4rrk1/5ppp/p1pb4/1p1n3q/3P2b1/1BP3P1/PP1N1PQP/R1B1R1K1,,,7,35,27,False,202203
202203049183503,35,e1e8,6.0,True,248.0,259.0,4rrk1/5ppp/p1pb4/1p1n3q/3P2b1/1BP3P1/PP1N1PQP/R1B1R1K1,,,7,35,27,False,202203
202203049323870,35,e1e8,23.0,True,133.0,192.0,4rrk1/5ppp/p1pb4/1p1n3q/3P2b1/1BP3P1/PP1N1PQP/R1B1R1K1,,,7,35,27,False,202203
202203049494530,35,g2f1,20.0,True,214.0,272.0,4rrk1/5ppp/p1pb4/1p1n3q/3P2b1/1BP3P1/PP1N1PQP/R1B1R1K1,,,7,35,27,False,202203
202203001053778,35,d2e4,9.0,True,84.0,113.0,4rrk1/5ppp/p1pb4/1p1n3q/3P2b1/1BP3P1/PP1N1PQP/R1B1R1K1,,,7,35,27,False,202203
202203001147299,35,e1e8,12.0,True,145.0,184.0,4rrk1/5ppp/p1pb4/1p1n3q/3P2b1/1BP3P1/PP1N1PQP/R1B1R1K1,,,7,35,27,False,202203
202203001231641,35,e1e8,5.0,True,138.0,167.0,4rrk1/5ppp/p1pb4/1p1n3q/3P2b1/1BP3P1/PP1N1PQP/R1B1R1K1,,,7,35,27,False,202203
202203005372092,35,e1e8,22.0,True,495.0,578.0,4rrk1/5ppp/p1pb4/1p1n3q/3P2b1/1BP3P1/PP1N1PQP/R1B1R1K1,,,7,35,27,False,202203
202203005529854,35,d2e4,11.0,True,99.0,119.0,4rrk1/5ppp/p1pb4/1p1n3q/3P2b1/1BP3P1/PP1N1PQP/R1B1R1K1,,,7,35,27,False,202203
202203005669253,35,e1e4,32.0,True,145.0,193.0,4rrk1/5ppp/p1pb4/1p1n3q/3P2b1/1BP3P1/PP1N1PQP/R1B1R1K1,,,7,35,27,False,202203
202203005818496,35,e1f1,9.0,True,153.0,163.0,4rrk1/5ppp/p1pb4/1p1n3q/3P2b1/1BP3P1/PP1N1PQP/R1B1R1K1,,,7,35,27,False,202203
202203005947750,35,d2e4,8.0,True,115.0,163.0,4rrk1/5ppp/p1pb4/1p1n3q/3P2b1/1BP3P1/PP1N1PQP/R1B1R1K1,,,7,35,27,False,202203
202203090785815,35,e1e8,5.0,True,99.0,117.0,4rrk1/5ppp/p1pb4/1p1n3q/3P2b1/1BP3P1/PP1N1PQP/R1B1R1K1,,,7,35,27,False,202203
202203061180834,35,e1e8,3.0,True,39.0,47.0,4rrk1/5ppp/p1pb4/1p1n3q/3P2b1/1BP3P1/PP1N1PQP/R1B1R1K1,,,7,35,27,False,202203
202203061319204,35,e1d1,5.0,True,43.0,55.0,4rrk1/5ppp/p1pb4/1p1n3q/3P2b1/1BP3P1/PP1N1PQP/R1B1R1K1,,,7,35,27,False,202203
202203061479527,35,d2e4,24.0,True,484.0,561.0,4rrk1/5ppp/p1pb4/1p1n3q/3P2b1/1BP3P1/PP1N1PQP/R1B1R1K1,,,7,35,27,False,202203
202203061963732,35,e1e4,45.0,True,600.0,571.0,4rrk1/5ppp/p1pb4/1p1n3q/3P2b1/1BP3P1/PP1N1PQP/R1B1R1K1,,,7,35,27,False,202203
202203057300287,35,e1e4,13.0,True,122.0,169.0,4rrk1/5ppp/p1pb4/1p1n3q/3P2b1/1BP3P1/PP1N1PQP/R1B1R1K1,,,7,35,27,False,202203
202203057309446,35,e1e8,9.0,True,50.0,51.0,4rrk1/5ppp/p1pb4/1p1n3q/3P2b1/1BP3P1/PP1N1PQP/R1B1R1K1,,,7,35,27,False,202203
202203036039637,35,e1f1,15.0,True,118.0,164.0,4rrk1/5ppp/p1pb4/1p1n3q/3P2b1/1BP3P1/PP1N1PQP/R1B1R1K1,,,7,35,27,False,202203
202203023099608,35,e1e8,8.0,True,262.0,256.0,4rrk1/5ppp/p1pb4/1p1n3q/3P2b1/1BP3P1/PP1N1PQP/R1B1R1K1,,,7,35,27,False,202203
202203023531891,35,e1e8,9.0,True,150.0,172.0,4rrk1/5ppp/p1pb4/1p1n3q/3P2b1/1BP3P1/PP1N1PQP/R1B1R1K1,,,7,35,27,False,202203
202203085180885,35,d2e4,8.0,True,160.0,185.0,4rrk1/5ppp/p1pb4/1p1n3q/3P2b1/1BP3P1/PP1N1PQP/R1B1R1K1,,,7,35,27,False,202203
202203085527140,35,e1f1,17.0,True,157.0,163.0,4rrk1/5ppp/p1pb4/1p1n3q/3P2b1/1BP3P1/PP1N1PQP/R1B1R1K1,,,7,35,27,False,202203
202203009424069,35,e1e8,4.0,True,133.0,168.0,4rrk1/5ppp/p1pb4/1p1n3q/3P2b1/1BP3P1/PP1N1PQP/R1B1R1K1,,,7,35,27,False,202203
202203009793360,35,e1e8,82.0,True,628.0,547.0,4rrk1/5ppp/p1pb4/1p1n3q/3P2b1/1BP3P1/PP1N1PQP/R1B1R1K1,,,7,35,27,False,202203
202203063176143,35,g2f1,133.0,True,538.0,598.0,4rrk1/5ppp/p1pb4/1p1n3q/3P2b1/1BP3P1/PP1N1PQP/R1B1R1K1,,,7,35,27,False,202203
202203063408786,35,e1e4,26.0,True,126.0,161.0,4rrk1/5ppp/p1pb4/1p1n3q/3P2b1/1BP3P1/PP1N1PQP/R1B1R1K1,,,7,35,27,False,202203
202203063685256,35,e1e8,13.0,True,261.0,333.0,4rrk1/5ppp/p1pb4/1p1n3q/3P2b1/1BP3P1/PP1N1PQP/R1B1R1K1,,,7,35,27,False,202203
202203063765350,35,e1e8,10.0,True,145.0,169.0,4rrk1/5ppp/p1pb4/1p1n3q/3P2b1/1BP3P1/PP1N1PQP/R1B1R1K1,,,7,35,27,False,202203
202203063765881,35,e1e8,4.0,True,278.0,287.0,4rrk1/5ppp/p1pb4/1p1n3q/3P2b1/1BP3P1/PP1N1PQP/R1B1R1K1,,,7,35,27,False,202203
202203059177743,35,e1e8,20.0,True,76.0,117.0,4rrk1/5ppp/p1pb4/1p1n3q/3P2b1/1BP3P1/PP1N1PQP/R1B1R1K1,,,7,35,27,False,202203
202203059312764,35,e1e8,17.0,True,162.0,183.0,4rrk1/5ppp/p1pb4/1p1n3q/3P2b1/1BP3P1/PP1N1PQP/R1B1R1K1,,,7,35,27,False,202203
202203059491114,35,d2e4,52.0,True,507.0,573.0,4rrk1/5ppp/p1pb4/1p1n3q/3P2b1/1BP3P1/PP1N1PQP/R1B1R1K1,,,7,35,27,False,202203
202203059522015,35,e1e8,1.0,True,43.0,51.0,4rrk1/5ppp/p1pb4/1p1n3q/3P2b1/1BP3P1/PP1N1PQP/R1B1R1K1,,,7,35,27,False,202203
202203059668662,35,e1e4,51.0,True,138.0,20.0,4rrk1/5ppp/p1pb4/1p1n3q/3P2b1/1BP3P1/PP1N1PQP/R1B1R1K1,,,7,35,27,False,202203
202203074273277,35,d2e4,2.0,True,179.0,169.0,4rrk1/5ppp/p1pb4/1p1n3q/3P2b1/1BP3P1/PP1N1PQP/R1B1R1K1,,,7,35,27,False,202203
202203074610891,35,e1f1,83.0,True,241.0,284.0,4rrk1/5ppp/p1pb4/1p1n3q/3P2b1/1BP3P1/PP1N1PQP/R1B1R1K1,,,7,35,27,False,202203
202203040118186,35,e1f1,7.0,True,225.0,268.0,4rrk1/5ppp/p1pb4/1p1n3q/3P2b1/1BP3P1/PP1N1PQP/R1B1R1K1,,,7,35,27,False,202203
202203040800835,35,e1f1,8.0,True,149.0,161.0,4rrk1/5ppp/p1pb4/1p1n3q/3P2b1/1BP3P1/PP1N1PQP/R1B1R1K1,,,7,35,27,False,202203
202203021059730,35,e1e8,2.0,True,46.0,46.0,4rrk1/5ppp/p1pb4/1p1n3q/3P2b1/1BP3P1/PP1N1PQP/R1B1R1K1,,,7,35,27,False,202203
202203021744323,35,d2e4,5.0,True,1440.0,1421.0,4rrk1/5ppp/p1pb4/1p1n3q/3P2b1/1BP3P1/PP1N1PQP/R1B1R1K1,,,7,35,27,False,202203
202203062146868,39,d2e4,7.0,True,40.0,43.0,4rrk1/5ppp/p1pb4/1p1n3q/3P2b1/1BP3P1/PP1N1PQP/R1B1R1K1,,,11,35,27,False,202203
202203062570945,35,e1e8,2.0,True,141.0,171.0,4rrk1/5ppp/p1pb4/1p1n3q/3P2b1/1BP3P1/PP1N1PQP/R1B1R1K1,,,7,35,27,False,202203
202203062755511,35,d2e4,7.0,True,252.0,261.0,4rrk1/5ppp/p1pb4/1p1n3q/3P2b1/1BP3P1/PP1N1PQP/R1B1R1K1,,,7,35,27,False,202203
202203062892166,35,d2e4,6.0,True,47.0,45.0,4rrk1/5ppp/p1pb4/1p1n3q/3P2b1/1BP3P1/PP1N1PQP/R1B1R1K1,,,7,35,27,False,202203
202203022646476,35,e1f1,12.0,True,147.0,166.0,4rrk1/5ppp/p1pb4/1p1n3q/3P2b1/1BP3P1/PP1N1PQP/R1B1R1K1,,,7,35,27,False,202203
202203022775530,35,e1e8,14.0,True,102.0,92.0,4rrk1/5ppp/p1pb4/1p1n3q/3P2b1/1BP3P1/PP1N1PQP/R1B1R1K1,,,7,35,27,False,202203
202203042068128,35,e1e4,43.0,True,482.0,542.0,4rrk1/5ppp/p1pb4/1p1n3q/3P2b1/1BP3P1/PP1N1PQP/R1B1R1K1,,,7,35,27,False,202203
202203042288838,35,e1f1,12.0,True,114.0,109.0,4rrk1/5ppp/p1pb4/1p1n3q/3P2b1/1BP3P1/PP1N1PQP/R1B1R1K1,,,7,35,27,False,202203
202203042331549,35,e1f1,10.0,True,32.0,54.0,4rrk1/5ppp/p1pb4/1p1n3q/3P2b1/1BP3P1/PP1N1PQP/R1B1R1K1,,,7,35,27,False,202203
202203042445628,35,e1e8,3.0,True,150.0,165.0,4rrk1/5ppp/p1pb4/1p1n3q/3P2b1/1BP3P1/PP1N1PQP/R1B1R1K1,,,7,35,27,False,202203
202203038012417,35,d2e4,33.0,True,242.0,289.0,4rrk1/5ppp/p1pb4/1p1n3q/3P2b1/1BP3P1/PP1N1PQP/R1B1R1K1,,,7,35,27,False,202203
202203038060065,35,d2e4,12.0,True,91.0,93.0,4rrk1/5ppp/p1pb4/1p1n3q/3P2b1/1BP3P1/PP1N1PQP/R1B1R1K1,,,7,35,27,False,202203
202203038322823,35,e1e8,6.0,True,37.0,50.0,4rrk1/5ppp/p1pb4/1p1n3q/3P2b1/1BP3P1/PP1N1PQP/R1B1R1K1,,,7,35,27,False,202203
202203038478914,35,e1e8,3.0,True,39.0,51.0,4rrk1/5ppp/p1pb4/1p1n3q/3P2b1/1BP3P1/PP1N1PQP/R1B1R1K1,,,7,35,27,False,202203
202203038590118,35,e1e8,24.0,True,152.0,168.0,4rrk1/5ppp/p1pb4/1p1n3q/3P2b1/1BP3P1/PP1N1PQP/R1B1R1K1,,,7,35,27,False,202203
202203038594890,35,d2e4,28.0,True,567.0,545.0,4rrk1/5ppp/p1pb4/1p1n3q/3P2b1/1BP3P1/PP1N1PQP/R1B1R1K1,,,7,35,27,False,202203
202203038800803,35,e1e3,12.0,True,168.0,181.0,4rrk1/5ppp/p1pb4/1p1n3q/3P2b1/1BP3P1/PP1N1PQP/R1B1R1K1,,,7,35,27,False,202203
202203039003756,35,d2e4,28.0,True,128.0,175.0,4rrk1/5ppp/p1pb4/1p1n3q/3P2b1/1BP3P1/PP1N1PQP/R1B1R1K1,,,7,35,27,False,202203
202203039276327,35,e1e8,16.0,True,542.0,564.0,4rrk1/5ppp/p1pb4/1p1n3q/3P2b1/1BP3P1/PP1N1PQP/R1B1R1K1,,,7,35,27,False,202203
202203039445396,35,e1e4,102.0,True,155.0,169.0,4rrk1/5ppp/p1pb4/1p1n3q/3P2b1/1BP3P1/PP1N1PQP/R1B1R1K1,,,7,35,27,False,202203
202203039465765,35,e1e8,6.0,True,33.0,46.0,4rrk1/5ppp/p1pb4/1p1n3q/3P2b1/1BP3P1/PP1N1PQP/R1B1R1K1,,,7,35,27,False,202203
202203039864142,35,e1e8,14.0,True,65.0,179.0,4rrk1/5ppp/p1pb4/1p1n3q/3P2b1/1BP3P1/PP1N1PQP/R1B1R1K1,,,7,35,27,False,202203
202203084104184,35,e1e8,11.0,True,153.0,183.0,4rrk1/5ppp/p1pb4/1p1n3q/3P2b1/1BP3P1/PP1N1PQP/R1B1R1K1,,,7,35,27,False,202203
202203084209651,35,e1f1,57.0,True,155.0,197.0,4rrk1/5ppp/p1pb4/1p1n3q/3P2b1/1BP3P1/PP1N1PQP/R1B1R1K1,,,7,35,27,False,202203
202203084475631,35,e1e8,5.0,True,159.0,164.0,4rrk1/5ppp/p1pb4/1p1n3q/3P2b1/1BP3P1/PP1N1PQP/R1B1R1K1,,,7,35,27,False,202203
202203084689620,35,d2e4,20.0,True,1013.0,960.0,4rrk1/5ppp/p1pb4/1p1n3q/3P2b1/1BP3P1/PP1N1PQP/R1B1R1K1,,,7,35,27,False,202203
202203084807430,35,e1e8,9.0,True,93.0,124.0,4rrk1/5ppp/p1pb4/1p1n3q/3P2b1/1BP3P1/PP1N1PQP/R1B1R1K1,,,7,35,27,False,202203
202203080352099,35,e1f1,17.0,True,128.0,157.0,4rrk1/5ppp/p1pb4/1p1n3q/3P2b1/1BP3P1/PP1N1PQP/R1B1R1K1,,,7,35,27,False,202203
202203080356078,35,e1e8,14.0,True,96.0,109.0,4rrk1/5ppp/p1pb4/1p1n3q/3P2b1/1BP3P1/PP1N1PQP/R1B1R1K1,,,7,35,27,False,202203
202203080667785,35,e1e8,77.0,True,265.0,279.0,4rrk1/5ppp/p1pb4/1p1n3q/3P2b1/1BP3P1/PP1N1PQP/R1B1R1K1,,,7,35,27,False,202203
202203051182621,35,e1f1,10.0,True,145.0,199.0,4rrk1/5ppp/p1pb4/1p1n3q/3P2b1/1BP3P1/PP1N1PQP/R1B1R1K1,,,7,35,27,False,202203
202203051857023,35,e1e8,15.0,True,237.0,270.0,4rrk1/5ppp/p1pb4/1p1n3q/3P2b1/1BP3P1/PP1N1PQP/R1B1R1K1,,,7,35,27,False,202203
202203051920790,35,e1e8,25.0,True,134.0,157.0,4rrk1/5ppp/p1pb4/1p1n3q/3P2b1/1BP3P1/PP1N1PQP/R1B1R1K1,,,7,35,27,False,202203
202203069119729,35,e1e8,40.0,True,281.0,293.0,4rrk1/5ppp/p1pb4/1p1n3q/3P2b1/1BP3P1/PP1N1PQP/R1B1R1K1,,,7,35,27,False,202203
202203069130707,35,e1e8,11.0,True,32.0,46.0,4rrk1/5ppp/p1pb4/1p1n3q/3P2b1/1BP3P1/PP1N1PQP/R1B1R1K1,,,7,35,27,False,202203
202203069389568,35,e1e4,48.0,True,141.0,159.0,4rrk1/5ppp/p1pb4/1p1n3q/3P2b1/1BP3P1/PP1N1PQP/R1B1R1K1,,,7,35,27,False,202203
202203069697258,35,d2e4,11.0,True,120.0,161.0,4rrk1/5ppp/p1pb4/1p1n3q/3P2b1/1BP3P1/PP1N1PQP/R1B1R1K1,,,7,35,27,False,202203
202203069703504,35,e1e8,6.0,True,46.0,44.0,4rrk1/5ppp/p1pb4/1p1n3q/3P2b1/1BP3P1/PP1N1PQP/R1B1R1K1,,,7,35,27,False,202203
202203082287170,35,e1e8,5.0,True,267.0,268.0,4rrk1/5ppp/p1pb4/1p1n3q/3P2b1/1BP3P1/PP1N1PQP/R1B1R1K1,,,7,35,27,False,202203
202203082415475,35,e1e8,6.0,True,515.0,543.0,4rrk1/5ppp/p1pb4/1p1n3q/3P2b1/1BP3P1/PP1N1PQP/R1B1R1K1,,,7,35,27,False,202203
202203082710231,35,e1e4,2.0,True,19.0,32.0,4rrk1/5ppp/p1pb4/1p1n3q/3P2b1/1BP3P1/PP1N1PQP/R1B1R1K1,,,5,35,27,False,202203
202203003250207,35,e1e4,124.0,True,1711.0,1714.0,4rrk1/5ppp/p1pb4/1p1n3q/3P2b1/1BP3P1/PP1N1PQP/R1B1R1K1,,,7,35,27,False,202203
202203003269197,35,d2e4,30.0,True,503.0,563.0,4rrk1/5ppp/p1pb4/1p1n3q/3P2b1/1BP3P1/PP1N1PQP/R1B1R1K1,,,7,35,27,False,202203
202203003803000,35,e1e8,13.0,True,209.0,267.0,4rrk1/5ppp/p1pb4/1p1n3q/3P2b1/1BP3P1/PP1N1PQP/R1B1R1K1,,,7,35,27,False,202203
202203003975687,35,e1e8,3.0,True,45.0,52.0,4rrk1/5ppp/p1pb4/1p1n3q/3P2b1/1BP3P1/PP1N1PQP/R1B1R1K1,,,7,35,27,False,202203
202203055472269,35,e1e8,3.0,True,145.0,168.0,4rrk1/5ppp/p1pb4/1p1n3q/3P2b1/1BP3P1/PP1N1PQP/R1B1R1K1,,,7,35,27,False,202203
202203020078695,35,e1f1,13.0,True,105.0,125.0,4rrk1/5ppp/p1pb4/1p1n3q/3P2b1/1BP3P1/PP1N1PQP/R1B1R1K1,,,7,35,27,False,202203
202203020318882,35,e1e8,9.0,True,316.0,324.0,4rrk1/5ppp/p1pb4/1p1n3q/3P2b1/1BP3P1/PP1N1PQP/R1B1R1K1,,,7,35,27,False,202203
202203020549732,35,d2e4,84.0,True,155.0,180.0,4rrk1/5ppp/p1pb4/1p1n3q/3P2b1/1BP3P1/PP1N1PQP/R1B1R1K1,,,7,35,27,False,202203
202203020600165,35,e1e8,8.0,True,248.0,266.0,4rrk1/5ppp/p1pb4/1p1n3q/3P2b1/1BP3P1/PP1N1PQP/R1B1R1K1,,,7,35,27,False,202203
202203020844465,35,e1e8,25.0,True,173.0,182.0,4rrk1/5ppp/p1pb4/1p1n3q/3P2b1/1BP3P1/PP1N1PQP/R1B1R1K1,,,7,35,27,False,202203
202203020923303,35,e1f1,9.0,True,158.0,166.0,4rrk1/5ppp/p1pb4/1p1n3q/3P2b1/1BP3P1/PP1N1PQP/R1B1R1K1,,,7,35,27,False,202203
202203004666239,35,e1e8,8.0,True,183.0,192.0,4rrk1/5ppp/p1pb4/1p1n3q/3P2b1/1BP3P1/PP1N1PQP/R1B1R1K1,,,7,35,27,False,202203
202203004771180,35,e1e8,24.0,True,137.0,142.0,4rrk1/5ppp/p1pb4/1p1n3q/3P2b1/1BP3P1/PP1N1PQP/R1B1R1K1,,,7,35,27,False,202203
202203031141377,39,d2e4,17.0,True,164.0,186.0,4rrk1/5ppp/p1pb4/1p1n3q/3P2b1/1BP3P1/PP1N1PQP/R1B1R1K1,,,11,35,27,False,202203
202203031247991,35,e1f1,5.0,True,224.0,269.0,4rrk1/5ppp/p1pb4/1p1n3q/3P2b1/1BP3P1/PP1N1PQP/R1B1R1K1,,,7,35,27,False,202203
202203031661943,35,e1e8,28.0,True,405.0,455.0,4rrk1/5ppp/p1pb4/1p1n3q/3P2b1/1BP3P1/PP1N1PQP/R1B1R1K1,,,7,35,27,False,202203
202203031670905,35,d2e4,10.0,True,161.0,185.0,4rrk1/5ppp/p1pb4/1p1n3q/3P2b1/1BP3P1/PP1N1PQP/R1B1R1K1,,,7,35,27,False,202203
202203031729207,35,e1f1,29.0,True,130.0,141.0,4rrk1/5ppp/p1pb4/1p1n3q/3P2b1/1BP3P1/PP1N1PQP/R1B1R1K1,,,7,35,27,False,202203
202203031765253,35,e1e8,1.0,True,250.0,281.0,4rrk1/5ppp/p1pb4/1p1n3q/3P2b1/1BP3P1/PP1N1PQP/R1B1R1K1,,,7,35,27,False,202203
202203031792976,35,d2e4,5.0,True,73.0,44.0,4rrk1/5ppp/p1pb4/1p1n3q/3P2b1/1BP3P1/PP1N1PQP/R1B1R1K1,,,7,35,27,False,202203
202203060640931,35,e1f1,6.0,True,43.0,46.0,4rrk1/5ppp/p1pb4/1p1n3q/3P2b1/1BP3P1/PP1N1PQP/R1B1R1K1,,,7,35,27,False,202203
202203056067138,35,e1e8,80.0,True,222.0,275.0,4rrk1/5ppp/p1pb4/1p1n3q/3P2b1/1BP3P1/PP1N1PQP/R1B1R1K1,,,7,35,27,False,202203
202203056266754,35,e1e8,22.0,True,558.0,566.0,4rrk1/5ppp/p1pb4/1p1n3q/3P2b1/1BP3P1/PP1N1PQP/R1B1R1K1,,,7,35,27,False,202203
202203058533846,35,e1e8,4.0,True,173.0,188.0,4rrk1/5ppp/p1pb4/1p1n3q/3P2b1/1BP3P1/PP1N1PQP/R1B1R1K1,,,7,35,27,False,202203
202203058688202,35,e1e8,4.0,True,44.0,52.0,4rrk1/5ppp/p1pb4/1p1n3q/3P2b1/1BP3P1/PP1N1PQP/R1B1R1K1,,,7,35,27,False,202203
202203058754833,35,e1e8,4.0,True,275.0,226.0,4rrk1/5ppp/p1pb4/1p1n3q/3P2b1/1BP3P1/PP1N1PQP/R1B1R1K1,,,7,35,27,False,202203
202203068221939,35,g2f1,20.0,True,116.0,159.0,4rrk1/5ppp/p1pb4/1p1n3q/3P2b1/1BP3P1/PP1N1PQP/R1B1R1K1,,,7,35,27,False,202203
202203068242625,35,e1e8,12.0,True,161.0,164.0,4rrk1/5ppp/p1pb4/1p1n3q/3P2b1/1BP3P1/PP1N1PQP/R1B1R1K1,,,7,35,27,False,202203
202203068388334,37,e1e8,4.0,True,36.0,47.0,4rrk1/5ppp/p1pb4/1p1n3q/3P2b1/1BP3P1/PP1N1PQP/R1B1R1K1,,,7,35,27,False,202203
202203012357546,35,e1e8,8.0,True,92.0,146.0,4rrk1/5ppp/p1pb4/1p1n3q/3P2b1/1BP3P1/PP1N1PQP/R1B1R1K1,,,7,35,27,False,202203
202203012427429,35,e1e8,15.0,True,277.0,368.0,4rrk1/5ppp/p1pb4/1p1n3q/3P2b1/1BP3P1/PP1N1PQP/R1B1R1K1,,,7,35,27,False,202203
202203012761511,35,e1e8,2.0,True,156.0,158.0,4rrk1/5ppp/p1pb4/1p1n3q/3P2b1/1BP3P1/PP1N1PQP/R1B1R1K1,,,7,35,27,False,202203
202203078034598,35,e1e8,29.0,True,83.0,123.0,4rrk1/5ppp/p1pb4/1p1n3q/3P2b1/1BP3P1/PP1N1PQP/R1B1R1K1,,,7,35,27,False,202203
202203078207521,35,e1e8,4.0,True,249.0,265.0,4rrk1/5ppp/p1pb4/1p1n3q/3P2b1/1BP3P1/PP1N1PQP/R1B1R1K1,,,7,35,27,False,202203
202203078233226,35,e1e8,9.0,True,536.0,543.0,4rrk1/5ppp/p1pb4/1p1n3q/3P2b1/1BP3P1/PP1N1PQP/R1B1R1K1,,,7,35,27,False,202203
202203078603779,35,e1e8,5.0,True,144.0,132.0,4rrk1/5ppp/p1pb4/1p1n3q/3P2b1/1BP3P1/PP1N1PQP/R1B1R1K1,,,7,35,27,False,202203
202203078653190,37,e1e8,53.0,True,219.0,252.0,4rrk1/5ppp/p1pb4/1p1n3q/3P2b1/1BP3P1/PP1N1PQP/R1B1R1K1,,,7,35,27,False,202203
202203078898285,35,d2e4,7.0,True,144.0,143.0,4rrk1/5ppp/p1pb4/1p1n3q/3P2b1/1BP3P1/PP1N1PQP/R1B1R1K1,,,7,35,27,False,202203
202203078972591,35,e1e8,16.0,True,144.0,161.0,4rrk1/5ppp/p1pb4/1p1n3q/3P2b1/1BP3P1/PP1N1PQP/R1B1R1K1,,,7,35,27,False,202203
202203027007150,35,e1f1,16.0,True,246.0,284.0,4rrk1/5ppp/p1pb4/1p1n3q/3P2b1/1BP3P1/PP1N1PQP/R1B1R1K1,,,7,35,27,False,202203
202203027007150,39,e1e8,11.0,True,216.0,247.0,4rrk1/5ppp/p1pb4/1p1n3q/3P2b1/1BP3P1/PP1N1PQP/R1B1R1K1,,,11,35,27,False,202203
202203027027263,35,d2e4,6.0,True,161.0,199.0,4rrk1/5ppp/p1pb4/1p1n3q/3P2b1/1BP3P1/PP1N1PQP/R1B1R1K1,,,7,35,27,False,202203
202203027358002,35,e1f1,2.0,True,144.0,167.0,4rrk1/5ppp/p1pb4/1p1n3q/3P2b1/1BP3P1/PP1N1PQP/R1B1R1K1,,,7,35,27,False,202203
202203027790939,35,e1e8,118.0,True,135.0,173.0,4rrk1/5ppp/p1pb4/1p1n3q/3P2b1/1BP3P1/PP1N1PQP/R1B1R1K1,,,7,35,27,False,202203
202203027818194,35,g2f1,55.0,True,229.0,320.0,4rrk1/5ppp/p1pb4/1p1n3q/3P2b1/1BP3P1/PP1N1PQP/R1B1R1K1,,,7,35,27,False,202203
202203050102326,35,e1e8,6.0,True,307.0,301.0,4rrk1/5ppp/p1pb4/1p1n3q/3P2b1/1BP3P1/PP1N1PQP/R1B1R1K1,,,7,35,27,False,202203
202203050705104,35,e1e8,13.0,True,214.0,314.0,4rrk1/5ppp/p1pb4/1p1n3q/3P2b1/1BP3P1/PP1N1PQP/R1B1R1K1,,,7,35,27,False,202203
202203050880944,35,e1e8,5.0,True,47.0,47.0,4rrk1/5ppp/p1pb4/1p1n3q/3P2b1/1BP3P1/PP1N1PQP/R1B1R1K1,,,7,35,27,False,202203
202203050881878,35,e1e8,7.0,True,306.0,321.0,4rrk1/5ppp/p1pb4/1p1n3q/3P2b1/1BP3P1/PP1N1PQP/R1B1R1K1,,,7,35,27,False,202203
202203088035899,35,e1f1,27.0,True,167.0,186.0,4rrk1/5ppp/p1pb4/1p1n3q/3P2b1/1BP3P1/PP1N1PQP/R1B1R1K1,,,7,35,27,False,202203
202203088100725,35,e1d1,18.0,True,288.0,255.0,4rrk1/5ppp/p1pb4/1p1n3q/3P2b1/1BP3P1/PP1N1PQP/R1B1R1K1,,,7,35,27,False,202203
202203088132756,35,e1e4,35.0,True,96.0,112.0,4rrk1/5ppp/p1pb4/1p1n3q/3P2b1/1BP3P1/PP1N1PQP/R1B1R1K1,,,7,35,27,False,202203
202203088239558,35,e1e8,10.0,True,279.0,309.0,4rrk1/5ppp/p1pb4/1p1n3q/3P2b1/1BP3P1/PP1N1PQP/R1B1R1K1,,,7,35,27,False,202203
202203088277660,35,e1e4,35.0,True,238.0,272.0,4rrk1/5ppp/p1pb4/1p1n3q/3P2b1/1BP3P1/PP1N1PQP/R1B1R1K1,,,7,35,27,False,202203
202203088509654,35,e1e8,61.0,True,166.0,185.0,4rrk1/5ppp/p1pb4/1p1n3q/3P2b1/1BP3P1/PP1N1PQP/R1B1R1K1,,,7,35,27,False,202203
202203028021146,35,e1e4,19.0,True,421.0,571.0,4rrk1/5ppp/p1pb4/1p1n3q/3P2b1/1BP3P1/PP1N1PQP/R1B1R1K1,,,7,35,27,False,202203
202203028259828,35,e1e8,41.0,True,260.0,290.0,4rrk1/5ppp/p1pb4/1p1n3q/3P2b1/1BP3P1/PP1N1PQP/R1B1R1K1,,,7,35,27,False,202203
202203028339495,35,e1e8,25.0,True,232.0,263.0,4rrk1/5ppp/p1pb4/1p1n3q/3P2b1/1BP3P1/PP1N1PQP/R1B1R1K1,,,7,35,27,False,202203
202203028723377,35,f2f3,3.0,True,39.0,51.0,4rrk1/5ppp/p1pb4/1p1n3q/3P2b1/1BP3P1/PP1N1PQP/R1B1R1K1,,,7,35,27,False,202203
202203028961704,35,e1e8,3.0,True,104.0,112.0,4rrk1/5ppp/p1pb4/1p1n3q/3P2b1/1BP3P1/PP1N1PQP/R1B1R1K1,,,7,35,27,False,202203
202203071179025,35,e1e8,26.0,True,197.0,199.0,4rrk1/5ppp/p1pb4/1p1n3q/3P2b1/1BP3P1/PP1N1PQP/R1B1R1K1,,,7,35,27,False,202203
202203071293632,35,e1f1,8.0,True,61.0,77.0,4rrk1/5ppp/p1pb4/1p1n3q/3P2b1/1BP3P1/PP1N1PQP/R1B1R1K1,,,7,35,27,False,202203
202203071576719,35,d2e4,21.0,True,513.0,654.0,4rrk1/5ppp/p1pb4/1p1n3q/3P2b1/1BP3P1/PP1N1PQP/R1B1R1K1,,,7,35,27,False,202203
202203071666010,35,e1e4,17.0,True,153.0,159.0,4rrk1/5ppp/p1pb4/1p1n3q/3P2b1/1BP3P1/PP1N1PQP/R1B1R1K1,,,7,35,27,False,202203
202203071729625,35,e1e8,18.0,True,253.0,248.0,4rrk1/5ppp/p1pb4/1p1n3q/3P2b1/1BP3P1/PP1N1PQP/R1B1R1K1,,,7,35,27,False,202203
202203071875421,35,d2e4,7.0,True,64.0,113.0,4rrk1/5ppp/p1pb4/1p1n3q/3P2b1/1BP3P1/PP1N1PQP/R1B1R1K1,,,7,35,27,False,202203
202203076440548,35,b3d5,4.0,True,47.0,51.0,4rrk1/5ppp/p1pb4/1p1n3q/3P2b1/1BP3P1/PP1N1PQP/R1B1R1K1,,,7,35,27,False,202203
202203076725999,35,e1e8,156.0,True,569.0,581.0,4rrk1/5ppp/p1pb4/1p1n3q/3P2b1/1BP3P1/PP1N1PQP/R1B1R1K1,,,7,35,27,False,202203
202203076736600,35,e1e8,29.0,True,299.0,290.0,4rrk1/5ppp/p1pb4/1p1n3q/3P2b1/1BP3P1/PP1N1PQP/R1B1R1K1,,,7,35,27,False,202203
202203076987906,35,d2e4,3.0,True,28.0,35.0,4rrk1/5ppp/p1pb4/1p1n3q/3P2b1/1BP3P1/PP1N1PQP/R1B1R1K1,,,7,35,27,False,202203
202203053085516,35,e1e4,13.0,True,570.0,555.0,4rrk1/5ppp/p1pb4/1p1n3q/3P2b1/1BP3P1/PP1N1PQP/R1B1R1K1,,,7,35,27,False,202203
202203053107756,35,e1e8,21.0,True,154.0,189.0,4rrk1/5ppp/p1pb4/1p1n3q/3P2b1/1BP3P1/PP1N1PQP/R1B1R1K1,,,7,35,27,False,202203
202203053186242,35,e1e8,28.0,True,283.0,321.0,4rrk1/5ppp/p1pb4/1p1n3q/3P2b1/1BP3P1/PP1N1PQP/R1B1R1K1,,,7,35,27,False,202203
202203053542441,35,e1f1,16.0,True,301.0,317.0,4rrk1/5ppp/p1pb4/1p1n3q/3P2b1/1BP3P1/PP1N1PQP/R1B1R1K1,,,7,35,27,False,202203
202203053832043,35,e1e4,19.0,True,60.0,104.0,4rrk1/5ppp/p1pb4/1p1n3q/3P2b1/1BP3P1/PP1N1PQP/R1B1R1K1,,,7,35,27,False,202203
202203053973927,35,e1f1,7.0,True,127.0,166.0,4rrk1/5ppp/p1pb4/1p1n3q/3P2b1/1BP3P1/PP1N1PQP/R1B1R1K1,,,7,35,27,False,202203
202203047068554,35,e1f1,6.0,True,105.0,124.0,4rrk1/5ppp/p1pb4/1p1n3q/3P2b1/1BP3P1/PP1N1PQP/R1B1R1K1,,,7,35,27,False,202203
202203047378882,35,d2e4,5.0,True,262.0,273.0,4rrk1/5ppp/p1pb4/1p1n3q/3P2b1/1BP3P1/PP1N1PQP/R1B1R1K1,,,7,35,27,False,202203
202203047976611,35,e1e4,36.0,True,250.0,284.0,4rrk1/5ppp/p1pb4/1p1n3q/3P2b1/1BP3P1/PP1N1PQP/R1B1R1K1,,,7,35,27,False,202203
202203089062330,35,e1f1,30.0,True,179.0,183.0,4rrk1/5ppp/p1pb4/1p1n3q/3P2b1/1BP3P1/PP1N1PQP/R1B1R1K1,,,7,35,27,False,202203
202203075672570,35,e1e8,32.0,True,248.0,265.0,4rrk1/5ppp/p1pb4/1p1n3q/3P2b1/1BP3P1/PP1N1PQP/R1B1R1K1,,,7,35,27,False,202203
202203075722479,35,e1f1,6.0,True,43.0,49.0,4rrk1/5ppp/p1pb4/1p1n3q/3P2b1/1BP3P1/PP1N1PQP/R1B1R1K1,,,7,35,27,False,202203
202203075728889,35,e1e4,33.0,True,132.0,160.0,4rrk1/5ppp/p1pb4/1p1n3q/3P2b1/1BP3P1/PP1N1PQP/R1B1R1K1,,,7,35,27,False,202203
202203033286874,35,e1f1,71.0,True,128.0,188.0,4rrk1/5ppp/p1pb4/1p1n3q/3P2b1/1BP3P1/PP1N1PQP/R1B1R1K1,,,7,35,27,False,202203
202203033295560,35,e1e8,13.0,True,115.0,117.0,4rrk1/5ppp/p1pb4/1p1n3q/3P2b1/1BP3P1/PP1N1PQP/R1B1R1K1,,,7,35,27,False,202203
202203033657722,35,e1e4,45.0,True,127.0,156.0,4rrk1/5ppp/p1pb4/1p1n3q/3P2b1/1BP3P1/PP1N1PQP/R1B1R1K1,,,7,35,27,False,202203
202203086118060,35,e1f1,18.0,True,139.0,177.0,4rrk1/5ppp/p1pb4/1p1n3q/3P2b1/1BP3P1/PP1N1PQP/R1B1R1K1,,,7,35,27,False,202203
202203086177752,35,e1f1,13.0,True,441.0,631.0,4rrk1/5ppp/p1pb4/1p1n3q/3P2b1/1BP3P1/PP1N1PQP/R1B1R1K1,,,7,35,27,False,202203
202203086395509,35,e1f1,9.0,True,90.0,95.0,4rrk1/5ppp/p1pb4/1p1n3q/3P2b1/1BP3P1/PP1N1PQP/R1B1R1K1,,,7,35,27,False,202203
202203086463128,35,d2e4,12.0,True,270.0,275.0,4rrk1/5ppp/p1pb4/1p1n3q/3P2b1/1BP3P1/PP1N1PQP/R1B1R1K1,,,7,35,27,False,202203
202203086543958,35,e1e8,63.0,True,236.0,297.0,4rrk1/5ppp/p1pb4/1p1n3q/3P2b1/1BP3P1/PP1N1PQP/R1B1R1K1,,,7,35,27,False,202203
202203086550205,35,d2e4,21.0,True,99.0,121.0,4rrk1/5ppp/p1pb4/1p1n3q/3P2b1/1BP3P1/PP1N1PQP/R1B1R1K1,,,7,35,27,False,202203
202203034492105,35,d2e4,7.0,True,140.0,166.0,4rrk1/5ppp/p1pb4/1p1n3q/3P2b1/1BP3P1/PP1N1PQP/R1B1R1K1,,,7,35,27,False,202203
202203034924381,35,e1e8,5.0,True,251.0,272.0,4rrk1/5ppp/p1pb4/1p1n3q/3P2b1/1BP3P1/PP1N1PQP/R1B1R1K1,,,7,35,27,False,202203
202203092069386,35,e1e8,32.0,True,172.0,163.0,4rrk1/5ppp/p1pb4/1p1n3q/3P2b1/1BP3P1/PP1N1PQP/R1B1R1K1,,,7,35,27,False,202203
202203092123879,35,d2e4,9.0,True,43.0,48.0,4rrk1/5ppp/p1pb4/1p1n3q/3P2b1/1BP3P1/PP1N1PQP/R1B1R1K1,,,7,35,27,False,202203
202203044895265,35,d2e4,38.0,True,158.0,195.0,4rrk1/5ppp/p1pb4/1p1n3q/3P2b1/1BP3P1/PP1N1PQP/R1B1R1K1,,,7,35,27,False,202203
202203018303033,35,e1e8,13.0,True,145.0,157.0,4rrk1/5ppp/p1pb4/1p1n3q/3P2b1/1BP3P1/PP1N1PQP/R1B1R1K1,,,7,35,27,False,202203
202203018572180,35,e1e8,14.0,True,170.0,186.0,4rrk1/5ppp/p1pb4/1p1n3q/3P2b1/1BP3P1/PP1N1PQP/R1B1R1K1,,,7,35,27,False,202203
202203018984524,35,e1f1,4.0,True,153.0,165.0,4rrk1/5ppp/p1pb4/1p1n3q/3P2b1/1BP3P1/PP1N1PQP/R1B1R1K1,,,7,35,27,False,202203
202203054107127,35,d2e4,,True,,,4rrk1/5ppp/p1pb4/1p1n3q/3P2b1/1BP3P1/PP1N1PQP/R1B1R1K1,,,7,35,27,False,202203
202203054393953,35,e1e8,20.0,True,55.0,119.0,4rrk1/5ppp/p1pb4/1p1n3q/3P2b1/1BP3P1/PP1N1PQP/R1B1R1K1,,,7,35,27,False,202203
202203016093708,35,e1f1,44.0,True,285.0,333.0,4rrk1/5ppp/p1pb4/1p1n3q/3P2b1/1BP3P1/PP1N1PQP/R1B1R1K1,,,7,35,27,False,202203
202203016800892,35,e1e8,27.0,True,261.0,242.0,4rrk1/5ppp/p1pb4/1p1n3q/3P2b1/1BP3P1/PP1N1PQP/R1B1R1K1,,,7,35,27,False,202203
202203072273988,35,g2f1,36.0,True,110.0,133.0,4rrk1/5ppp/p1pb4/1p1n3q/3P2b1/1BP3P1/PP1N1PQP/R1B1R1K1,,,7,35,27,False,202203
202203072334556,35,g2f1,18.0,True,296.0,317.0,4rrk1/5ppp/p1pb4/1p1n3q/3P2b1/1BP3P1/PP1N1PQP/R1B1R1K1,,,7,35,27,False,202203
202203072613641,35,e1e4,9.0,True,192.0,152.0,4rrk1/5ppp/p1pb4/1p1n3q/3P2b1/1BP3P1/PP1N1PQP/R1B1R1K1,,,7,35,27,False,202203
202203072742556,35,d2e4,14.0,True,518.0,485.0,4rrk1/5ppp/p1pb4/1p1n3q/3P2b1/1BP3P1/PP1N1PQP/R1B1R1K1,,,7,35,27,False,202203
202203072760116,35,d2e4,4.0,True,49.0,54.0,4rrk1/5ppp/p1pb4/1p1n3q/3P2b1/1BP3P1/PP1N1PQP/R1B1R1K1,,,7,35,27,False,202203
202203072911395,35,d2e4,8.0,True,94.0,112.0,4rrk1/5ppp/p1pb4/1p1n3q/3P2b1/1BP3P1/PP1N1PQP/R1B1R1K1,,,7,35,27,False,202203
202203072912661,35,g1f1,11.0,True,101.0,123.0,4rrk1/5ppp/p1pb4/1p1n3q/3P2b1/1BP3P1/PP1N1PQP/R1B1R1K1,,,7,35,27,False,202203
202203072927239,35,d2e4,25.0,True,139.0,147.0,4rrk1/5ppp/p1pb4/1p1n3q/3P2b1/1BP3P1/PP1N1PQP/R1B1R1K1,,,7,35,27,False,202203
202203072975765,35,e1e8,19.0,True,213.0,229.0,4rrk1/5ppp/p1pb4/1p1n3q/3P2b1/1BP3P1/PP1N1PQP/R1B1R1K1,,,7,35,27,False,202203
202203083044698,35,g2f1,12.0,True,161.0,166.0,4rrk1/5ppp/p1pb4/1p1n3q/3P2b1/1BP3P1/PP1N1PQP/R1B1R1K1,,,7,35,27,False,202203
202203083044698,39,e1f1,10.0,True,144.0,137.0,4rrk1/5ppp/p1pb4/1p1n3q/3P2b1/1BP3P1/PP1N1PQP/R1B1R1K1,,,11,35,27,False,202203
202203030634175,35,e1e8,6.0,True,35.0,49.0,4rrk1/5ppp/p1pb4/1p1n3q/3P2b1/1BP3P1/PP1N1PQP/R1B1R1K1,,,7,35,27,False,202203
202203030806190,35,d2e4,3.0,True,110.0,116.0,4rrk1/5ppp/p1pb4/1p1n3q/3P2b1/1BP3P1/PP1N1PQP/R1B1R1K1,,,7,35,27,False,202203
202203030989176,35,e1e8,5.0,True,264.0,237.0,4rrk1/5ppp/p1pb4/1p1n3q/3P2b1/1BP3P1/PP1N1PQP/R1B1R1K1,,,7,35,27,False,202203
202203019129648,35,e1e4,34.0,True,137.0,196.0,4rrk1/5ppp/p1pb4/1p1n3q/3P2b1/1BP3P1/PP1N1PQP/R1B1R1K1,,,7,35,27,False,202203
202203019729593,35,e1e8,7.0,True,211.0,223.0,4rrk1/5ppp/p1pb4/1p1n3q/3P2b1/1BP3P1/PP1N1PQP/R1B1R1K1,,,7,35,27,False,202203
202203073435109,35,e1e8,20.0,True,185.0,179.0,4rrk1/5ppp/p1pb4/1p1n3q/3P2b1/1BP3P1/PP1N1PQP/R1B1R1K1,,,7,35,27,False,202203
202203073553603,35,e1f1,27.0,True,140.0,167.0,4rrk1/5ppp/p1pb4/1p1n3q/3P2b1/1BP3P1/PP1N1PQP/R1B1R1K1,,,7,35,27,False,202203
202203073965119,35,d2e4,94.0,True,665.0,1051.0,4rrk1/5ppp/p1pb4/1p1n3q/3P2b1/1BP3P1/PP1N1PQP/R1B1R1K1,,,7,35,27,False,202203
202203015040956,35,e1e8,8.0,True,513.0,552.0,4rrk1/5ppp/p1pb4/1p1n3q/3P2b1/1BP3P1/PP1N1PQP/R1B1R1K1,,,7,35,27,False,202203
202203015572689,35,e1e8,2.0,True,112.0,121.0,4rrk1/5ppp/p1pb4/1p1n3q/3P2b1/1BP3P1/PP1N1PQP/R1B1R1K1,,,7,35,27,False,202203
202203015993149,35,e1e8,31.0,True,144.0,172.0,4rrk1/5ppp/p1pb4/1p1n3q/3P2b1/1BP3P1/PP1N1PQP/R1B1R1K1,,,7,35,27,False,202203
202203067011652,35,d2e4,13.0,True,118.0,193.0,4rrk1/5ppp/p1pb4/1p1n3q/3P2b1/1BP3P1/PP1N1PQP/R1B1R1K1,,,7,35,27,False,202203
202203067099186,35,e1e8,9.0,True,37.0,46.0,4rrk1/5ppp/p1pb4/1p1n3q/3P2b1/1BP3P1/PP1N1PQP/R1B1R1K1,,,7,35,27,False,202203
202203067116971,35,e1e8,3.0,True,557.0,585.0,4rrk1/5ppp/p1pb4/1p1n3q/3P2b1/1BP3P1/PP1N1PQP/R1B1R1K1,,,7,35,27,False,202203
202203067369938,35,e1e8,12.0,True,168.0,191.0,4rrk1/5ppp/p1pb4/1p1n3q/3P2b1/1BP3P1/PP1N1PQP/R1B1R1K1,,,7,35,27,False,202203
202203026308680,35,e1e8,22.0,True,33.0,20.0,4rrk1/5ppp/p1pb4/1p1n3q/3P2b1/1BP3P1/PP1N1PQP/R1B1R1K1,,,7,35,27,False,202203
202203026822962,35,e1f1,49.0,True,145.0,165.0,4rrk1/5ppp/p1pb4/1p1n3q/3P2b1/1BP3P1/PP1N1PQP/R1B1R1K1,,,7,35,27,False,202203
202203079084139,35,e1f1,35.0,True,96.0,109.0,4rrk1/5ppp/p1pb4/1p1n3q/3P2b1/1BP3P1/PP1N1PQP/R1B1R1K1,,,7,35,27,False,202203
202203079844349,35,e1e8,31.0,True,157.0,194.0,4rrk1/5ppp/p1pb4/1p1n3q/3P2b1/1BP3P1/PP1N1PQP/R1B1R1K1,,,7,35,27,False,202203
202203002042465,35,e1e8,3.0,True,65.0,170.0,4rrk1/5ppp/p1pb4/1p1n3q/3P2b1/1BP3P1/PP1N1PQP/R1B1R1K1,,,7,35,27,False,202203
202203002198211,35,e1e8,47.0,True,162.0,199.0,4rrk1/5ppp/p1pb4/1p1n3q/3P2b1/1BP3P1/PP1N1PQP/R1B1R1K1,,,7,35,27,False,202203
202203002564921,35,e1e8,4.0,True,141.0,165.0,4rrk1/5ppp/p1pb4/1p1n3q/3P2b1/1BP3P1/PP1N1PQP/R1B1R1K1,,,7,35,27,False,202203
202203002579533,35,e1e8,9.0,True,144.0,156.0,4rrk1/5ppp/p1pb4/1p1n3q/3P2b1/1BP3P1/PP1N1PQP/R1B1R1K1,,,7,35,27,False,202203
202203002797252,35,e1e8,4.0,True,165.0,181.0,4rrk1/5ppp/p1pb4/1p1n3q/3P2b1/1BP3P1/PP1N1PQP/R1B1R1K1,,,7,35,27,False,202203
202203014244948,35,e1e8,18.0,True,247.0,283.0,4rrk1/5ppp/p1pb4/1p1n3q/3P2b1/1BP3P1/PP1N1PQP/R1B1R1K1,,,7,35,27,False,202203
202203014342768,35,e1e8,13.0,True,534.0,571.0,4rrk1/5ppp/p1pb4/1p1n3q/3P2b1/1BP3P1/PP1N1PQP/R1B1R1K1,,,7,35,27,False,202203
202203014380022,35,e1e8,138.0,True,493.0,626.0,4rrk1/5ppp/p1pb4/1p1n3q/3P2b1/1BP3P1/PP1N1PQP/R1B1R1K1,,,7,35,27,False,202203
202203014418999,35,e1f1,24.0,True,240.0,276.0,4rrk1/5ppp/p1pb4/1p1n3q/3P2b1/1BP3P1/PP1N1PQP/R1B1R1K1,,,7,35,27,False,202203
202203014658668,35,d2e4,14.0,True,70.0,68.0,4rrk1/5ppp/p1pb4/1p1n3q/3P2b1/1BP3P1/PP1N1PQP/R1B1R1K1,,,7,35,27,False,202203
202203007139308,35,e1e4,80.0,True,137.0,147.0,4rrk1/5ppp/p1pb4/1p1n3q/3P2b1/1BP3P1/PP1N1PQP/R1B1R1K1,,,7,35,27,False,202203
202203007346450,35,e1e8,11.0,True,148.0,158.0,4rrk1/5ppp/p1pb4/1p1n3q/3P2b1/1BP3P1/PP1N1PQP/R1B1R1K1,,,7,35,27,False,202203
202203024187485,35,d2e4,9.0,True,79.0,170.0,4rrk1/5ppp/p1pb4/1p1n3q/3P2b1/1BP3P1/PP1N1PQP/R1B1R1K1,,,7,35,27,False,202203
202203024217242,35,e1f1,56.0,True,144.0,162.0,4rrk1/5ppp/p1pb4/1p1n3q/3P2b1/1BP3P1/PP1N1PQP/R1B1R1K1,,,7,35,27,False,202203
202203024537141,35,e1e8,64.0,True,529.0,529.0,4rrk1/5ppp/p1pb4/1p1n3q/3P2b1/1BP3P1/PP1N1PQP/R1B1R1K1,,,7,35,27,False,202203
202203024777807,35,e1e8,33.0,True,140.0,158.0,4rrk1/5ppp/p1pb4/1p1n3q/3P2b1/1BP3P1/PP1N1PQP/R1B1R1K1,,,7,35,27,False,202203
202203024801126,35,e1f1,38.0,True,229.0,287.0,4rrk1/5ppp/p1pb4/1p1n3q/3P2b1/1BP3P1/PP1N1PQP/R1B1R1K1,,,7,35,27,False,202203
202203045035268,35,e1e4,29.0,True,273.0,286.0,4rrk1/5ppp/p1pb4/1p1n3q/3P2b1/1BP3P1/PP1N1PQP/R1B1R1K1,,,7,35,27,False,202203
202203045140327,35,e1e8,30.0,True,88.0,118.0,4rrk1/5ppp/p1pb4/1p1n3q/3P2b1/1BP3P1/PP1N1PQP/R1B1R1K1,,,7,35,27,False,202203
202203045170975,35,d2e4,3.0,True,210.0,264.0,4rrk1/5ppp/p1pb4/1p1n3q/3P2b1/1BP3P1/PP1N1PQP/R1B1R1K1,,,7,35,27,False,202203
202203045358857,35,e1e8,55.0,True,85.0,184.0,4rrk1/5ppp/p1pb4/1p1n3q/3P2b1/1BP3P1/PP1N1PQP/R1B1R1K1,,,7,35,27,False,202203
202203045646578,35,d2e4,1.0,True,43.0,45.0,4rrk1/5ppp/p1pb4/1p1n3q/3P2b1/1BP3P1/PP1N1PQP/R1B1R1K1,,,7,35,27,False,202203
202203045961944,35,e1e8,37.0,True,1325.0,1393.0,4rrk1/5ppp/p1pb4/1p1n3q/3P2b1/1BP3P1/PP1N1PQP/R1B1R1K1,,,7,35,27,False,202203
202203052190459,35,e1f1,7.0,True,133.0,139.0,4rrk1/5ppp/p1pb4/1p1n3q/3P2b1/1BP3P1/PP1N1PQP/R1B1R1K1,,,7,35,27,False,202203
202203052402847,35,e1e8,19.0,True,480.0,536.0,4rrk1/5ppp/p1pb4/1p1n3q/3P2b1/1BP3P1/PP1N1PQP/R1B1R1K1,,,7,35,27,False,202203
202203008482496,35,e1e8,23.0,True,510.0,571.0,4rrk1/5ppp/p1pb4/1p1n3q/3P2b1/1BP3P1/PP1N1PQP/R1B1R1K1,,,7,35,27,False,202203
202203066540428,35,e1f1,10.0,True,135.0,154.0,4rrk1/5ppp/p1pb4/1p1n3q/3P2b1/1BP3P1/PP1N1PQP/R1B1R1K1,,,7,35,27,False,202203
202203066873588,35,e1e8,32.0,True,116.0,187.0,4rrk1/5ppp/p1pb4/1p1n3q/3P2b1/1BP3P1/PP1N1PQP/R1B1R1K1,,,7,35,27,False,202203
202203064068987,35,e1e8,5.0,True,46.0,46.0,4rrk1/5ppp/p1pb4/1p1n3q/3P2b1/1BP3P1/PP1N1PQP/R1B1R1K1,,,7,35,27,False,202203
202203064270007,35,e1e4,78.0,True,255.0,304.0,4rrk1/5ppp/p1pb4/1p1n3q/3P2b1/1BP3P1/PP1N1PQP/R1B1R1K1,,,7,35,27,False,202203
202203064520458,35,e1e8,5.0,True,307.0,328.0,4rrk1/5ppp/p1pb4/1p1n3q/3P2b1/1BP3P1/PP1N1PQP/R1B1R1K1,,,7,35,27,False,202203
202203064606810,35,e1e8,3.0,True,18.0,49.0,4rrk1/5ppp/p1pb4/1p1n3q/3P2b1/1BP3P1/PP1N1PQP/R1B1R1K1,,,7,35,27,False,202203
202203064685613,35,e1e8,5.0,True,253.0,255.0,4rrk1/5ppp/p1pb4/1p1n3q/3P2b1/1BP3P1/PP1N1PQP/R1B1R1K1,,,7,35,27,False,202203
202203041436602,35,e1e8,40.0,True,146.0,187.0,4rrk1/5ppp/p1pb4/1p1n3q/3P2b1/1BP3P1/PP1N1PQP/R1B1R1K1,,,7,35,27,False,202203
202203029510953,35,e1e8,24.0,True,269.0,292.0,4rrk1/5ppp/p1pb4/1p1n3q/3P2b1/1BP3P1/PP1N1PQP/R1B1R1K1,,,7,35,27,False,202203
202203029588015,35,e1e8,24.0,True,110.0,117.0,4rrk1/5ppp/p1pb4/1p1n3q/3P2b1/1BP3P1/PP1N1PQP/R1B1R1K1,,,7,35,27,False,202203
202203029975049,35,e1e8,12.0,True,107.0,111.0,4rrk1/5ppp/p1pb4/1p1n3q/3P2b1/1BP3P1/PP1N1PQP/R1B1R1K1,,,7,35,27,False,202203
202203013353400,35,e1f1,20.0,True,266.0,286.0,4rrk1/5ppp/p1pb4/1p1n3q/3P2b1/1BP3P1/PP1N1PQP/R1B1R1K1,,,7,35,27,False,202203
202203013597831,35,e1f1,23.0,True,1645.0,1440.0,4rrk1/5ppp/p1pb4/1p1n3q/3P2b1/1BP3P1/PP1N1PQP/R1B1R1K1,,,7,35,27,False,202203
202203013687642,35,g2f1,61.0,True,147.0,188.0,4rrk1/5ppp/p1pb4/1p1n3q/3P2b1/1BP3P1/PP1N1PQP/R1B1R1K1,,,7,35,27,False,202203
202203013966857,35,g2f1,43.0,True,155.0,168.0,4rrk1/5ppp/p1pb4/1p1n3q/3P2b1/1BP3P1/PP1N1PQP/R1B1R1K1,,,7,35,27,False,202203
202203081305497,35,e1e8,5.0,True,256.0,235.0,4rrk1/5ppp/p1pb4/1p1n3q/3P2b1/1BP3P1/PP1N1PQP/R1B1R1K1,,,7,35,27,False,202203
202203081606456,35,e1f1,28.0,True,512.0,562.0,4rrk1/5ppp/p1pb4/1p1n3q/3P2b1/1BP3P1/PP1N1PQP/R1B1R1K1,,,7,35,27,False,202203
202203081822558,35,e1f1,77.0,True,527.0,376.0,4rrk1/5ppp/p1pb4/1p1n3q/3P2b1/1BP3P1/PP1N1PQP/R1B1R1K1,,,7,35,27,False,202203
202203011050391,35,d2e4,4.0,True,248.0,212.0,4rrk1/5ppp/p1pb4/1p1n3q/3P2b1/1BP3P1/PP1N1PQP/R1B1R1K1,,,7,35,27,False,202203
202203011124071,35,e1e8,22.0,True,243.0,267.0,4rrk1/5ppp/p1pb4/1p1n3q/3P2b1/1BP3P1/PP1N1PQP/R1B1R1K1,,,7,35,27,False,202203
202203011130390,35,e1e8,22.0,True,141.0,179.0,4rrk1/5ppp/p1pb4/1p1n3q/3P2b1/1BP3P1/PP1N1PQP/R1B1R1K1,,,7,35,27,False,202203
202203011228359,35,g2f1,27.0,True,113.0,150.0,4rrk1/5ppp/p1pb4/1p1n3q/3P2b1/1BP3P1/PP1N1PQP/R1B1R1K1,,,7,35,27,False,202203
202203011309889,35,e1e8,81.0,True,469.0,448.0,4rrk1/5ppp/p1pb4/1p1n3q/3P2b1/1BP3P1/PP1N1PQP/R1B1R1K1,,,7,35,27,False,202203
202203011700066,35,e1e5,18.0,True,243.0,275.0,4rrk1/5ppp/p1pb4/1p1n3q/3P2b1/1BP3P1/PP1N1PQP/R1B1R1K1,,,7,35,27,False,202203
202203011933140,35,e1e8,29.0,True,118.0,168.0,4rrk1/5ppp/p1pb4/1p1n3q/3P2b1/1BP3P1/PP1N1PQP/R1B1R1K1,,,7,35,27,False,202203
202203046101840,37,e1e4,54.0,True,150.0,123.0,4rrk1/5ppp/p1pb4/1p1n3q/3P2b1/1BP3P1/PP1N1PQP/R1B1R1K1,,,7,35,27,False,202203
202203046226914,35,e1e8,3.0,True,109.0,117.0,4rrk1/5ppp/p1pb4/1p1n3q/3P2b1/1BP3P1/PP1N1PQP/R1B1R1K1,,,7,35,27,False,202203
202203025639892,35,e1e8,4.0,True,45.0,94.0,4rrk1/5ppp/p1pb4/1p1n3q/3P2b1/1BP3P1/PP1N1PQP/R1B1R1K1,,,7,35,27,False,202203
202203025690825,35,e1e8,6.0,True,146.0,159.0,4rrk1/5ppp/p1pb4/1p1n3q/3P2b1/1BP3P1/PP1N1PQP/R1B1R1K1,,,7,35,27,False,202203
202203025770370,37,g2f1,25.0,True,211.0,265.0,4rrk1/5ppp/p1pb4/1p1n3q/3P2b1/1BP3P1/PP1N1PQP/R1B1R1K1,,,7,35,27,False,202203
202204070048030,35,e1e8,15.0,True,90.0,114.0,4rrk1/5ppp/p1pb4/1p1n3q/3P2b1/1BP3P1/PP1N1PQP/R1B1R1K1,,,7,35,27,False,202204
202204070305617,35,e1e8,5.0,True,115.0,95.0,4rrk1/5ppp/p1pb4/1p1n3q/3P2b1/1BP3P1/PP1N1PQP/R1B1R1K1,,,7,35,27,False,202204
202204070737606,35,e1e8,10.0,True,137.0,150.0,4rrk1/5ppp/p1pb4/1p1n3q/3P2b1/1BP3P1/PP1N1PQP/R1B1R1K1,,,7,35,27,False,202204
202204048108206,35,e1e8,36.0,True,140.0,156.0,4rrk1/5ppp/p1pb4/1p1n3q/3P2b1/1BP3P1/PP1N1PQP/R1B1R1K1,,,7,35,27,False,202204
202204048112368,35,e1e8,21.0,True,276.0,280.0,4rrk1/5ppp/p1pb4/1p1n3q/3P2b1/1BP3P1/PP1N1PQP/R1B1R1K1,,,7,35,27,False,202204
202204048442076,35,e1e8,9.0,True,163.0,173.0,4rrk1/5ppp/p1pb4/1p1n3q/3P2b1/1BP3P1/PP1N1PQP/R1B1R1K1,,,7,35,27,False,202204
202204048552266,35,e1e8,5.0,True,72.0,117.0,4rrk1/5ppp/p1pb4/1p1n3q/3P2b1/1BP3P1/PP1N1PQP/R1B1R1K1,,,7,35,27,False,202204
202204048893889,35,d2e4,17.0,True,168.0,154.0,4rrk1/5ppp/p1pb4/1p1n3q/3P2b1/1BP3P1/PP1N1PQP/R1B1R1K1,,,7,35,27,False,202204
202204077091882,35,d2e4,22.0,True,160.0,163.0,4rrk1/5ppp/p1pb4/1p1n3q/3P2b1/1BP3P1/PP1N1PQP/R1B1R1K1,,,7,35,27,False,202204
202204077279557,35,d2e4,9.0,True,247.0,274.0,4rrk1/5ppp/p1pb4/1p1n3q/3P2b1/1BP3P1/PP1N1PQP/R1B1R1K1,,,7,35,27,False,202204
202204077846758,35,d2e4,13.0,True,39.0,49.0,4rrk1/5ppp/p1pb4/1p1n3q/3P2b1/1BP3P1/PP1N1PQP/R1B1R1K1,,,7,35,27,False,202204
202204035247239,35,d2e4,20.0,True,171.0,178.0,4rrk1/5ppp/p1pb4/1p1n3q/3P2b1/1BP3P1/PP1N1PQP/R1B1R1K1,,,7,35,27,False,202204
202204032117756,35,e1e8,12.0,True,50.0,115.0,4rrk1/5ppp/p1pb4/1p1n3q/3P2b1/1BP3P1/PP1N1PQP/R1B1R1K1,,,7,35,27,False,202204
202204032290394,35,e1f1,6.0,True,985.0,937.0,4rrk1/5ppp/p1pb4/1p1n3q/3P2b1/1BP3P1/PP1N1PQP/R1B1R1K1,,,7,35,27,False,202204
202204032761170,35,e1f1,7.0,True,150.0,176.0,4rrk1/5ppp/p1pb4/1p1n3q/3P2b1/1BP3P1/PP1N1PQP/R1B1R1K1,,,7,35,27,False,202204
202204032778019,35,e1e8,6.0,True,42.0,48.0,4rrk1/5ppp/p1pb4/1p1n3q/3P2b1/1BP3P1/PP1N1PQP/R1B1R1K1,,,7,35,27,False,202204
202204032861923,35,e1e8,63.0,True,283.0,259.0,4rrk1/5ppp/p1pb4/1p1n3q/3P2b1/1BP3P1/PP1N1PQP/R1B1R1K1,,,7,35,27,False,202204
202204006277506,35,e1e8,17.0,True,208.0,250.0,4rrk1/5ppp/p1pb4/1p1n3q/3P2b1/1BP3P1/PP1N1PQP/R1B1R1K1,,,7,35,27,False,202204
202204006296373,35,f2f3,80.0,True,162.0,160.0,4rrk1/5ppp/p1pb4/1p1n3q/3P2b1/1BP3P1/PP1N1PQP/R1B1R1K1,,,7,35,27,False,202204
202204087468011,35,e1f1,25.0,True,563.0,551.0,4rrk1/5ppp/p1pb4/1p1n3q/3P2b1/1BP3P1/PP1N1PQP/R1B1R1K1,,,7,35,27,False,202204
202204065294039,35,e1e8,16.0,True,1949.0,1991.0,4rrk1/5ppp/p1pb4/1p1n3q/3P2b1/1BP3P1/PP1N1PQP/R1B1R1K1,,,7,35,27,False,202204
202204065804375,35,d2e4,1.0,True,157.0,182.0,4rrk1/5ppp/p1pb4/1p1n3q/3P2b1/1BP3P1/PP1N1PQP/R1B1R1K1,,,7,35,27,False,202204
202204049174646,35,g2f1,19.0,True,155.0,162.0,4rrk1/5ppp/p1pb4/1p1n3q/3P2b1/1BP3P1/PP1N1PQP/R1B1R1K1,,,7,35,27,False,202204
202204049344715,35,d2e4,43.0,True,932.0,800.0,4rrk1/5ppp/p1pb4/1p1n3q/3P2b1/1BP3P1/PP1N1PQP/R1B1R1K1,,,7,35,27,False,202204
202204049807695,35,e1e8,15.0,True,91.0,114.0,4rrk1/5ppp/p1pb4/1p1n3q/3P2b1/1BP3P1/PP1N1PQP/R1B1R1K1,,,7,35,27,False,202204
202204049855521,35,e1f1,11.0,True,146.0,164.0,4rrk1/5ppp/p1pb4/1p1n3q/3P2b1/1BP3P1/PP1N1PQP/R1B1R1K1,,,7,35,27,False,202204
202204001232270,35,g1f1,12.0,True,167.0,186.0,4rrk1/5ppp/p1pb4/1p1n3q/3P2b1/1BP3P1/PP1N1PQP/R1B1R1K1,,,7,35,27,False,202204
202204001341969,35,e1e8,22.0,True,473.0,532.0,4rrk1/5ppp/p1pb4/1p1n3q/3P2b1/1BP3P1/PP1N1PQP/R1B1R1K1,,,7,35,27,False,202204
202204001440365,35,e1e4,9.0,True,155.0,149.0,4rrk1/5ppp/p1pb4/1p1n3q/3P2b1/1BP3P1/PP1N1PQP/R1B1R1K1,,,7,35,27,False,202204
202204001861931,35,d2e4,7.0,True,185.0,196.0,4rrk1/5ppp/p1pb4/1p1n3q/3P2b1/1BP3P1/PP1N1PQP/R1B1R1K1,,,7,35,27,False,202204
202204001954067,35,b3c2,22.0,True,284.0,323.0,4rrk1/5ppp/p1pb4/1p1n3q/3P2b1/1BP3P1/PP1N1PQP/R1B1R1K1,,,7,35,27,False,202204
202204005117288,35,e1f1,37.0,True,126.0,163.0,4rrk1/5ppp/p1pb4/1p1n3q/3P2b1/1BP3P1/PP1N1PQP/R1B1R1K1,,,7,35,27,False,202204
202204005171332,35,e1e8,10.0,True,104.0,121.0,4rrk1/5ppp/p1pb4/1p1n3q/3P2b1/1BP3P1/PP1N1PQP/R1B1R1K1,,,7,35,27,False,202204
202204005464108,35,e1f1,19.0,True,550.0,521.0,4rrk1/5ppp/p1pb4/1p1n3q/3P2b1/1BP3P1/PP1N1PQP/R1B1R1K1,,,7,35,27,False,202204
202204005570832,35,d2e4,9.0,True,188.0,258.0,4rrk1/5ppp/p1pb4/1p1n3q/3P2b1/1BP3P1/PP1N1PQP/R1B1R1K1,,,7,35,27,False,202204
202204005763989,35,e1f1,27.0,True,49.0,146.0,4rrk1/5ppp/p1pb4/1p1n3q/3P2b1/1BP3P1/PP1N1PQP/R1B1R1K1,,,7,35,27,False,202204
202204061071017,35,e1f1,29.0,True,82.0,117.0,4rrk1/5ppp/p1pb4/1p1n3q/3P2b1/1BP3P1/PP1N1PQP/R1B1R1K1,,,7,35,27,False,202204
202204061122799,35,e1e4,8.0,True,161.0,167.0,4rrk1/5ppp/p1pb4/1p1n3q/3P2b1/1BP3P1/PP1N1PQP/R1B1R1K1,,,7,35,27,False,202204
202204061240913,35,e1e8,26.0,True,177.0,197.0,4rrk1/5ppp/p1pb4/1p1n3q/3P2b1/1BP3P1/PP1N1PQP/R1B1R1K1,,,7,35,27,False,202204
202204061380107,35,e1e8,6.0,True,170.0,177.0,4rrk1/5ppp/p1pb4/1p1n3q/3P2b1/1BP3P1/PP1N1PQP/R1B1R1K1,,,7,35,27,False,202204
202204061463085,35,e1f1,21.0,True,97.0,124.0,4rrk1/5ppp/p1pb4/1p1n3q/3P2b1/1BP3P1/PP1N1PQP/R1B1R1K1,,,7,35,27,False,202204
202204061935717,35,e1e8,10.0,True,179.0,171.0,4rrk1/5ppp/p1pb4/1p1n3q/3P2b1/1BP3P1/PP1N1PQP/R1B1R1K1,,,7,35,27,False,202204
202204036207052,35,e1e8,6.0,True,102.0,103.0,4rrk1/5ppp/p1pb4/1p1n3q/3P2b1/1BP3P1/PP1N1PQP/R1B1R1K1,,,7,35,27,False,202204
202204036266222,35,e1e8,11.0,True,98.0,117.0,4rrk1/5ppp/p1pb4/1p1n3q/3P2b1/1BP3P1/PP1N1PQP/R1B1R1K1,,,7,35,27,False,202204
202204036614569,35,e1e8,130.0,True,544.0,520.0,4rrk1/5ppp/p1pb4/1p1n3q/3P2b1/1BP3P1/PP1N1PQP/R1B1R1K1,,,7,35,27,False,202204
202204036694407,35,e1f1,6.0,True,272.0,282.0,4rrk1/5ppp/p1pb4/1p1n3q/3P2b1/1BP3P1/PP1N1PQP/R1B1R1K1,,,7,35,27,False,202204
202204036724483,35,d2e4,8.0,True,185.0,173.0,4rrk1/5ppp/p1pb4/1p1n3q/3P2b1/1BP3P1/PP1N1PQP/R1B1R1K1,,,7,35,27,False,202204
202204036904422,35,g1f1,13.0,True,178.0,149.0,4rrk1/5ppp/p1pb4/1p1n3q/3P2b1/1BP3P1/PP1N1PQP/R1B1R1K1,,,7,35,27,False,202204
202204023397880,35,e1e8,18.0,True,160.0,128.0,4rrk1/5ppp/p1pb4/1p1n3q/3P2b1/1BP3P1/PP1N1PQP/R1B1R1K1,,,7,35,27,False,202204
202204023456555,35,e1e8,2.0,True,255.0,262.0,4rrk1/5ppp/p1pb4/1p1n3q/3P2b1/1BP3P1/PP1N1PQP/R1B1R1K1,,,7,35,27,False,202204
202204023492505,35,d2e4,3.0,True,72.0,113.0,4rrk1/5ppp/p1pb4/1p1n3q/3P2b1/1BP3P1/PP1N1PQP/R1B1R1K1,,,7,35,27,False,202204
202204023627485,35,e1e8,10.0,True,119.0,159.0,4rrk1/5ppp/p1pb4/1p1n3q/3P2b1/1BP3P1/PP1N1PQP/R1B1R1K1,,,7,35,27,False,202204
202204023841434,35,e1f1,25.0,True,103.0,111.0,4rrk1/5ppp/p1pb4/1p1n3q/3P2b1/1BP3P1/PP1N1PQP/R1B1R1K1,,,7,35,27,False,202204
202204009100766,35,g2f1,39.0,True,179.0,161.0,4rrk1/5ppp/p1pb4/1p1n3q/3P2b1/1BP3P1/PP1N1PQP/R1B1R1K1,,,7,35,27,False,202204
202204009209606,35,b3d5,19.0,True,207.0,273.0,4rrk1/5ppp/p1pb4/1p1n3q/3P2b1/1BP3P1/PP1N1PQP/R1B1R1K1,,,7,35,27,False,202204
202204009396764,35,e1e8,32.0,True,159.0,158.0,4rrk1/5ppp/p1pb4/1p1n3q/3P2b1/1BP3P1/PP1N1PQP/R1B1R1K1,,,7,35,27,False,202204
202204009502718,35,e1e4,57.0,True,140.0,156.0,4rrk1/5ppp/p1pb4/1p1n3q/3P2b1/1BP3P1/PP1N1PQP/R1B1R1K1,,,7,35,27,False,202204
202204009685821,35,e1e8,24.0,True,153.0,191.0,4rrk1/5ppp/p1pb4/1p1n3q/3P2b1/1BP3P1/PP1N1PQP/R1B1R1K1,,,7,35,27,False,202204
202204063105406,35,e1e8,41.0,True,767.0,1007.0,4rrk1/5ppp/p1pb4/1p1n3q/3P2b1/1BP3P1/PP1N1PQP/R1B1R1K1,,,7,35,27,False,202204
202204063318300,35,e1f1,17.0,True,152.0,185.0,4rrk1/5ppp/p1pb4/1p1n3q/3P2b1/1BP3P1/PP1N1PQP/R1B1R1K1,,,7,35,27,False,202204
202204063355498,35,d2e4,10.0,True,129.0,191.0,4rrk1/5ppp/p1pb4/1p1n3q/3P2b1/1BP3P1/PP1N1PQP/R1B1R1K1,,,7,35,27,False,202204
202204063486148,35,d2e4,11.0,True,185.0,169.0,4rrk1/5ppp/p1pb4/1p1n3q/3P2b1/1BP3P1/PP1N1PQP/R1B1R1K1,,,7,35,27,False,202204
202204059091559,35,d2e4,15.0,True,96.0,161.0,4rrk1/5ppp/p1pb4/1p1n3q/3P2b1/1BP3P1/PP1N1PQP/R1B1R1K1,,,7,35,27,False,202204
202204059959702,35,e1e8,25.0,True,1515.0,1681.0,4rrk1/5ppp/p1pb4/1p1n3q/3P2b1/1BP3P1/PP1N1PQP/R1B1R1K1,,,7,35,27,False,202204
202204074091421,35,d2e4,8.0,True,509.0,547.0,4rrk1/5ppp/p1pb4/1p1n3q/3P2b1/1BP3P1/PP1N1PQP/R1B1R1K1,,,7,35,27,False,202204
202204074345203,35,e1e8,3.0,True,31.0,52.0,4rrk1/5ppp/p1pb4/1p1n3q/3P2b1/1BP3P1/PP1N1PQP/R1B1R1K1,,,7,35,27,False,202204
202204074580533,35,e1f1,19.0,True,196.0,273.0,4rrk1/5ppp/p1pb4/1p1n3q/3P2b1/1BP3P1/PP1N1PQP/R1B1R1K1,,,7,35,27,False,202204
202204040213925,35,e1f1,18.0,True,179.0,287.0,4rrk1/5ppp/p1pb4/1p1n3q/3P2b1/1BP3P1/PP1N1PQP/R1B1R1K1,,,7,35,27,False,202204
202204040428201,35,d2e4,8.0,True,157.0,162.0,4rrk1/5ppp/p1pb4/1p1n3q/3P2b1/1BP3P1/PP1N1PQP/R1B1R1K1,,,7,35,27,False,202204
202204021288308,35,g1f1,28.0,True,505.0,576.0,4rrk1/5ppp/p1pb4/1p1n3q/3P2b1/1BP3P1/PP1N1PQP/R1B1R1K1,,,7,35,27,False,202204
202204021835787,35,e1e8,87.0,True,149.0,167.0,4rrk1/5ppp/p1pb4/1p1n3q/3P2b1/1BP3P1/PP1N1PQP/R1B1R1K1,,,7,35,27,False,202204
202204021858129,35,d2e4,4.0,True,116.0,180.0,4rrk1/5ppp/p1pb4/1p1n3q/3P2b1/1BP3P1/PP1N1PQP/R1B1R1K1,,,7,35,27,False,202204
202204062887431,35,e1e8,9.0,True,151.0,162.0,4rrk1/5ppp/p1pb4/1p1n3q/3P2b1/1BP3P1/PP1N1PQP/R1B1R1K1,,,7,35,27,False,202204
202204062999970,35,d2e4,30.0,True,154.0,215.0,4rrk1/5ppp/p1pb4/1p1n3q/3P2b1/1BP3P1/PP1N1PQP/R1B1R1K1,,,7,35,27,False,202204
202204022031602,35,e1e4,2.0,True,240.0,269.0,4rrk1/5ppp/p1pb4/1p1n3q/3P2b1/1BP3P1/PP1N1PQP/R1B1R1K1,,,7,35,27,False,202204
202204022049579,35,e1f1,72.0,True,181.0,189.0,4rrk1/5ppp/p1pb4/1p1n3q/3P2b1/1BP3P1/PP1N1PQP/R1B1R1K1,,,7,35,27,False,202204
202204022049579,39,g2f1,22.0,True,91.0,166.0,4rrk1/5ppp/p1pb4/1p1n3q/3P2b1/1BP3P1/PP1N1PQP/R1B1R1K1,,,11,35,27,False,202204
202204022171563,35,d2e4,318.0,True,861.0,868.0,4rrk1/5ppp/p1pb4/1p1n3q/3P2b1/1BP3P1/PP1N1PQP/R1B1R1K1,,,7,35,27,False,202204
202204022519457,35,e1e8,9.0,True,73.0,120.0,4rrk1/5ppp/p1pb4/1p1n3q/3P2b1/1BP3P1/PP1N1PQP/R1B1R1K1,,,7,35,27,False,202204
202204022533494,35,e1f1,11.0,True,155.0,167.0,4rrk1/5ppp/p1pb4/1p1n3q/3P2b1/1BP3P1/PP1N1PQP/R1B1R1K1,,,7,35,27,False,202204
202204022965549,35,e1f1,11.0,True,543.0,559.0,4rrk1/5ppp/p1pb4/1p1n3q/3P2b1/1BP3P1/PP1N1PQP/R1B1R1K1,,,7,35,27,False,202204
202204042102141,35,e1e8,82.0,True,241.0,301.0,4rrk1/5ppp/p1pb4/1p1n3q/3P2b1/1BP3P1/PP1N1PQP/R1B1R1K1,,,7,35,27,False,202204
202204042584391,35,e1f1,16.0,True,162.0,167.0,4rrk1/5ppp/p1pb4/1p1n3q/3P2b1/1BP3P1/PP1N1PQP/R1B1R1K1,,,7,35,27,False,202204
202204042742301,35,e1f1,21.0,True,194.0,181.0,4rrk1/5ppp/p1pb4/1p1n3q/3P2b1/1BP3P1/PP1N1PQP/R1B1R1K1,,,7,35,27,False,202204
202204042824699,35,e1e8,17.0,True,177.0,193.0,4rrk1/5ppp/p1pb4/1p1n3q/3P2b1/1BP3P1/PP1N1PQP/R1B1R1K1,,,7,35,27,False,202204
202204038416092,35,e1e4,31.0,True,247.0,201.0,4rrk1/5ppp/p1pb4/1p1n3q/3P2b1/1BP3P1/PP1N1PQP/R1B1R1K1,,,7,35,27,False,202204
202204038752752,35,e1e8,23.0,True,139.0,152.0,4rrk1/5ppp/p1pb4/1p1n3q/3P2b1/1BP3P1/PP1N1PQP/R1B1R1K1,,,7,35,27,False,202204
202204038777187,35,d2e4,3.0,True,72.0,166.0,4rrk1/5ppp/p1pb4/1p1n3q/3P2b1/1BP3P1/PP1N1PQP/R1B1R1K1,,,7,35,27,False,202204
202204039203613,35,e1e8,27.0,True,204.0,234.0,4rrk1/5ppp/p1pb4/1p1n3q/3P2b1/1BP3P1/PP1N1PQP/R1B1R1K1,,,7,35,27,False,202204
202204039223328,35,e1f1,87.0,True,523.0,577.0,4rrk1/5ppp/p1pb4/1p1n3q/3P2b1/1BP3P1/PP1N1PQP/R1B1R1K1,,,7,35,27,False,202204
202204080005300,35,e1f1,26.0,True,907.0,965.0,4rrk1/5ppp/p1pb4/1p1n3q/3P2b1/1BP3P1/PP1N1PQP/R1B1R1K1,,,7,35,27,False,202204
202204080070970,35,d2e4,13.0,True,145.0,189.0,4rrk1/5ppp/p1pb4/1p1n3q/3P2b1/1BP3P1/PP1N1PQP/R1B1R1K1,,,7,35,27,False,202204
202204080890445,35,e1e8,10.0,True,534.0,540.0,4rrk1/5ppp/p1pb4/1p1n3q/3P2b1/1BP3P1/PP1N1PQP/R1B1R1K1,,,7,35,27,False,202204
202204051042044,35,e1e8,16.0,True,107.0,122.0,4rrk1/5ppp/p1pb4/1p1n3q/3P2b1/1BP3P1/PP1N1PQP/R1B1R1K1,,,7,35,27,False,202204
202204051138140,35,e1e8,10.0,True,141.0,153.0,4rrk1/5ppp/p1pb4/1p1n3q/3P2b1/1BP3P1/PP1N1PQP/R1B1R1K1,,,7,35,27,False,202204
202204051591900,35,e1e8,42.0,True,559.0,518.0,4rrk1/5ppp/p1pb4/1p1n3q/3P2b1/1BP3P1/PP1N1PQP/R1B1R1K1,,,7,35,27,False,202204
202204051619188,35,e1f1,11.0,True,100.0,108.0,4rrk1/5ppp/p1pb4/1p1n3q/3P2b1/1BP3P1/PP1N1PQP/R1B1R1K1,,,7,35,27,False,202204
202204051637538,35,e1e8,9.0,True,158.0,184.0,4rrk1/5ppp/p1pb4/1p1n3q/3P2b1/1BP3P1/PP1N1PQP/R1B1R1K1,,,7,35,27,False,202204
202204051735377,35,e1f1,35.0,True,58.0,115.0,4rrk1/5ppp/p1pb4/1p1n3q/3P2b1/1BP3P1/PP1N1PQP/R1B1R1K1,,,7,35,27,False,202204
202204069624768,35,d2e4,22.0,True,149.0,158.0,4rrk1/5ppp/p1pb4/1p1n3q/3P2b1/1BP3P1/PP1N1PQP/R1B1R1K1,,,7,35,27,False,202204
202204069681486,35,e1e4,25.0,True,159.0,131.0,4rrk1/5ppp/p1pb4/1p1n3q/3P2b1/1BP3P1/PP1N1PQP/R1B1R1K1,,,7,35,27,False,202204
202204082520335,35,g1f1,27.0,True,147.0,166.0,4rrk1/5ppp/p1pb4/1p1n3q/3P2b1/1BP3P1/PP1N1PQP/R1B1R1K1,,,7,35,27,False,202204
202204082672944,35,d2e4,16.0,True,149.0,127.0,4rrk1/5ppp/p1pb4/1p1n3q/3P2b1/1BP3P1/PP1N1PQP/R1B1R1K1,,,7,35,27,False,202204
202204082688821,35,e1e8,77.0,True,131.0,186.0,4rrk1/5ppp/p1pb4/1p1n3q/3P2b1/1BP3P1/PP1N1PQP/R1B1R1K1,,,7,35,27,False,202204
202204082720282,37,e1e8,11.0,True,31.0,43.0,4rrk1/5ppp/p1pb4/1p1n3q/3P2b1/1BP3P1/PP1N1PQP/R1B1R1K1,,,7,35,27,False,202204
202204003691756,35,d2e4,34.0,True,196.0,271.0,4rrk1/5ppp/p1pb4/1p1n3q/3P2b1/1BP3P1/PP1N1PQP/R1B1R1K1,,,7,35,27,False,202204
202204003985111,39,d2e4,2.0,True,37.0,43.0,4rrk1/5ppp/p1pb4/1p1n3q/3P2b1/1BP3P1/PP1N1PQP/R1B1R1K1,,,11,35,27,False,202204
202204055119650,35,e1e8,36.0,True,537.0,581.0,4rrk1/5ppp/p1pb4/1p1n3q/3P2b1/1BP3P1/PP1N1PQP/R1B1R1K1,,,7,35,27,False,202204
202204055438189,35,e1e8,23.0,True,114.0,148.0,4rrk1/5ppp/p1pb4/1p1n3q/3P2b1/1BP3P1/PP1N1PQP/R1B1R1K1,,,7,35,27,False,202204
202204020228644,35,e1f1,8.0,True,92.0,91.0,4rrk1/5ppp/p1pb4/1p1n3q/3P2b1/1BP3P1/PP1N1PQP/R1B1R1K1,,,7,35,27,False,202204
202204020501493,35,e1e8,4.0,True,148.0,153.0,4rrk1/5ppp/p1pb4/1p1n3q/3P2b1/1BP3P1/PP1N1PQP/R1B1R1K1,,,7,35,27,False,202204
202204020658551,35,e1e4,29.0,True,376.0,569.0,4rrk1/5ppp/p1pb4/1p1n3q/3P2b1/1BP3P1/PP1N1PQP/R1B1R1K1,,,7,35,27,False,202204
202204004320862,35,g2f1,52.0,True,245.0,269.0,4rrk1/5ppp/p1pb4/1p1n3q/3P2b1/1BP3P1/PP1N1PQP/R1B1R1K1,,,7,35,27,False,202204
202204004527193,35,e1e8,7.0,True,152.0,168.0,4rrk1/5ppp/p1pb4/1p1n3q/3P2b1/1BP3P1/PP1N1PQP/R1B1R1K1,,,7,35,27,False,202204
202204031071258,35,b3d5,1.0,True,92.0,112.0,4rrk1/5ppp/p1pb4/1p1n3q/3P2b1/1BP3P1/PP1N1PQP/R1B1R1K1,,,7,35,27,False,202204
202204031414580,35,e1f1,22.0,True,256.0,272.0,4rrk1/5ppp/p1pb4/1p1n3q/3P2b1/1BP3P1/PP1N1PQP/R1B1R1K1,,,7,35,27,False,202204
202204031664982,35,e1f1,4.0,True,578.0,651.0,4rrk1/5ppp/p1pb4/1p1n3q/3P2b1/1BP3P1/PP1N1PQP/R1B1R1K1,,,7,35,27,False,202204
202204031693503,35,e1e4,22.0,True,170.0,226.0,4rrk1/5ppp/p1pb4/1p1n3q/3P2b1/1BP3P1/PP1N1PQP/R1B1R1K1,,,5,35,27,False,202204
202204031798727,35,e1f1,23.0,True,138.0,160.0,4rrk1/5ppp/p1pb4/1p1n3q/3P2b1/1BP3P1/PP1N1PQP/R1B1R1K1,,,7,35,27,False,202204
202204031930853,35,e1e8,6.0,True,119.0,119.0,4rrk1/5ppp/p1pb4/1p1n3q/3P2b1/1BP3P1/PP1N1PQP/R1B1R1K1,,,7,35,27,False,202204
202204060299942,35,e1f1,39.0,True,502.0,566.0,4rrk1/5ppp/p1pb4/1p1n3q/3P2b1/1BP3P1/PP1N1PQP/R1B1R1K1,,,7,35,27,False,202204
202204060411230,35,e1e8,7.0,True,147.0,188.0,4rrk1/5ppp/p1pb4/1p1n3q/3P2b1/1BP3P1/PP1N1PQP/R1B1R1K1,,,7,35,27,False,202204
202204060872085,35,d2e4,10.0,True,244.0,275.0,4rrk1/5ppp/p1pb4/1p1n3q/3P2b1/1BP3P1/PP1N1PQP/R1B1R1K1,,,7,35,27,False,202204
202204060935398,35,e1f1,55.0,True,71.0,122.0,4rrk1/5ppp/p1pb4/1p1n3q/3P2b1/1BP3P1/PP1N1PQP/R1B1R1K1,,,7,35,27,False,202204
202204060935398,39,e1f1,2.0,True,15.0,100.0,4rrk1/5ppp/p1pb4/1p1n3q/3P2b1/1BP3P1/PP1N1PQP/R1B1R1K1,,,11,35,27,False,202204
202204056653970,35,g1f1,10.0,True,83.0,77.0,4rrk1/5ppp/p1pb4/1p1n3q/3P2b1/1BP3P1/PP1N1PQP/R1B1R1K1,,,7,35,27,False,202204
202204058085512,35,e1f1,41.0,True,83.0,107.0,4rrk1/5ppp/p1pb4/1p1n3q/3P2b1/1BP3P1/PP1N1PQP/R1B1R1K1,,,7,35,27,False,202204
202204058316704,35,e1e8,9.0,True,175.0,75.0,4rrk1/5ppp/p1pb4/1p1n3q/3P2b1/1BP3P1/PP1N1PQP/R1B1R1K1,,,7,35,27,False,202204
202204058466577,35,e1f1,71.0,True,285.0,299.0,4rrk1/5ppp/p1pb4/1p1n3q/3P2b1/1BP3P1/PP1N1PQP/R1B1R1K1,,,7,35,27,False,202204
202204058719468,35,e1f1,77.0,True,251.0,274.0,4rrk1/5ppp/p1pb4/1p1n3q/3P2b1/1BP3P1/PP1N1PQP/R1B1R1K1,,,7,35,27,False,202204
202204058903559,35,e1f1,4.0,True,45.0,50.0,4rrk1/5ppp/p1pb4/1p1n3q/3P2b1/1BP3P1/PP1N1PQP/R1B1R1K1,,,7,35,27,False,202204
202204068207593,35,e1e8,38.0,True,290.0,316.0,4rrk1/5ppp/p1pb4/1p1n3q/3P2b1/1BP3P1/PP1N1PQP/R1B1R1K1,,,7,35,27,False,202204
202204068267439,35,e1f1,83.0,True,231.0,578.0,4rrk1/5ppp/p1pb4/1p1n3q/3P2b1/1BP3P1/PP1N1PQP/R1B1R1K1,,,7,35,27,False,202204
202204068326049,35,e1e8,10.0,True,191.0,201.0,4rrk1/5ppp/p1pb4/1p1n3q/3P2b1/1BP3P1/PP1N1PQP/R1B1R1K1,,,7,35,27,False,202204
202204068369057,35,e1e8,34.0,True,537.0,679.0,4rrk1/5ppp/p1pb4/1p1n3q/3P2b1/1BP3P1/PP1N1PQP/R1B1R1K1,,,7,35,27,False,202204
202204068550148,35,e1e8,11.0,True,182.0,279.0,4rrk1/5ppp/p1pb4/1p1n3q/3P2b1/1BP3P1/PP1N1PQP/R1B1R1K1,,,7,35,27,False,202204
202204068987953,35,e1e8,44.0,True,95.0,116.0,4rrk1/5ppp/p1pb4/1p1n3q/3P2b1/1BP3P1/PP1N1PQP/R1B1R1K1,,,7,35,27,False,202204
202204012039945,35,e1e8,18.0,True,173.0,196.0,4rrk1/5ppp/p1pb4/1p1n3q/3P2b1/1BP3P1/PP1N1PQP/R1B1R1K1,,,7,35,27,False,202204
202204012576227,35,e1e8,48.0,True,139.0,127.0,4rrk1/5ppp/p1pb4/1p1n3q/3P2b1/1BP3P1/PP1N1PQP/R1B1R1K1,,,7,35,27,False,202204
202204078031003,35,b3d5,2.0,True,97.0,121.0,4rrk1/5ppp/p1pb4/1p1n3q/3P2b1/1BP3P1/PP1N1PQP/R1B1R1K1,,,7,35,27,False,202204
202204078398552,35,e1e8,41.0,True,122.0,192.0,4rrk1/5ppp/p1pb4/1p1n3q/3P2b1/1BP3P1/PP1N1PQP/R1B1R1K1,,,7,35,27,False,202204
202204078873328,35,e1e4,19.0,True,164.0,195.0,4rrk1/5ppp/p1pb4/1p1n3q/3P2b1/1BP3P1/PP1N1PQP/R1B1R1K1,,,7,35,27,False,202204
202204027279361,35,e1f1,7.0,True,39.0,47.0,4rrk1/5ppp/p1pb4/1p1n3q/3P2b1/1BP3P1/PP1N1PQP/R1B1R1K1,,,7,35,27,False,202204
202204027375878,35,e1e8,26.0,True,204.0,272.0,4rrk1/5ppp/p1pb4/1p1n3q/3P2b1/1BP3P1/PP1N1PQP/R1B1R1K1,,,7,35,27,False,202204
202204027550194,35,e1e8,38.0,True,159.0,183.0,4rrk1/5ppp/p1pb4/1p1n3q/3P2b1/1BP3P1/PP1N1PQP/R1B1R1K1,,,7,35,27,False,202204
202204027678113,35,g2f1,52.0,True,160.0,136.0,4rrk1/5ppp/p1pb4/1p1n3q/3P2b1/1BP3P1/PP1N1PQP/R1B1R1K1,,,7,35,27,False,202204
202204027775922,35,d2e4,8.0,True,143.0,152.0,4rrk1/5ppp/p1pb4/1p1n3q/3P2b1/1BP3P1/PP1N1PQP/R1B1R1K1,,,7,35,27,False,202204
202204043127875,35,e1e8,11.0,True,127.0,181.0,4rrk1/5ppp/p1pb4/1p1n3q/3P2b1/1BP3P1/PP1N1PQP/R1B1R1K1,,,7,35,27,False,202204
202204043525134,35,e1e8,172.0,True,560.0,618.0,4rrk1/5ppp/p1pb4/1p1n3q/3P2b1/1BP3P1/PP1N1PQP/R1B1R1K1,,,7,35,27,False,202204
202204043809702,35,e1e8,10.0,True,169.0,195.0,4rrk1/5ppp/p1pb4/1p1n3q/3P2b1/1BP3P1/PP1N1PQP/R1B1R1K1,,,7,35,27,False,202204
202204043909580,35,e1e8,22.0,True,547.0,574.0,4rrk1/5ppp/p1pb4/1p1n3q/3P2b1/1BP3P1/PP1N1PQP/R1B1R1K1,,,7,35,27,False,202204
202204050062431,35,e1e8,16.0,True,143.0,147.0,4rrk1/5ppp/p1pb4/1p1n3q/3P2b1/1BP3P1/PP1N1PQP/R1B1R1K1,,,7,35,27,False,202204
202204050242493,37,e1e8,55.0,True,223.0,293.0,4rrk1/5ppp/p1pb4/1p1n3q/3P2b1/1BP3P1/PP1N1PQP/R1B1R1K1,,,7,35,27,False,202204
202204050439887,35,e1f1,34.0,True,150.0,159.0,4rrk1/5ppp/p1pb4/1p1n3q/3P2b1/1BP3P1/PP1N1PQP/R1B1R1K1,,,7,35,27,False,202204
202204050478668,35,e1f1,50.0,True,157.0,139.0,4rrk1/5ppp/p1pb4/1p1n3q/3P2b1/1BP3P1/PP1N1PQP/R1B1R1K1,,,7,35,27,False,202204
202204050625153,35,d2e4,16.0,True,90.0,102.0,4rrk1/5ppp/p1pb4/1p1n3q/3P2b1/1BP3P1/PP1N1PQP/R1B1R1K1,,,7,35,27,False,202204
202204050677116,35,e1e8,50.0,True,117.0,196.0,4rrk1/5ppp/p1pb4/1p1n3q/3P2b1/1BP3P1/PP1N1PQP/R1B1R1K1,,,7,35,27,False,202204
202204050784522,35,d2e4,12.0,True,43.0,53.0,4rrk1/5ppp/p1pb4/1p1n3q/3P2b1/1BP3P1/PP1N1PQP/R1B1R1K1,,,7,35,27,False,202204
202204050825819,35,e1e4,21.0,True,233.0,277.0,4rrk1/5ppp/p1pb4/1p1n3q/3P2b1/1BP3P1/PP1N1PQP/R1B1R1K1,,,7,35,27,False,202204
202204050846806,35,e1e8,4.0,True,158.0,182.0,4rrk1/5ppp/p1pb4/1p1n3q/3P2b1/1BP3P1/PP1N1PQP/R1B1R1K1,,,7,35,27,False,202204
202204050876119,35,e1f1,14.0,True,153.0,161.0,4rrk1/5ppp/p1pb4/1p1n3q/3P2b1/1BP3P1/PP1N1PQP/R1B1R1K1,,,7,35,27,False,202204
202204088083016,35,e1e8,52.0,True,151.0,172.0,4rrk1/5ppp/p1pb4/1p1n3q/3P2b1/1BP3P1/PP1N1PQP/R1B1R1K1,,,7,35,27,False,202204
202204028033213,35,e1e8,22.0,True,136.0,189.0,4rrk1/5ppp/p1pb4/1p1n3q/3P2b1/1BP3P1/PP1N1PQP/R1B1R1K1,,,7,35,27,False,202204
202204028042025,35,e1f1,6.0,True,92.0,113.0,4rrk1/5ppp/p1pb4/1p1n3q/3P2b1/1BP3P1/PP1N1PQP/R1B1R1K1,,,7,35,27,False,202204
202204028308988,35,e1e8,25.0,True,178.0,193.0,4rrk1/5ppp/p1pb4/1p1n3q/3P2b1/1BP3P1/PP1N1PQP/R1B1R1K1,,,7,35,27,False,202204
202204028531552,35,d2e4,7.0,True,110.0,122.0,4rrk1/5ppp/p1pb4/1p1n3q/3P2b1/1BP3P1/PP1N1PQP/R1B1R1K1,,,7,35,27,False,202204
202204028586743,35,d2e4,2.0,True,555.0,572.0,4rrk1/5ppp/p1pb4/1p1n3q/3P2b1/1BP3P1/PP1N1PQP/R1B1R1K1,,,7,35,27,False,202204
202204028758461,35,d2e4,29.0,True,171.0,192.0,4rrk1/5ppp/p1pb4/1p1n3q/3P2b1/1BP3P1/PP1N1PQP/R1B1R1K1,,,7,35,27,False,202204
202204028910035,35,e1e8,23.0,True,173.0,188.0,4rrk1/5ppp/p1pb4/1p1n3q/3P2b1/1BP3P1/PP1N1PQP/R1B1R1K1,,,7,35,27,False,202204
202204071088459,35,d2e4,17.0,True,150.0,164.0,4rrk1/5ppp/p1pb4/1p1n3q/3P2b1/1BP3P1/PP1N1PQP/R1B1R1K1,,,7,35,27,False,202204
202204071105765,35,e1e8,24.0,True,187.0,181.0,4rrk1/5ppp/p1pb4/1p1n3q/3P2b1/1BP3P1/PP1N1PQP/R1B1R1K1,,,7,35,27,False,202204
202204071645675,35,e1e4,16.0,True,131.0,167.0,4rrk1/5ppp/p1pb4/1p1n3q/3P2b1/1BP3P1/PP1N1PQP/R1B1R1K1,,,7,35,27,False,202204
202204071995904,35,e1e8,18.0,True,100.0,124.0,4rrk1/5ppp/p1pb4/1p1n3q/3P2b1/1BP3P1/PP1N1PQP/R1B1R1K1,,,7,35,27,False,202204
202204076109305,35,d2e4,10.0,True,141.0,193.0,4rrk1/5ppp/p1pb4/1p1n3q/3P2b1/1BP3P1/PP1N1PQP/R1B1R1K1,,,7,35,27,False,202204
202204076122003,35,e1e8,14.0,True,182.0,98.0,4rrk1/5ppp/p1pb4/1p1n3q/3P2b1/1BP3P1/PP1N1PQP/R1B1R1K1,,,7,35,27,False,202204
202204076366252,35,e1e8,14.0,True,93.0,104.0,4rrk1/5ppp/p1pb4/1p1n3q/3P2b1/1BP3P1/PP1N1PQP/R1B1R1K1,,,7,35,27,False,202204
202204076503539,35,e1e8,12.0,True,467.0,625.0,4rrk1/5ppp/p1pb4/1p1n3q/3P2b1/1BP3P1/PP1N1PQP/R1B1R1K1,,,7,35,27,False,202204
202204076583968,35,e1e8,4.0,True,158.0,160.0,4rrk1/5ppp/p1pb4/1p1n3q/3P2b1/1BP3P1/PP1N1PQP/R1B1R1K1,,,7,35,27,False,202204
202204076864567,35,e1e8,9.0,True,94.0,126.0,4rrk1/5ppp/p1pb4/1p1n3q/3P2b1/1BP3P1/PP1N1PQP/R1B1R1K1,,,7,35,27,False,202204
202204017030369,35,e1e4,59.0,True,149.0,154.0,4rrk1/5ppp/p1pb4/1p1n3q/3P2b1/1BP3P1/PP1N1PQP/R1B1R1K1,,,7,35,27,False,202204
202204017040606,35,e1e8,7.0,True,118.0,162.0,4rrk1/5ppp/p1pb4/1p1n3q/3P2b1/1BP3P1/PP1N1PQP/R1B1R1K1,,,7,35,27,False,202204
202204017201373,35,d2e4,47.0,True,475.0,422.0,4rrk1/5ppp/p1pb4/1p1n3q/3P2b1/1BP3P1/PP1N1PQP/R1B1R1K1,,,7,35,27,False,202204
202204017505867,35,e1f1,166.0,True,369.0,638.0,4rrk1/5ppp/p1pb4/1p1n3q/3P2b1/1BP3P1/PP1N1PQP/R1B1R1K1,,,7,35,27,False,202204
202204053152368,35,e1e3,7.0,True,270.0,242.0,4rrk1/5ppp/p1pb4/1p1n3q/3P2b1/1BP3P1/PP1N1PQP/R1B1R1K1,,,7,35,27,False,202204
202204053441722,35,d2e4,53.0,True,446.0,572.0,4rrk1/5ppp/p1pb4/1p1n3q/3P2b1/1BP3P1/PP1N1PQP/R1B1R1K1,,,7,35,27,False,202204
202204053704624,35,e1e8,26.0,True,119.0,189.0,4rrk1/5ppp/p1pb4/1p1n3q/3P2b1/1BP3P1/PP1N1PQP/R1B1R1K1,,,7,35,27,False,202204
202204053784613,35,d2e4,10.0,True,275.0,259.0,4rrk1/5ppp/p1pb4/1p1n3q/3P2b1/1BP3P1/PP1N1PQP/R1B1R1K1,,,7,35,27,False,202204
202204053890466,35,e1e8,9.0,True,149.0,159.0,4rrk1/5ppp/p1pb4/1p1n3q/3P2b1/1BP3P1/PP1N1PQP/R1B1R1K1,,,7,35,27,False,202204
202204047009144,35,e1e8,4.0,True,94.0,126.0,4rrk1/5ppp/p1pb4/1p1n3q/3P2b1/1BP3P1/PP1N1PQP/R1B1R1K1,,,7,35,27,False,202204
202204047180215,35,e1e4,20.0,True,161.0,149.0,4rrk1/5ppp/p1pb4/1p1n3q/3P2b1/1BP3P1/PP1N1PQP/R1B1R1K1,,,7,35,27,False,202204
202204047213886,35,e1e8,2.0,True,190.0,189.0,4rrk1/5ppp/p1pb4/1p1n3q/3P2b1/1BP3P1/PP1N1PQP/R1B1R1K1,,,7,35,27,False,202204
202204047912567,35,d2e4,10.0,True,147.0,163.0,4rrk1/5ppp/p1pb4/1p1n3q/3P2b1/1BP3P1/PP1N1PQP/R1B1R1K1,,,7,35,27,False,202204
202204010077785,35,g2f1,14.0,True,77.0,191.0,4rrk1/5ppp/p1pb4/1p1n3q/3P2b1/1BP3P1/PP1N1PQP/R1B1R1K1,,,7,35,27,False,202204
202204010084902,35,g2f1,31.0,True,131.0,167.0,4rrk1/5ppp/p1pb4/1p1n3q/3P2b1/1BP3P1/PP1N1PQP/R1B1R1K1,,,7,35,27,False,202204
202204010092291,35,e1f1,13.0,True,152.0,168.0,4rrk1/5ppp/p1pb4/1p1n3q/3P2b1/1BP3P1/PP1N1PQP/R1B1R1K1,,,7,35,27,False,202204
202204010149662,35,e1e8,3.0,True,30.0,44.0,4rrk1/5ppp/p1pb4/1p1n3q/3P2b1/1BP3P1/PP1N1PQP/R1B1R1K1,,,7,35,27,False,202204
202204010162220,35,e1e8,8.0,True,210.0,304.0,4rrk1/5ppp/p1pb4/1p1n3q/3P2b1/1BP3P1/PP1N1PQP/R1B1R1K1,,,7,35,27,False,202204
202204010784530,35,d2e4,15.0,True,162.0,194.0,4rrk1/5ppp/p1pb4/1p1n3q/3P2b1/1BP3P1/PP1N1PQP/R1B1R1K1,,,7,35,27,False,202204
202204033203448,35,e1e8,2.0,True,123.0,163.0,4rrk1/5ppp/p1pb4/1p1n3q/3P2b1/1BP3P1/PP1N1PQP/R1B1R1K1,,,7,35,27,False,202204
202204033587534,37,g2f1,48.0,True,70.0,109.0,4rrk1/5ppp/p1pb4/1p1n3q/3P2b1/1BP3P1/PP1N1PQP/R1B1R1K1,,,7,35,27,False,202204
202204033915543,35,e1e8,5.0,True,315.0,286.0,4rrk1/5ppp/p1pb4/1p1n3q/3P2b1/1BP3P1/PP1N1PQP/R1B1R1K1,,,7,35,27,False,202204
202204086457812,35,e1e4,16.0,True,118.0,159.0,4rrk1/5ppp/p1pb4/1p1n3q/3P2b1/1BP3P1/PP1N1PQP/R1B1R1K1,,,7,35,27,False,202204
202204086550516,35,g1f1,4.0,True,174.0,154.0,4rrk1/5ppp/p1pb4/1p1n3q/3P2b1/1BP3P1/PP1N1PQP/R1B1R1K1,,,7,35,27,False,202204
202204086658593,35,d2e4,10.0,True,149.0,156.0,4rrk1/5ppp/p1pb4/1p1n3q/3P2b1/1BP3P1/PP1N1PQP/R1B1R1K1,,,7,35,27,False,202204
202204086716032,35,e1e8,4.0,True,486.0,536.0,4rrk1/5ppp/p1pb4/1p1n3q/3P2b1/1BP3P1/PP1N1PQP/R1B1R1K1,,,7,35,27,False,202204
202204086761783,35,e1f1,14.0,True,138.0,154.0,4rrk1/5ppp/p1pb4/1p1n3q/3P2b1/1BP3P1/PP1N1PQP/R1B1R1K1,,,7,35,27,False,202204
202204034746044,35,b3d5,30.0,True,134.0,160.0,4rrk1/5ppp/p1pb4/1p1n3q/3P2b1/1BP3P1/PP1N1PQP/R1B1R1K1,,,7,35,27,False,202204
202204044143704,35,d2e4,57.0,True,834.0,933.0,4rrk1/5ppp/p1pb4/1p1n3q/3P2b1/1BP3P1/PP1N1PQP/R1B1R1K1,,,7,35,27,False,202204
202204044157850,35,d2e4,13.0,True,96.0,160.0,4rrk1/5ppp/p1pb4/1p1n3q/3P2b1/1BP3P1/PP1N1PQP/R1B1R1K1,,,7,35,27,False,202204
202204044210415,35,e1e8,128.0,True,215.0,271.0,4rrk1/5ppp/p1pb4/1p1n3q/3P2b1/1BP3P1/PP1N1PQP/R1B1R1K1,,,7,35,27,False,202204
202204044390012,35,e1e8,19.0,True,71.0,190.0,4rrk1/5ppp/p1pb4/1p1n3q/3P2b1/1BP3P1/PP1N1PQP/R1B1R1K1,,,7,35,27,False,202204
202204044420498,35,d2e4,21.0,True,1700.0,1764.0,4rrk1/5ppp/p1pb4/1p1n3q/3P2b1/1BP3P1/PP1N1PQP/R1B1R1K1,,,7,35,27,False,202204
202204044487880,35,e1f1,14.0,True,132.0,166.0,4rrk1/5ppp/p1pb4/1p1n3q/3P2b1/1BP3P1/PP1N1PQP/R1B1R1K1,,,7,35,27,False,202204
202204044508195,35,e1e8,11.0,True,177.0,174.0,4rrk1/5ppp/p1pb4/1p1n3q/3P2b1/1BP3P1/PP1N1PQP/R1B1R1K1,,,7,35,27,False,202204
202204044562175,35,e1e8,17.0,True,809.0,743.0,4rrk1/5ppp/p1pb4/1p1n3q/3P2b1/1BP3P1/PP1N1PQP/R1B1R1K1,,,7,35,27,False,202204
202204018678914,35,g2f1,14.0,True,149.0,167.0,4rrk1/5ppp/p1pb4/1p1n3q/3P2b1/1BP3P1/PP1N1PQP/R1B1R1K1,,,7,35,27,False,202204
202204018707797,35,e1e8,23.0,True,107.0,183.0,4rrk1/5ppp/p1pb4/1p1n3q/3P2b1/1BP3P1/PP1N1PQP/R1B1R1K1,,,7,35,27,False,202204
202204018769728,35,e1e8,53.0,True,520.0,551.0,4rrk1/5ppp/p1pb4/1p1n3q/3P2b1/1BP3P1/PP1N1PQP/R1B1R1K1,,,7,35,27,False,202204
202204018908066,35,e1e8,52.0,True,210.0,247.0,4rrk1/5ppp/p1pb4/1p1n3q/3P2b1/1BP3P1/PP1N1PQP/R1B1R1K1,,,7,35,27,False,202204
202204054077917,35,e1e8,7.0,True,273.0,278.0,4rrk1/5ppp/p1pb4/1p1n3q/3P2b1/1BP3P1/PP1N1PQP/R1B1R1K1,,,7,35,27,False,202204
202204016085858,35,e1e8,26.0,True,554.0,587.0,4rrk1/5ppp/p1pb4/1p1n3q/3P2b1/1BP3P1/PP1N1PQP/R1B1R1K1,,,7,35,27,False,202204
202204016117769,35,d2e4,17.0,True,79.0,117.0,4rrk1/5ppp/p1pb4/1p1n3q/3P2b1/1BP3P1/PP1N1PQP/R1B1R1K1,,,7,35,27,False,202204
202204016331784,35,e1e8,17.0,True,152.0,191.0,4rrk1/5ppp/p1pb4/1p1n3q/3P2b1/1BP3P1/PP1N1PQP/R1B1R1K1,,,7,35,27,False,202204
202204016661328,35,e1e8,30.0,True,487.0,601.0,4rrk1/5ppp/p1pb4/1p1n3q/3P2b1/1BP3P1/PP1N1PQP/R1B1R1K1,,,7,35,27,False,202204
202204016806280,35,e1e8,42.0,True,189.0,276.0,4rrk1/5ppp/p1pb4/1p1n3q/3P2b1/1BP3P1/PP1N1PQP/R1B1R1K1,,,7,35,27,False,202204
202204016856203,35,e1e8,36.0,True,142.0,182.0,4rrk1/5ppp/p1pb4/1p1n3q/3P2b1/1BP3P1/PP1N1PQP/R1B1R1K1,,,7,35,27,False,202204
202204072130154,35,e1e8,2.0,True,132.0,159.0,4rrk1/5ppp/p1pb4/1p1n3q/3P2b1/1BP3P1/PP1N1PQP/R1B1R1K1,,,7,35,27,False,202204
202204072174599,35,d2e4,1.0,True,33.0,46.0,4rrk1/5ppp/p1pb4/1p1n3q/3P2b1/1BP3P1/PP1N1PQP/R1B1R1K1,,,7,35,27,False,202204
202204072612198,35,e1f1,13.0,True,165.0,186.0,4rrk1/5ppp/p1pb4/1p1n3q/3P2b1/1BP3P1/PP1N1PQP/R1B1R1K1,,,7,35,27,False,202204
202204072661323,35,e1e8,96.0,True,1587.0,1753.0,4rrk1/5ppp/p1pb4/1p1n3q/3P2b1/1BP3P1/PP1N1PQP/R1B1R1K1,,,7,35,27,False,202204
202204072776868,35,e1e8,44.0,True,118.0,179.0,4rrk1/5ppp/p1pb4/1p1n3q/3P2b1/1BP3P1/PP1N1PQP/R1B1R1K1,,,7,35,27,False,202204
202204072900396,35,e1f1,26.0,True,140.0,192.0,4rrk1/5ppp/p1pb4/1p1n3q/3P2b1/1BP3P1/PP1N1PQP/R1B1R1K1,,,7,35,27,False,202204
202204083177080,35,g2f1,23.0,True,180.0,196.0,4rrk1/5ppp/p1pb4/1p1n3q/3P2b1/1BP3P1/PP1N1PQP/R1B1R1K1,,,7,35,27,False,202204
202204083287718,35,e1e8,9.0,True,298.0,326.0,4rrk1/5ppp/p1pb4/1p1n3q/3P2b1/1BP3P1/PP1N1PQP/R1B1R1K1,,,7,35,27,False,202204
202204083482894,35,e1e8,20.0,True,62.0,107.0,4rrk1/5ppp/p1pb4/1p1n3q/3P2b1/1BP3P1/PP1N1PQP/R1B1R1K1,,,7,35,27,False,202204
202204083689059,35,b3d5,1.0,True,35.0,54.0,4rrk1/5ppp/p1pb4/1p1n3q/3P2b1/1BP3P1/PP1N1PQP/R1B1R1K1,,,7,35,27,False,202204
202204083741990,35,e1e4,112.0,True,299.0,332.0,4rrk1/5ppp/p1pb4/1p1n3q/3P2b1/1BP3P1/PP1N1PQP/R1B1R1K1,,,7,35,27,False,202204
202204030071380,35,e1e4,10.0,True,45.0,52.0,4rrk1/5ppp/p1pb4/1p1n3q/3P2b1/1BP3P1/PP1N1PQP/R1B1R1K1,,,7,35,27,False,202204
202204030382677,35,e1e8,63.0,True,266.0,569.0,4rrk1/5ppp/p1pb4/1p1n3q/3P2b1/1BP3P1/PP1N1PQP/R1B1R1K1,,,7,35,27,False,202204
202204030856421,35,e1e4,31.0,True,162.0,187.0,4rrk1/5ppp/p1pb4/1p1n3q/3P2b1/1BP3P1/PP1N1PQP/R1B1R1K1,,,7,35,27,False,202204
202204030912421,35,g1f1,64.0,True,512.0,546.0,4rrk1/5ppp/p1pb4/1p1n3q/3P2b1/1BP3P1/PP1N1PQP/R1B1R1K1,,,7,35,27,False,202204
202204019298499,35,e1f1,10.0,True,178.0,193.0,4rrk1/5ppp/p1pb4/1p1n3q/3P2b1/1BP3P1/PP1N1PQP/R1B1R1K1,,,7,35,27,False,202204
202204019549852,37,e1e4,37.0,True,541.0,540.0,4rrk1/5ppp/p1pb4/1p1n3q/3P2b1/1BP3P1/PP1N1PQP/R1B1R1K1,,,7,35,27,False,202204
202204019825340,35,e1e8,3.0,True,161.0,161.0,4rrk1/5ppp/p1pb4/1p1n3q/3P2b1/1BP3P1/PP1N1PQP/R1B1R1K1,,,7,35,27,False,202204
202204019949958,35,d2e4,3.0,True,153.0,182.0,4rrk1/5ppp/p1pb4/1p1n3q/3P2b1/1BP3P1/PP1N1PQP/R1B1R1K1,,,7,35,27,False,202204
202204073021583,35,e1e8,27.0,True,158.0,181.0,4rrk1/5ppp/p1pb4/1p1n3q/3P2b1/1BP3P1/PP1N1PQP/R1B1R1K1,,,7,35,27,False,202204
202204073084609,35,e1e8,19.0,True,258.0,268.0,4rrk1/5ppp/p1pb4/1p1n3q/3P2b1/1BP3P1/PP1N1PQP/R1B1R1K1,,,7,35,27,False,202204
202204073719878,35,d2f3,22.0,True,179.0,150.0,4rrk1/5ppp/p1pb4/1p1n3q/3P2b1/1BP3P1/PP1N1PQP/R1B1R1K1,,,7,35,27,False,202204
202204073867712,35,d2e4,7.0,True,247.0,251.0,4rrk1/5ppp/p1pb4/1p1n3q/3P2b1/1BP3P1/PP1N1PQP/R1B1R1K1,,,7,35,27,False,202204
202204015178160,35,e1e8,3.0,True,40.0,51.0,4rrk1/5ppp/p1pb4/1p1n3q/3P2b1/1BP3P1/PP1N1PQP/R1B1R1K1,,,7,35,27,False,202204
202204015360105,35,e1f1,11.0,True,249.0,283.0,4rrk1/5ppp/p1pb4/1p1n3q/3P2b1/1BP3P1/PP1N1PQP/R1B1R1K1,,,7,35,27,False,202204
202204015493512,35,d2e4,6.0,True,101.0,126.0,4rrk1/5ppp/p1pb4/1p1n3q/3P2b1/1BP3P1/PP1N1PQP/R1B1R1K1,,,7,35,27,False,202204
202204015633486,35,e1e8,5.0,True,142.0,165.0,4rrk1/5ppp/p1pb4/1p1n3q/3P2b1/1BP3P1/PP1N1PQP/R1B1R1K1,,,7,35,27,False,202204
202204015945462,35,e1e8,3.0,True,40.0,46.0,4rrk1/5ppp/p1pb4/1p1n3q/3P2b1/1BP3P1/PP1N1PQP/R1B1R1K1,,,7,35,27,False,202204
202204067322503,35,e1e8,18.0,True,131.0,188.0,4rrk1/5ppp/p1pb4/1p1n3q/3P2b1/1BP3P1/PP1N1PQP/R1B1R1K1,,,7,35,27,False,202204
202204067995274,35,e1e4,26.0,True,39.0,49.0,4rrk1/5ppp/p1pb4/1p1n3q/3P2b1/1BP3P1/PP1N1PQP/R1B1R1K1,,,7,35,27,False,202204
202204026320382,35,e1e8,10.0,True,41.0,52.0,4rrk1/5ppp/p1pb4/1p1n3q/3P2b1/1BP3P1/PP1N1PQP/R1B1R1K1,,,7,35,27,False,202204
202204026772117,35,e1e4,37.0,True,222.0,268.0,4rrk1/5ppp/p1pb4/1p1n3q/3P2b1/1BP3P1/PP1N1PQP/R1B1R1K1,,,7,35,27,False,202204
202204079017825,35,e1e8,18.0,True,113.0,140.0,4rrk1/5ppp/p1pb4/1p1n3q/3P2b1/1BP3P1/PP1N1PQP/R1B1R1K1,,,7,35,27,False,202204
202204079076844,35,e1e8,13.0,True,93.0,115.0,4rrk1/5ppp/p1pb4/1p1n3q/3P2b1/1BP3P1/PP1N1PQP/R1B1R1K1,,,7,35,27,False,202204
202204079099893,35,e1e4,49.0,True,193.0,288.0,4rrk1/5ppp/p1pb4/1p1n3q/3P2b1/1BP3P1/PP1N1PQP/R1B1R1K1,,,7,35,27,False,202204
202204079205197,35,e1e8,7.0,True,259.0,325.0,4rrk1/5ppp/p1pb4/1p1n3q/3P2b1/1BP3P1/PP1N1PQP/R1B1R1K1,,,7,35,27,False,202204
202204079542855,35,e1e4,22.0,True,939.0,1026.0,4rrk1/5ppp/p1pb4/1p1n3q/3P2b1/1BP3P1/PP1N1PQP/R1B1R1K1,,,7,35,27,False,202204
202204079883287,35,g2f1,29.0,True,171.0,196.0,4rrk1/5ppp/p1pb4/1p1n3q/3P2b1/1BP3P1/PP1N1PQP/R1B1R1K1,,,7,35,27,False,202204
202204079919029,35,e1f1,80.0,True,535.0,571.0,4rrk1/5ppp/p1pb4/1p1n3q/3P2b1/1BP3P1/PP1N1PQP/R1B1R1K1,,,7,35,27,False,202204
202204002056997,35,e1e8,69.0,True,109.0,188.0,4rrk1/5ppp/p1pb4/1p1n3q/3P2b1/1BP3P1/PP1N1PQP/R1B1R1K1,,,7,35,27,False,202204
202204002215386,35,e1e4,25.0,True,167.0,173.0,4rrk1/5ppp/p1pb4/1p1n3q/3P2b1/1BP3P1/PP1N1PQP/R1B1R1K1,,,7,35,27,False,202204
202204002472956,35,e1e4,57.0,True,230.0,223.0,4rrk1/5ppp/p1pb4/1p1n3q/3P2b1/1BP3P1/PP1N1PQP/R1B1R1K1,,,7,35,27,False,202204
202204002560371,35,e1e8,5.0,True,151.0,188.0,4rrk1/5ppp/p1pb4/1p1n3q/3P2b1/1BP3P1/PP1N1PQP/R1B1R1K1,,,7,35,27,False,202204
202204002971767,35,d2e4,47.0,True,684.0,995.0,4rrk1/5ppp/p1pb4/1p1n3q/3P2b1/1BP3P1/PP1N1PQP/R1B1R1K1,,,7,35,27,False,202204
202204014787679,35,e1e8,23.0,True,428.0,618.0,4rrk1/5ppp/p1pb4/1p1n3q/3P2b1/1BP3P1/PP1N1PQP/R1B1R1K1,,,7,35,27,False,202204
202204014837171,35,e1f1,3.0,True,39.0,49.0,4rrk1/5ppp/p1pb4/1p1n3q/3P2b1/1BP3P1/PP1N1PQP/R1B1R1K1,,,7,35,27,False,202204
202204007398893,35,e1e8,7.0,True,238.0,291.0,4rrk1/5ppp/p1pb4/1p1n3q/3P2b1/1BP3P1/PP1N1PQP/R1B1R1K1,,,7,35,27,False,202204
202204007469153,35,d2e4,12.0,True,245.0,263.0,4rrk1/5ppp/p1pb4/1p1n3q/3P2b1/1BP3P1/PP1N1PQP/R1B1R1K1,,,7,35,27,False,202204
202204007668757,35,e1f1,97.0,True,144.0,223.0,4rrk1/5ppp/p1pb4/1p1n3q/3P2b1/1BP3P1/PP1N1PQP/R1B1R1K1,,,7,35,27,False,202204
202204007668757,43,e1e4,12.0,True,34.0,84.0,4rrk1/5ppp/p1pb4/1p1n3q/3P2b1/1BP3P1/PP1N1PQP/R1B1R1K1,,,15,35,27,False,202204
202204024403453,35,d2e4,8.0,True,63.0,105.0,4rrk1/5ppp/p1pb4/1p1n3q/3P2b1/1BP3P1/PP1N1PQP/R1B1R1K1,,,7,35,27,False,202204
202204024981914,35,e1e8,2.0,True,137.0,159.0,4rrk1/5ppp/p1pb4/1p1n3q/3P2b1/1BP3P1/PP1N1PQP/R1B1R1K1,,,7,35,27,False,202204
202204045162212,35,d2e4,15.0,True,289.0,188.0,4rrk1/5ppp/p1pb4/1p1n3q/3P2b1/1BP3P1/PP1N1PQP/R1B1R1K1,,,7,35,27,False,202204
202204045510575,35,e1e8,64.0,True,269.0,254.0,4rrk1/5ppp/p1pb4/1p1n3q/3P2b1/1BP3P1/PP1N1PQP/R1B1R1K1,,,7,35,27,False,202204
202204052112718,35,e1f1,32.0,True,513.0,526.0,4rrk1/5ppp/p1pb4/1p1n3q/3P2b1/1BP3P1/PP1N1PQP/R1B1R1K1,,,7,35,27,False,202204
202204052823641,35,g2f1,16.0,True,78.0,107.0,4rrk1/5ppp/p1pb4/1p1n3q/3P2b1/1BP3P1/PP1N1PQP/R1B1R1K1,,,7,35,27,False,202204
202204052884287,35,e1e8,9.0,True,288.0,336.0,4rrk1/5ppp/p1pb4/1p1n3q/3P2b1/1BP3P1/PP1N1PQP/R1B1R1K1,,,7,35,27,False,202204
202204052993463,35,e1f1,16.0,True,101.0,102.0,4rrk1/5ppp/p1pb4/1p1n3q/3P2b1/1BP3P1/PP1N1PQP/R1B1R1K1,,,7,35,27,False,202204
202204008088613,35,e1e4,30.0,True,142.0,162.0,4rrk1/5ppp/p1pb4/1p1n3q/3P2b1/1BP3P1/PP1N1PQP/R1B1R1K1,,,7,35,27,False,202204
202204008265299,35,e1e4,17.0,True,149.0,144.0,4rrk1/5ppp/p1pb4/1p1n3q/3P2b1/1BP3P1/PP1N1PQP/R1B1R1K1,,,7,35,27,False,202204
202204008724904,35,d2e4,2.0,True,107.0,108.0,4rrk1/5ppp/p1pb4/1p1n3q/3P2b1/1BP3P1/PP1N1PQP/R1B1R1K1,,,7,35,27,False,202204
202204008763011,35,d2e4,26.0,True,291.0,315.0,4rrk1/5ppp/p1pb4/1p1n3q/3P2b1/1BP3P1/PP1N1PQP/R1B1R1K1,,,7,35,27,False,202204
202204008996421,35,e1f1,112.0,True,145.0,183.0,4rrk1/5ppp/p1pb4/1p1n3q/3P2b1/1BP3P1/PP1N1PQP/R1B1R1K1,,,7,35,27,False,202204
202204066332050,35,d2e4,7.0,True,199.0,282.0,4rrk1/5ppp/p1pb4/1p1n3q/3P2b1/1BP3P1/PP1N1PQP/R1B1R1K1,,,7,35,27,False,202204
202204066390256,35,e1e8,52.0,True,141.0,157.0,4rrk1/5ppp/p1pb4/1p1n3q/3P2b1/1BP3P1/PP1N1PQP/R1B1R1K1,,,7,35,27,False,202204
202204066397166,35,d2e4,6.0,True,140.0,156.0,4rrk1/5ppp/p1pb4/1p1n3q/3P2b1/1BP3P1/PP1N1PQP/R1B1R1K1,,,7,35,27,False,202204
202204066776082,35,e1e8,9.0,True,146.0,172.0,4rrk1/5ppp/p1pb4/1p1n3q/3P2b1/1BP3P1/PP1N1PQP/R1B1R1K1,,,7,35,27,False,202204
202204064112830,35,e1e8,36.0,True,177.0,177.0,4rrk1/5ppp/p1pb4/1p1n3q/3P2b1/1BP3P1/PP1N1PQP/R1B1R1K1,,,7,35,27,False,202204
202204064130840,35,g2f1,3.0,True,138.0,181.0,4rrk1/5ppp/p1pb4/1p1n3q/3P2b1/1BP3P1/PP1N1PQP/R1B1R1K1,,,7,35,27,False,202204
202204064598384,35,g1f1,31.0,True,414.0,569.0,4rrk1/5ppp/p1pb4/1p1n3q/3P2b1/1BP3P1/PP1N1PQP/R1B1R1K1,,,7,35,27,False,202204
202204064794639,35,e1e4,17.0,True,42.0,48.0,4rrk1/5ppp/p1pb4/1p1n3q/3P2b1/1BP3P1/PP1N1PQP/R1B1R1K1,,,7,35,27,False,202204
202204064815580,35,e1e8,65.0,True,255.0,267.0,4rrk1/5ppp/p1pb4/1p1n3q/3P2b1/1BP3P1/PP1N1PQP/R1B1R1K1,,,7,35,27,False,202204
202204064889054,35,d2e4,8.0,True,96.0,111.0,4rrk1/5ppp/p1pb4/1p1n3q/3P2b1/1BP3P1/PP1N1PQP/R1B1R1K1,,,7,35,27,False,202204
202204041386290,35,d2e4,12.0,True,99.0,84.0,4rrk1/5ppp/p1pb4/1p1n3q/3P2b1/1BP3P1/PP1N1PQP/R1B1R1K1,,,7,35,27,False,202204
202204041751623,35,e1e8,25.0,True,461.0,481.0,4rrk1/5ppp/p1pb4/1p1n3q/3P2b1/1BP3P1/PP1N1PQP/R1B1R1K1,,,7,35,27,False,202204
202204037091883,35,e1e8,8.0,True,139.0,137.0,4rrk1/5ppp/p1pb4/1p1n3q/3P2b1/1BP3P1/PP1N1PQP/R1B1R1K1,,,7,35,27,False,202204
202204037474411,35,e1e8,4.0,True,76.0,93.0,4rrk1/5ppp/p1pb4/1p1n3q/3P2b1/1BP3P1/PP1N1PQP/R1B1R1K1,,,7,35,27,False,202204
202204037756599,35,e1e8,3.0,True,298.0,320.0,4rrk1/5ppp/p1pb4/1p1n3q/3P2b1/1BP3P1/PP1N1PQP/R1B1R1K1,,,7,35,27,False,202204
202204037854070,35,e1f1,43.0,True,555.0,569.0,4rrk1/5ppp/p1pb4/1p1n3q/3P2b1/1BP3P1/PP1N1PQP/R1B1R1K1,,,7,35,27,False,202204
202204013387133,35,e1e8,3.0,True,217.0,244.0,4rrk1/5ppp/p1pb4/1p1n3q/3P2b1/1BP3P1/PP1N1PQP/R1B1R1K1,,,7,35,27,False,202204
202204013399403,35,e1e8,41.0,True,138.0,168.0,4rrk1/5ppp/p1pb4/1p1n3q/3P2b1/1BP3P1/PP1N1PQP/R1B1R1K1,,,7,35,27,False,202204
202204013464348,35,e1e8,107.0,True,920.0,929.0,4rrk1/5ppp/p1pb4/1p1n3q/3P2b1/1BP3P1/PP1N1PQP/R1B1R1K1,,,7,35,27,False,202204
202204013614057,35,e1e4,21.0,True,41.0,48.0,4rrk1/5ppp/p1pb4/1p1n3q/3P2b1/1BP3P1/PP1N1PQP/R1B1R1K1,,,7,35,27,False,202204
202204013899329,35,d2e4,25.0,True,167.0,235.0,4rrk1/5ppp/p1pb4/1p1n3q/3P2b1/1BP3P1/PP1N1PQP/R1B1R1K1,,,7,35,27,False,202204
202204081134221,35,d2e4,18.0,True,166.0,183.0,4rrk1/5ppp/p1pb4/1p1n3q/3P2b1/1BP3P1/PP1N1PQP/R1B1R1K1,,,7,35,27,False,202204
202204011507094,35,e1e8,122.0,True,595.0,625.0,4rrk1/5ppp/p1pb4/1p1n3q/3P2b1/1BP3P1/PP1N1PQP/R1B1R1K1,,,7,35,27,False,202204
202204011640008,35,d2e4,67.0,True,564.0,564.0,4rrk1/5ppp/p1pb4/1p1n3q/3P2b1/1BP3P1/PP1N1PQP/R1B1R1K1,,,7,35,27,False,202204
202204011889174,35,e1e8,21.0,True,612.0,492.0,4rrk1/5ppp/p1pb4/1p1n3q/3P2b1/1BP3P1/PP1N1PQP/R1B1R1K1,,,7,35,27,False,202204
202204046136010,35,g2f1,14.0,True,95.0,111.0,4rrk1/5ppp/p1pb4/1p1n3q/3P2b1/1BP3P1/PP1N1PQP/R1B1R1K1,,,7,35,27,False,202204
202204046136010,39,e1e4,38.0,True,64.0,95.0,4rrk1/5ppp/p1pb4/1p1n3q/3P2b1/1BP3P1/PP1N1PQP/R1B1R1K1,,,11,35,27,False,202204
202204046267423,35,e1e8,226.0,True,261.0,264.0,4rrk1/5ppp/p1pb4/1p1n3q/3P2b1/1BP3P1/PP1N1PQP/R1B1R1K1,,,7,35,27,False,202204
202205070140120,35,e1e8,2.0,True,31.0,49.0,4rrk1/5ppp/p1pb4/1p1n3q/3P2b1/1BP3P1/PP1N1PQP/R1B1R1K1,,,7,35,27,False,202205
202205070211903,35,e1e4,53.0,True,452.0,575.0,4rrk1/5ppp/p1pb4/1p1n3q/3P2b1/1BP3P1/PP1N1PQP/R1B1R1K1,,,7,35,27,False,202205
202205070695196,35,e1e8,12.0,True,149.0,153.0,4rrk1/5ppp/p1pb4/1p1n3q/3P2b1/1BP3P1/PP1N1PQP/R1B1R1K1,,,7,35,27,False,202205
202205048699902,35,d2e4,30.0,True,237.0,310.0,4rrk1/5ppp/p1pb4/1p1n3q/3P2b1/1BP3P1/PP1N1PQP/R1B1R1K1,,,7,35,27,False,202205
202205077023335,35,e1e8,3.0,True,117.0,109.0,4rrk1/5ppp/p1pb4/1p1n3q/3P2b1/1BP3P1/PP1N1PQP/R1B1R1K1,,,7,35,27,False,202205
202205077077756,35,e1e8,38.0,True,143.0,185.0,4rrk1/5ppp/p1pb4/1p1n3q/3P2b1/1BP3P1/PP1N1PQP/R1B1R1K1,,,7,35,27,False,202205
202205077232526,35,e1e8,46.0,True,174.0,195.0,4rrk1/5ppp/p1pb4/1p1n3q/3P2b1/1BP3P1/PP1N1PQP/R1B1R1K1,,,7,35,27,False,202205
202205077371709,35,d2e4,9.0,True,286.0,323.0,4rrk1/5ppp/p1pb4/1p1n3q/3P2b1/1BP3P1/PP1N1PQP/R1B1R1K1,,,7,35,27,False,202205
202205077619790,35,e1f1,37.0,True,122.0,193.0,4rrk1/5ppp/p1pb4/1p1n3q/3P2b1/1BP3P1/PP1N1PQP/R1B1R1K1,,,7,35,27,False,202205
202205035491233,35,e1e8,66.0,True,217.0,236.0,4rrk1/5ppp/p1pb4/1p1n3q/3P2b1/1BP3P1/PP1N1PQP/R1B1R1K1,,,7,35,27,False,202205
202205035799546,35,e1e8,13.0,True,126.0,153.0,4rrk1/5ppp/p1pb4/1p1n3q/3P2b1/1BP3P1/PP1N1PQP/R1B1R1K1,,,7,35,27,False,202205
202205035969319,35,g1f1,11.0,True,472.0,571.0,4rrk1/5ppp/p1pb4/1p1n3q/3P2b1/1BP3P1/PP1N1PQP/R1B1R1K1,,,7,35,27,False,202205
202205032350919,35,e1e8,12.0,True,106.0,119.0,4rrk1/5ppp/p1pb4/1p1n3q/3P2b1/1BP3P1/PP1N1PQP/R1B1R1K1,,,7,35,27,False,202205
202205032890266,35,e1e8,14.0,True,168.0,176.0,4rrk1/5ppp/p1pb4/1p1n3q/3P2b1/1BP3P1/PP1N1PQP/R1B1R1K1,,,7,35,27,False,202205
202205032948238,35,e1e8,24.0,True,180.0,194.0,4rrk1/5ppp/p1pb4/1p1n3q/3P2b1/1BP3P1/PP1N1PQP/R1B1R1K1,,,7,35,27,False,202205
202205032994938,35,e1f1,3.0,True,47.0,46.0,4rrk1/5ppp/p1pb4/1p1n3q/3P2b1/1BP3P1/PP1N1PQP/R1B1R1K1,,,7,35,27,False,202205
202205006408541,35,e1e8,19.0,True,129.0,171.0,4rrk1/5ppp/p1pb4/1p1n3q/3P2b1/1BP3P1/PP1N1PQP/R1B1R1K1,,,7,35,27,False,202205
202205006442495,35,f2f3,2.0,True,89.0,126.0,4rrk1/5ppp/p1pb4/1p1n3q/3P2b1/1BP3P1/PP1N1PQP/R1B1R1K1,,,7,35,27,False,202205
202205006617602,35,d2e4,11.0,True,175.0,179.0,4rrk1/5ppp/p1pb4/1p1n3q/3P2b1/1BP3P1/PP1N1PQP/R1B1R1K1,,,7,35,27,False,202205
202205006842501,35,e1e4,42.0,True,181.0,173.0,4rrk1/5ppp/p1pb4/1p1n3q/3P2b1/1BP3P1/PP1N1PQP/R1B1R1K1,,,7,35,27,False,202205
202205006900554,35,e1f1,6.0,True,279.0,291.0,4rrk1/5ppp/p1pb4/1p1n3q/3P2b1/1BP3P1/PP1N1PQP/R1B1R1K1,,,7,35,27,False,202205
202205006900554,39,e1f1,4.0,True,267.0,245.0,4rrk1/5ppp/p1pb4/1p1n3q/3P2b1/1BP3P1/PP1N1PQP/R1B1R1K1,,,11,35,27,False,202205
202205087633816,35,d2e4,38.0,True,185.0,196.0,4rrk1/5ppp/p1pb4/1p1n3q/3P2b1/1BP3P1/PP1N1PQP/R1B1R1K1,,,7,35,27,False,202205
202205065029355,35,e1e8,25.0,True,166.0,162.0,4rrk1/5ppp/p1pb4/1p1n3q/3P2b1/1BP3P1/PP1N1PQP/R1B1R1K1,,,7,35,27,False,202205
202205065138879,35,e1e4,15.0,True,156.0,190.0,4rrk1/5ppp/p1pb4/1p1n3q/3P2b1/1BP3P1/PP1N1PQP/R1B1R1K1,,,7,35,27,False,202205
202205049117481,35,e1e8,8.0,True,152.0,167.0,4rrk1/5ppp/p1pb4/1p1n3q/3P2b1/1BP3P1/PP1N1PQP/R1B1R1K1,,,7,35,27,False,202205
202205049911294,35,e1e8,5.0,True,115.0,111.0,4rrk1/5ppp/p1pb4/1p1n3q/3P2b1/1BP3P1/PP1N1PQP/R1B1R1K1,,,7,35,27,False,202205
202205001416943,35,d2e4,48.0,True,93.0,123.0,4rrk1/5ppp/p1pb4/1p1n3q/3P2b1/1BP3P1/PP1N1PQP/R1B1R1K1,,,7,35,27,False,202205
202205001606710,35,e1e8,32.0,True,167.0,190.0,4rrk1/5ppp/p1pb4/1p1n3q/3P2b1/1BP3P1/PP1N1PQP/R1B1R1K1,,,7,35,27,False,202205
202205001956527,35,e1e8,19.0,True,80.0,99.0,4rrk1/5ppp/p1pb4/1p1n3q/3P2b1/1BP3P1/PP1N1PQP/R1B1R1K1,,,7,35,27,False,202205
202205001957482,35,e1e4,30.0,True,134.0,167.0,4rrk1/5ppp/p1pb4/1p1n3q/3P2b1/1BP3P1/PP1N1PQP/R1B1R1K1,,,7,35,27,False,202205
202205005937078,35,d2e4,16.0,True,161.0,194.0,4rrk1/5ppp/p1pb4/1p1n3q/3P2b1/1BP3P1/PP1N1PQP/R1B1R1K1,,,7,35,27,False,202205
202205061485775,37,e1e8,4.0,True,117.0,181.0,4rrk1/5ppp/p1pb4/1p1n3q/3P2b1/1BP3P1/PP1N1PQP/R1B1R1K1,,,7,35,27,False,202205
202205061629173,35,e1e8,55.0,True,300.0,324.0,4rrk1/5ppp/p1pb4/1p1n3q/3P2b1/1BP3P1/PP1N1PQP/R1B1R1K1,,,7,35,27,False,202205
202205057353399,35,e1e8,4.0,True,31.0,41.0,4rrk1/5ppp/p1pb4/1p1n3q/3P2b1/1BP3P1/PP1N1PQP/R1B1R1K1,,,7,35,27,False,202205
202205057825399,35,e1e8,15.0,True,131.0,158.0,4rrk1/5ppp/p1pb4/1p1n3q/3P2b1/1BP3P1/PP1N1PQP/R1B1R1K1,,,7,35,27,False,202205
202205057890909,35,g2f1,35.0,True,177.0,176.0,4rrk1/5ppp/p1pb4/1p1n3q/3P2b1/1BP3P1/PP1N1PQP/R1B1R1K1,,,7,35,27,False,202205
202205036086163,39,e1e5,57.0,True,169.0,197.0,4rrk1/5ppp/p1pb4/1p1n3q/3P2b1/1BP3P1/PP1N1PQP/R1B1R1K1,,,11,35,27,False,202205
202205036467925,35,d2e4,8.0,True,244.0,282.0,4rrk1/5ppp/p1pb4/1p1n3q/3P2b1/1BP3P1/PP1N1PQP/R1B1R1K1,,,7,35,27,False,202205
202205036468647,35,d2f1,9.0,True,112.0,124.0,4rrk1/5ppp/p1pb4/1p1n3q/3P2b1/1BP3P1/PP1N1PQP/R1B1R1K1,,,7,35,27,False,202205
202205036858823,35,d2e4,4.0,True,39.0,48.0,4rrk1/5ppp/p1pb4/1p1n3q/3P2b1/1BP3P1/PP1N1PQP/R1B1R1K1,,,7,35,27,False,202205
202205036966725,35,e1f1,73.0,True,255.0,318.0,4rrk1/5ppp/p1pb4/1p1n3q/3P2b1/1BP3P1/PP1N1PQP/R1B1R1K1,,,7,35,27,False,202205
202205023110106,35,d2e4,19.0,True,44.0,42.0,4rrk1/5ppp/p1pb4/1p1n3q/3P2b1/1BP3P1/PP1N1PQP/R1B1R1K1,,,7,35,27,False,202205
202205023167254,35,e1e8,42.0,True,294.0,295.0,4rrk1/5ppp/p1pb4/1p1n3q/3P2b1/1BP3P1/PP1N1PQP/R1B1R1K1,,,7,35,27,False,202205
202205023717151,35,e1f1,4.0,True,165.0,162.0,4rrk1/5ppp/p1pb4/1p1n3q/3P2b1/1BP3P1/PP1N1PQP/R1B1R1K1,,,7,35,27,False,202205
202205023759686,35,f2f3,3.0,True,32.0,41.0,4rrk1/5ppp/p1pb4/1p1n3q/3P2b1/1BP3P1/PP1N1PQP/R1B1R1K1,,,7,35,27,False,202205
202205085562308,35,e1e8,2.0,True,42.0,47.0,4rrk1/5ppp/p1pb4/1p1n3q/3P2b1/1BP3P1/PP1N1PQP/R1B1R1K1,,,7,35,27,False,202205
202205085737539,35,e1e8,4.0,True,96.0,156.0,4rrk1/5ppp/p1pb4/1p1n3q/3P2b1/1BP3P1/PP1N1PQP/R1B1R1K1,,,7,35,27,False,202205
202205085855556,35,e1e8,27.0,True,151.0,192.0,4rrk1/5ppp/p1pb4/1p1n3q/3P2b1/1BP3P1/PP1N1PQP/R1B1R1K1,,,7,35,27,False,202205
202205009147482,35,e1e8,2.0,True,102.0,120.0,4rrk1/5ppp/p1pb4/1p1n3q/3P2b1/1BP3P1/PP1N1PQP/R1B1R1K1,,,7,35,27,False,202205
202205009473987,35,e1e8,41.0,True,242.0,279.0,4rrk1/5ppp/p1pb4/1p1n3q/3P2b1/1BP3P1/PP1N1PQP/R1B1R1K1,,,7,35,27,False,202205
202205009677179,35,e1e8,21.0,True,252.0,322.0,4rrk1/5ppp/p1pb4/1p1n3q/3P2b1/1BP3P1/PP1N1PQP/R1B1R1K1,,,7,35,27,False,202205
202205009772946,35,e1f1,28.0,True,107.0,116.0,4rrk1/5ppp/p1pb4/1p1n3q/3P2b1/1BP3P1/PP1N1PQP/R1B1R1K1,,,7,35,27,False,202205
202205063156677,37,e1f1,40.0,True,268.0,244.0,4rrk1/5ppp/p1pb4/1p1n3q/3P2b1/1BP3P1/PP1N1PQP/R1B1R1K1,,,7,35,27,False,202205
202205063532385,35,d2e4,33.0,True,102.0,108.0,4rrk1/5ppp/p1pb4/1p1n3q/3P2b1/1BP3P1/PP1N1PQP/R1B1R1K1,,,7,35,27,False,202205
202205063833038,35,d2e4,16.0,True,157.0,178.0,4rrk1/5ppp/p1pb4/1p1n3q/3P2b1/1BP3P1/PP1N1PQP/R1B1R1K1,,,7,35,27,False,202205
202205059189764,35,e1f1,20.0,True,233.0,278.0,4rrk1/5ppp/p1pb4/1p1n3q/3P2b1/1BP3P1/PP1N1PQP/R1B1R1K1,,,7,35,27,False,202205
202205059304011,35,e1e4,9.0,True,183.0,189.0,4rrk1/5ppp/p1pb4/1p1n3q/3P2b1/1BP3P1/PP1N1PQP/R1B1R1K1,,,7,35,27,False,202205
202205059753671,37,e1f1,19.0,True,118.0,276.0,4rrk1/5ppp/p1pb4/1p1n3q/3P2b1/1BP3P1/PP1N1PQP/R1B1R1K1,,,7,35,27,False,202205
202205040434323,35,d2e4,12.0,True,68.0,57.0,4rrk1/5ppp/p1pb4/1p1n3q/3P2b1/1BP3P1/PP1N1PQP/R1B1R1K1,,,7,35,27,False,202205
202205040784501,35,e1e8,14.0,True,117.0,110.0,4rrk1/5ppp/p1pb4/1p1n3q/3P2b1/1BP3P1/PP1N1PQP/R1B1R1K1,,,7,35,27,False,202205
202205062033104,35,e1e8,17.0,True,256.0,312.0,4rrk1/5ppp/p1pb4/1p1n3q/3P2b1/1BP3P1/PP1N1PQP/R1B1R1K1,,,7,35,27,False,202205
202205062207080,35,e1f1,17.0,True,123.0,175.0,4rrk1/5ppp/p1pb4/1p1n3q/3P2b1/1BP3P1/PP1N1PQP/R1B1R1K1,,,7,35,27,False,202205
202205022512199,35,e1e8,13.0,True,258.0,244.0,4rrk1/5ppp/p1pb4/1p1n3q/3P2b1/1BP3P1/PP1N1PQP/R1B1R1K1,,,7,35,27,False,202205
202205022533037,35,e1e8,12.0,True,152.0,169.0,4rrk1/5ppp/p1pb4/1p1n3q/3P2b1/1BP3P1/PP1N1PQP/R1B1R1K1,,,7,35,27,False,202205
202205042821357,35,e1e8,16.0,True,256.0,267.0,4rrk1/5ppp/p1pb4/1p1n3q/3P2b1/1BP3P1/PP1N1PQP/R1B1R1K1,,,7,35,27,False,202205
202205038145336,35,e1f1,18.0,True,865.0,1011.0,4rrk1/5ppp/p1pb4/1p1n3q/3P2b1/1BP3P1/PP1N1PQP/R1B1R1K1,,,7,35,27,False,202205
202205038292724,35,e1e8,4.0,True,154.0,145.0,4rrk1/5ppp/p1pb4/1p1n3q/3P2b1/1BP3P1/PP1N1PQP/R1B1R1K1,,,7,35,27,False,202205
202205038439331,35,e1f1,55.0,True,122.0,162.0,4rrk1/5ppp/p1pb4/1p1n3q/3P2b1/1BP3P1/PP1N1PQP/R1B1R1K1,,,7,35,27,False,202205
202205039861683,35,e1f1,18.0,True,155.0,161.0,4rrk1/5ppp/p1pb4/1p1n3q/3P2b1/1BP3P1/PP1N1PQP/R1B1R1K1,,,7,35,27,False,202205
202205039981136,35,d2e4,5.0,True,163.0,149.0,4rrk1/5ppp/p1pb4/1p1n3q/3P2b1/1BP3P1/PP1N1PQP/R1B1R1K1,,,7,35,27,False,202205
202205084245589,35,e1e4,28.0,True,188.0,75.0,4rrk1/5ppp/p1pb4/1p1n3q/3P2b1/1BP3P1/PP1N1PQP/R1B1R1K1,,,7,35,27,False,202205
202205084411994,35,e1f1,9.0,True,253.0,289.0,4rrk1/5ppp/p1pb4/1p1n3q/3P2b1/1BP3P1/PP1N1PQP/R1B1R1K1,,,7,35,27,False,202205
202205084868980,35,g2f1,22.0,True,261.0,272.0,4rrk1/5ppp/p1pb4/1p1n3q/3P2b1/1BP3P1/PP1N1PQP/R1B1R1K1,,,7,35,27,False,202205
202205084995776,35,e1e8,11.0,True,132.0,165.0,4rrk1/5ppp/p1pb4/1p1n3q/3P2b1/1BP3P1/PP1N1PQP/R1B1R1K1,,,7,35,27,False,202205
202205080477245,35,e1f1,22.0,True,159.0,184.0,4rrk1/5ppp/p1pb4/1p1n3q/3P2b1/1BP3P1/PP1N1PQP/R1B1R1K1,,,7,35,27,False,202205
202205080533917,35,h2h3,1.0,True,43.0,45.0,4rrk1/5ppp/p1pb4/1p1n3q/3P2b1/1BP3P1/PP1N1PQP/R1B1R1K1,,,7,35,27,False,202205
202205080584581,35,g2f1,39.0,True,254.0,310.0,4rrk1/5ppp/p1pb4/1p1n3q/3P2b1/1BP3P1/PP1N1PQP/R1B1R1K1,,,7,35,27,False,202205
202205080796338,35,e1f1,2.0,True,45.0,54.0,4rrk1/5ppp/p1pb4/1p1n3q/3P2b1/1BP3P1/PP1N1PQP/R1B1R1K1,,,7,35,27,False,202205
202205080835086,35,e1e8,14.0,True,151.0,167.0,4rrk1/5ppp/p1pb4/1p1n3q/3P2b1/1BP3P1/PP1N1PQP/R1B1R1K1,,,7,35,27,False,202205
202205051145669,35,e1e8,34.0,True,135.0,176.0,4rrk1/5ppp/p1pb4/1p1n3q/3P2b1/1BP3P1/PP1N1PQP/R1B1R1K1,,,7,35,27,False,202205
202205051357751,35,e1e8,8.0,True,251.0,227.0,4rrk1/5ppp/p1pb4/1p1n3q/3P2b1/1BP3P1/PP1N1PQP/R1B1R1K1,,,7,35,27,False,202205
202205051422202,35,d2e4,3.0,True,109.0,86.0,4rrk1/5ppp/p1pb4/1p1n3q/3P2b1/1BP3P1/PP1N1PQP/R1B1R1K1,,,7,35,27,False,202205
202205069334205,35,e1f1,3.0,True,284.0,278.0,4rrk1/5ppp/p1pb4/1p1n3q/3P2b1/1BP3P1/PP1N1PQP/R1B1R1K1,,,7,35,27,False,202205
202205069360851,35,e1e8,5.0,True,303.0,272.0,4rrk1/5ppp/p1pb4/1p1n3q/3P2b1/1BP3P1/PP1N1PQP/R1B1R1K1,,,7,35,27,False,202205
202205069401848,35,d2e4,2.0,True,47.0,52.0,4rrk1/5ppp/p1pb4/1p1n3q/3P2b1/1BP3P1/PP1N1PQP/R1B1R1K1,,,7,35,27,False,202205
202205069451990,35,e1f1,58.0,True,240.0,293.0,4rrk1/5ppp/p1pb4/1p1n3q/3P2b1/1BP3P1/PP1N1PQP/R1B1R1K1,,,7,35,27,False,202205
202205069709966,35,e1f1,16.0,True,194.0,188.0,4rrk1/5ppp/p1pb4/1p1n3q/3P2b1/1BP3P1/PP1N1PQP/R1B1R1K1,,,7,35,27,False,202205
202205069977410,35,e1e8,5.0,True,38.0,43.0,4rrk1/5ppp/p1pb4/1p1n3q/3P2b1/1BP3P1/PP1N1PQP/R1B1R1K1,,,7,35,27,False,202205
202205082576595,35,e1e8,83.0,True,579.0,571.0,4rrk1/5ppp/p1pb4/1p1n3q/3P2b1/1BP3P1/PP1N1PQP/R1B1R1K1,,,7,35,27,False,202205
202205003236742,35,d2e4,7.0,True,136.0,154.0,4rrk1/5ppp/p1pb4/1p1n3q/3P2b1/1BP3P1/PP1N1PQP/R1B1R1K1,,,7,35,27,False,202205
202205003323870,35,e1e8,41.0,True,121.0,160.0,4rrk1/5ppp/p1pb4/1p1n3q/3P2b1/1BP3P1/PP1N1PQP/R1B1R1K1,,,7,35,27,False,202205
202205003631339,35,g2f1,19.0,True,105.0,121.0,4rrk1/5ppp/p1pb4/1p1n3q/3P2b1/1BP3P1/PP1N1PQP/R1B1R1K1,,,7,35,27,False,202205
202205003735334,35,e1f1,37.0,True,96.0,87.0,4rrk1/5ppp/p1pb4/1p1n3q/3P2b1/1BP3P1/PP1N1PQP/R1B1R1K1,,,7,35,27,False,202205
202205055098181,35,e1e8,44.0,True,168.0,196.0,4rrk1/5ppp/p1pb4/1p1n3q/3P2b1/1BP3P1/PP1N1PQP/R1B1R1K1,,,7,35,27,False,202205
202205055181806,35,e1f1,11.0,True,215.0,268.0,4rrk1/5ppp/p1pb4/1p1n3q/3P2b1/1BP3P1/PP1N1PQP/R1B1R1K1,,,7,35,27,False,202205
202205055427793,35,e1e8,7.0,True,36.0,45.0,4rrk1/5ppp/p1pb4/1p1n3q/3P2b1/1BP3P1/PP1N1PQP/R1B1R1K1,,,7,35,27,False,202205
202205055496196,39,d2e4,57.0,True,134.0,109.0,4rrk1/5ppp/p1pb4/1p1n3q/3P2b1/1BP3P1/PP1N1PQP/R1B1R1K1,,,11,35,27,False,202205
202205055608706,35,e1e8,31.0,True,135.0,162.0,4rrk1/5ppp/p1pb4/1p1n3q/3P2b1/1BP3P1/PP1N1PQP/R1B1R1K1,,,7,35,27,False,202205
202205055660817,35,e1e8,34.0,True,80.0,116.0,4rrk1/5ppp/p1pb4/1p1n3q/3P2b1/1BP3P1/PP1N1PQP/R1B1R1K1,,,7,35,27,False,202205
202205055809550,35,e1e8,103.0,True,557.0,610.0,4rrk1/5ppp/p1pb4/1p1n3q/3P2b1/1BP3P1/PP1N1PQP/R1B1R1K1,,,7,35,27,False,202205
202205020556099,35,e1e4,25.0,True,165.0,170.0,4rrk1/5ppp/p1pb4/1p1n3q/3P2b1/1BP3P1/PP1N1PQP/R1B1R1K1,,,7,35,27,False,202205
202205020816581,35,e1e8,58.0,True,363.0,539.0,4rrk1/5ppp/p1pb4/1p1n3q/3P2b1/1BP3P1/PP1N1PQP/R1B1R1K1,,,7,35,27,False,202205
202205004387428,35,d2e4,3.0,True,148.0,155.0,4rrk1/5ppp/p1pb4/1p1n3q/3P2b1/1BP3P1/PP1N1PQP/R1B1R1K1,,,7,35,27,False,202205
202205004751581,35,e1e4,32.0,True,225.0,272.0,4rrk1/5ppp/p1pb4/1p1n3q/3P2b1/1BP3P1/PP1N1PQP/R1B1R1K1,,,7,35,27,False,202205
202205031211523,35,e1f1,4.0,True,110.0,122.0,4rrk1/5ppp/p1pb4/1p1n3q/3P2b1/1BP3P1/PP1N1PQP/R1B1R1K1,,,7,35,27,False,202205
202205031285586,35,e1e8,32.0,True,234.0,298.0,4rrk1/5ppp/p1pb4/1p1n3q/3P2b1/1BP3P1/PP1N1PQP/R1B1R1K1,,,7,35,27,False,202205
202205031286526,35,d2e4,27.0,True,413.0,473.0,4rrk1/5ppp/p1pb4/1p1n3q/3P2b1/1BP3P1/PP1N1PQP/R1B1R1K1,,,7,35,27,False,202205
202205031923789,35,e1e8,78.0,True,148.0,200.0,4rrk1/5ppp/p1pb4/1p1n3q/3P2b1/1BP3P1/PP1N1PQP/R1B1R1K1,,,7,35,27,False,202205
202205060009640,35,g1f1,7.0,True,157.0,191.0,4rrk1/5ppp/p1pb4/1p1n3q/3P2b1/1BP3P1/PP1N1PQP/R1B1R1K1,,,7,35,27,False,202205
202205060253608,35,e1f1,14.0,True,140.0,276.0,4rrk1/5ppp/p1pb4/1p1n3q/3P2b1/1BP3P1/PP1N1PQP/R1B1R1K1,,,7,35,27,False,202205
202205060359168,35,e1f1,7.0,True,138.0,155.0,4rrk1/5ppp/p1pb4/1p1n3q/3P2b1/1BP3P1/PP1N1PQP/R1B1R1K1,,,7,35,27,False,202205
202205060492289,35,e1f1,29.0,True,142.0,166.0,4rrk1/5ppp/p1pb4/1p1n3q/3P2b1/1BP3P1/PP1N1PQP/R1B1R1K1,,,7,35,27,False,202205
202205060506217,35,e1f1,10.0,True,173.0,170.0,4rrk1/5ppp/p1pb4/1p1n3q/3P2b1/1BP3P1/PP1N1PQP/R1B1R1K1,,,7,35,27,False,202205
202205060686320,35,d2e4,7.0,True,136.0,163.0,4rrk1/5ppp/p1pb4/1p1n3q/3P2b1/1BP3P1/PP1N1PQP/R1B1R1K1,,,7,35,27,False,202205
202205060734752,35,e1e8,1.0,True,116.0,171.0,4rrk1/5ppp/p1pb4/1p1n3q/3P2b1/1BP3P1/PP1N1PQP/R1B1R1K1,,,7,35,27,False,202205
202205060864512,35,e1f1,1.0,True,45.0,47.0,4rrk1/5ppp/p1pb4/1p1n3q/3P2b1/1BP3P1/PP1N1PQP/R1B1R1K1,,,7,35,27,False,202205
202205056240010,35,e1e8,8.0,True,237.0,325.0,4rrk1/5ppp/p1pb4/1p1n3q/3P2b1/1BP3P1/PP1N1PQP/R1B1R1K1,,,7,35,27,False,202205
202205056348100,35,e1e8,20.0,True,170.0,191.0,4rrk1/5ppp/p1pb4/1p1n3q/3P2b1/1BP3P1/PP1N1PQP/R1B1R1K1,,,7,35,27,False,202205
202205056476033,35,d2e4,13.0,True,165.0,199.0,4rrk1/5ppp/p1pb4/1p1n3q/3P2b1/1BP3P1/PP1N1PQP/R1B1R1K1,,,7,35,27,False,202205
202205056593298,35,g2f1,23.0,True,110.0,182.0,4rrk1/5ppp/p1pb4/1p1n3q/3P2b1/1BP3P1/PP1N1PQP/R1B1R1K1,,,7,35,27,False,202205
202205056861086,35,e1f1,11.0,True,179.0,193.0,4rrk1/5ppp/p1pb4/1p1n3q/3P2b1/1BP3P1/PP1N1PQP/R1B1R1K1,,,7,35,27,False,202205
202205056983310,35,e1e8,66.0,True,102.0,233.0,4rrk1/5ppp/p1pb4/1p1n3q/3P2b1/1BP3P1/PP1N1PQP/R1B1R1K1,,,7,35,27,False,202205
202205058095271,35,e1e8,9.0,True,157.0,186.0,4rrk1/5ppp/p1pb4/1p1n3q/3P2b1/1BP3P1/PP1N1PQP/R1B1R1K1,,,7,35,27,False,202205
202205058352348,35,e1e8,8.0,True,59.0,83.0,4rrk1/5ppp/p1pb4/1p1n3q/3P2b1/1BP3P1/PP1N1PQP/R1B1R1K1,,,7,35,27,False,202205
202205058508608,35,e1e8,8.0,True,273.0,274.0,4rrk1/5ppp/p1pb4/1p1n3q/3P2b1/1BP3P1/PP1N1PQP/R1B1R1K1,,,7,35,27,False,202205
202205058672484,35,e1f1,1.0,True,37.0,51.0,4rrk1/5ppp/p1pb4/1p1n3q/3P2b1/1BP3P1/PP1N1PQP/R1B1R1K1,,,7,35,27,False,202205
202205068052673,35,e1e8,3.0,True,72.0,67.0,4rrk1/5ppp/p1pb4/1p1n3q/3P2b1/1BP3P1/PP1N1PQP/R1B1R1K1,,,7,35,27,False,202205
202205068878120,35,e1e8,35.0,True,160.0,189.0,4rrk1/5ppp/p1pb4/1p1n3q/3P2b1/1BP3P1/PP1N1PQP/R1B1R1K1,,,7,35,27,False,202205
202205012129446,35,e1f1,47.0,True,162.0,191.0,4rrk1/5ppp/p1pb4/1p1n3q/3P2b1/1BP3P1/PP1N1PQP/R1B1R1K1,,,7,35,27,False,202205
202205012667322,35,e1e8,21.0,True,553.0,626.0,4rrk1/5ppp/p1pb4/1p1n3q/3P2b1/1BP3P1/PP1N1PQP/R1B1R1K1,,,7,35,27,False,202205
202205012688757,35,e1f1,18.0,True,264.0,283.0,4rrk1/5ppp/p1pb4/1p1n3q/3P2b1/1BP3P1/PP1N1PQP/R1B1R1K1,,,5,35,27,False,202205
202205012783005,35,e1f1,27.0,True,429.0,492.0,4rrk1/5ppp/p1pb4/1p1n3q/3P2b1/1BP3P1/PP1N1PQP/R1B1R1K1,,,7,35,27,False,202205
202205078195442,35,g1f1,14.0,True,131.0,158.0,4rrk1/5ppp/p1pb4/1p1n3q/3P2b1/1BP3P1/PP1N1PQP/R1B1R1K1,,,7,35,27,False,202205
202205078720992,35,e1f1,53.0,True,152.0,187.0,4rrk1/5ppp/p1pb4/1p1n3q/3P2b1/1BP3P1/PP1N1PQP/R1B1R1K1,,,7,35,27,False,202205
202205027890531,35,d2e4,1.0,True,139.0,121.0,4rrk1/5ppp/p1pb4/1p1n3q/3P2b1/1BP3P1/PP1N1PQP/R1B1R1K1,,,7,35,27,False,202205
202205027994326,35,e1f1,14.0,True,228.0,273.0,4rrk1/5ppp/p1pb4/1p1n3q/3P2b1/1BP3P1/PP1N1PQP/R1B1R1K1,,,7,35,27,False,202205
202205043067426,35,e1e8,33.0,True,562.0,561.0,4rrk1/5ppp/p1pb4/1p1n3q/3P2b1/1BP3P1/PP1N1PQP/R1B1R1K1,,,7,35,27,False,202205
202205043370188,35,e1e8,8.0,True,254.0,309.0,4rrk1/5ppp/p1pb4/1p1n3q/3P2b1/1BP3P1/PP1N1PQP/R1B1R1K1,,,7,35,27,False,202205
202205043427583,35,g2f1,4.0,True,161.0,153.0,4rrk1/5ppp/p1pb4/1p1n3q/3P2b1/1BP3P1/PP1N1PQP/R1B1R1K1,,,7,35,27,False,202205
202205043514869,39,d2e4,14.0,True,109.0,121.0,4rrk1/5ppp/p1pb4/1p1n3q/3P2b1/1BP3P1/PP1N1PQP/R1B1R1K1,,,11,35,27,False,202205
202205043727086,35,e1e8,23.0,True,207.0,325.0,4rrk1/5ppp/p1pb4/1p1n3q/3P2b1/1BP3P1/PP1N1PQP/R1B1R1K1,,,7,35,27,False,202205
202205043773849,35,d2e4,14.0,True,232.0,272.0,4rrk1/5ppp/p1pb4/1p1n3q/3P2b1/1BP3P1/PP1N1PQP/R1B1R1K1,,,7,35,27,False,202205
202205050602192,35,e1f1,23.0,True,72.0,156.0,4rrk1/5ppp/p1pb4/1p1n3q/3P2b1/1BP3P1/PP1N1PQP/R1B1R1K1,,,7,35,27,False,202205
202205050778291,35,e1e8,36.0,True,165.0,188.0,4rrk1/5ppp/p1pb4/1p1n3q/3P2b1/1BP3P1/PP1N1PQP/R1B1R1K1,,,7,35,27,False,202205
202205088078648,35,e1e8,16.0,True,201.0,244.0,4rrk1/5ppp/p1pb4/1p1n3q/3P2b1/1BP3P1/PP1N1PQP/R1B1R1K1,,,7,35,27,False,202205
202205088297374,35,e1e4,105.0,True,223.0,244.0,4rrk1/5ppp/p1pb4/1p1n3q/3P2b1/1BP3P1/PP1N1PQP/R1B1R1K1,,,7,35,27,False,202205
202205088859434,35,e1e8,78.0,True,449.0,579.0,4rrk1/5ppp/p1pb4/1p1n3q/3P2b1/1BP3P1/PP1N1PQP/R1B1R1K1,,,7,35,27,False,202205
202205028674798,35,e1e8,51.0,True,271.0,332.0,4rrk1/5ppp/p1pb4/1p1n3q/3P2b1/1BP3P1/PP1N1PQP/R1B1R1K1,,,7,35,27,False,202205
202205028733430,35,e1e8,3.0,True,147.0,165.0,4rrk1/5ppp/p1pb4/1p1n3q/3P2b1/1BP3P1/PP1N1PQP/R1B1R1K1,,,7,35,27,False,202205
202205028869384,35,d2e4,3.0,True,129.0,168.0,4rrk1/5ppp/p1pb4/1p1n3q/3P2b1/1BP3P1/PP1N1PQP/R1B1R1K1,,,7,35,27,False,202205
202205071010440,35,e1f1,14.0,True,145.0,157.0,4rrk1/5ppp/p1pb4/1p1n3q/3P2b1/1BP3P1/PP1N1PQP/R1B1R1K1,,,7,35,27,False,202205
202205071125681,35,e1e8,5.0,True,302.0,327.0,4rrk1/5ppp/p1pb4/1p1n3q/3P2b1/1BP3P1/PP1N1PQP/R1B1R1K1,,,7,35,27,False,202205
202205071405448,35,e1e8,14.0,True,126.0,159.0,4rrk1/5ppp/p1pb4/1p1n3q/3P2b1/1BP3P1/PP1N1PQP/R1B1R1K1,,,7,35,27,False,202205
202205071576679,35,e1e8,5.0,True,262.0,270.0,4rrk1/5ppp/p1pb4/1p1n3q/3P2b1/1BP3P1/PP1N1PQP/R1B1R1K1,,,7,35,27,False,202205
202205071658338,35,e1e4,14.0,True,163.0,183.0,4rrk1/5ppp/p1pb4/1p1n3q/3P2b1/1BP3P1/PP1N1PQP/R1B1R1K1,,,7,35,27,False,202205
202205071939845,35,e1f1,70.0,True,992.0,996.0,4rrk1/5ppp/p1pb4/1p1n3q/3P2b1/1BP3P1/PP1N1PQP/R1B1R1K1,,,7,35,27,False,202205
202205076386747,35,e1e8,40.0,True,295.0,305.0,4rrk1/5ppp/p1pb4/1p1n3q/3P2b1/1BP3P1/PP1N1PQP/R1B1R1K1,,,7,35,27,False,202205
202205076422222,35,e1e8,11.0,True,220.0,263.0,4rrk1/5ppp/p1pb4/1p1n3q/3P2b1/1BP3P1/PP1N1PQP/R1B1R1K1,,,7,35,27,False,202205
202205076566734,35,e1e8,2.0,True,142.0,161.0,4rrk1/5ppp/p1pb4/1p1n3q/3P2b1/1BP3P1/PP1N1PQP/R1B1R1K1,,,7,35,27,False,202205
202205076951721,35,d2e4,5.0,True,239.0,308.0,4rrk1/5ppp/p1pb4/1p1n3q/3P2b1/1BP3P1/PP1N1PQP/R1B1R1K1,,,7,35,27,False,202205
202205017419963,35,e1e8,45.0,True,226.0,274.0,4rrk1/5ppp/p1pb4/1p1n3q/3P2b1/1BP3P1/PP1N1PQP/R1B1R1K1,,,7,35,27,False,202205
202205017774838,35,e1e8,4.0,True,151.0,148.0,4rrk1/5ppp/p1pb4/1p1n3q/3P2b1/1BP3P1/PP1N1PQP/R1B1R1K1,,,7,35,27,False,202205
202205017819773,35,e1e8,4.0,True,161.0,172.0,4rrk1/5ppp/p1pb4/1p1n3q/3P2b1/1BP3P1/PP1N1PQP/R1B1R1K1,,,7,35,27,False,202205
202205053090619,35,e1e8,14.0,True,544.0,572.0,4rrk1/5ppp/p1pb4/1p1n3q/3P2b1/1BP3P1/PP1N1PQP/R1B1R1K1,,,7,35,27,False,202205
202205047147553,35,e1e8,27.0,True,582.0,537.0,4rrk1/5ppp/p1pb4/1p1n3q/3P2b1/1BP3P1/PP1N1PQP/R1B1R1K1,,,7,35,27,False,202205
202205047176204,35,e1e8,41.0,True,235.0,320.0,4rrk1/5ppp/p1pb4/1p1n3q/3P2b1/1BP3P1/PP1N1PQP/R1B1R1K1,,,7,35,27,False,202205
202205047751179,35,e1e4,2.0,True,187.0,122.0,4rrk1/5ppp/p1pb4/1p1n3q/3P2b1/1BP3P1/PP1N1PQP/R1B1R1K1,,,7,35,27,False,202205
202205047864709,35,e1f1,30.0,True,164.0,193.0,4rrk1/5ppp/p1pb4/1p1n3q/3P2b1/1BP3P1/PP1N1PQP/R1B1R1K1,,,7,35,27,False,202205
202205047914546,35,e1e8,11.0,True,227.0,276.0,4rrk1/5ppp/p1pb4/1p1n3q/3P2b1/1BP3P1/PP1N1PQP/R1B1R1K1,,,7,35,27,False,202205
202205010277510,35,e1f1,8.0,True,129.0,175.0,4rrk1/5ppp/p1pb4/1p1n3q/3P2b1/1BP3P1/PP1N1PQP/R1B1R1K1,,,7,35,27,False,202205
202205010298688,35,d2e4,31.0,True,130.0,191.0,4rrk1/5ppp/p1pb4/1p1n3q/3P2b1/1BP3P1/PP1N1PQP/R1B1R1K1,,,7,35,27,False,202205
202205010329993,35,e1e8,16.0,True,158.0,158.0,4rrk1/5ppp/p1pb4/1p1n3q/3P2b1/1BP3P1/PP1N1PQP/R1B1R1K1,,,7,35,27,False,202205
202205010484737,35,e1e4,65.0,True,172.0,168.0,4rrk1/5ppp/p1pb4/1p1n3q/3P2b1/1BP3P1/PP1N1PQP/R1B1R1K1,,,7,35,27,False,202205
202205010697001,35,g2f1,32.0,True,275.0,300.0,4rrk1/5ppp/p1pb4/1p1n3q/3P2b1/1BP3P1/PP1N1PQP/R1B1R1K1,,,7,35,27,False,202205
202205010854082,35,e1e8,22.0,True,142.0,168.0,4rrk1/5ppp/p1pb4/1p1n3q/3P2b1/1BP3P1/PP1N1PQP/R1B1R1K1,,,7,35,27,False,202205
202205089233762,35,d2e4,2.0,True,150.0,178.0,4rrk1/5ppp/p1pb4/1p1n3q/3P2b1/1BP3P1/PP1N1PQP/R1B1R1K1,,,7,35,27,False,202205
202205089421143,35,e1f1,50.0,True,395.0,556.0,4rrk1/5ppp/p1pb4/1p1n3q/3P2b1/1BP3P1/PP1N1PQP/R1B1R1K1,,,7,35,27,False,202205
202205089748236,35,e1e8,4.0,True,37.0,47.0,4rrk1/5ppp/p1pb4/1p1n3q/3P2b1/1BP3P1/PP1N1PQP/R1B1R1K1,,,7,35,27,False,202205
202205089869921,35,e1e8,22.0,True,260.0,271.0,4rrk1/5ppp/p1pb4/1p1n3q/3P2b1/1BP3P1/PP1N1PQP/R1B1R1K1,,,7,35,27,False,202205
202205075052939,35,g2f1,38.0,True,148.0,131.0,4rrk1/5ppp/p1pb4/1p1n3q/3P2b1/1BP3P1/PP1N1PQP/R1B1R1K1,,,7,35,27,False,202205
202205075239700,35,d2e4,16.0,True,308.0,296.0,4rrk1/5ppp/p1pb4/1p1n3q/3P2b1/1BP3P1/PP1N1PQP/R1B1R1K1,,,7,35,27,False,202205
202205033049740,35,d2e4,4.0,True,165.0,201.0,4rrk1/5ppp/p1pb4/1p1n3q/3P2b1/1BP3P1/PP1N1PQP/R1B1R1K1,,,7,35,27,False,202205
202205033210800,35,e1e8,19.0,True,1628.0,1777.0,4rrk1/5ppp/p1pb4/1p1n3q/3P2b1/1BP3P1/PP1N1PQP/R1B1R1K1,,,7,35,27,False,202205
202205033693910,35,d2e4,8.0,True,104.0,117.0,4rrk1/5ppp/p1pb4/1p1n3q/3P2b1/1BP3P1/PP1N1PQP/R1B1R1K1,,,7,35,27,False,202205
202205033944423,35,e1f1,40.0,True,496.0,475.0,4rrk1/5ppp/p1pb4/1p1n3q/3P2b1/1BP3P1/PP1N1PQP/R1B1R1K1,,,7,35,27,False,202205
202205033991413,35,e1e8,49.0,True,167.0,189.0,4rrk1/5ppp/p1pb4/1p1n3q/3P2b1/1BP3P1/PP1N1PQP/R1B1R1K1,,,7,35,27,False,202205
202205086486043,35,d2e4,8.0,True,41.0,99.0,4rrk1/5ppp/p1pb4/1p1n3q/3P2b1/1BP3P1/PP1N1PQP/R1B1R1K1,,,7,35,27,False,202205
202205086844756,35,e1e8,9.0,True,70.0,116.0,4rrk1/5ppp/p1pb4/1p1n3q/3P2b1/1BP3P1/PP1N1PQP/R1B1R1K1,,,7,35,27,False,202205
202205086880461,35,e1f1,4.0,True,36.0,50.0,4rrk1/5ppp/p1pb4/1p1n3q/3P2b1/1BP3P1/PP1N1PQP/R1B1R1K1,,,7,35,27,False,202205
202205034126488,35,e1f1,48.0,True,260.0,279.0,4rrk1/5ppp/p1pb4/1p1n3q/3P2b1/1BP3P1/PP1N1PQP/R1B1R1K1,,,7,35,27,False,202205
202205034401733,35,e1f1,49.0,True,455.0,628.0,4rrk1/5ppp/p1pb4/1p1n3q/3P2b1/1BP3P1/PP1N1PQP/R1B1R1K1,,,7,35,27,False,202205
202205034610482,35,e1e8,106.0,True,498.0,556.0,4rrk1/5ppp/p1pb4/1p1n3q/3P2b1/1BP3P1/PP1N1PQP/R1B1R1K1,,,7,35,27,False,202205
202205044572332,35,e1f1,50.0,True,150.0,204.0,4rrk1/5ppp/p1pb4/1p1n3q/3P2b1/1BP3P1/PP1N1PQP/R1B1R1K1,,,7,35,27,False,202205
202205044897233,35,b3d5,10.0,True,250.0,224.0,4rrk1/5ppp/p1pb4/1p1n3q/3P2b1/1BP3P1/PP1N1PQP/R1B1R1K1,,,7,35,27,False,202205
202205044993487,35,g2f1,31.0,True,112.0,143.0,4rrk1/5ppp/p1pb4/1p1n3q/3P2b1/1BP3P1/PP1N1PQP/R1B1R1K1,,,7,35,27,False,202205
202205018081767,35,e1e8,26.0,True,68.0,87.0,4rrk1/5ppp/p1pb4/1p1n3q/3P2b1/1BP3P1/PP1N1PQP/R1B1R1K1,,,7,35,27,False,202205
202205018371504,35,e1f1,13.0,True,151.0,188.0,4rrk1/5ppp/p1pb4/1p1n3q/3P2b1/1BP3P1/PP1N1PQP/R1B1R1K1,,,7,35,27,False,202205
202205018946666,35,e1e8,3.0,True,140.0,147.0,4rrk1/5ppp/p1pb4/1p1n3q/3P2b1/1BP3P1/PP1N1PQP/R1B1R1K1,,,7,35,27,False,202205
202205054325164,35,e1f1,11.0,True,108.0,121.0,4rrk1/5ppp/p1pb4/1p1n3q/3P2b1/1BP3P1/PP1N1PQP/R1B1R1K1,,,7,35,27,False,202205
202205054745745,35,e1e8,11.0,True,147.0,190.0,4rrk1/5ppp/p1pb4/1p1n3q/3P2b1/1BP3P1/PP1N1PQP/R1B1R1K1,,,7,35,27,False,202205
202205054844373,35,d2e4,69.0,True,175.0,148.0,4rrk1/5ppp/p1pb4/1p1n3q/3P2b1/1BP3P1/PP1N1PQP/R1B1R1K1,,,7,35,27,False,202205
202205016221674,35,e1e8,36.0,True,1701.0,1594.0,4rrk1/5ppp/p1pb4/1p1n3q/3P2b1/1BP3P1/PP1N1PQP/R1B1R1K1,,,7,35,27,False,202205
202205016288991,37,e1e8,52.0,True,207.0,238.0,4rrk1/5ppp/p1pb4/1p1n3q/3P2b1/1BP3P1/PP1N1PQP/R1B1R1K1,,,7,35,27,False,202205
202205016646561,35,e1e8,51.0,True,162.0,118.0,4rrk1/5ppp/p1pb4/1p1n3q/3P2b1/1BP3P1/PP1N1PQP/R1B1R1K1,,,7,35,27,False,202205
202205016943486,35,e1e8,10.0,True,107.0,166.0,4rrk1/5ppp/p1pb4/1p1n3q/3P2b1/1BP3P1/PP1N1PQP/R1B1R1K1,,,7,35,27,False,202205
202205016980883,35,e1f1,18.0,True,109.0,120.0,4rrk1/5ppp/p1pb4/1p1n3q/3P2b1/1BP3P1/PP1N1PQP/R1B1R1K1,,,7,35,27,False,202205
202205072494935,35,e1e8,14.0,True,73.0,121.0,4rrk1/5ppp/p1pb4/1p1n3q/3P2b1/1BP3P1/PP1N1PQP/R1B1R1K1,,,7,35,27,False,202205
202205072545341,35,e1e8,15.0,True,599.0,556.0,4rrk1/5ppp/p1pb4/1p1n3q/3P2b1/1BP3P1/PP1N1PQP/R1B1R1K1,,,7,35,27,False,202205
202205072760965,35,e1e4,39.0,True,134.0,157.0,4rrk1/5ppp/p1pb4/1p1n3q/3P2b1/1BP3P1/PP1N1PQP/R1B1R1K1,,,7,35,27,False,202205
202205072953892,35,e1e8,20.0,True,276.0,277.0,4rrk1/5ppp/p1pb4/1p1n3q/3P2b1/1BP3P1/PP1N1PQP/R1B1R1K1,,,7,35,27,False,202205
202205083509546,35,d2e4,56.0,True,758.0,876.0,4rrk1/5ppp/p1pb4/1p1n3q/3P2b1/1BP3P1/PP1N1PQP/R1B1R1K1,,,7,35,27,False,202205
202205083700163,35,e1e8,11.0,True,130.0,148.0,4rrk1/5ppp/p1pb4/1p1n3q/3P2b1/1BP3P1/PP1N1PQP/R1B1R1K1,,,7,35,27,False,202205
202205083755136,35,g2f1,12.0,True,146.0,188.0,4rrk1/5ppp/p1pb4/1p1n3q/3P2b1/1BP3P1/PP1N1PQP/R1B1R1K1,,,7,35,27,False,202205
202205030552757,35,d2e4,22.0,True,157.0,204.0,4rrk1/5ppp/p1pb4/1p1n3q/3P2b1/1BP3P1/PP1N1PQP/R1B1R1K1,,,7,35,27,False,202205
202205030643951,35,e1e8,39.0,True,141.0,169.0,4rrk1/5ppp/p1pb4/1p1n3q/3P2b1/1BP3P1/PP1N1PQP/R1B1R1K1,,,7,35,27,False,202205
202205030647168,35,g2f1,37.0,True,220.0,255.0,4rrk1/5ppp/p1pb4/1p1n3q/3P2b1/1BP3P1/PP1N1PQP/R1B1R1K1,,,7,35,27,False,202205
202205030672892,35,e1e8,10.0,True,155.0,179.0,4rrk1/5ppp/p1pb4/1p1n3q/3P2b1/1BP3P1/PP1N1PQP/R1B1R1K1,,,7,35,27,False,202205
202205030723546,35,g1f1,51.0,True,94.0,188.0,4rrk1/5ppp/p1pb4/1p1n3q/3P2b1/1BP3P1/PP1N1PQP/R1B1R1K1,,,7,35,27,False,202205
202205030764254,35,e1f1,7.0,True,77.0,110.0,4rrk1/5ppp/p1pb4/1p1n3q/3P2b1/1BP3P1/PP1N1PQP/R1B1R1K1,,,7,35,27,False,202205
202205030858773,35,e1e8,24.0,True,110.0,159.0,4rrk1/5ppp/p1pb4/1p1n3q/3P2b1/1BP3P1/PP1N1PQP/R1B1R1K1,,,7,35,27,False,202205
202205019370532,35,e1e8,73.0,True,170.0,192.0,4rrk1/5ppp/p1pb4/1p1n3q/3P2b1/1BP3P1/PP1N1PQP/R1B1R1K1,,,7,35,27,False,202205
202205019570368,35,g1f1,18.0,True,209.0,277.0,4rrk1/5ppp/p1pb4/1p1n3q/3P2b1/1BP3P1/PP1N1PQP/R1B1R1K1,,,7,35,27,False,202205
202205019963893,35,e1e8,62.0,True,272.0,320.0,4rrk1/5ppp/p1pb4/1p1n3q/3P2b1/1BP3P1/PP1N1PQP/R1B1R1K1,,,7,35,27,False,202205
202205073304148,35,e1e8,56.0,True,486.0,584.0,4rrk1/5ppp/p1pb4/1p1n3q/3P2b1/1BP3P1/PP1N1PQP/R1B1R1K1,,,7,35,27,False,202205
202205073414818,35,e1f1,17.0,True,158.0,161.0,4rrk1/5ppp/p1pb4/1p1n3q/3P2b1/1BP3P1/PP1N1PQP/R1B1R1K1,,,7,35,27,False,202205
202205073814011,35,e1f1,96.0,True,162.0,181.0,4rrk1/5ppp/p1pb4/1p1n3q/3P2b1/1BP3P1/PP1N1PQP/R1B1R1K1,,,7,35,27,False,202205
202205073905308,35,g2f1,69.0,True,577.0,551.0,4rrk1/5ppp/p1pb4/1p1n3q/3P2b1/1BP3P1/PP1N1PQP/R1B1R1K1,,,7,35,27,False,202205
202205073967205,35,e1e4,41.0,True,177.0,159.0,4rrk1/5ppp/p1pb4/1p1n3q/3P2b1/1BP3P1/PP1N1PQP/R1B1R1K1,,,7,35,27,False,202205
202205015157596,35,e1f1,53.0,True,427.0,473.0,4rrk1/5ppp/p1pb4/1p1n3q/3P2b1/1BP3P1/PP1N1PQP/R1B1R1K1,,,7,35,27,False,202205
202205015257982,35,e1e8,26.0,True,87.0,121.0,4rrk1/5ppp/p1pb4/1p1n3q/3P2b1/1BP3P1/PP1N1PQP/R1B1R1K1,,,7,35,27,False,202205
202205015293966,35,f2f3,21.0,True,227.0,277.0,4rrk1/5ppp/p1pb4/1p1n3q/3P2b1/1BP3P1/PP1N1PQP/R1B1R1K1,,,7,35,27,False,202205
202205015851802,35,g2f1,13.0,True,264.0,265.0,4rrk1/5ppp/p1pb4/1p1n3q/3P2b1/1BP3P1/PP1N1PQP/R1B1R1K1,,,7,35,27,False,202205
202205067391210,35,e1e4,34.0,True,194.0,242.0,4rrk1/5ppp/p1pb4/1p1n3q/3P2b1/1BP3P1/PP1N1PQP/R1B1R1K1,,,7,35,27,False,202205
202205067674365,35,e1f1,24.0,True,233.0,277.0,4rrk1/5ppp/p1pb4/1p1n3q/3P2b1/1BP3P1/PP1N1PQP/R1B1R1K1,,,7,35,27,False,202205
202205067843751,35,e1e8,5.0,True,143.0,183.0,4rrk1/5ppp/p1pb4/1p1n3q/3P2b1/1BP3P1/PP1N1PQP/R1B1R1K1,,,7,35,27,False,202205
202205067973857,35,d2e4,7.0,True,304.0,330.0,4rrk1/5ppp/p1pb4/1p1n3q/3P2b1/1BP3P1/PP1N1PQP/R1B1R1K1,,,7,35,27,False,202205
202205026561833,35,e1e8,8.0,True,39.0,49.0,4rrk1/5ppp/p1pb4/1p1n3q/3P2b1/1BP3P1/PP1N1PQP/R1B1R1K1,,,7,35,27,False,202205
202205026848352,35,g2f1,32.0,True,82.0,109.0,4rrk1/5ppp/p1pb4/1p1n3q/3P2b1/1BP3P1/PP1N1PQP/R1B1R1K1,,,7,35,27,False,202205
202205079484940,35,e1e8,6.0,True,498.0,573.0,4rrk1/5ppp/p1pb4/1p1n3q/3P2b1/1BP3P1/PP1N1PQP/R1B1R1K1,,,7,35,27,False,202205
202205079689377,35,e1f1,37.0,True,129.0,132.0,4rrk1/5ppp/p1pb4/1p1n3q/3P2b1/1BP3P1/PP1N1PQP/R1B1R1K1,,,7,35,27,False,202205
202205002014915,35,d2e4,3.0,True,163.0,197.0,4rrk1/5ppp/p1pb4/1p1n3q/3P2b1/1BP3P1/PP1N1PQP/R1B1R1K1,,,7,35,27,False,202205
202205002222094,35,e1e8,73.0,True,232.0,272.0,4rrk1/5ppp/p1pb4/1p1n3q/3P2b1/1BP3P1/PP1N1PQP/R1B1R1K1,,,7,35,27,False,202205
202205002226105,35,e1e8,34.0,True,266.0,265.0,4rrk1/5ppp/p1pb4/1p1n3q/3P2b1/1BP3P1/PP1N1PQP/R1B1R1K1,,,7,35,27,False,202205
202205002532447,35,e1e8,19.0,True,600.0,627.0,4rrk1/5ppp/p1pb4/1p1n3q/3P2b1/1BP3P1/PP1N1PQP/R1B1R1K1,,,7,35,27,False,202205
202205002711336,35,e1f1,30.0,True,86.0,142.0,4rrk1/5ppp/p1pb4/1p1n3q/3P2b1/1BP3P1/PP1N1PQP/R1B1R1K1,,,7,35,27,False,202205
202205014379156,35,d2e4,3.0,True,94.0,101.0,4rrk1/5ppp/p1pb4/1p1n3q/3P2b1/1BP3P1/PP1N1PQP/R1B1R1K1,,,7,35,27,False,202205
202205014414199,35,e1e8,38.0,True,523.0,583.0,4rrk1/5ppp/p1pb4/1p1n3q/3P2b1/1BP3P1/PP1N1PQP/R1B1R1K1,,,7,35,27,False,202205
202205014426062,37,e1e8,13.0,True,126.0,117.0,4rrk1/5ppp/p1pb4/1p1n3q/3P2b1/1BP3P1/PP1N1PQP/R1B1R1K1,,,7,35,27,False,202205
202205007624739,35,e1e8,2.0,True,280.0,270.0,4rrk1/5ppp/p1pb4/1p1n3q/3P2b1/1BP3P1/PP1N1PQP/R1B1R1K1,,,7,35,27,False,202205
202205024120546,35,e1f1,15.0,True,48.0,48.0,4rrk1/5ppp/p1pb4/1p1n3q/3P2b1/1BP3P1/PP1N1PQP/R1B1R1K1,,,7,35,27,False,202205
202205024366780,35,e1f1,10.0,True,161.0,164.0,4rrk1/5ppp/p1pb4/1p1n3q/3P2b1/1BP3P1/PP1N1PQP/R1B1R1K1,,,7,35,27,False,202205
202205024402899,35,e1e8,15.0,True,30.0,49.0,4rrk1/5ppp/p1pb4/1p1n3q/3P2b1/1BP3P1/PP1N1PQP/R1B1R1K1,,,7,35,27,False,202205
202205024841731,35,e1e4,17.0,True,957.0,893.0,4rrk1/5ppp/p1pb4/1p1n3q/3P2b1/1BP3P1/PP1N1PQP/R1B1R1K1,,,7,35,27,False,202205
202205045003614,35,e1e8,6.0,True,168.0,185.0,4rrk1/5ppp/p1pb4/1p1n3q/3P2b1/1BP3P1/PP1N1PQP/R1B1R1K1,,,7,35,27,False,202205
202205045344441,35,e1f1,53.0,True,287.0,316.0,4rrk1/5ppp/p1pb4/1p1n3q/3P2b1/1BP3P1/PP1N1PQP/R1B1R1K1,,,7,35,27,False,202205
202205045818390,35,e1e8,20.0,True,1387.0,1621.0,4rrk1/5ppp/p1pb4/1p1n3q/3P2b1/1BP3P1/PP1N1PQP/R1B1R1K1,,,7,35,27,False,202205
202205052102202,37,d2e4,7.0,True,265.0,267.0,4rrk1/5ppp/p1pb4/1p1n3q/3P2b1/1BP3P1/PP1N1PQP/R1B1R1K1,,,7,35,27,False,202205
202205052181320,35,e1e8,57.0,True,124.0,190.0,4rrk1/5ppp/p1pb4/1p1n3q/3P2b1/1BP3P1/PP1N1PQP/R1B1R1K1,,,7,35,27,False,202205
202205052229689,35,e1e4,36.0,True,158.0,188.0,4rrk1/5ppp/p1pb4/1p1n3q/3P2b1/1BP3P1/PP1N1PQP/R1B1R1K1,,,7,35,27,False,202205
202205052348778,35,e1e8,113.0,True,195.0,292.0,4rrk1/5ppp/p1pb4/1p1n3q/3P2b1/1BP3P1/PP1N1PQP/R1B1R1K1,,,7,35,27,False,202205
202205052530339,35,d2e4,65.0,True,148.0,151.0,4rrk1/5ppp/p1pb4/1p1n3q/3P2b1/1BP3P1/PP1N1PQP/R1B1R1K1,,,7,35,27,False,202205
202205052660410,35,d2e4,5.0,True,67.0,121.0,4rrk1/5ppp/p1pb4/1p1n3q/3P2b1/1BP3P1/PP1N1PQP/R1B1R1K1,,,7,35,27,False,202205
202205052876017,35,e1e4,33.0,True,208.0,227.0,4rrk1/5ppp/p1pb4/1p1n3q/3P2b1/1BP3P1/PP1N1PQP/R1B1R1K1,,,7,35,27,False,202205
202205008160768,35,d2e4,4.0,True,139.0,156.0,4rrk1/5ppp/p1pb4/1p1n3q/3P2b1/1BP3P1/PP1N1PQP/R1B1R1K1,,,7,35,27,False,202205
202205008224350,35,e1f1,28.0,True,163.0,153.0,4rrk1/5ppp/p1pb4/1p1n3q/3P2b1/1BP3P1/PP1N1PQP/R1B1R1K1,,,7,35,27,False,202205
202205066331972,35,e1e8,20.0,True,559.0,517.0,4rrk1/5ppp/p1pb4/1p1n3q/3P2b1/1BP3P1/PP1N1PQP/R1B1R1K1,,,7,35,27,False,202205
202205066532604,35,e1e8,39.0,True,48.0,193.0,4rrk1/5ppp/p1pb4/1p1n3q/3P2b1/1BP3P1/PP1N1PQP/R1B1R1K1,,,7,35,27,False,202205
202205066691301,35,d2e4,73.0,True,116.0,176.0,4rrk1/5ppp/p1pb4/1p1n3q/3P2b1/1BP3P1/PP1N1PQP/R1B1R1K1,,,7,35,27,False,202205
202205066979636,35,e1f1,9.0,True,123.0,153.0,4rrk1/5ppp/p1pb4/1p1n3q/3P2b1/1BP3P1/PP1N1PQP/R1B1R1K1,,,7,35,27,False,202205
202205064342951,35,d2e4,61.0,True,402.0,572.0,4rrk1/5ppp/p1pb4/1p1n3q/3P2b1/1BP3P1/PP1N1PQP/R1B1R1K1,,,7,35,27,False,202205
202205064360443,35,e1f1,60.0,True,124.0,159.0,4rrk1/5ppp/p1pb4/1p1n3q/3P2b1/1BP3P1/PP1N1PQP/R1B1R1K1,,,7,35,27,False,202205
202205064581813,35,e1e8,5.0,True,34.0,44.0,4rrk1/5ppp/p1pb4/1p1n3q/3P2b1/1BP3P1/PP1N1PQP/R1B1R1K1,,,7,35,27,False,202205
202205064640093,35,e1f1,29.0,True,141.0,152.0,4rrk1/5ppp/p1pb4/1p1n3q/3P2b1/1BP3P1/PP1N1PQP/R1B1R1K1,,,7,35,27,False,202205
202205064932020,35,d2e4,15.0,True,74.0,72.0,4rrk1/5ppp/p1pb4/1p1n3q/3P2b1/1BP3P1/PP1N1PQP/R1B1R1K1,,,7,35,27,False,202205
202205064978779,35,e1e8,54.0,True,281.0,309.0,4rrk1/5ppp/p1pb4/1p1n3q/3P2b1/1BP3P1/PP1N1PQP/R1B1R1K1,,,7,35,27,False,202205
202205041690853,35,e1e8,29.0,True,140.0,140.0,4rrk1/5ppp/p1pb4/1p1n3q/3P2b1/1BP3P1/PP1N1PQP/R1B1R1K1,,,7,35,27,False,202205
202205041958466,35,e1e4,2.0,True,51.0,54.0,4rrk1/5ppp/p1pb4/1p1n3q/3P2b1/1BP3P1/PP1N1PQP/R1B1R1K1,,,7,35,27,False,202205
202205041970143,35,e1e8,60.0,True,173.0,190.0,4rrk1/5ppp/p1pb4/1p1n3q/3P2b1/1BP3P1/PP1N1PQP/R1B1R1K1,,,7,35,27,False,202205
202205037209927,35,e1e8,13.0,True,258.0,261.0,4rrk1/5ppp/p1pb4/1p1n3q/3P2b1/1BP3P1/PP1N1PQP/R1B1R1K1,,,7,35,27,False,202205
202205037714999,35,d2e4,22.0,True,45.0,48.0,4rrk1/5ppp/p1pb4/1p1n3q/3P2b1/1BP3P1/PP1N1PQP/R1B1R1K1,,,7,35,27,False,202205
202205037867188,35,g2f1,29.0,True,241.0,289.0,4rrk1/5ppp/p1pb4/1p1n3q/3P2b1/1BP3P1/PP1N1PQP/R1B1R1K1,,,7,35,27,False,202205
202205029439048,35,g2f1,40.0,True,161.0,181.0,4rrk1/5ppp/p1pb4/1p1n3q/3P2b1/1BP3P1/PP1N1PQP/R1B1R1K1,,,7,35,27,False,202205
202205029452246,35,e1e8,3.0,True,161.0,170.0,4rrk1/5ppp/p1pb4/1p1n3q/3P2b1/1BP3P1/PP1N1PQP/R1B1R1K1,,,7,35,27,False,202205
202205029592325,35,e1e8,39.0,True,126.0,153.0,4rrk1/5ppp/p1pb4/1p1n3q/3P2b1/1BP3P1/PP1N1PQP/R1B1R1K1,,,5,35,27,False,202205
202205013333108,35,g1f1,19.0,True,120.0,158.0,4rrk1/5ppp/p1pb4/1p1n3q/3P2b1/1BP3P1/PP1N1PQP/R1B1R1K1,,,7,35,27,False,202205
202205013679618,35,e1e4,33.0,True,177.0,191.0,4rrk1/5ppp/p1pb4/1p1n3q/3P2b1/1BP3P1/PP1N1PQP/R1B1R1K1,,,7,35,27,False,202205
202205013725302,35,e1e8,19.0,True,168.0,134.0,4rrk1/5ppp/p1pb4/1p1n3q/3P2b1/1BP3P1/PP1N1PQP/R1B1R1K1,,,7,35,27,False,202205
202205081204788,35,e1e8,13.0,True,169.0,203.0,4rrk1/5ppp/p1pb4/1p1n3q/3P2b1/1BP3P1/PP1N1PQP/R1B1R1K1,,,7,35,27,False,202205
202205081411075,35,g2f1,13.0,True,186.0,180.0,4rrk1/5ppp/p1pb4/1p1n3q/3P2b1/1BP3P1/PP1N1PQP/R1B1R1K1,,,7,35,27,False,202205
202205011364777,35,e1e4,40.0,True,175.0,191.0,4rrk1/5ppp/p1pb4/1p1n3q/3P2b1/1BP3P1/PP1N1PQP/R1B1R1K1,,,7,35,27,False,202205
202205011398695,35,g2f1,19.0,True,97.0,112.0,4rrk1/5ppp/p1pb4/1p1n3q/3P2b1/1BP3P1/PP1N1PQP/R1B1R1K1,,,7,35,27,False,202205
202205011414577,35,e1e8,5.0,True,231.0,273.0,4rrk1/5ppp/p1pb4/1p1n3q/3P2b1/1BP3P1/PP1N1PQP/R1B1R1K1,,,7,35,27,False,202205
202205011455253,35,d2e4,44.0,True,151.0,234.0,4rrk1/5ppp/p1pb4/1p1n3q/3P2b1/1BP3P1/PP1N1PQP/R1B1R1K1,,,7,35,27,False,202205
202205011527493,35,e1f1,75.0,True,145.0,180.0,4rrk1/5ppp/p1pb4/1p1n3q/3P2b1/1BP3P1/PP1N1PQP/R1B1R1K1,,,7,35,27,False,202205
202205011695621,35,d2e4,27.0,True,148.0,155.0,4rrk1/5ppp/p1pb4/1p1n3q/3P2b1/1BP3P1/PP1N1PQP/R1B1R1K1,,,7,35,27,False,202205
202205011986510,35,g2f1,69.0,True,926.0,1025.0,4rrk1/5ppp/p1pb4/1p1n3q/3P2b1/1BP3P1/PP1N1PQP/R1B1R1K1,,,7,35,27,False,202205
202205046099908,35,e1f1,84.0,True,515.0,545.0,4rrk1/5ppp/p1pb4/1p1n3q/3P2b1/1BP3P1/PP1N1PQP/R1B1R1K1,,,7,35,27,False,202205
202205046466017,35,d2e4,1.0,True,255.0,256.0,4rrk1/5ppp/p1pb4/1p1n3q/3P2b1/1BP3P1/PP1N1PQP/R1B1R1K1,,,7,35,27,False,202205
202205046723100,35,e1f1,13.0,True,548.0,533.0,4rrk1/5ppp/p1pb4/1p1n3q/3P2b1/1BP3P1/PP1N1PQP/R1B1R1K1,,,7,35,27,False,202205
202205025016294,35,e1e8,5.0,True,77.0,114.0,4rrk1/5ppp/p1pb4/1p1n3q/3P2b1/1BP3P1/PP1N1PQP/R1B1R1K1,,,7,35,27,False,202205
202205025187392,35,e1e8,16.0,True,258.0,247.0,4rrk1/5ppp/p1pb4/1p1n3q/3P2b1/1BP3P1/PP1N1PQP/R1B1R1K1,,,7,35,27,False,202205
202205025339536,35,d2e4,9.0,True,102.0,120.0,4rrk1/5ppp/p1pb4/1p1n3q/3P2b1/1BP3P1/PP1N1PQP/R1B1R1K1,,,7,35,27,False,202205
202205025377735,35,e1e8,32.0,True,200.0,254.0,4rrk1/5ppp/p1pb4/1p1n3q/3P2b1/1BP3P1/PP1N1PQP/R1B1R1K1,,,7,35,27,False,202205
202205025898852,35,g2f1,40.0,True,544.0,558.0,4rrk1/5ppp/p1pb4/1p1n3q/3P2b1/1BP3P1/PP1N1PQP/R1B1R1K1,,,7,35,27,False,202205
202205025913845,35,e1e4,10.0,True,159.0,172.0,4rrk1/5ppp/p1pb4/1p1n3q/3P2b1/1BP3P1/PP1N1PQP/R1B1R1K1,,,7,35,27,False,202205
202206070651576,35,e1e8,8.0,True,145.0,174.0,4rrk1/5ppp/p1pb4/1p1n3q/3P2b1/1BP3P1/PP1N1PQP/R1B1R1K1,,,7,35,27,False,202206
202206048612885,35,e1e8,2.0,True,184.0,183.0,4rrk1/5ppp/p1pb4/1p1n3q/3P2b1/1BP3P1/PP1N1PQP/R1B1R1K1,,,7,35,27,False,202206
202206048694452,35,e1e8,23.0,True,609.0,663.0,4rrk1/5ppp/p1pb4/1p1n3q/3P2b1/1BP3P1/PP1N1PQP/R1B1R1K1,,,7,35,27,False,202206
202206077089978,35,e1e8,39.0,True,263.0,278.0,4rrk1/5ppp/p1pb4/1p1n3q/3P2b1/1BP3P1/PP1N1PQP/R1B1R1K1,,,7,35,27,False,202206
202206077210229,35,e1e8,17.0,True,169.0,202.0,4rrk1/5ppp/p1pb4/1p1n3q/3P2b1/1BP3P1/PP1N1PQP/R1B1R1K1,,,7,35,27,False,202206
202206077484433,35,e1e8,8.0,True,153.0,142.0,4rrk1/5ppp/p1pb4/1p1n3q/3P2b1/1BP3P1/PP1N1PQP/R1B1R1K1,,,7,35,27,False,202206
202206077575637,35,e1e8,26.0,True,87.0,123.0,4rrk1/5ppp/p1pb4/1p1n3q/3P2b1/1BP3P1/PP1N1PQP/R1B1R1K1,,,7,35,27,False,202206
202206035638798,35,e1e8,3.0,True,39.0,46.0,4rrk1/5ppp/p1pb4/1p1n3q/3P2b1/1BP3P1/PP1N1PQP/R1B1R1K1,,,7,35,27,False,202206
202206035658571,35,e1e8,26.0,True,101.0,126.0,4rrk1/5ppp/p1pb4/1p1n3q/3P2b1/1BP3P1/PP1N1PQP/R1B1R1K1,,,7,35,27,False,202206
202206035959677,35,e1f1,1.0,True,266.0,276.0,4rrk1/5ppp/p1pb4/1p1n3q/3P2b1/1BP3P1/PP1N1PQP/R1B1R1K1,,,7,35,27,False,202206
202206032277859,35,e1e8,24.0,True,502.0,551.0,4rrk1/5ppp/p1pb4/1p1n3q/3P2b1/1BP3P1/PP1N1PQP/R1B1R1K1,,,7,35,27,False,202206
202206032286783,35,e1e8,6.0,True,239.0,265.0,4rrk1/5ppp/p1pb4/1p1n3q/3P2b1/1BP3P1/PP1N1PQP/R1B1R1K1,,,7,35,27,False,202206
202206032438459,35,e1e8,24.0,True,110.0,122.0,4rrk1/5ppp/p1pb4/1p1n3q/3P2b1/1BP3P1/PP1N1PQP/R1B1R1K1,,,7,35,27,False,202206
202206032503391,35,e1e8,14.0,True,101.0,121.0,4rrk1/5ppp/p1pb4/1p1n3q/3P2b1/1BP3P1/PP1N1PQP/R1B1R1K1,,,7,35,27,False,202206
202206032791068,35,e1e8,6.0,True,266.0,259.0,4rrk1/5ppp/p1pb4/1p1n3q/3P2b1/1BP3P1/PP1N1PQP/R1B1R1K1,,,7,35,27,False,202206
202206032950480,35,e1e8,16.0,True,64.0,111.0,4rrk1/5ppp/p1pb4/1p1n3q/3P2b1/1BP3P1/PP1N1PQP/R1B1R1K1,,,7,35,27,False,202206
202206006416801,35,g1f1,25.0,True,259.0,315.0,4rrk1/5ppp/p1pb4/1p1n3q/3P2b1/1BP3P1/PP1N1PQP/R1B1R1K1,,,7,35,27,False,202206
202206087012073,35,e1e8,59.0,True,155.0,156.0,4rrk1/5ppp/p1pb4/1p1n3q/3P2b1/1BP3P1/PP1N1PQP/R1B1R1K1,,,7,35,27,False,202206
202206087110383,35,d2e4,33.0,True,110.0,117.0,4rrk1/5ppp/p1pb4/1p1n3q/3P2b1/1BP3P1/PP1N1PQP/R1B1R1K1,,,7,35,27,False,202206
202206087311263,35,e1f1,56.0,True,133.0,137.0,4rrk1/5ppp/p1pb4/1p1n3q/3P2b1/1BP3P1/PP1N1PQP/R1B1R1K1,,,7,35,27,False,202206
202206087441633,39,e1f1,11.0,True,110.0,125.0,4rrk1/5ppp/p1pb4/1p1n3q/3P2b1/1BP3P1/PP1N1PQP/R1B1R1K1,,,11,35,27,False,202206
202206087806116,35,e1e8,7.0,True,162.0,172.0,4rrk1/5ppp/p1pb4/1p1n3q/3P2b1/1BP3P1/PP1N1PQP/R1B1R1K1,,,7,35,27,False,202206
202206087891553,35,e1e8,13.0,True,241.0,271.0,4rrk1/5ppp/p1pb4/1p1n3q/3P2b1/1BP3P1/PP1N1PQP/R1B1R1K1,,,7,35,27,False,202206
202206065140649,35,e1e4,83.0,True,544.0,574.0,4rrk1/5ppp/p1pb4/1p1n3q/3P2b1/1BP3P1/PP1N1PQP/R1B1R1K1,,,7,35,27,False,202206
202206065536617,37,e1e8,58.0,True,233.0,224.0,4rrk1/5ppp/p1pb4/1p1n3q/3P2b1/1BP3P1/PP1N1PQP/R1B1R1K1,,,7,35,27,False,202206
202206065584047,35,e1e8,38.0,True,860.0,996.0,4rrk1/5ppp/p1pb4/1p1n3q/3P2b1/1BP3P1/PP1N1PQP/R1B1R1K1,,,7,35,27,False,202206
202206065620331,35,e1e8,4.0,True,135.0,168.0,4rrk1/5ppp/p1pb4/1p1n3q/3P2b1/1BP3P1/PP1N1PQP/R1B1R1K1,,,7,35,27,False,202206
202206049148099,35,e1e4,36.0,True,276.0,280.0,4rrk1/5ppp/p1pb4/1p1n3q/3P2b1/1BP3P1/PP1N1PQP/R1B1R1K1,,,7,35,27,False,202206
202206049201067,35,e1e4,17.0,True,176.0,202.0,4rrk1/5ppp/p1pb4/1p1n3q/3P2b1/1BP3P1/PP1N1PQP/R1B1R1K1,,,7,35,27,False,202206
202206049766748,35,e1e8,36.0,True,164.0,183.0,4rrk1/5ppp/p1pb4/1p1n3q/3P2b1/1BP3P1/PP1N1PQP/R1B1R1K1,,,7,35,27,False,202206
202206001077863,35,e1e8,3.0,True,40.0,51.0,4rrk1/5ppp/p1pb4/1p1n3q/3P2b1/1BP3P1/PP1N1PQP/R1B1R1K1,,,7,35,27,False,202206
202206001883621,35,e1e8,20.0,True,176.0,190.0,4rrk1/5ppp/p1pb4/1p1n3q/3P2b1/1BP3P1/PP1N1PQP/R1B1R1K1,,,7,35,27,False,202206
202206005810290,35,e1e8,54.0,True,259.0,279.0,4rrk1/5ppp/p1pb4/1p1n3q/3P2b1/1BP3P1/PP1N1PQP/R1B1R1K1,,,7,35,27,False,202206
202206061057201,35,e1e8,5.0,True,50.0,50.0,4rrk1/5ppp/p1pb4/1p1n3q/3P2b1/1BP3P1/PP1N1PQP/R1B1R1K1,,,7,35,27,False,202206
202206061996706,35,e1e4,110.0,True,228.0,313.0,4rrk1/5ppp/p1pb4/1p1n3q/3P2b1/1BP3P1/PP1N1PQP/R1B1R1K1,,,7,35,27,False,202206
202206057002490,35,e1f1,39.0,True,127.0,131.0,4rrk1/5ppp/p1pb4/1p1n3q/3P2b1/1BP3P1/PP1N1PQP/R1B1R1K1,,,7,35,27,False,202206
202206057019567,35,e1e8,9.0,True,90.0,138.0,4rrk1/5ppp/p1pb4/1p1n3q/3P2b1/1BP3P1/PP1N1PQP/R1B1R1K1,,,7,35,27,False,202206
202206057662642,35,e1e8,22.0,True,128.0,166.0,4rrk1/5ppp/p1pb4/1p1n3q/3P2b1/1BP3P1/PP1N1PQP/R1B1R1K1,,,7,35,27,False,202206
202206057832447,35,d2e4,23.0,True,475.0,613.0,4rrk1/5ppp/p1pb4/1p1n3q/3P2b1/1BP3P1/PP1N1PQP/R1B1R1K1,,,7,35,27,False,202206
202206057988923,35,d2f1,32.0,True,99.0,138.0,4rrk1/5ppp/p1pb4/1p1n3q/3P2b1/1BP3P1/PP1N1PQP/R1B1R1K1,,,7,35,27,False,202206
202206036012643,35,e1e8,55.0,True,166.0,156.0,4rrk1/5ppp/p1pb4/1p1n3q/3P2b1/1BP3P1/PP1N1PQP/R1B1R1K1,,,7,35,27,False,202206
202206036632001,35,e1e8,14.0,True,567.0,569.0,4rrk1/5ppp/p1pb4/1p1n3q/3P2b1/1BP3P1/PP1N1PQP/R1B1R1K1,,,7,35,27,False,202206
202206036805192,35,e1f1,16.0,True,267.0,281.0,4rrk1/5ppp/p1pb4/1p1n3q/3P2b1/1BP3P1/PP1N1PQP/R1B1R1K1,,,7,35,27,False,202206
202206023154574,35,d2e4,4.0,True,95.0,116.0,4rrk1/5ppp/p1pb4/1p1n3q/3P2b1/1BP3P1/PP1N1PQP/R1B1R1K1,,,7,35,27,False,202206
202206023196641,35,e1e8,65.0,True,229.0,258.0,4rrk1/5ppp/p1pb4/1p1n3q/3P2b1/1BP3P1/PP1N1PQP/R1B1R1K1,,,7,35,27,False,202206
202206023411798,35,e1e8,11.0,True,549.0,509.0,4rrk1/5ppp/p1pb4/1p1n3q/3P2b1/1BP3P1/PP1N1PQP/R1B1R1K1,,,7,35,27,False,202206
202206023582943,35,d2e4,17.0,True,86.0,107.0,4rrk1/5ppp/p1pb4/1p1n3q/3P2b1/1BP3P1/PP1N1PQP/R1B1R1K1,,,7,35,27,False,202206
202206023605459,35,d2e4,11.0,True,83.0,121.0,4rrk1/5ppp/p1pb4/1p1n3q/3P2b1/1BP3P1/PP1N1PQP/R1B1R1K1,,,7,35,27,False,202206
202206023738674,35,e1e8,16.0,True,64.0,116.0,4rrk1/5ppp/p1pb4/1p1n3q/3P2b1/1BP3P1/PP1N1PQP/R1B1R1K1,,,7,35,27,False,202206
202206023793031,35,e1e8,11.0,True,164.0,168.0,4rrk1/5ppp/p1pb4/1p1n3q/3P2b1/1BP3P1/PP1N1PQP/R1B1R1K1,,,7,35,27,False,202206
202206085109487,35,e1e8,15.0,True,161.0,194.0,4rrk1/5ppp/p1pb4/1p1n3q/3P2b1/1BP3P1/PP1N1PQP/R1B1R1K1,,,7,35,27,False,202206
202206085202910,35,e1f1,5.0,True,149.0,163.0,4rrk1/5ppp/p1pb4/1p1n3q/3P2b1/1BP3P1/PP1N1PQP/R1B1R1K1,,,7,35,27,False,202206
202206085494092,35,e1e8,1.0,True,37.0,40.0,4rrk1/5ppp/p1pb4/1p1n3q/3P2b1/1BP3P1/PP1N1PQP/R1B1R1K1,,,7,35,27,False,202206
202206085616211,35,d2e4,4.0,True,267.0,286.0,4rrk1/5ppp/p1pb4/1p1n3q/3P2b1/1BP3P1/PP1N1PQP/R1B1R1K1,,,7,35,27,False,202206
202206085680027,35,e1e4,8.0,True,37.0,40.0,4rrk1/5ppp/p1pb4/1p1n3q/3P2b1/1BP3P1/PP1N1PQP/R1B1R1K1,,,7,35,27,False,202206
202206085705478,35,e1f1,5.0,True,109.0,110.0,4rrk1/5ppp/p1pb4/1p1n3q/3P2b1/1BP3P1/PP1N1PQP/R1B1R1K1,,,7,35,27,False,202206
202206085737882,35,e1f1,2.0,True,130.0,168.0,4rrk1/5ppp/p1pb4/1p1n3q/3P2b1/1BP3P1/PP1N1PQP/R1B1R1K1,,,7,35,27,False,202206
202206085748401,35,d2e4,21.0,True,254.0,328.0,4rrk1/5ppp/p1pb4/1p1n3q/3P2b1/1BP3P1/PP1N1PQP/R1B1R1K1,,,7,35,27,False,202206
202206085917430,35,e1e8,11.0,True,69.0,64.0,4rrk1/5ppp/p1pb4/1p1n3q/3P2b1/1BP3P1/PP1N1PQP/R1B1R1K1,,,7,35,27,False,202206
202206085929505,35,d2e4,43.0,True,247.0,307.0,4rrk1/5ppp/p1pb4/1p1n3q/3P2b1/1BP3P1/PP1N1PQP/R1B1R1K1,,,7,35,27,False,202206
202206009601384,35,d2e4,5.0,True,24.0,34.0,4rrk1/5ppp/p1pb4/1p1n3q/3P2b1/1BP3P1/PP1N1PQP/R1B1R1K1,,,5,35,27,False,202206
202206063163768,35,e1f1,7.0,True,45.0,37.0,4rrk1/5ppp/p1pb4/1p1n3q/3P2b1/1BP3P1/PP1N1PQP/R1B1R1K1,,,7,35,27,False,202206
202206059322031,35,e1e8,44.0,True,116.0,159.0,4rrk1/5ppp/p1pb4/1p1n3q/3P2b1/1BP3P1/PP1N1PQP/R1B1R1K1,,,7,35,27,False,202206
202206059588108,35,d2e4,22.0,True,111.0,81.0,4rrk1/5ppp/p1pb4/1p1n3q/3P2b1/1BP3P1/PP1N1PQP/R1B1R1K1,,,7,35,27,False,202206
202206059638481,35,d2e4,16.0,True,181.0,189.0,4rrk1/5ppp/p1pb4/1p1n3q/3P2b1/1BP3P1/PP1N1PQP/R1B1R1K1,,,7,35,27,False,202206
202206059717919,35,e1e4,27.0,True,160.0,149.0,4rrk1/5ppp/p1pb4/1p1n3q/3P2b1/1BP3P1/PP1N1PQP/R1B1R1K1,,,7,35,27,False,202206
202206059787280,35,e1f1,15.0,True,581.0,588.0,4rrk1/5ppp/p1pb4/1p1n3q/3P2b1/1BP3P1/PP1N1PQP/R1B1R1K1,,,7,35,27,False,202206
202206059903107,35,e1e8,1.0,True,676.0,630.0,4rrk1/5ppp/p1pb4/1p1n3q/3P2b1/1BP3P1/PP1N1PQP/R1B1R1K1,,,7,35,27,False,202206
202206074456267,35,d2e4,4.0,True,200.0,214.0,4rrk1/5ppp/p1pb4/1p1n3q/3P2b1/1BP3P1/PP1N1PQP/R1B1R1K1,,,7,35,27,False,202206
202206074844316,35,e1e8,26.0,True,106.0,155.0,4rrk1/5ppp/p1pb4/1p1n3q/3P2b1/1BP3P1/PP1N1PQP/R1B1R1K1,,,7,35,27,False,202206
202206040704661,35,d2e4,5.0,True,135.0,160.0,4rrk1/5ppp/p1pb4/1p1n3q/3P2b1/1BP3P1/PP1N1PQP/R1B1R1K1,,,7,35,27,False,202206
202206040850987,35,e1e8,2.0,True,153.0,165.0,4rrk1/5ppp/p1pb4/1p1n3q/3P2b1/1BP3P1/PP1N1PQP/R1B1R1K1,,,7,35,27,False,202206
202206021203980,35,d2e4,10.0,True,101.0,111.0,4rrk1/5ppp/p1pb4/1p1n3q/3P2b1/1BP3P1/PP1N1PQP/R1B1R1K1,,,7,35,27,False,202206
202206021258546,35,e1e8,9.0,True,81.0,119.0,4rrk1/5ppp/p1pb4/1p1n3q/3P2b1/1BP3P1/PP1N1PQP/R1B1R1K1,,,7,35,27,False,202206
202206021622817,35,e1f1,5.0,True,136.0,162.0,4rrk1/5ppp/p1pb4/1p1n3q/3P2b1/1BP3P1/PP1N1PQP/R1B1R1K1,,,7,35,27,False,202206
202206021743294,37,g2f1,46.0,True,107.0,60.0,4rrk1/5ppp/p1pb4/1p1n3q/3P2b1/1BP3P1/PP1N1PQP/R1B1R1K1,,,7,35,27,False,202206
202206021844522,35,e1f1,33.0,True,73.0,163.0,4rrk1/5ppp/p1pb4/1p1n3q/3P2b1/1BP3P1/PP1N1PQP/R1B1R1K1,,,7,35,27,False,202206
202206021981114,35,e1e8,8.0,True,136.0,189.0,4rrk1/5ppp/p1pb4/1p1n3q/3P2b1/1BP3P1/PP1N1PQP/R1B1R1K1,,,7,35,27,False,202206
202206062121790,35,e1f1,26.0,True,157.0,168.0,4rrk1/5ppp/p1pb4/1p1n3q/3P2b1/1BP3P1/PP1N1PQP/R1B1R1K1,,,7,35,27,False,202206
202206062163328,35,e1e8,59.0,True,161.0,150.0,4rrk1/5ppp/p1pb4/1p1n3q/3P2b1/1BP3P1/PP1N1PQP/R1B1R1K1,,,7,35,27,False,202206
202206062180467,35,e1e8,19.0,True,141.0,143.0,4rrk1/5ppp/p1pb4/1p1n3q/3P2b1/1BP3P1/PP1N1PQP/R1B1R1K1,,,7,35,27,False,202206
202206062729159,35,e1e8,41.0,True,160.0,172.0,4rrk1/5ppp/p1pb4/1p1n3q/3P2b1/1BP3P1/PP1N1PQP/R1B1R1K1,,,7,35,27,False,202206
202206022206699,35,e1f1,32.0,True,151.0,163.0,4rrk1/5ppp/p1pb4/1p1n3q/3P2b1/1BP3P1/PP1N1PQP/R1B1R1K1,,,7,35,27,False,202206
202206042506010,39,e1f1,9.0,True,116.0,134.0,4rrk1/5ppp/p1pb4/1p1n3q/3P2b1/1BP3P1/PP1N1PQP/R1B1R1K1,,,11,35,27,False,202206
202206042858364,35,g2f1,47.0,True,476.0,506.0,4rrk1/5ppp/p1pb4/1p1n3q/3P2b1/1BP3P1/PP1N1PQP/R1B1R1K1,,,7,35,27,False,202206
202206038607269,35,e1e8,16.0,True,266.0,309.0,4rrk1/5ppp/p1pb4/1p1n3q/3P2b1/1BP3P1/PP1N1PQP/R1B1R1K1,,,7,35,27,False,202206
202206038890023,35,e1e8,8.0,True,285.0,305.0,4rrk1/5ppp/p1pb4/1p1n3q/3P2b1/1BP3P1/PP1N1PQP/R1B1R1K1,,,7,35,27,False,202206
202206084074824,35,d2e4,54.0,True,130.0,163.0,4rrk1/5ppp/p1pb4/1p1n3q/3P2b1/1BP3P1/PP1N1PQP/R1B1R1K1,,,7,35,27,False,202206
202206084116477,35,e1e8,33.0,True,108.0,123.0,4rrk1/5ppp/p1pb4/1p1n3q/3P2b1/1BP3P1/PP1N1PQP/R1B1R1K1,,,7,35,27,False,202206
202206084119087,35,e1e8,17.0,True,984.0,964.0,4rrk1/5ppp/p1pb4/1p1n3q/3P2b1/1BP3P1/PP1N1PQP/R1B1R1K1,,,7,35,27,False,202206
202206084330510,35,e1e8,67.0,True,223.0,50.0,4rrk1/5ppp/p1pb4/1p1n3q/3P2b1/1BP3P1/PP1N1PQP/R1B1R1K1,,,7,35,27,False,202206
202206084340263,35,d2e4,5.0,True,41.0,52.0,4rrk1/5ppp/p1pb4/1p1n3q/3P2b1/1BP3P1/PP1N1PQP/R1B1R1K1,,,7,35,27,False,202206
202206080590155,35,e1e8,41.0,True,139.0,161.0,4rrk1/5ppp/p1pb4/1p1n3q/3P2b1/1BP3P1/PP1N1PQP/R1B1R1K1,,,7,35,27,False,202206
202206051072116,35,e1e8,3.0,True,140.0,149.0,4rrk1/5ppp/p1pb4/1p1n3q/3P2b1/1BP3P1/PP1N1PQP/R1B1R1K1,,,7,35,27,False,202206
202206051110456,35,e1e8,4.0,True,43.0,51.0,4rrk1/5ppp/p1pb4/1p1n3q/3P2b1/1BP3P1/PP1N1PQP/R1B1R1K1,,,7,35,27,False,202206
202206051238719,35,h2h4,10.0,True,247.0,271.0,4rrk1/5ppp/p1pb4/1p1n3q/3P2b1/1BP3P1/PP1N1PQP/R1B1R1K1,,,7,35,27,False,202206
202206069650824,35,e1e4,54.0,True,125.0,151.0,4rrk1/5ppp/p1pb4/1p1n3q/3P2b1/1BP3P1/PP1N1PQP/R1B1R1K1,,,7,35,27,False,202206
202206069727758,35,f2f3,1.0,True,189.0,185.0,4rrk1/5ppp/p1pb4/1p1n3q/3P2b1/1BP3P1/PP1N1PQP/R1B1R1K1,,,7,35,27,False,202206
202206069837993,35,e1e8,10.0,True,148.0,186.0,4rrk1/5ppp/p1pb4/1p1n3q/3P2b1/1BP3P1/PP1N1PQP/R1B1R1K1,,,7,35,27,False,202206
202206082399584,35,e1e8,62.0,True,212.0,280.0,4rrk1/5ppp/p1pb4/1p1n3q/3P2b1/1BP3P1/PP1N1PQP/R1B1R1K1,,,5,35,27,False,202206
202206082567538,35,e1e8,19.0,True,81.0,113.0,4rrk1/5ppp/p1pb4/1p1n3q/3P2b1/1BP3P1/PP1N1PQP/R1B1R1K1,,,7,35,27,False,202206
202206082736950,35,e1e8,6.0,True,90.0,120.0,4rrk1/5ppp/p1pb4/1p1n3q/3P2b1/1BP3P1/PP1N1PQP/R1B1R1K1,,,7,35,27,False,202206
202206003078654,35,d2e4,14.0,True,90.0,112.0,4rrk1/5ppp/p1pb4/1p1n3q/3P2b1/1BP3P1/PP1N1PQP/R1B1R1K1,,,7,35,27,False,202206
202206003354157,35,e1f1,11.0,True,204.0,273.0,4rrk1/5ppp/p1pb4/1p1n3q/3P2b1/1BP3P1/PP1N1PQP/R1B1R1K1,,,7,35,27,False,202206
202206055182340,35,e1f1,23.0,True,625.0,651.0,4rrk1/5ppp/p1pb4/1p1n3q/3P2b1/1BP3P1/PP1N1PQP/R1B1R1K1,,,7,35,27,False,202206
202206055769756,35,e1e8,5.0,True,115.0,135.0,4rrk1/5ppp/p1pb4/1p1n3q/3P2b1/1BP3P1/PP1N1PQP/R1B1R1K1,,,7,35,27,False,202206
202206055992671,35,e1e8,15.0,True,468.0,552.0,4rrk1/5ppp/p1pb4/1p1n3q/3P2b1/1BP3P1/PP1N1PQP/R1B1R1K1,,,7,35,27,False,202206
202206020225634,35,e1e8,15.0,True,145.0,150.0,4rrk1/5ppp/p1pb4/1p1n3q/3P2b1/1BP3P1/PP1N1PQP/R1B1R1K1,,,7,35,27,False,202206
202206020352189,35,g2f1,17.0,True,348.0,557.0,4rrk1/5ppp/p1pb4/1p1n3q/3P2b1/1BP3P1/PP1N1PQP/R1B1R1K1,,,7,35,27,False,202206
202206020427094,35,e1e8,2.0,True,164.0,202.0,4rrk1/5ppp/p1pb4/1p1n3q/3P2b1/1BP3P1/PP1N1PQP/R1B1R1K1,,,7,35,27,False,202206
202206020436803,35,e1e8,28.0,True,126.0,185.0,4rrk1/5ppp/p1pb4/1p1n3q/3P2b1/1BP3P1/PP1N1PQP/R1B1R1K1,,,7,35,27,False,202206
202206020845274,35,e1e8,31.0,True,140.0,149.0,4rrk1/5ppp/p1pb4/1p1n3q/3P2b1/1BP3P1/PP1N1PQP/R1B1R1K1,,,7,35,27,False,202206
202206004097272,35,e1e4,59.0,True,300.0,315.0,4rrk1/5ppp/p1pb4/1p1n3q/3P2b1/1BP3P1/PP1N1PQP/R1B1R1K1,,,7,35,27,False,202206
202206004418123,35,e1f1,30.0,True,153.0,170.0,4rrk1/5ppp/p1pb4/1p1n3q/3P2b1/1BP3P1/PP1N1PQP/R1B1R1K1,,,7,35,27,False,202206
202206031116460,35,e1e8,20.0,True,93.0,113.0,4rrk1/5ppp/p1pb4/1p1n3q/3P2b1/1BP3P1/PP1N1PQP/R1B1R1K1,,,7,35,27,False,202206
202206031458706,35,e1e8,14.0,True,147.0,167.0,4rrk1/5ppp/p1pb4/1p1n3q/3P2b1/1BP3P1/PP1N1PQP/R1B1R1K1,,,7,35,27,False,202206
202206031614295,35,e1e8,15.0,True,147.0,169.0,4rrk1/5ppp/p1pb4/1p1n3q/3P2b1/1BP3P1/PP1N1PQP/R1B1R1K1,,,7,35,27,False,202206
202206031672802,35,d2e4,7.0,True,100.0,171.0,4rrk1/5ppp/p1pb4/1p1n3q/3P2b1/1BP3P1/PP1N1PQP/R1B1R1K1,,,7,35,27,False,202206
202206031674338,35,e1f1,44.0,True,127.0,168.0,4rrk1/5ppp/p1pb4/1p1n3q/3P2b1/1BP3P1/PP1N1PQP/R1B1R1K1,,,7,35,27,False,202206
202206031797003,35,e1e8,21.0,True,165.0,199.0,4rrk1/5ppp/p1pb4/1p1n3q/3P2b1/1BP3P1/PP1N1PQP/R1B1R1K1,,,7,35,27,False,202206
202206031868683,35,e1e8,6.0,True,165.0,181.0,4rrk1/5ppp/p1pb4/1p1n3q/3P2b1/1BP3P1/PP1N1PQP/R1B1R1K1,,,7,35,27,False,202206
202206031993863,35,e1f1,11.0,True,136.0,155.0,4rrk1/5ppp/p1pb4/1p1n3q/3P2b1/1BP3P1/PP1N1PQP/R1B1R1K1,,,5,35,27,False,202206
202206060444524,35,e1e4,12.0,True,127.0,157.0,4rrk1/5ppp/p1pb4/1p1n3q/3P2b1/1BP3P1/PP1N1PQP/R1B1R1K1,,,7,35,27,False,202206
202206056229549,35,e1e8,22.0,True,151.0,153.0,4rrk1/5ppp/p1pb4/1p1n3q/3P2b1/1BP3P1/PP1N1PQP/R1B1R1K1,,,7,35,27,False,202206
202206056336240,35,d2e4,27.0,True,67.0,145.0,4rrk1/5ppp/p1pb4/1p1n3q/3P2b1/1BP3P1/PP1N1PQP/R1B1R1K1,,,7,35,27,False,202206
202206056676283,35,d2e4,31.0,True,166.0,188.0,4rrk1/5ppp/p1pb4/1p1n3q/3P2b1/1BP3P1/PP1N1PQP/R1B1R1K1,,,7,35,27,False,202206
202206056827959,35,g1f1,63.0,True,156.0,162.0,4rrk1/5ppp/p1pb4/1p1n3q/3P2b1/1BP3P1/PP1N1PQP/R1B1R1K1,,,7,35,27,False,202206
202206058040193,35,e1f1,32.0,True,866.0,757.0,4rrk1/5ppp/p1pb4/1p1n3q/3P2b1/1BP3P1/PP1N1PQP/R1B1R1K1,,,7,35,27,False,202206
202206058199450,35,b3d5,9.0,True,549.0,508.0,4rrk1/5ppp/p1pb4/1p1n3q/3P2b1/1BP3P1/PP1N1PQP/R1B1R1K1,,,7,35,27,False,202206
202206058483047,35,e1e8,25.0,True,142.0,168.0,4rrk1/5ppp/p1pb4/1p1n3q/3P2b1/1BP3P1/PP1N1PQP/R1B1R1K1,,,7,35,27,False,202206
202206068045018,39,b3d1,6.0,True,142.0,154.0,4rrk1/5ppp/p1pb4/1p1n3q/3P2b1/1BP3P1/PP1N1PQP/R1B1R1K1,,,11,35,27,False,202206
202206068780346,35,e1f1,59.0,True,149.0,193.0,4rrk1/5ppp/p1pb4/1p1n3q/3P2b1/1BP3P1/PP1N1PQP/R1B1R1K1,,,7,35,27,False,202206
202206012186033,35,d2e4,3.0,True,156.0,162.0,4rrk1/5ppp/p1pb4/1p1n3q/3P2b1/1BP3P1/PP1N1PQP/R1B1R1K1,,,7,35,27,False,202206
202206012383719,37,e1e8,42.0,True,606.0,929.0,4rrk1/5ppp/p1pb4/1p1n3q/3P2b1/1BP3P1/PP1N1PQP/R1B1R1K1,,,7,35,27,False,202206
202206012742411,35,e1e4,52.0,True,133.0,164.0,4rrk1/5ppp/p1pb4/1p1n3q/3P2b1/1BP3P1/PP1N1PQP/R1B1R1K1,,,7,35,27,False,202206
202206012898439,35,e1e8,31.0,True,153.0,188.0,4rrk1/5ppp/p1pb4/1p1n3q/3P2b1/1BP3P1/PP1N1PQP/R1B1R1K1,,,7,35,27,False,202206
202206078237568,35,e1f1,36.0,True,142.0,157.0,4rrk1/5ppp/p1pb4/1p1n3q/3P2b1/1BP3P1/PP1N1PQP/R1B1R1K1,,,7,35,27,False,202206
202206078287523,35,e1e8,15.0,True,120.0,143.0,4rrk1/5ppp/p1pb4/1p1n3q/3P2b1/1BP3P1/PP1N1PQP/R1B1R1K1,,,7,35,27,False,202206
202206078954670,35,d2e4,6.0,True,140.0,166.0,4rrk1/5ppp/p1pb4/1p1n3q/3P2b1/1BP3P1/PP1N1PQP/R1B1R1K1,,,7,35,27,False,202206
202206027481088,35,d2e4,1.0,True,168.0,197.0,4rrk1/5ppp/p1pb4/1p1n3q/3P2b1/1BP3P1/PP1N1PQP/R1B1R1K1,,,7,35,27,False,202206
202206027574771,35,e1e8,88.0,True,542.0,550.0,4rrk1/5ppp/p1pb4/1p1n3q/3P2b1/1BP3P1/PP1N1PQP/R1B1R1K1,,,7,35,27,False,202206
202206027712274,35,e1e8,5.0,True,104.0,116.0,4rrk1/5ppp/p1pb4/1p1n3q/3P2b1/1BP3P1/PP1N1PQP/R1B1R1K1,,,7,35,27,False,202206
202206027808765,35,e1e8,24.0,True,155.0,200.0,4rrk1/5ppp/p1pb4/1p1n3q/3P2b1/1BP3P1/PP1N1PQP/R1B1R1K1,,,7,35,27,False,202206
202206027877230,35,e1f1,31.0,True,158.0,193.0,4rrk1/5ppp/p1pb4/1p1n3q/3P2b1/1BP3P1/PP1N1PQP/R1B1R1K1,,,7,35,27,False,202206
202206027956871,35,h2h4,17.0,True,79.0,102.0,4rrk1/5ppp/p1pb4/1p1n3q/3P2b1/1BP3P1/PP1N1PQP/R1B1R1K1,,,7,35,27,False,202206
202206043104280,35,d2e4,15.0,True,500.0,579.0,4rrk1/5ppp/p1pb4/1p1n3q/3P2b1/1BP3P1/PP1N1PQP/R1B1R1K1,,,7,35,27,False,202206
202206043372158,35,d2e4,32.0,True,144.0,196.0,4rrk1/5ppp/p1pb4/1p1n3q/3P2b1/1BP3P1/PP1N1PQP/R1B1R1K1,,,7,35,27,False,202206
202206043479219,35,d2e4,25.0,True,131.0,147.0,4rrk1/5ppp/p1pb4/1p1n3q/3P2b1/1BP3P1/PP1N1PQP/R1B1R1K1,,,7,35,27,False,202206
202206043513787,35,e1e8,22.0,True,134.0,163.0,4rrk1/5ppp/p1pb4/1p1n3q/3P2b1/1BP3P1/PP1N1PQP/R1B1R1K1,,,7,35,27,False,202206
202206043582850,35,e1f1,2.0,True,31.0,49.0,4rrk1/5ppp/p1pb4/1p1n3q/3P2b1/1BP3P1/PP1N1PQP/R1B1R1K1,,,7,35,27,False,202206
202206043617119,35,e1e8,13.0,True,107.0,122.0,4rrk1/5ppp/p1pb4/1p1n3q/3P2b1/1BP3P1/PP1N1PQP/R1B1R1K1,,,7,35,27,False,202206
202206050607060,35,e1f1,13.0,True,146.0,149.0,4rrk1/5ppp/p1pb4/1p1n3q/3P2b1/1BP3P1/PP1N1PQP/R1B1R1K1,,,7,35,27,False,202206
202206050635799,35,e1e8,22.0,True,220.0,218.0,4rrk1/5ppp/p1pb4/1p1n3q/3P2b1/1BP3P1/PP1N1PQP/R1B1R1K1,,,7,35,27,False,202206
202206050905029,35,e1e4,50.0,True,296.0,297.0,4rrk1/5ppp/p1pb4/1p1n3q/3P2b1/1BP3P1/PP1N1PQP/R1B1R1K1,,,7,35,27,False,202206
202206088026716,35,d2e4,4.0,True,262.0,141.0,4rrk1/5ppp/p1pb4/1p1n3q/3P2b1/1BP3P1/PP1N1PQP/R1B1R1K1,,,7,35,27,False,202206
202206088072586,35,e1e8,23.0,True,76.0,103.0,4rrk1/5ppp/p1pb4/1p1n3q/3P2b1/1BP3P1/PP1N1PQP/R1B1R1K1,,,7,35,27,False,202206
202206088136687,35,e1e8,19.0,True,550.0,510.0,4rrk1/5ppp/p1pb4/1p1n3q/3P2b1/1BP3P1/PP1N1PQP/R1B1R1K1,,,7,35,27,False,202206
202206028202829,35,e1e8,9.0,True,551.0,579.0,4rrk1/5ppp/p1pb4/1p1n3q/3P2b1/1BP3P1/PP1N1PQP/R1B1R1K1,,,7,35,27,False,202206
202206028284124,35,e1e8,12.0,True,246.0,269.0,4rrk1/5ppp/p1pb4/1p1n3q/3P2b1/1BP3P1/PP1N1PQP/R1B1R1K1,,,7,35,27,False,202206
202206028556785,35,e1e4,20.0,True,118.0,159.0,4rrk1/5ppp/p1pb4/1p1n3q/3P2b1/1BP3P1/PP1N1PQP/R1B1R1K1,,,7,35,27,False,202206
202206028647129,35,e1e7,4.0,True,149.0,131.0,4rrk1/5ppp/p1pb4/1p1n3q/3P2b1/1BP3P1/PP1N1PQP/R1B1R1K1,,,7,35,27,False,202206
202206028715258,35,e1e8,17.0,True,183.0,190.0,4rrk1/5ppp/p1pb4/1p1n3q/3P2b1/1BP3P1/PP1N1PQP/R1B1R1K1,,,7,35,27,False,202206
202206071321865,35,e1e8,14.0,True,175.0,181.0,4rrk1/5ppp/p1pb4/1p1n3q/3P2b1/1BP3P1/PP1N1PQP/R1B1R1K1,,,7,35,27,False,202206
202206071953431,35,e1e8,12.0,True,153.0,155.0,4rrk1/5ppp/p1pb4/1p1n3q/3P2b1/1BP3P1/PP1N1PQP/R1B1R1K1,,,7,35,27,False,202206
202206076555980,35,e1d1,17.0,True,189.0,194.0,4rrk1/5ppp/p1pb4/1p1n3q/3P2b1/1BP3P1/PP1N1PQP/R1B1R1K1,,,7,35,27,False,202206
202206076938225,35,e1f1,5.0,True,238.0,230.0,4rrk1/5ppp/p1pb4/1p1n3q/3P2b1/1BP3P1/PP1N1PQP/R1B1R1K1,,,7,35,27,False,202206
202206017090318,35,d2e4,2.0,True,149.0,165.0,4rrk1/5ppp/p1pb4/1p1n3q/3P2b1/1BP3P1/PP1N1PQP/R1B1R1K1,,,7,35,27,False,202206
202206017146686,35,e1e8,3.0,True,155.0,169.0,4rrk1/5ppp/p1pb4/1p1n3q/3P2b1/1BP3P1/PP1N1PQP/R1B1R1K1,,,7,35,27,False,202206
202206017240813,35,e1e8,22.0,True,1679.0,1764.0,4rrk1/5ppp/p1pb4/1p1n3q/3P2b1/1BP3P1/PP1N1PQP/R1B1R1K1,,,7,35,27,False,202206
202206017500674,35,e1e8,2.0,True,147.0,159.0,4rrk1/5ppp/p1pb4/1p1n3q/3P2b1/1BP3P1/PP1N1PQP/R1B1R1K1,,,7,35,27,False,202206
202206053293321,35,g2f1,16.0,True,294.0,332.0,4rrk1/5ppp/p1pb4/1p1n3q/3P2b1/1BP3P1/PP1N1PQP/R1B1R1K1,,,7,35,27,False,202206
202206053819013,35,e1f1,42.0,True,175.0,189.0,4rrk1/5ppp/p1pb4/1p1n3q/3P2b1/1BP3P1/PP1N1PQP/R1B1R1K1,,,7,35,27,False,202206
202206053948975,35,e1e8,4.0,True,179.0,163.0,4rrk1/5ppp/p1pb4/1p1n3q/3P2b1/1BP3P1/PP1N1PQP/R1B1R1K1,,,7,35,27,False,202206
202206047276656,35,e1e8,27.0,True,165.0,180.0,4rrk1/5ppp/p1pb4/1p1n3q/3P2b1/1BP3P1/PP1N1PQP/R1B1R1K1,,,7,35,27,False,202206
202206010056173,39,e1f1,146.0,True,233.0,267.0,4rrk1/5ppp/p1pb4/1p1n3q/3P2b1/1BP3P1/PP1N1PQP/R1B1R1K1,,,11,35,27,False,202206
202206075103812,35,e1e4,14.0,True,135.0,149.0,4rrk1/5ppp/p1pb4/1p1n3q/3P2b1/1BP3P1/PP1N1PQP/R1B1R1K1,,,7,35,27,False,202206
202206075370575,35,e1f1,3.0,True,505.0,571.0,4rrk1/5ppp/p1pb4/1p1n3q/3P2b1/1BP3P1/PP1N1PQP/R1B1R1K1,,,7,35,27,False,202206
202206075812474,35,e1e8,19.0,True,158.0,194.0,4rrk1/5ppp/p1pb4/1p1n3q/3P2b1/1BP3P1/PP1N1PQP/R1B1R1K1,,,7,35,27,False,202206
202206075992192,35,e1e8,3.0,True,132.0,166.0,4rrk1/5ppp/p1pb4/1p1n3q/3P2b1/1BP3P1/PP1N1PQP/R1B1R1K1,,,7,35,27,False,202206
202206033087992,35,e1e8,8.0,True,137.0,139.0,4rrk1/5ppp/p1pb4/1p1n3q/3P2b1/1BP3P1/PP1N1PQP/R1B1R1K1,,,7,35,27,False,202206
202206033194405,35,e1f1,6.0,True,154.0,158.0,4rrk1/5ppp/p1pb4/1p1n3q/3P2b1/1BP3P1/PP1N1PQP/R1B1R1K1,,,7,35,27,False,202206
202206033570326,37,e1e8,4.0,True,170.0,189.0,4rrk1/5ppp/p1pb4/1p1n3q/3P2b1/1BP3P1/PP1N1PQP/R1B1R1K1,,,9,35,27,False,202206
202206033756401,35,e1e8,68.0,True,239.0,310.0,4rrk1/5ppp/p1pb4/1p1n3q/3P2b1/1BP3P1/PP1N1PQP/R1B1R1K1,,,7,35,27,False,202206
202206033896412,35,e1e8,1.0,True,140.0,139.0,4rrk1/5ppp/p1pb4/1p1n3q/3P2b1/1BP3P1/PP1N1PQP/R1B1R1K1,,,7,35,27,False,202206
202206086142118,35,e1f1,38.0,True,167.0,188.0,4rrk1/5ppp/p1pb4/1p1n3q/3P2b1/1BP3P1/PP1N1PQP/R1B1R1K1,,,7,35,27,False,202206
202206086226897,35,b3d5,57.0,True,146.0,117.0,4rrk1/5ppp/p1pb4/1p1n3q/3P2b1/1BP3P1/PP1N1PQP/R1B1R1K1,,,7,35,27,False,202206
202206086524806,35,e1e3,54.0,True,253.0,289.0,4rrk1/5ppp/p1pb4/1p1n3q/3P2b1/1BP3P1/PP1N1PQP/R1B1R1K1,,,7,35,27,False,202206
202206034182097,35,g2f1,18.0,True,291.0,323.0,4rrk1/5ppp/p1pb4/1p1n3q/3P2b1/1BP3P1/PP1N1PQP/R1B1R1K1,,,7,35,27,False,202206
202206034461635,35,e1e8,17.0,True,152.0,168.0,4rrk1/5ppp/p1pb4/1p1n3q/3P2b1/1BP3P1/PP1N1PQP/R1B1R1K1,,,7,35,27,False,202206
202206044046407,35,e1e8,66.0,True,1690.0,1621.0,4rrk1/5ppp/p1pb4/1p1n3q/3P2b1/1BP3P1/PP1N1PQP/R1B1R1K1,,,7,35,27,False,202206
202206044091235,35,e1e8,17.0,True,74.0,108.0,4rrk1/5ppp/p1pb4/1p1n3q/3P2b1/1BP3P1/PP1N1PQP/R1B1R1K1,,,7,35,27,False,202206
202206044229213,35,e1e8,5.0,True,71.0,108.0,4rrk1/5ppp/p1pb4/1p1n3q/3P2b1/1BP3P1/PP1N1PQP/R1B1R1K1,,,7,35,27,False,202206
202206044289177,35,e1f1,1.0,True,46.0,49.0,4rrk1/5ppp/p1pb4/1p1n3q/3P2b1/1BP3P1/PP1N1PQP/R1B1R1K1,,,7,35,27,False,202206
202206044628763,35,d2e4,17.0,True,154.0,163.0,4rrk1/5ppp/p1pb4/1p1n3q/3P2b1/1BP3P1/PP1N1PQP/R1B1R1K1,,,7,35,27,False,202206
202206044836558,35,e1e8,6.0,True,277.0,320.0,4rrk1/5ppp/p1pb4/1p1n3q/3P2b1/1BP3P1/PP1N1PQP/R1B1R1K1,,,7,35,27,False,202206
202206044886717,35,e1f1,10.0,True,45.0,45.0,4rrk1/5ppp/p1pb4/1p1n3q/3P2b1/1BP3P1/PP1N1PQP/R1B1R1K1,,,7,35,27,False,202206
202206018141119,35,g2f1,20.0,True,251.0,278.0,4rrk1/5ppp/p1pb4/1p1n3q/3P2b1/1BP3P1/PP1N1PQP/R1B1R1K1,,,7,35,27,False,202206
202206018631261,35,e1e4,28.0,True,161.0,155.0,4rrk1/5ppp/p1pb4/1p1n3q/3P2b1/1BP3P1/PP1N1PQP/R1B1R1K1,,,7,35,27,False,202206
202206018696122,35,g2f1,12.0,True,131.0,150.0,4rrk1/5ppp/p1pb4/1p1n3q/3P2b1/1BP3P1/PP1N1PQP/R1B1R1K1,,,7,35,27,False,202206
202206054076576,35,e1e8,56.0,True,151.0,184.0,4rrk1/5ppp/p1pb4/1p1n3q/3P2b1/1BP3P1/PP1N1PQP/R1B1R1K1,,,7,35,27,False,202206
202206054566550,35,e1e8,11.0,True,115.0,193.0,4rrk1/5ppp/p1pb4/1p1n3q/3P2b1/1BP3P1/PP1N1PQP/R1B1R1K1,,,7,35,27,False,202206
202206016383165,35,e1e8,29.0,True,194.0,300.0,4rrk1/5ppp/p1pb4/1p1n3q/3P2b1/1BP3P1/PP1N1PQP/R1B1R1K1,,,7,35,27,False,202206
202206016770655,35,e1e8,9.0,True,150.0,178.0,4rrk1/5ppp/p1pb4/1p1n3q/3P2b1/1BP3P1/PP1N1PQP/R1B1R1K1,,,7,35,27,False,202206
202206016890655,35,e1e8,19.0,True,259.0,255.0,4rrk1/5ppp/p1pb4/1p1n3q/3P2b1/1BP3P1/PP1N1PQP/R1B1R1K1,,,7,35,27,False,202206
202206016904813,35,e1e8,19.0,True,274.0,248.0,4rrk1/5ppp/p1pb4/1p1n3q/3P2b1/1BP3P1/PP1N1PQP/R1B1R1K1,,,7,35,27,False,202206
202206072003952,35,g2f1,29.0,True,117.0,151.0,4rrk1/5ppp/p1pb4/1p1n3q/3P2b1/1BP3P1/PP1N1PQP/R1B1R1K1,,,7,35,27,False,202206
202206072136381,35,d2e4,1.0,True,160.0,160.0,4rrk1/5ppp/p1pb4/1p1n3q/3P2b1/1BP3P1/PP1N1PQP/R1B1R1K1,,,7,35,27,False,202206
202206072222033,35,e1f1,37.0,True,488.0,550.0,4rrk1/5ppp/p1pb4/1p1n3q/3P2b1/1BP3P1/PP1N1PQP/R1B1R1K1,,,7,35,27,False,202206
202206072507697,35,e1f1,56.0,True,200.0,295.0,4rrk1/5ppp/p1pb4/1p1n3q/3P2b1/1BP3P1/PP1N1PQP/R1B1R1K1,,,7,35,27,False,202206
202206072767893,35,e1e8,32.0,True,207.0,265.0,4rrk1/5ppp/p1pb4/1p1n3q/3P2b1/1BP3P1/PP1N1PQP/R1B1R1K1,,,7,35,27,False,202206
202206083767049,35,e1e8,3.0,True,43.0,50.0,4rrk1/5ppp/p1pb4/1p1n3q/3P2b1/1BP3P1/PP1N1PQP/R1B1R1K1,,,7,35,27,False,202206
202206030240292,35,e1e8,45.0,True,171.0,197.0,4rrk1/5ppp/p1pb4/1p1n3q/3P2b1/1BP3P1/PP1N1PQP/R1B1R1K1,,,7,35,27,False,202206
202206030665347,35,e1f1,29.0,True,232.0,271.0,4rrk1/5ppp/p1pb4/1p1n3q/3P2b1/1BP3P1/PP1N1PQP/R1B1R1K1,,,7,35,27,False,202206
202206019838875,35,g2f1,38.0,True,269.0,322.0,4rrk1/5ppp/p1pb4/1p1n3q/3P2b1/1BP3P1/PP1N1PQP/R1B1R1K1,,,7,35,27,False,202206
202206019867761,35,e1e8,12.0,True,122.0,167.0,4rrk1/5ppp/p1pb4/1p1n3q/3P2b1/1BP3P1/PP1N1PQP/R1B1R1K1,,,7,35,27,False,202206
202206019985104,35,d2e4,7.0,True,154.0,166.0,4rrk1/5ppp/p1pb4/1p1n3q/3P2b1/1BP3P1/PP1N1PQP/R1B1R1K1,,,7,35,27,False,202206
202206073528694,35,e1e8,84.0,True,157.0,179.0,4rrk1/5ppp/p1pb4/1p1n3q/3P2b1/1BP3P1/PP1N1PQP/R1B1R1K1,,,7,35,27,False,202206
202206073735625,35,d2e4,11.0,True,99.0,125.0,4rrk1/5ppp/p1pb4/1p1n3q/3P2b1/1BP3P1/PP1N1PQP/R1B1R1K1,,,7,35,27,False,202206
202206015419277,35,e1e8,6.0,True,137.0,77.0,4rrk1/5ppp/p1pb4/1p1n3q/3P2b1/1BP3P1/PP1N1PQP/R1B1R1K1,,,7,35,27,False,202206
202206015538583,35,e1e4,16.0,True,105.0,123.0,4rrk1/5ppp/p1pb4/1p1n3q/3P2b1/1BP3P1/PP1N1PQP/R1B1R1K1,,,7,35,27,False,202206
202206067106263,35,e1e8,5.0,True,295.0,316.0,4rrk1/5ppp/p1pb4/1p1n3q/3P2b1/1BP3P1/PP1N1PQP/R1B1R1K1,,,7,35,27,False,202206
202206067359887,35,g2f1,23.0,True,90.0,124.0,4rrk1/5ppp/p1pb4/1p1n3q/3P2b1/1BP3P1/PP1N1PQP/R1B1R1K1,,,7,35,27,False,202206
202206067491313,35,e1e8,54.0,True,628.0,627.0,4rrk1/5ppp/p1pb4/1p1n3q/3P2b1/1BP3P1/PP1N1PQP/R1B1R1K1,,,7,35,27,False,202206
202206067545456,35,e1e8,37.0,True,97.0,76.0,4rrk1/5ppp/p1pb4/1p1n3q/3P2b1/1BP3P1/PP1N1PQP/R1B1R1K1,,,7,35,27,False,202206
202206067649371,35,e1f1,31.0,True,164.0,166.0,4rrk1/5ppp/p1pb4/1p1n3q/3P2b1/1BP3P1/PP1N1PQP/R1B1R1K1,,,7,35,27,False,202206
202206067655220,35,e1e8,14.0,True,189.0,198.0,4rrk1/5ppp/p1pb4/1p1n3q/3P2b1/1BP3P1/PP1N1PQP/R1B1R1K1,,,7,35,27,False,202206
202206067909426,35,e1f1,5.0,True,157.0,161.0,4rrk1/5ppp/p1pb4/1p1n3q/3P2b1/1BP3P1/PP1N1PQP/R1B1R1K1,,,7,35,27,False,202206
202206026618505,35,e1f1,51.0,True,308.0,483.0,4rrk1/5ppp/p1pb4/1p1n3q/3P2b1/1BP3P1/PP1N1PQP/R1B1R1K1,,,7,35,27,False,202206
202206026792278,35,e1e8,18.0,True,215.0,291.0,4rrk1/5ppp/p1pb4/1p1n3q/3P2b1/1BP3P1/PP1N1PQP/R1B1R1K1,,,7,35,27,False,202206
202206079128508,35,e1e8,7.0,True,190.0,180.0,4rrk1/5ppp/p1pb4/1p1n3q/3P2b1/1BP3P1/PP1N1PQP/R1B1R1K1,,,7,35,27,False,202206
202206079266478,35,d2e4,18.0,True,145.0,160.0,4rrk1/5ppp/p1pb4/1p1n3q/3P2b1/1BP3P1/PP1N1PQP/R1B1R1K1,,,7,35,27,False,202206
202206079379873,35,e1e8,52.0,True,122.0,187.0,4rrk1/5ppp/p1pb4/1p1n3q/3P2b1/1BP3P1/PP1N1PQP/R1B1R1K1,,,7,35,27,False,202206
202206002246033,35,e1f1,14.0,True,476.0,279.0,4rrk1/5ppp/p1pb4/1p1n3q/3P2b1/1BP3P1/PP1N1PQP/R1B1R1K1,,,7,35,27,False,202206
202206002652677,35,e1f1,5.0,True,162.0,158.0,4rrk1/5ppp/p1pb4/1p1n3q/3P2b1/1BP3P1/PP1N1PQP/R1B1R1K1,,,7,35,27,False,202206
202206014061792,35,e1e8,14.0,True,294.0,308.0,4rrk1/5ppp/p1pb4/1p1n3q/3P2b1/1BP3P1/PP1N1PQP/R1B1R1K1,,,7,35,27,False,202206
202206014079380,35,e1e8,19.0,True,150.0,157.0,4rrk1/5ppp/p1pb4/1p1n3q/3P2b1/1BP3P1/PP1N1PQP/R1B1R1K1,,,7,35,27,False,202206
202206014158906,35,e1e8,40.0,True,158.0,188.0,4rrk1/5ppp/p1pb4/1p1n3q/3P2b1/1BP3P1/PP1N1PQP/R1B1R1K1,,,7,35,27,False,202206
202206014173075,35,e1e8,5.0,True,98.0,148.0,4rrk1/5ppp/p1pb4/1p1n3q/3P2b1/1BP3P1/PP1N1PQP/R1B1R1K1,,,7,35,27,False,202206
202206014405115,35,d2e4,4.0,True,576.0,568.0,4rrk1/5ppp/p1pb4/1p1n3q/3P2b1/1BP3P1/PP1N1PQP/R1B1R1K1,,,7,35,27,False,202206
202206014622404,35,g2f1,34.0,True,66.0,187.0,4rrk1/5ppp/p1pb4/1p1n3q/3P2b1/1BP3P1/PP1N1PQP/R1B1R1K1,,,7,35,27,False,202206
202206014740951,35,e1e8,25.0,True,149.0,153.0,4rrk1/5ppp/p1pb4/1p1n3q/3P2b1/1BP3P1/PP1N1PQP/R1B1R1K1,,,7,35,27,False,202206
202206007084794,35,e1e8,56.0,True,74.0,170.0,4rrk1/5ppp/p1pb4/1p1n3q/3P2b1/1BP3P1/PP1N1PQP/R1B1R1K1,,,7,35,27,False,202206
202206007991038,35,e1e8,12.0,True,170.0,185.0,4rrk1/5ppp/p1pb4/1p1n3q/3P2b1/1BP3P1/PP1N1PQP/R1B1R1K1,,,7,35,27,False,202206
202206024373814,35,e1e8,2.0,True,39.0,49.0,4rrk1/5ppp/p1pb4/1p1n3q/3P2b1/1BP3P1/PP1N1PQP/R1B1R1K1,,,7,35,27,False,202206
202206045007244,35,e1e8,5.0,True,447.0,441.0,4rrk1/5ppp/p1pb4/1p1n3q/3P2b1/1BP3P1/PP1N1PQP/R1B1R1K1,,,7,35,27,False,202206
202206045059132,35,e1f1,40.0,True,153.0,190.0,4rrk1/5ppp/p1pb4/1p1n3q/3P2b1/1BP3P1/PP1N1PQP/R1B1R1K1,,,7,35,27,False,202206
202206045487722,35,d2e4,2.0,True,137.0,163.0,4rrk1/5ppp/p1pb4/1p1n3q/3P2b1/1BP3P1/PP1N1PQP/R1B1R1K1,,,7,35,27,False,202206
202206052127993,35,e1f1,2.0,True,153.0,165.0,4rrk1/5ppp/p1pb4/1p1n3q/3P2b1/1BP3P1/PP1N1PQP/R1B1R1K1,,,7,35,27,False,202206
202206052348323,35,e1f1,19.0,True,100.0,93.0,4rrk1/5ppp/p1pb4/1p1n3q/3P2b1/1BP3P1/PP1N1PQP/R1B1R1K1,,,7,35,27,False,202206
202206052353598,35,c3c4,24.0,True,489.0,396.0,4rrk1/5ppp/p1pb4/1p1n3q/3P2b1/1BP3P1/PP1N1PQP/R1B1R1K1,,,7,35,27,False,202206
202206052619649,35,e1e8,12.0,True,169.0,187.0,4rrk1/5ppp/p1pb4/1p1n3q/3P2b1/1BP3P1/PP1N1PQP/R1B1R1K1,,,7,35,27,False,202206
202206052790867,35,d2e4,26.0,True,252.0,312.0,4rrk1/5ppp/p1pb4/1p1n3q/3P2b1/1BP3P1/PP1N1PQP/R1B1R1K1,,,7,35,27,False,202206
202206008352076,35,e1e8,,True,,,4rrk1/5ppp/p1pb4/1p1n3q/3P2b1/1BP3P1/PP1N1PQP/R1B1R1K1,,,7,35,27,False,202206
202206008626796,35,d2e4,15.0,True,500.0,559.0,4rrk1/5ppp/p1pb4/1p1n3q/3P2b1/1BP3P1/PP1N1PQP/R1B1R1K1,,,7,35,27,False,202206
202206008831462,35,e1f1,23.0,True,236.0,241.0,4rrk1/5ppp/p1pb4/1p1n3q/3P2b1/1BP3P1/PP1N1PQP/R1B1R1K1,,,7,35,27,False,202206
202206066193977,35,e1e8,82.0,True,551.0,277.0,4rrk1/5ppp/p1pb4/1p1n3q/3P2b1/1BP3P1/PP1N1PQP/R1B1R1K1,,,7,35,27,False,202206
202206066275294,35,e1e8,11.0,True,142.0,167.0,4rrk1/5ppp/p1pb4/1p1n3q/3P2b1/1BP3P1/PP1N1PQP/R1B1R1K1,,,7,35,27,False,202206
202206066870494,35,e1e8,4.0,True,189.0,190.0,4rrk1/5ppp/p1pb4/1p1n3q/3P2b1/1BP3P1/PP1N1PQP/R1B1R1K1,,,7,35,27,False,202206
202206064122283,35,e1e4,14.0,True,145.0,157.0,4rrk1/5ppp/p1pb4/1p1n3q/3P2b1/1BP3P1/PP1N1PQP/R1B1R1K1,,,7,35,27,False,202206
202206064499570,35,e1e8,45.0,True,174.0,190.0,4rrk1/5ppp/p1pb4/1p1n3q/3P2b1/1BP3P1/PP1N1PQP/R1B1R1K1,,,7,35,27,False,202206
202206064762838,35,d2e4,4.0,True,31.0,36.0,4rrk1/5ppp/p1pb4/1p1n3q/3P2b1/1BP3P1/PP1N1PQP/R1B1R1K1,,,7,35,27,False,202206
202206041045433,35,e1f1,36.0,True,57.0,106.0,4rrk1/5ppp/p1pb4/1p1n3q/3P2b1/1BP3P1/PP1N1PQP/R1B1R1K1,,,7,35,27,False,202206
202206041173765,35,e1e8,20.0,True,122.0,188.0,4rrk1/5ppp/p1pb4/1p1n3q/3P2b1/1BP3P1/PP1N1PQP/R1B1R1K1,,,7,35,27,False,202206
202206041858620,35,e1e8,76.0,True,133.0,157.0,4rrk1/5ppp/p1pb4/1p1n3q/3P2b1/1BP3P1/PP1N1PQP/R1B1R1K1,,,7,35,27,False,202206
202206037137278,35,e1e8,3.0,True,187.0,161.0,4rrk1/5ppp/p1pb4/1p1n3q/3P2b1/1BP3P1/PP1N1PQP/R1B1R1K1,,,7,35,27,False,202206
202206037237540,35,e1e8,8.0,True,135.0,187.0,4rrk1/5ppp/p1pb4/1p1n3q/3P2b1/1BP3P1/PP1N1PQP/R1B1R1K1,,,7,35,27,False,202206
202206037424672,35,e1f1,11.0,True,531.0,494.0,4rrk1/5ppp/p1pb4/1p1n3q/3P2b1/1BP3P1/PP1N1PQP/R1B1R1K1,,,7,35,27,False,202206
202206037424672,39,e1f1,136.0,True,497.0,453.0,4rrk1/5ppp/p1pb4/1p1n3q/3P2b1/1BP3P1/PP1N1PQP/R1B1R1K1,,,11,35,27,False,202206
202206037571934,35,d2e4,35.0,True,979.0,980.0,4rrk1/5ppp/p1pb4/1p1n3q/3P2b1/1BP3P1/PP1N1PQP/R1B1R1K1,,,7,35,27,False,202206
202206037694752,37,e1e4,21.0,True,223.0,264.0,4rrk1/5ppp/p1pb4/1p1n3q/3P2b1/1BP3P1/PP1N1PQP/R1B1R1K1,,,7,35,27,False,202206
202206029085799,35,e1e4,104.0,True,555.0,472.0,4rrk1/5ppp/p1pb4/1p1n3q/3P2b1/1BP3P1/PP1N1PQP/R1B1R1K1,,,7,35,27,False,202206
202206029551917,35,d2e4,26.0,True,300.0,327.0,4rrk1/5ppp/p1pb4/1p1n3q/3P2b1/1BP3P1/PP1N1PQP/R1B1R1K1,,,7,35,27,False,202206
202206029615106,35,e1e8,25.0,True,169.0,175.0,4rrk1/5ppp/p1pb4/1p1n3q/3P2b1/1BP3P1/PP1N1PQP/R1B1R1K1,,,7,35,27,False,202206
202206013146718,35,e1e4,210.0,True,431.0,549.0,4rrk1/5ppp/p1pb4/1p1n3q/3P2b1/1BP3P1/PP1N1PQP/R1B1R1K1,,,7,35,27,False,202206
202206013697113,35,e1e4,34.0,True,532.0,566.0,4rrk1/5ppp/p1pb4/1p1n3q/3P2b1/1BP3P1/PP1N1PQP/R1B1R1K1,,,7,35,27,False,202206
202206013780335,35,d2e4,13.0,True,183.0,197.0,4rrk1/5ppp/p1pb4/1p1n3q/3P2b1/1BP3P1/PP1N1PQP/R1B1R1K1,,,7,35,27,False,202206
202206081018691,35,d2e4,7.0,True,113.0,146.0,4rrk1/5ppp/p1pb4/1p1n3q/3P2b1/1BP3P1/PP1N1PQP/R1B1R1K1,,,7,35,27,False,202206
202206081145064,35,e1e8,42.0,True,160.0,184.0,4rrk1/5ppp/p1pb4/1p1n3q/3P2b1/1BP3P1/PP1N1PQP/R1B1R1K1,,,7,35,27,False,202206
202206081721913,35,e1e8,3.0,True,90.0,115.0,4rrk1/5ppp/p1pb4/1p1n3q/3P2b1/1BP3P1/PP1N1PQP/R1B1R1K1,,,7,35,27,False,202206
202206011384108,35,d2e4,3.0,True,36.0,45.0,4rrk1/5ppp/p1pb4/1p1n3q/3P2b1/1BP3P1/PP1N1PQP/R1B1R1K1,,,7,35,27,False,202206
202206011771741,35,e1e8,8.0,True,134.0,152.0,4rrk1/5ppp/p1pb4/1p1n3q/3P2b1/1BP3P1/PP1N1PQP/R1B1R1K1,,,7,35,27,False,202206
202206011929595,35,e1e8,6.0,True,94.0,196.0,4rrk1/5ppp/p1pb4/1p1n3q/3P2b1/1BP3P1/PP1N1PQP/R1B1R1K1,,,7,35,27,False,202206
202206046257684,35,e1e8,4.0,True,92.0,119.0,4rrk1/5ppp/p1pb4/1p1n3q/3P2b1/1BP3P1/PP1N1PQP/R1B1R1K1,,,7,35,27,False,202206
202206046820666,35,e1e4,75.0,True,1415.0,1683.0,4rrk1/5ppp/p1pb4/1p1n3q/3P2b1/1BP3P1/PP1N1PQP/R1B1R1K1,,,7,35,27,False,202206
202206025339076,35,e1e8,35.0,True,981.0,986.0,4rrk1/5ppp/p1pb4/1p1n3q/3P2b1/1BP3P1/PP1N1PQP/R1B1R1K1,,,7,35,27,False,202206
202206025569635,35,e1e3,21.0,True,96.0,98.0,4rrk1/5ppp/p1pb4/1p1n3q/3P2b1/1BP3P1/PP1N1PQP/R1B1R1K1,,,7,35,27,False,202206
202206025681084,35,e1f1,16.0,True,25.0,184.0,4rrk1/5ppp/p1pb4/1p1n3q/3P2b1/1BP3P1/PP1N1PQP/R1B1R1K1,,,7,35,27,False,202206
202206025681084,39,d2f1,0.0,True,11.0,164.0,4rrk1/5ppp/p1pb4/1p1n3q/3P2b1/1BP3P1/PP1N1PQP/R1B1R1K1,,,11,35,27,False,202206
202206025853846,35,e1e8,16.0,True,172.0,188.0,4rrk1/5ppp/p1pb4/1p1n3q/3P2b1/1BP3P1/PP1N1PQP/R1B1R1K1,,,7,35,27,False,202206
202207070064945,35,e1e8,23.0,True,130.0,132.0,4rrk1/5ppp/p1pb4/1p1n3q/3P2b1/1BP3P1/PP1N1PQP/R1B1R1K1,,,7,35,27,False,202207
202207070159174,35,e1e8,21.0,True,146.0,150.0,4rrk1/5ppp/p1pb4/1p1n3q/3P2b1/1BP3P1/PP1N1PQP/R1B1R1K1,,,7,35,27,False,202207
202207070231147,35,e1e8,37.0,True,520.0,563.0,4rrk1/5ppp/p1pb4/1p1n3q/3P2b1/1BP3P1/PP1N1PQP/R1B1R1K1,,,7,35,27,False,202207
202207070556853,37,e1e4,3.0,True,95.0,108.0,4rrk1/5ppp/p1pb4/1p1n3q/3P2b1/1BP3P1/PP1N1PQP/R1B1R1K1,,,7,35,27,False,202207
202207070574381,35,e1e4,17.0,True,90.0,86.0,4rrk1/5ppp/p1pb4/1p1n3q/3P2b1/1BP3P1/PP1N1PQP/R1B1R1K1,,,7,35,27,False,202207
202207070821928,35,e1e8,19.0,True,159.0,103.0,4rrk1/5ppp/p1pb4/1p1n3q/3P2b1/1BP3P1/PP1N1PQP/R1B1R1K1,,,7,35,27,False,202207
202207070989295,35,e1e8,112.0,True,141.0,157.0,4rrk1/5ppp/p1pb4/1p1n3q/3P2b1/1BP3P1/PP1N1PQP/R1B1R1K1,,,7,35,27,False,202207
202207048205873,35,e1e8,20.0,True,104.0,117.0,4rrk1/5ppp/p1pb4/1p1n3q/3P2b1/1BP3P1/PP1N1PQP/R1B1R1K1,,,7,35,27,False,202207
202207048899664,35,d2e4,4.0,True,154.0,166.0,4rrk1/5ppp/p1pb4/1p1n3q/3P2b1/1BP3P1/PP1N1PQP/R1B1R1K1,,,7,35,27,False,202207
202207077305147,35,e1e8,163.0,True,287.0,314.0,4rrk1/5ppp/p1pb4/1p1n3q/3P2b1/1BP3P1/PP1N1PQP/R1B1R1K1,,,7,35,27,False,202207
202207077331889,35,g2f1,15.0,True,243.0,269.0,4rrk1/5ppp/p1pb4/1p1n3q/3P2b1/1BP3P1/PP1N1PQP/R1B1R1K1,,,7,35,27,False,202207
202207077600985,35,e1e8,37.0,True,428.0,563.0,4rrk1/5ppp/p1pb4/1p1n3q/3P2b1/1BP3P1/PP1N1PQP/R1B1R1K1,,,7,35,27,False,202207
202207077666445,35,e1e8,19.0,True,152.0,161.0,4rrk1/5ppp/p1pb4/1p1n3q/3P2b1/1BP3P1/PP1N1PQP/R1B1R1K1,,,7,35,27,False,202207
202207077736215,35,e1e8,23.0,True,470.0,575.0,4rrk1/5ppp/p1pb4/1p1n3q/3P2b1/1BP3P1/PP1N1PQP/R1B1R1K1,,,7,35,27,False,202207
202207077802026,35,e1e4,18.0,True,130.0,138.0,4rrk1/5ppp/p1pb4/1p1n3q/3P2b1/1BP3P1/PP1N1PQP/R1B1R1K1,,,7,35,27,False,202207
202207077916961,35,e1e8,13.0,True,877.0,1013.0,4rrk1/5ppp/p1pb4/1p1n3q/3P2b1/1BP3P1/PP1N1PQP/R1B1R1K1,,,7,35,27,False,202207
202207035188665,35,e1f1,29.0,True,292.0,323.0,4rrk1/5ppp/p1pb4/1p1n3q/3P2b1/1BP3P1/PP1N1PQP/R1B1R1K1,,,7,35,27,False,202207
202207032239641,35,d2e4,4.0,True,168.0,194.0,4rrk1/5ppp/p1pb4/1p1n3q/3P2b1/1BP3P1/PP1N1PQP/R1B1R1K1,,,7,35,27,False,202207
202207032763962,39,e1e8,8.0,True,139.0,146.0,4rrk1/5ppp/p1pb4/1p1n3q/3P2b1/1BP3P1/PP1N1PQP/R1B1R1K1,,,11,35,27,False,202207
202207032834989,35,e1e8,14.0,True,146.0,160.0,4rrk1/5ppp/p1pb4/1p1n3q/3P2b1/1BP3P1/PP1N1PQP/R1B1R1K1,,,7,35,27,False,202207
202207006027852,35,e1e8,48.0,True,151.0,196.0,4rrk1/5ppp/p1pb4/1p1n3q/3P2b1/1BP3P1/PP1N1PQP/R1B1R1K1,,,7,35,27,False,202207
202207006147567,35,d2e4,26.0,True,113.0,149.0,4rrk1/5ppp/p1pb4/1p1n3q/3P2b1/1BP3P1/PP1N1PQP/R1B1R1K1,,,7,35,27,False,202207
202207006162113,39,e1e8,26.0,True,133.0,156.0,4rrk1/5ppp/p1pb4/1p1n3q/3P2b1/1BP3P1/PP1N1PQP/R1B1R1K1,,,11,35,27,False,202207
202207006694005,35,e1e4,5.0,True,171.0,145.0,4rrk1/5ppp/p1pb4/1p1n3q/3P2b1/1BP3P1/PP1N1PQP/R1B1R1K1,,,7,35,27,False,202207
202207006722918,35,d2e4,3.0,True,88.0,118.0,4rrk1/5ppp/p1pb4/1p1n3q/3P2b1/1BP3P1/PP1N1PQP/R1B1R1K1,,,7,35,27,False,202207
202207006850126,39,e1e8,65.0,True,553.0,560.0,4rrk1/5ppp/p1pb4/1p1n3q/3P2b1/1BP3P1/PP1N1PQP/R1B1R1K1,,,11,35,27,False,202207
202207006919291,35,e1e8,104.0,True,290.0,314.0,4rrk1/5ppp/p1pb4/1p1n3q/3P2b1/1BP3P1/PP1N1PQP/R1B1R1K1,,,7,35,27,False,202207
202207006948368,35,e1e8,28.0,True,1744.0,1744.0,4rrk1/5ppp/p1pb4/1p1n3q/3P2b1/1BP3P1/PP1N1PQP/R1B1R1K1,,,7,35,27,False,202207
202207087525933,35,e1e8,180.0,True,1352.0,1711.0,4rrk1/5ppp/p1pb4/1p1n3q/3P2b1/1BP3P1/PP1N1PQP/R1B1R1K1,,,7,35,27,False,202207
202207087568883,35,e1e8,16.0,True,181.0,187.0,4rrk1/5ppp/p1pb4/1p1n3q/3P2b1/1BP3P1/PP1N1PQP/R1B1R1K1,,,7,35,27,False,202207
202207087789259,35,e1e8,16.0,True,130.0,191.0,4rrk1/5ppp/p1pb4/1p1n3q/3P2b1/1BP3P1/PP1N1PQP/R1B1R1K1,,,7,35,27,False,202207
202207087946789,35,d2e4,7.0,True,264.0,277.0,4rrk1/5ppp/p1pb4/1p1n3q/3P2b1/1BP3P1/PP1N1PQP/R1B1R1K1,,,7,35,27,False,202207
202207065117535,35,e1f1,21.0,True,171.0,134.0,4rrk1/5ppp/p1pb4/1p1n3q/3P2b1/1BP3P1/PP1N1PQP/R1B1R1K1,,,7,35,27,False,202207
202207065211458,35,e1e8,18.0,True,181.0,202.0,4rrk1/5ppp/p1pb4/1p1n3q/3P2b1/1BP3P1/PP1N1PQP/R1B1R1K1,,,7,35,27,False,202207
202207065386007,35,e1e8,3.0,True,42.0,53.0,4rrk1/5ppp/p1pb4/1p1n3q/3P2b1/1BP3P1/PP1N1PQP/R1B1R1K1,,,7,35,27,False,202207
202207065421085,35,e1e8,30.0,True,166.0,161.0,4rrk1/5ppp/p1pb4/1p1n3q/3P2b1/1BP3P1/PP1N1PQP/R1B1R1K1,,,7,35,27,False,202207
202207065977046,35,e1e8,31.0,True,239.0,228.0,4rrk1/5ppp/p1pb4/1p1n3q/3P2b1/1BP3P1/PP1N1PQP/R1B1R1K1,,,7,35,27,False,202207
202207049304430,35,e1f1,8.0,True,116.0,118.0,4rrk1/5ppp/p1pb4/1p1n3q/3P2b1/1BP3P1/PP1N1PQP/R1B1R1K1,,,7,35,27,False,202207
202207049351680,35,e1e8,31.0,True,270.0,247.0,4rrk1/5ppp/p1pb4/1p1n3q/3P2b1/1BP3P1/PP1N1PQP/R1B1R1K1,,,7,35,27,False,202207
202207049384971,35,e1e4,72.0,True,103.0,180.0,4rrk1/5ppp/p1pb4/1p1n3q/3P2b1/1BP3P1/PP1N1PQP/R1B1R1K1,,,7,35,27,False,202207
202207049476825,35,e1e8,5.0,True,607.0,647.0,4rrk1/5ppp/p1pb4/1p1n3q/3P2b1/1BP3P1/PP1N1PQP/R1B1R1K1,,,7,35,27,False,202207
202207049485601,35,e1e8,15.0,True,90.0,114.0,4rrk1/5ppp/p1pb4/1p1n3q/3P2b1/1BP3P1/PP1N1PQP/R1B1R1K1,,,7,35,27,False,202207
202207049931070,35,e1e8,62.0,True,464.0,456.0,4rrk1/5ppp/p1pb4/1p1n3q/3P2b1/1BP3P1/PP1N1PQP/R1B1R1K1,,,7,35,27,False,202207
202207049934220,35,e1e8,23.0,True,156.0,189.0,4rrk1/5ppp/p1pb4/1p1n3q/3P2b1/1BP3P1/PP1N1PQP/R1B1R1K1,,,7,35,27,False,202207
202207001101185,35,e1e4,46.0,True,243.0,270.0,4rrk1/5ppp/p1pb4/1p1n3q/3P2b1/1BP3P1/PP1N1PQP/R1B1R1K1,,,7,35,27,False,202207
202207001139586,35,e1e8,106.0,True,308.0,327.0,4rrk1/5ppp/p1pb4/1p1n3q/3P2b1/1BP3P1/PP1N1PQP/R1B1R1K1,,,7,35,27,False,202207
202207001719155,35,b3d5,39.0,True,95.0,114.0,4rrk1/5ppp/p1pb4/1p1n3q/3P2b1/1BP3P1/PP1N1PQP/R1B1R1K1,,,7,35,27,False,202207
202207005606246,35,d2e4,28.0,True,148.0,180.0,4rrk1/5ppp/p1pb4/1p1n3q/3P2b1/1BP3P1/PP1N1PQP/R1B1R1K1,,,7,35,27,False,202207
202207005743021,35,g2f1,33.0,True,108.0,107.0,4rrk1/5ppp/p1pb4/1p1n3q/3P2b1/1BP3P1/PP1N1PQP/R1B1R1K1,,,7,35,27,False,202207
202207005904522,35,d2e4,1.0,True,123.0,192.0,4rrk1/5ppp/p1pb4/1p1n3q/3P2b1/1BP3P1/PP1N1PQP/R1B1R1K1,,,7,35,27,False,202207
202207090247110,35,e1f1,4.0,True,41.0,45.0,4rrk1/5ppp/p1pb4/1p1n3q/3P2b1/1BP3P1/PP1N1PQP/R1B1R1K1,,,7,35,27,False,202207
202207061073828,35,e1f1,12.0,True,147.0,170.0,4rrk1/5ppp/p1pb4/1p1n3q/3P2b1/1BP3P1/PP1N1PQP/R1B1R1K1,,,7,35,27,False,202207
202207061083647,35,e1e8,25.0,True,519.0,525.0,4rrk1/5ppp/p1pb4/1p1n3q/3P2b1/1BP3P1/PP1N1PQP/R1B1R1K1,,,7,35,27,False,202207
202207061533633,35,e1e8,34.0,True,280.0,260.0,4rrk1/5ppp/p1pb4/1p1n3q/3P2b1/1BP3P1/PP1N1PQP/R1B1R1K1,,,7,35,27,False,202207
202207061759803,35,e1e8,13.0,True,63.0,118.0,4rrk1/5ppp/p1pb4/1p1n3q/3P2b1/1BP3P1/PP1N1PQP/R1B1R1K1,,,7,35,27,False,202207
202207061815637,35,e1e8,10.0,True,257.0,277.0,4rrk1/5ppp/p1pb4/1p1n3q/3P2b1/1BP3P1/PP1N1PQP/R1B1R1K1,,,7,35,27,False,202207
202207057218174,35,e1e8,2.0,True,38.0,36.0,4rrk1/5ppp/p1pb4/1p1n3q/3P2b1/1BP3P1/PP1N1PQP/R1B1R1K1,,,7,35,27,False,202207
202207057487624,35,e1e4,32.0,True,166.0,188.0,4rrk1/5ppp/p1pb4/1p1n3q/3P2b1/1BP3P1/PP1N1PQP/R1B1R1K1,,,7,35,27,False,202207
202207057567514,35,e1e8,4.0,True,248.0,252.0,4rrk1/5ppp/p1pb4/1p1n3q/3P2b1/1BP3P1/PP1N1PQP/R1B1R1K1,,,7,35,27,False,202207
202207057771326,35,e1e8,12.0,True,138.0,162.0,4rrk1/5ppp/p1pb4/1p1n3q/3P2b1/1BP3P1/PP1N1PQP/R1B1R1K1,,,7,35,27,False,202207
202207036319791,35,e1e8,6.0,True,95.0,113.0,4rrk1/5ppp/p1pb4/1p1n3q/3P2b1/1BP3P1/PP1N1PQP/R1B1R1K1,,,7,35,27,False,202207
202207036340623,35,d2e4,1.0,True,148.0,162.0,4rrk1/5ppp/p1pb4/1p1n3q/3P2b1/1BP3P1/PP1N1PQP/R1B1R1K1,,,7,35,27,False,202207
202207036850609,35,e1e8,17.0,True,97.0,132.0,4rrk1/5ppp/p1pb4/1p1n3q/3P2b1/1BP3P1/PP1N1PQP/R1B1R1K1,,,7,35,27,False,202207
202207036925745,35,g2f1,1.0,True,36.0,48.0,4rrk1/5ppp/p1pb4/1p1n3q/3P2b1/1BP3P1/PP1N1PQP/R1B1R1K1,,,7,35,27,False,202207
202207036937911,35,d2e4,10.0,True,132.0,196.0,4rrk1/5ppp/p1pb4/1p1n3q/3P2b1/1BP3P1/PP1N1PQP/R1B1R1K1,,,7,35,27,False,202207
202207023944975,35,e1e8,53.0,True,169.0,160.0,4rrk1/5ppp/p1pb4/1p1n3q/3P2b1/1BP3P1/PP1N1PQP/R1B1R1K1,,,7,35,27,False,202207
202207009101256,35,e1f1,16.0,True,76.0,102.0,4rrk1/5ppp/p1pb4/1p1n3q/3P2b1/1BP3P1/PP1N1PQP/R1B1R1K1,,,7,35,27,False,202207
202207009267294,35,g2f1,10.0,True,101.0,122.0,4rrk1/5ppp/p1pb4/1p1n3q/3P2b1/1BP3P1/PP1N1PQP/R1B1R1K1,,,7,35,27,False,202207
202207009525159,35,e1e8,17.0,True,566.0,566.0,4rrk1/5ppp/p1pb4/1p1n3q/3P2b1/1BP3P1/PP1N1PQP/R1B1R1K1,,,7,35,27,False,202207
202207009545350,35,e1e8,27.0,True,100.0,108.0,4rrk1/5ppp/p1pb4/1p1n3q/3P2b1/1BP3P1/PP1N1PQP/R1B1R1K1,,,7,35,27,False,202207
202207009793882,35,e1f1,12.0,True,267.0,266.0,4rrk1/5ppp/p1pb4/1p1n3q/3P2b1/1BP3P1/PP1N1PQP/R1B1R1K1,,,7,35,27,False,202207
202207009800109,35,e1f1,7.0,True,261.0,283.0,4rrk1/5ppp/p1pb4/1p1n3q/3P2b1/1BP3P1/PP1N1PQP/R1B1R1K1,,,7,35,27,False,202207
202207009906756,35,d2e4,13.0,True,759.0,926.0,4rrk1/5ppp/p1pb4/1p1n3q/3P2b1/1BP3P1/PP1N1PQP/R1B1R1K1,,,7,35,27,False,202207
202207063383617,35,d2e4,32.0,True,139.0,179.0,4rrk1/5ppp/p1pb4/1p1n3q/3P2b1/1BP3P1/PP1N1PQP/R1B1R1K1,,,7,35,27,False,202207
202207063577598,35,e1e4,36.0,True,495.0,491.0,4rrk1/5ppp/p1pb4/1p1n3q/3P2b1/1BP3P1/PP1N1PQP/R1B1R1K1,,,7,35,27,False,202207
202207063750416,35,g2f1,14.0,True,123.0,173.0,4rrk1/5ppp/p1pb4/1p1n3q/3P2b1/1BP3P1/PP1N1PQP/R1B1R1K1,,,7,35,27,False,202207
202207063973606,35,e1e4,132.0,True,477.0,555.0,4rrk1/5ppp/p1pb4/1p1n3q/3P2b1/1BP3P1/PP1N1PQP/R1B1R1K1,,,7,35,27,False,202207
202207059158177,35,e1e4,67.0,True,226.0,266.0,4rrk1/5ppp/p1pb4/1p1n3q/3P2b1/1BP3P1/PP1N1PQP/R1B1R1K1,,,7,35,27,False,202207
202207059509855,35,e1e8,42.0,True,125.0,152.0,4rrk1/5ppp/p1pb4/1p1n3q/3P2b1/1BP3P1/PP1N1PQP/R1B1R1K1,,,7,35,27,False,202207
202207059904286,35,e1f1,4.0,True,142.0,163.0,4rrk1/5ppp/p1pb4/1p1n3q/3P2b1/1BP3P1/PP1N1PQP/R1B1R1K1,,,7,35,27,False,202207
202207074288753,35,e1f1,20.0,True,136.0,191.0,4rrk1/5ppp/p1pb4/1p1n3q/3P2b1/1BP3P1/PP1N1PQP/R1B1R1K1,,,7,35,27,False,202207
202207074292452,35,e1e8,6.0,True,31.0,118.0,4rrk1/5ppp/p1pb4/1p1n3q/3P2b1/1BP3P1/PP1N1PQP/R1B1R1K1,,,7,35,27,False,202207
202207074932815,35,d2e4,3.0,True,143.0,163.0,4rrk1/5ppp/p1pb4/1p1n3q/3P2b1/1BP3P1/PP1N1PQP/R1B1R1K1,,,7,35,27,False,202207
202207074991354,35,e1e8,8.0,True,97.0,182.0,4rrk1/5ppp/p1pb4/1p1n3q/3P2b1/1BP3P1/PP1N1PQP/R1B1R1K1,,,7,35,27,False,202207
202207040236268,35,e1e8,41.0,True,243.0,319.0,4rrk1/5ppp/p1pb4/1p1n3q/3P2b1/1BP3P1/PP1N1PQP/R1B1R1K1,,,7,35,27,False,202207
202207040369509,35,e1e8,26.0,True,256.0,276.0,4rrk1/5ppp/p1pb4/1p1n3q/3P2b1/1BP3P1/PP1N1PQP/R1B1R1K1,,,7,35,27,False,202207
202207021358855,35,e1f1,12.0,True,87.0,124.0,4rrk1/5ppp/p1pb4/1p1n3q/3P2b1/1BP3P1/PP1N1PQP/R1B1R1K1,,,7,35,27,False,202207
202207021640460,35,d2e4,6.0,True,211.0,262.0,4rrk1/5ppp/p1pb4/1p1n3q/3P2b1/1BP3P1/PP1N1PQP/R1B1R1K1,,,7,35,27,False,202207
202207062302639,35,e1e8,28.0,True,192.0,194.0,4rrk1/5ppp/p1pb4/1p1n3q/3P2b1/1BP3P1/PP1N1PQP/R1B1R1K1,,,7,35,27,False,202207
202207022136775,35,e1f1,103.0,True,227.0,258.0,4rrk1/5ppp/p1pb4/1p1n3q/3P2b1/1BP3P1/PP1N1PQP/R1B1R1K1,,,7,35,27,False,202207
202207022173651,35,e1e8,39.0,True,1577.0,1517.0,4rrk1/5ppp/p1pb4/1p1n3q/3P2b1/1BP3P1/PP1N1PQP/R1B1R1K1,,,7,35,27,False,202207
202207022664128,35,e1e8,76.0,True,131.0,185.0,4rrk1/5ppp/p1pb4/1p1n3q/3P2b1/1BP3P1/PP1N1PQP/R1B1R1K1,,,7,35,27,False,202207
202207022878679,35,e1e8,12.0,True,1704.0,1637.0,4rrk1/5ppp/p1pb4/1p1n3q/3P2b1/1BP3P1/PP1N1PQP/R1B1R1K1,,,7,35,27,False,202207
202207042023053,39,e1e8,2.0,True,273.0,201.0,4rrk1/5ppp/p1pb4/1p1n3q/3P2b1/1BP3P1/PP1N1PQP/R1B1R1K1,,,11,35,27,False,202207
202207042638878,35,e1e8,20.0,True,566.0,592.0,4rrk1/5ppp/p1pb4/1p1n3q/3P2b1/1BP3P1/PP1N1PQP/R1B1R1K1,,,7,35,27,False,202207
202207038050400,35,e1e8,2.0,True,186.0,183.0,4rrk1/5ppp/p1pb4/1p1n3q/3P2b1/1BP3P1/PP1N1PQP/R1B1R1K1,,,7,35,27,False,202207
202207038927478,35,e1e8,20.0,True,570.0,586.0,4rrk1/5ppp/p1pb4/1p1n3q/3P2b1/1BP3P1/PP1N1PQP/R1B1R1K1,,,7,35,27,False,202207
202207039186434,35,e1f1,10.0,True,78.0,119.0,4rrk1/5ppp/p1pb4/1p1n3q/3P2b1/1BP3P1/PP1N1PQP/R1B1R1K1,,,7,35,27,False,202207
202207039679724,35,d2e4,3.0,True,43.0,49.0,4rrk1/5ppp/p1pb4/1p1n3q/3P2b1/1BP3P1/PP1N1PQP/R1B1R1K1,,,7,35,27,False,202207
202207039769451,35,d2e4,30.0,True,125.0,166.0,4rrk1/5ppp/p1pb4/1p1n3q/3P2b1/1BP3P1/PP1N1PQP/R1B1R1K1,,,5,35,27,False,202207
202207039773848,35,e1e8,21.0,True,1748.0,1667.0,4rrk1/5ppp/p1pb4/1p1n3q/3P2b1/1BP3P1/PP1N1PQP/R1B1R1K1,,,7,35,27,False,202207
202207039809297,35,e1e8,7.0,True,135.0,167.0,4rrk1/5ppp/p1pb4/1p1n3q/3P2b1/1BP3P1/PP1N1PQP/R1B1R1K1,,,7,35,27,False,202207
202207084441861,35,e1f1,23.0,True,105.0,189.0,4rrk1/5ppp/p1pb4/1p1n3q/3P2b1/1BP3P1/PP1N1PQP/R1B1R1K1,,,7,35,27,False,202207
202207080214866,35,e1e8,32.0,True,118.0,187.0,4rrk1/5ppp/p1pb4/1p1n3q/3P2b1/1BP3P1/PP1N1PQP/R1B1R1K1,,,7,35,27,False,202207
202207080289169,35,e1e8,2.0,True,38.0,51.0,4rrk1/5ppp/p1pb4/1p1n3q/3P2b1/1BP3P1/PP1N1PQP/R1B1R1K1,,,7,35,27,False,202207
202207080614007,35,g2f1,16.0,True,133.0,155.0,4rrk1/5ppp/p1pb4/1p1n3q/3P2b1/1BP3P1/PP1N1PQP/R1B1R1K1,,,7,35,27,False,202207
202207080615083,35,e1e8,42.0,True,518.0,576.0,4rrk1/5ppp/p1pb4/1p1n3q/3P2b1/1BP3P1/PP1N1PQP/R1B1R1K1,,,7,35,27,False,202207
202207080793341,35,e1f1,130.0,True,1648.0,1672.0,4rrk1/5ppp/p1pb4/1p1n3q/3P2b1/1BP3P1/PP1N1PQP/R1B1R1K1,,,7,35,27,False,202207
202207080895764,35,e1e8,5.0,True,43.0,53.0,4rrk1/5ppp/p1pb4/1p1n3q/3P2b1/1BP3P1/PP1N1PQP/R1B1R1K1,,,7,35,27,False,202207
202207080979911,35,d2e4,6.0,True,32.0,47.0,4rrk1/5ppp/p1pb4/1p1n3q/3P2b1/1BP3P1/PP1N1PQP/R1B1R1K1,,,7,35,27,False,202207
202207051007524,35,d2e4,1.0,True,159.0,166.0,4rrk1/5ppp/p1pb4/1p1n3q/3P2b1/1BP3P1/PP1N1PQP/R1B1R1K1,,,7,35,27,False,202207
202207051204324,35,e1e8,70.0,True,265.0,217.0,4rrk1/5ppp/p1pb4/1p1n3q/3P2b1/1BP3P1/PP1N1PQP/R1B1R1K1,,,7,35,27,False,202207
202207051407287,35,e1e8,5.0,True,40.0,52.0,4rrk1/5ppp/p1pb4/1p1n3q/3P2b1/1BP3P1/PP1N1PQP/R1B1R1K1,,,7,35,27,False,202207
202207051875124,35,g2f1,12.0,True,101.0,158.0,4rrk1/5ppp/p1pb4/1p1n3q/3P2b1/1BP3P1/PP1N1PQP/R1B1R1K1,,,7,35,27,False,202207
202207051893657,35,d2e4,5.0,True,61.0,123.0,4rrk1/5ppp/p1pb4/1p1n3q/3P2b1/1BP3P1/PP1N1PQP/R1B1R1K1,,,7,35,27,False,202207
202207069209862,35,d2e4,9.0,True,110.0,159.0,4rrk1/5ppp/p1pb4/1p1n3q/3P2b1/1BP3P1/PP1N1PQP/R1B1R1K1,,,7,35,27,False,202207
202207069870535,35,e1e8,3.0,True,127.0,166.0,4rrk1/5ppp/p1pb4/1p1n3q/3P2b1/1BP3P1/PP1N1PQP/R1B1R1K1,,,7,35,27,False,202207
202207069885912,35,e1e8,4.0,True,97.0,117.0,4rrk1/5ppp/p1pb4/1p1n3q/3P2b1/1BP3P1/PP1N1PQP/R1B1R1K1,,,7,35,27,False,202207
202207069944877,35,d2e4,2.0,True,137.0,137.0,4rrk1/5ppp/p1pb4/1p1n3q/3P2b1/1BP3P1/PP1N1PQP/R1B1R1K1,,,7,35,27,False,202207
202207082067377,35,e1e8,10.0,True,92.0,119.0,4rrk1/5ppp/p1pb4/1p1n3q/3P2b1/1BP3P1/PP1N1PQP/R1B1R1K1,,,7,35,27,False,202207
202207082150632,35,e1f1,24.0,True,483.0,516.0,4rrk1/5ppp/p1pb4/1p1n3q/3P2b1/1BP3P1/PP1N1PQP/R1B1R1K1,,,7,35,27,False,202207
202207082810761,35,e1e8,3.0,True,245.0,231.0,4rrk1/5ppp/p1pb4/1p1n3q/3P2b1/1BP3P1/PP1N1PQP/R1B1R1K1,,,7,35,27,False,202207
202207082879670,35,e1f1,20.0,True,122.0,167.0,4rrk1/5ppp/p1pb4/1p1n3q/3P2b1/1BP3P1/PP1N1PQP/R1B1R1K1,,,7,35,27,False,202207
202207003440381,35,e1f1,431.0,True,1093.0,1249.0,4rrk1/5ppp/p1pb4/1p1n3q/3P2b1/1BP3P1/PP1N1PQP/R1B1R1K1,,,7,35,27,False,202207
202207003523373,35,e1e8,40.0,True,159.0,170.0,4rrk1/5ppp/p1pb4/1p1n3q/3P2b1/1BP3P1/PP1N1PQP/R1B1R1K1,,,7,35,27,False,202207
202207003827808,35,e1e8,3.0,True,185.0,191.0,4rrk1/5ppp/p1pb4/1p1n3q/3P2b1/1BP3P1/PP1N1PQP/R1B1R1K1,,,7,35,27,False,202207
202207020470513,35,d2e4,51.0,True,51.0,118.0,4rrk1/5ppp/p1pb4/1p1n3q/3P2b1/1BP3P1/PP1N1PQP/R1B1R1K1,,,7,35,27,False,202207
202207020470714,35,e1e4,18.0,True,103.0,120.0,4rrk1/5ppp/p1pb4/1p1n3q/3P2b1/1BP3P1/PP1N1PQP/R1B1R1K1,,,7,35,27,False,202207
202207020709950,35,e1e8,64.0,True,274.0,256.0,4rrk1/5ppp/p1pb4/1p1n3q/3P2b1/1BP3P1/PP1N1PQP/R1B1R1K1,,,7,35,27,False,202207
202207004132723,35,e1e8,13.0,True,189.0,197.0,4rrk1/5ppp/p1pb4/1p1n3q/3P2b1/1BP3P1/PP1N1PQP/R1B1R1K1,,,7,35,27,False,202207
202207004184813,35,e1e8,20.0,True,237.0,293.0,4rrk1/5ppp/p1pb4/1p1n3q/3P2b1/1BP3P1/PP1N1PQP/R1B1R1K1,,,7,35,27,False,202207
202207031015192,35,e1e4,77.0,True,538.0,587.0,4rrk1/5ppp/p1pb4/1p1n3q/3P2b1/1BP3P1/PP1N1PQP/R1B1R1K1,,,7,35,27,False,202207
202207031022648,35,e1e8,14.0,True,166.0,179.0,4rrk1/5ppp/p1pb4/1p1n3q/3P2b1/1BP3P1/PP1N1PQP/R1B1R1K1,,,7,35,27,False,202207
202207031645735,35,e1e8,43.0,True,88.0,117.0,4rrk1/5ppp/p1pb4/1p1n3q/3P2b1/1BP3P1/PP1N1PQP/R1B1R1K1,,,7,35,27,False,202207
202207060528766,35,d2e4,15.0,True,70.0,113.0,4rrk1/5ppp/p1pb4/1p1n3q/3P2b1/1BP3P1/PP1N1PQP/R1B1R1K1,,,5,35,27,False,202207
202207056105330,35,e1e8,7.0,True,246.0,257.0,4rrk1/5ppp/p1pb4/1p1n3q/3P2b1/1BP3P1/PP1N1PQP/R1B1R1K1,,,7,35,27,False,202207
202207056265345,35,e1e8,19.0,True,161.0,192.0,4rrk1/5ppp/p1pb4/1p1n3q/3P2b1/1BP3P1/PP1N1PQP/R1B1R1K1,,,7,35,27,False,202207
202207056523750,35,e1e8,29.0,True,144.0,152.0,4rrk1/5ppp/p1pb4/1p1n3q/3P2b1/1BP3P1/PP1N1PQP/R1B1R1K1,,,7,35,27,False,202207
202207056587616,35,e1e8,10.0,True,154.0,159.0,4rrk1/5ppp/p1pb4/1p1n3q/3P2b1/1BP3P1/PP1N1PQP/R1B1R1K1,,,7,35,27,False,202207
202207056869582,35,d2e4,30.0,True,136.0,195.0,4rrk1/5ppp/p1pb4/1p1n3q/3P2b1/1BP3P1/PP1N1PQP/R1B1R1K1,,,7,35,27,False,202207
202207058169958,35,e1e4,34.0,True,447.0,421.0,4rrk1/5ppp/p1pb4/1p1n3q/3P2b1/1BP3P1/PP1N1PQP/R1B1R1K1,,,7,35,27,False,202207
202207058227186,35,e1f1,14.0,True,157.0,165.0,4rrk1/5ppp/p1pb4/1p1n3q/3P2b1/1BP3P1/PP1N1PQP/R1B1R1K1,,,7,35,27,False,202207
202207058487127,35,e1e8,8.0,True,38.0,36.0,4rrk1/5ppp/p1pb4/1p1n3q/3P2b1/1BP3P1/PP1N1PQP/R1B1R1K1,,,7,35,27,False,202207
202207058555014,35,e1e8,8.0,True,156.0,134.0,4rrk1/5ppp/p1pb4/1p1n3q/3P2b1/1BP3P1/PP1N1PQP/R1B1R1K1,,,7,35,27,False,202207
202207058605009,35,d2e4,7.0,True,127.0,180.0,4rrk1/5ppp/p1pb4/1p1n3q/3P2b1/1BP3P1/PP1N1PQP/R1B1R1K1,,,7,35,27,False,202207
202207058964578,35,e1f1,108.0,True,499.0,520.0,4rrk1/5ppp/p1pb4/1p1n3q/3P2b1/1BP3P1/PP1N1PQP/R1B1R1K1,,,7,35,27,False,202207
202207068511877,35,g2f1,69.0,True,119.0,125.0,4rrk1/5ppp/p1pb4/1p1n3q/3P2b1/1BP3P1/PP1N1PQP/R1B1R1K1,,,7,35,27,False,202207
202207068941364,35,e1e4,123.0,True,158.0,182.0,4rrk1/5ppp/p1pb4/1p1n3q/3P2b1/1BP3P1/PP1N1PQP/R1B1R1K1,,,7,35,27,False,202207
202207068943428,35,d2e4,19.0,True,151.0,244.0,4rrk1/5ppp/p1pb4/1p1n3q/3P2b1/1BP3P1/PP1N1PQP/R1B1R1K1,,,7,35,27,False,202207
202207012503863,35,e1e8,60.0,True,175.0,323.0,4rrk1/5ppp/p1pb4/1p1n3q/3P2b1/1BP3P1/PP1N1PQP/R1B1R1K1,,,7,35,27,False,202207
202207012618475,35,e1e8,98.0,True,307.0,417.0,4rrk1/5ppp/p1pb4/1p1n3q/3P2b1/1BP3P1/PP1N1PQP/R1B1R1K1,,,7,35,27,False,202207
202207012969812,35,e1e8,25.0,True,565.0,952.0,4rrk1/5ppp/p1pb4/1p1n3q/3P2b1/1BP3P1/PP1N1PQP/R1B1R1K1,,,7,35,27,False,202207
202207078029964,35,e1e4,114.0,True,499.0,575.0,4rrk1/5ppp/p1pb4/1p1n3q/3P2b1/1BP3P1/PP1N1PQP/R1B1R1K1,,,7,35,27,False,202207
202207078347760,35,e1e8,210.0,True,713.0,1009.0,4rrk1/5ppp/p1pb4/1p1n3q/3P2b1/1BP3P1/PP1N1PQP/R1B1R1K1,,,7,35,27,False,202207
202207078485579,35,e1f1,4.0,True,143.0,160.0,4rrk1/5ppp/p1pb4/1p1n3q/3P2b1/1BP3P1/PP1N1PQP/R1B1R1K1,,,7,35,27,False,202207
202207078819265,35,e1e8,40.0,True,294.0,309.0,4rrk1/5ppp/p1pb4/1p1n3q/3P2b1/1BP3P1/PP1N1PQP/R1B1R1K1,,,7,35,27,False,202207
202207078855959,35,e1e8,41.0,True,189.0,188.0,4rrk1/5ppp/p1pb4/1p1n3q/3P2b1/1BP3P1/PP1N1PQP/R1B1R1K1,,,7,35,27,False,202207
202207078927936,35,e1f1,13.0,True,380.0,570.0,4rrk1/5ppp/p1pb4/1p1n3q/3P2b1/1BP3P1/PP1N1PQP/R1B1R1K1,,,7,35,27,False,202207
202207078931896,35,e1e8,31.0,True,226.0,319.0,4rrk1/5ppp/p1pb4/1p1n3q/3P2b1/1BP3P1/PP1N1PQP/R1B1R1K1,,,7,35,27,False,202207
202207027025224,35,e1e8,28.0,True,72.0,111.0,4rrk1/5ppp/p1pb4/1p1n3q/3P2b1/1BP3P1/PP1N1PQP/R1B1R1K1,,,7,35,27,False,202207
202207027155844,35,e1e8,8.0,True,144.0,167.0,4rrk1/5ppp/p1pb4/1p1n3q/3P2b1/1BP3P1/PP1N1PQP/R1B1R1K1,,,7,35,27,False,202207
202207027328035,35,e1e8,5.0,True,99.0,152.0,4rrk1/5ppp/p1pb4/1p1n3q/3P2b1/1BP3P1/PP1N1PQP/R1B1R1K1,,,7,35,27,False,202207
202207027530389,35,e1e8,45.0,True,158.0,162.0,4rrk1/5ppp/p1pb4/1p1n3q/3P2b1/1BP3P1/PP1N1PQP/R1B1R1K1,,,7,35,27,False,202207
202207043006727,35,e1f1,6.0,True,144.0,168.0,4rrk1/5ppp/p1pb4/1p1n3q/3P2b1/1BP3P1/PP1N1PQP/R1B1R1K1,,,7,35,27,False,202207
202207043230125,35,e1e8,28.0,True,174.0,182.0,4rrk1/5ppp/p1pb4/1p1n3q/3P2b1/1BP3P1/PP1N1PQP/R1B1R1K1,,,7,35,27,False,202207
202207043262960,35,g2f1,3.0,True,294.0,292.0,4rrk1/5ppp/p1pb4/1p1n3q/3P2b1/1BP3P1/PP1N1PQP/R1B1R1K1,,,7,35,27,False,202207
202207043368968,35,g2f1,25.0,True,136.0,161.0,4rrk1/5ppp/p1pb4/1p1n3q/3P2b1/1BP3P1/PP1N1PQP/R1B1R1K1,,,7,35,27,False,202207
202207043943932,35,e1e8,6.0,True,578.0,559.0,4rrk1/5ppp/p1pb4/1p1n3q/3P2b1/1BP3P1/PP1N1PQP/R1B1R1K1,,,7,35,27,False,202207
202207050356254,35,e1e8,2.0,True,90.0,126.0,4rrk1/5ppp/p1pb4/1p1n3q/3P2b1/1BP3P1/PP1N1PQP/R1B1R1K1,,,7,35,27,False,202207
202207050465362,35,d2e4,19.0,True,131.0,186.0,4rrk1/5ppp/p1pb4/1p1n3q/3P2b1/1BP3P1/PP1N1PQP/R1B1R1K1,,,7,35,27,False,202207
202207050486750,35,d2e4,6.0,True,205.0,293.0,4rrk1/5ppp/p1pb4/1p1n3q/3P2b1/1BP3P1/PP1N1PQP/R1B1R1K1,,,7,35,27,False,202207
202207050539733,35,d2e4,10.0,True,83.0,120.0,4rrk1/5ppp/p1pb4/1p1n3q/3P2b1/1BP3P1/PP1N1PQP/R1B1R1K1,,,7,35,27,False,202207
202207050592292,35,e1f1,16.0,True,561.0,555.0,4rrk1/5ppp/p1pb4/1p1n3q/3P2b1/1BP3P1/PP1N1PQP/R1B1R1K1,,,7,35,27,False,202207
202207050786756,35,e1e8,18.0,True,544.0,571.0,4rrk1/5ppp/p1pb4/1p1n3q/3P2b1/1BP3P1/PP1N1PQP/R1B1R1K1,,,7,35,27,False,202207
202207050957481,35,e1e8,78.0,True,243.0,317.0,4rrk1/5ppp/p1pb4/1p1n3q/3P2b1/1BP3P1/PP1N1PQP/R1B1R1K1,,,7,35,27,False,202207
202207088917631,35,e1e8,7.0,True,128.0,164.0,4rrk1/5ppp/p1pb4/1p1n3q/3P2b1/1BP3P1/PP1N1PQP/R1B1R1K1,,,7,35,27,False,202207
202207028163896,35,e1e4,16.0,True,103.0,192.0,4rrk1/5ppp/p1pb4/1p1n3q/3P2b1/1BP3P1/PP1N1PQP/R1B1R1K1,,,7,35,27,False,202207
202207028345703,35,d2e4,8.0,True,518.0,566.0,4rrk1/5ppp/p1pb4/1p1n3q/3P2b1/1BP3P1/PP1N1PQP/R1B1R1K1,,,7,35,27,False,202207
202207028359591,35,g2f1,5.0,True,138.0,149.0,4rrk1/5ppp/p1pb4/1p1n3q/3P2b1/1BP3P1/PP1N1PQP/R1B1R1K1,,,7,35,27,False,202207
202207028441988,35,b3d5,8.0,True,108.0,115.0,4rrk1/5ppp/p1pb4/1p1n3q/3P2b1/1BP3P1/PP1N1PQP/R1B1R1K1,,,7,35,27,False,202207
202207071107431,35,g2f1,8.0,True,148.0,157.0,4rrk1/5ppp/p1pb4/1p1n3q/3P2b1/1BP3P1/PP1N1PQP/R1B1R1K1,,,7,35,27,False,202207
202207071174110,35,e1f1,6.0,True,40.0,51.0,4rrk1/5ppp/p1pb4/1p1n3q/3P2b1/1BP3P1/PP1N1PQP/R1B1R1K1,,,7,35,27,False,202207
202207071175898,35,e1f1,28.0,True,153.0,166.0,4rrk1/5ppp/p1pb4/1p1n3q/3P2b1/1BP3P1/PP1N1PQP/R1B1R1K1,,,7,35,27,False,202207
202207071287579,35,e1e8,15.0,True,173.0,175.0,4rrk1/5ppp/p1pb4/1p1n3q/3P2b1/1BP3P1/PP1N1PQP/R1B1R1K1,,,7,35,27,False,202207
202207071702503,35,d2e4,17.0,True,149.0,165.0,4rrk1/5ppp/p1pb4/1p1n3q/3P2b1/1BP3P1/PP1N1PQP/R1B1R1K1,,,7,35,27,False,202207
202207076009010,39,e1e8,3.0,True,34.0,52.0,4rrk1/5ppp/p1pb4/1p1n3q/3P2b1/1BP3P1/PP1N1PQP/R1B1R1K1,,,11,35,27,False,202207
202207076408736,35,e1e8,8.0,True,125.0,191.0,4rrk1/5ppp/p1pb4/1p1n3q/3P2b1/1BP3P1/PP1N1PQP/R1B1R1K1,,,7,35,27,False,202207
202207076810330,35,g2f1,12.0,True,120.0,180.0,4rrk1/5ppp/p1pb4/1p1n3q/3P2b1/1BP3P1/PP1N1PQP/R1B1R1K1,,,7,35,27,False,202207
202207017115074,35,d2e4,8.0,True,45.0,47.0,4rrk1/5ppp/p1pb4/1p1n3q/3P2b1/1BP3P1/PP1N1PQP/R1B1R1K1,,,7,35,27,False,202207
202207017623210,35,e1e8,10.0,True,172.0,189.0,4rrk1/5ppp/p1pb4/1p1n3q/3P2b1/1BP3P1/PP1N1PQP/R1B1R1K1,,,7,35,27,False,202207
202207017669992,35,e1f1,27.0,True,135.0,144.0,4rrk1/5ppp/p1pb4/1p1n3q/3P2b1/1BP3P1/PP1N1PQP/R1B1R1K1,,,7,35,27,False,202207
202207053288299,35,e1f1,17.0,True,152.0,155.0,4rrk1/5ppp/p1pb4/1p1n3q/3P2b1/1BP3P1/PP1N1PQP/R1B1R1K1,,,7,35,27,False,202207
202207053402482,35,e1e8,6.0,True,161.0,192.0,4rrk1/5ppp/p1pb4/1p1n3q/3P2b1/1BP3P1/PP1N1PQP/R1B1R1K1,,,7,35,27,False,202207
202207053478814,35,g1f1,14.0,True,133.0,157.0,4rrk1/5ppp/p1pb4/1p1n3q/3P2b1/1BP3P1/PP1N1PQP/R1B1R1K1,,,7,35,27,False,202207
202207053821850,37,e1e8,56.0,True,622.0,598.0,4rrk1/5ppp/p1pb4/1p1n3q/3P2b1/1BP3P1/PP1N1PQP/R1B1R1K1,,,7,35,27,False,202207
202207053909557,35,d2e4,5.0,True,141.0,168.0,4rrk1/5ppp/p1pb4/1p1n3q/3P2b1/1BP3P1/PP1N1PQP/R1B1R1K1,,,7,35,27,False,202207
202207047027015,35,e1e4,36.0,True,40.0,170.0,4rrk1/5ppp/p1pb4/1p1n3q/3P2b1/1BP3P1/PP1N1PQP/R1B1R1K1,,,7,35,27,False,202207
202207047172888,35,e1f1,12.0,True,113.0,129.0,4rrk1/5ppp/p1pb4/1p1n3q/3P2b1/1BP3P1/PP1N1PQP/R1B1R1K1,,,7,35,27,False,202207
202207047311833,35,e1f1,41.0,True,144.0,156.0,4rrk1/5ppp/p1pb4/1p1n3q/3P2b1/1BP3P1/PP1N1PQP/R1B1R1K1,,,7,35,27,False,202207
202207047471864,35,e1e4,14.0,True,82.0,121.0,4rrk1/5ppp/p1pb4/1p1n3q/3P2b1/1BP3P1/PP1N1PQP/R1B1R1K1,,,7,35,27,False,202207
202207047806145,35,e1f1,31.0,True,93.0,178.0,4rrk1/5ppp/p1pb4/1p1n3q/3P2b1/1BP3P1/PP1N1PQP/R1B1R1K1,,,7,35,27,False,202207
202207047821685,35,e1e8,24.0,True,100.0,164.0,4rrk1/5ppp/p1pb4/1p1n3q/3P2b1/1BP3P1/PP1N1PQP/R1B1R1K1,,,7,35,27,False,202207
202207010004110,35,e1e8,33.0,True,499.0,526.0,4rrk1/5ppp/p1pb4/1p1n3q/3P2b1/1BP3P1/PP1N1PQP/R1B1R1K1,,,7,35,27,False,202207
202207010531657,35,d2e4,6.0,True,97.0,169.0,4rrk1/5ppp/p1pb4/1p1n3q/3P2b1/1BP3P1/PP1N1PQP/R1B1R1K1,,,7,35,27,False,202207
202207010686414,35,e1f1,7.0,True,147.0,175.0,4rrk1/5ppp/p1pb4/1p1n3q/3P2b1/1BP3P1/PP1N1PQP/R1B1R1K1,,,7,35,27,False,202207
202207010768914,35,e1e4,14.0,True,161.0,166.0,4rrk1/5ppp/p1pb4/1p1n3q/3P2b1/1BP3P1/PP1N1PQP/R1B1R1K1,,,7,35,27,False,202207
202207010777907,35,e1e8,8.0,True,135.0,154.0,4rrk1/5ppp/p1pb4/1p1n3q/3P2b1/1BP3P1/PP1N1PQP/R1B1R1K1,,,7,35,27,False,202207
202207089181363,35,e1e8,38.0,True,148.0,180.0,4rrk1/5ppp/p1pb4/1p1n3q/3P2b1/1BP3P1/PP1N1PQP/R1B1R1K1,,,7,35,27,False,202207
202207089403276,35,g2f1,8.0,True,143.0,164.0,4rrk1/5ppp/p1pb4/1p1n3q/3P2b1/1BP3P1/PP1N1PQP/R1B1R1K1,,,7,35,27,False,202207
202207075047438,35,e1f1,123.0,True,1473.0,1698.0,4rrk1/5ppp/p1pb4/1p1n3q/3P2b1/1BP3P1/PP1N1PQP/R1B1R1K1,,,7,35,27,False,202207
202207075103704,35,e1e8,12.0,True,116.0,186.0,4rrk1/5ppp/p1pb4/1p1n3q/3P2b1/1BP3P1/PP1N1PQP/R1B1R1K1,,,7,35,27,False,202207
202207075235826,35,f2f3,1.0,True,12.0,52.0,4rrk1/5ppp/p1pb4/1p1n3q/3P2b1/1BP3P1/PP1N1PQP/R1B1R1K1,,,7,35,27,False,202207
202207033672542,35,e1e8,10.0,True,159.0,199.0,4rrk1/5ppp/p1pb4/1p1n3q/3P2b1/1BP3P1/PP1N1PQP/R1B1R1K1,,,7,35,27,False,202207
202207033807990,35,e1e8,47.0,True,110.0,184.0,4rrk1/5ppp/p1pb4/1p1n3q/3P2b1/1BP3P1/PP1N1PQP/R1B1R1K1,,,7,35,27,False,202207
202207086208883,35,e1e8,2.0,True,269.0,276.0,4rrk1/5ppp/p1pb4/1p1n3q/3P2b1/1BP3P1/PP1N1PQP/R1B1R1K1,,,7,35,27,False,202207
202207086424997,35,e1e8,9.0,True,262.0,280.0,4rrk1/5ppp/p1pb4/1p1n3q/3P2b1/1BP3P1/PP1N1PQP/R1B1R1K1,,,7,35,27,False,202207
202207086438673,35,e1e8,7.0,True,139.0,161.0,4rrk1/5ppp/p1pb4/1p1n3q/3P2b1/1BP3P1/PP1N1PQP/R1B1R1K1,,,7,35,27,False,202207
202207086786062,35,e1e4,4.0,True,170.0,156.0,4rrk1/5ppp/p1pb4/1p1n3q/3P2b1/1BP3P1/PP1N1PQP/R1B1R1K1,,,7,35,27,False,202207
202207034066123,35,e1e8,14.0,True,160.0,156.0,4rrk1/5ppp/p1pb4/1p1n3q/3P2b1/1BP3P1/PP1N1PQP/R1B1R1K1,,,7,35,27,False,202207
202207034120940,35,e1e8,56.0,True,249.0,271.0,4rrk1/5ppp/p1pb4/1p1n3q/3P2b1/1BP3P1/PP1N1PQP/R1B1R1K1,,,7,35,27,False,202207
202207034249118,35,e1f1,39.0,True,197.0,264.0,4rrk1/5ppp/p1pb4/1p1n3q/3P2b1/1BP3P1/PP1N1PQP/R1B1R1K1,,,7,35,27,False,202207
202207092026078,35,e1f1,1.0,True,128.0,186.0,4rrk1/5ppp/p1pb4/1p1n3q/3P2b1/1BP3P1/PP1N1PQP/R1B1R1K1,,,7,35,27,False,202207
202207092040753,35,e1e8,34.0,True,216.0,219.0,4rrk1/5ppp/p1pb4/1p1n3q/3P2b1/1BP3P1/PP1N1PQP/R1B1R1K1,,,7,35,27,False,202207
202207092098311,35,g2f1,15.0,True,157.0,170.0,4rrk1/5ppp/p1pb4/1p1n3q/3P2b1/1BP3P1/PP1N1PQP/R1B1R1K1,,,7,35,27,False,202207
202207092494598,35,e1e8,28.0,True,142.0,169.0,4rrk1/5ppp/p1pb4/1p1n3q/3P2b1/1BP3P1/PP1N1PQP/R1B1R1K1,,,7,35,27,False,202207
202207092637076,35,e1f1,12.0,True,266.0,276.0,4rrk1/5ppp/p1pb4/1p1n3q/3P2b1/1BP3P1/PP1N1PQP/R1B1R1K1,,,7,35,27,False,202207
202207044087595,35,e1e8,64.0,True,131.0,197.0,4rrk1/5ppp/p1pb4/1p1n3q/3P2b1/1BP3P1/PP1N1PQP/R1B1R1K1,,,7,35,27,False,202207
202207044384386,35,e1e8,39.0,True,138.0,195.0,4rrk1/5ppp/p1pb4/1p1n3q/3P2b1/1BP3P1/PP1N1PQP/R1B1R1K1,,,7,35,27,False,202207
202207044581392,35,e1e4,13.0,True,262.0,270.0,4rrk1/5ppp/p1pb4/1p1n3q/3P2b1/1BP3P1/PP1N1PQP/R1B1R1K1,,,7,35,27,False,202207
202207044628935,35,e1e8,81.0,True,936.0,787.0,4rrk1/5ppp/p1pb4/1p1n3q/3P2b1/1BP3P1/PP1N1PQP/R1B1R1K1,,,7,35,27,False,202207
202207044795076,35,e1f1,10.0,True,218.0,277.0,4rrk1/5ppp/p1pb4/1p1n3q/3P2b1/1BP3P1/PP1N1PQP/R1B1R1K1,,,7,35,27,False,202207
202207044964540,35,d2e4,6.0,True,96.0,172.0,4rrk1/5ppp/p1pb4/1p1n3q/3P2b1/1BP3P1/PP1N1PQP/R1B1R1K1,,,5,35,27,False,202207
202207018423119,35,g2f1,25.0,True,1519.0,1650.0,4rrk1/5ppp/p1pb4/1p1n3q/3P2b1/1BP3P1/PP1N1PQP/R1B1R1K1,,,7,35,27,False,202207
202207018910619,35,e1f1,28.0,True,123.0,157.0,4rrk1/5ppp/p1pb4/1p1n3q/3P2b1/1BP3P1/PP1N1PQP/R1B1R1K1,,,7,35,27,False,202207
202207054070202,35,e1e8,11.0,True,160.0,183.0,4rrk1/5ppp/p1pb4/1p1n3q/3P2b1/1BP3P1/PP1N1PQP/R1B1R1K1,,,7,35,27,False,202207
202207054201793,35,e1f1,10.0,True,105.0,174.0,4rrk1/5ppp/p1pb4/1p1n3q/3P2b1/1BP3P1/PP1N1PQP/R1B1R1K1,,,7,35,27,False,202207
202207054310073,35,e1e8,10.0,True,38.0,49.0,4rrk1/5ppp/p1pb4/1p1n3q/3P2b1/1BP3P1/PP1N1PQP/R1B1R1K1,,,7,35,27,False,202207
202207054657903,35,e1f1,155.0,True,551.0,248.0,4rrk1/5ppp/p1pb4/1p1n3q/3P2b1/1BP3P1/PP1N1PQP/R1B1R1K1,,,7,35,27,False,202207
202207054971276,35,e1e8,12.0,True,137.0,167.0,4rrk1/5ppp/p1pb4/1p1n3q/3P2b1/1BP3P1/PP1N1PQP/R1B1R1K1,,,7,35,27,False,202207
202207016326531,35,e1e8,8.0,True,247.0,280.0,4rrk1/5ppp/p1pb4/1p1n3q/3P2b1/1BP3P1/PP1N1PQP/R1B1R1K1,,,7,35,27,False,202207
202207016649590,35,e1e8,5.0,True,36.0,31.0,4rrk1/5ppp/p1pb4/1p1n3q/3P2b1/1BP3P1/PP1N1PQP/R1B1R1K1,,,7,35,27,False,202207
202207072059438,35,e1e8,23.0,True,203.0,271.0,4rrk1/5ppp/p1pb4/1p1n3q/3P2b1/1BP3P1/PP1N1PQP/R1B1R1K1,,,7,35,27,False,202207
202207072785114,35,e1e8,3.0,True,266.0,278.0,4rrk1/5ppp/p1pb4/1p1n3q/3P2b1/1BP3P1/PP1N1PQP/R1B1R1K1,,,7,35,27,False,202207
202207083234754,35,e1e8,68.0,True,535.0,525.0,4rrk1/5ppp/p1pb4/1p1n3q/3P2b1/1BP3P1/PP1N1PQP/R1B1R1K1,,,7,35,27,False,202207
202207083628574,35,g2f1,169.0,True,512.0,627.0,4rrk1/5ppp/p1pb4/1p1n3q/3P2b1/1BP3P1/PP1N1PQP/R1B1R1K1,,,7,35,27,False,202207
202207083878466,35,e1e8,63.0,True,161.0,161.0,4rrk1/5ppp/p1pb4/1p1n3q/3P2b1/1BP3P1/PP1N1PQP/R1B1R1K1,,,7,35,27,False,202207
202207083997738,35,e1f1,18.0,True,162.0,190.0,4rrk1/5ppp/p1pb4/1p1n3q/3P2b1/1BP3P1/PP1N1PQP/R1B1R1K1,,,7,35,27,False,202207
202207030224922,35,d2e4,4.0,True,127.0,130.0,4rrk1/5ppp/p1pb4/1p1n3q/3P2b1/1BP3P1/PP1N1PQP/R1B1R1K1,,,7,35,27,False,202207
202207030362796,35,e1e8,5.0,True,32.0,48.0,4rrk1/5ppp/p1pb4/1p1n3q/3P2b1/1BP3P1/PP1N1PQP/R1B1R1K1,,,7,35,27,False,202207
202207030452646,35,e1e8,18.0,True,271.0,321.0,4rrk1/5ppp/p1pb4/1p1n3q/3P2b1/1BP3P1/PP1N1PQP/R1B1R1K1,,,7,35,27,False,202207
202207030547832,35,e1e8,25.0,True,103.0,128.0,4rrk1/5ppp/p1pb4/1p1n3q/3P2b1/1BP3P1/PP1N1PQP/R1B1R1K1,,,7,35,27,False,202207
202207030697190,35,e1e8,49.0,True,214.0,239.0,4rrk1/5ppp/p1pb4/1p1n3q/3P2b1/1BP3P1/PP1N1PQP/R1B1R1K1,,,7,35,27,False,202207
202207030726032,35,e1f1,116.0,True,275.0,304.0,4rrk1/5ppp/p1pb4/1p1n3q/3P2b1/1BP3P1/PP1N1PQP/R1B1R1K1,,,7,35,27,False,202207
202207030966036,35,e1f1,10.0,True,151.0,149.0,4rrk1/5ppp/p1pb4/1p1n3q/3P2b1/1BP3P1/PP1N1PQP/R1B1R1K1,,,7,35,27,False,202207
202207073376642,35,e1f1,19.0,True,38.0,50.0,4rrk1/5ppp/p1pb4/1p1n3q/3P2b1/1BP3P1/PP1N1PQP/R1B1R1K1,,,7,35,27,False,202207
202207073660669,35,e1e8,7.0,True,79.0,94.0,4rrk1/5ppp/p1pb4/1p1n3q/3P2b1/1BP3P1/PP1N1PQP/R1B1R1K1,,,7,35,27,False,202207
202207073965093,35,d2e4,4.0,True,43.0,53.0,4rrk1/5ppp/p1pb4/1p1n3q/3P2b1/1BP3P1/PP1N1PQP/R1B1R1K1,,,7,35,27,False,202207
202207015244261,39,d2f1,24.0,True,158.0,200.0,4rrk1/5ppp/p1pb4/1p1n3q/3P2b1/1BP3P1/PP1N1PQP/R1B1R1K1,,,11,35,27,False,202207
202207015906215,35,e1e8,42.0,True,171.0,198.0,4rrk1/5ppp/p1pb4/1p1n3q/3P2b1/1BP3P1/PP1N1PQP/R1B1R1K1,,,7,35,27,False,202207
202207067975500,35,e1e8,56.0,True,93.0,182.0,4rrk1/5ppp/p1pb4/1p1n3q/3P2b1/1BP3P1/PP1N1PQP/R1B1R1K1,,,7,35,27,False,202207
202207026173659,35,e1e8,7.0,True,160.0,162.0,4rrk1/5ppp/p1pb4/1p1n3q/3P2b1/1BP3P1/PP1N1PQP/R1B1R1K1,,,7,35,27,False,202207
202207026315550,35,h2h4,5.0,True,78.0,103.0,4rrk1/5ppp/p1pb4/1p1n3q/3P2b1/1BP3P1/PP1N1PQP/R1B1R1K1,,,7,35,27,False,202207
202207026624007,35,e1e8,28.0,True,138.0,165.0,4rrk1/5ppp/p1pb4/1p1n3q/3P2b1/1BP3P1/PP1N1PQP/R1B1R1K1,,,7,35,27,False,202207
202207026670248,35,e1f1,51.0,True,152.0,173.0,4rrk1/5ppp/p1pb4/1p1n3q/3P2b1/1BP3P1/PP1N1PQP/R1B1R1K1,,,7,35,27,False,202207
202207026779337,35,e1e8,2.0,True,176.0,197.0,4rrk1/5ppp/p1pb4/1p1n3q/3P2b1/1BP3P1/PP1N1PQP/R1B1R1K1,,,7,35,27,False,202207
202207079421593,35,e1e8,10.0,True,81.0,116.0,4rrk1/5ppp/p1pb4/1p1n3q/3P2b1/1BP3P1/PP1N1PQP/R1B1R1K1,,,7,35,27,False,202207
202207002118849,35,e1f1,57.0,True,210.0,263.0,4rrk1/5ppp/p1pb4/1p1n3q/3P2b1/1BP3P1/PP1N1PQP/R1B1R1K1,,,7,35,27,False,202207
202207002270864,35,d2e4,21.0,True,169.0,176.0,4rrk1/5ppp/p1pb4/1p1n3q/3P2b1/1BP3P1/PP1N1PQP/R1B1R1K1,,,7,35,27,False,202207
202207002461129,35,e1f1,7.0,True,149.0,166.0,4rrk1/5ppp/p1pb4/1p1n3q/3P2b1/1BP3P1/PP1N1PQP/R1B1R1K1,,,7,35,27,False,202207
202207002527838,35,e1e4,6.0,True,47.0,53.0,4rrk1/5ppp/p1pb4/1p1n3q/3P2b1/1BP3P1/PP1N1PQP/R1B1R1K1,,,7,35,27,False,202207
202207002633310,35,e1e8,55.0,True,466.0,620.0,4rrk1/5ppp/p1pb4/1p1n3q/3P2b1/1BP3P1/PP1N1PQP/R1B1R1K1,,,7,35,27,False,202207
202207002851494,35,e1e8,6.0,True,79.0,111.0,4rrk1/5ppp/p1pb4/1p1n3q/3P2b1/1BP3P1/PP1N1PQP/R1B1R1K1,,,7,35,27,False,202207
202207002951754,35,d2e4,22.0,True,130.0,188.0,4rrk1/5ppp/p1pb4/1p1n3q/3P2b1/1BP3P1/PP1N1PQP/R1B1R1K1,,,7,35,27,False,202207
202207014112218,35,e1e8,6.0,True,151.0,157.0,4rrk1/5ppp/p1pb4/1p1n3q/3P2b1/1BP3P1/PP1N1PQP/R1B1R1K1,,,7,35,27,False,202207
202207014264023,35,e1f1,31.0,True,168.0,191.0,4rrk1/5ppp/p1pb4/1p1n3q/3P2b1/1BP3P1/PP1N1PQP/R1B1R1K1,,,7,35,27,False,202207
202207014376034,35,e1e8,14.0,True,190.0,181.0,4rrk1/5ppp/p1pb4/1p1n3q/3P2b1/1BP3P1/PP1N1PQP/R1B1R1K1,,,7,35,27,False,202207
202207014597960,35,e1e8,32.0,True,103.0,121.0,4rrk1/5ppp/p1pb4/1p1n3q/3P2b1/1BP3P1/PP1N1PQP/R1B1R1K1,,,7,35,27,False,202207
202207007230735,35,d2e4,15.0,True,256.0,280.0,4rrk1/5ppp/p1pb4/1p1n3q/3P2b1/1BP3P1/PP1N1PQP/R1B1R1K1,,,7,35,27,False,202207
202207007263053,35,e1e4,16.0,True,122.0,166.0,4rrk1/5ppp/p1pb4/1p1n3q/3P2b1/1BP3P1/PP1N1PQP/R1B1R1K1,,,7,35,27,False,202207
202207007808909,35,d2e4,61.0,True,633.0,994.0,4rrk1/5ppp/p1pb4/1p1n3q/3P2b1/1BP3P1/PP1N1PQP/R1B1R1K1,,,7,35,27,False,202207
202207024412845,35,g2f1,20.0,True,146.0,133.0,4rrk1/5ppp/p1pb4/1p1n3q/3P2b1/1BP3P1/PP1N1PQP/R1B1R1K1,,,7,35,27,False,202207
202207024721905,35,e1f1,18.0,True,134.0,135.0,4rrk1/5ppp/p1pb4/1p1n3q/3P2b1/1BP3P1/PP1N1PQP/R1B1R1K1,,,7,35,27,False,202207
202207024965461,35,e1f1,29.0,True,100.0,148.0,4rrk1/5ppp/p1pb4/1p1n3q/3P2b1/1BP3P1/PP1N1PQP/R1B1R1K1,,,7,35,27,False,202207
202207045599761,35,e1f1,4.0,True,36.0,49.0,4rrk1/5ppp/p1pb4/1p1n3q/3P2b1/1BP3P1/PP1N1PQP/R1B1R1K1,,,7,35,27,False,202207
202207045897953,35,g2f1,96.0,True,241.0,266.0,4rrk1/5ppp/p1pb4/1p1n3q/3P2b1/1BP3P1/PP1N1PQP/R1B1R1K1,,,7,35,27,False,202207
202207008675399,35,e1f1,66.0,True,540.0,648.0,4rrk1/5ppp/p1pb4/1p1n3q/3P2b1/1BP3P1/PP1N1PQP/R1B1R1K1,,,7,35,27,False,202207
202207008855331,35,e1f1,6.0,True,113.0,135.0,4rrk1/5ppp/p1pb4/1p1n3q/3P2b1/1BP3P1/PP1N1PQP/R1B1R1K1,,,7,35,27,False,202207
202207066103761,35,e1f1,56.0,True,520.0,547.0,4rrk1/5ppp/p1pb4/1p1n3q/3P2b1/1BP3P1/PP1N1PQP/R1B1R1K1,,,7,35,27,False,202207
202207066318302,35,e1f1,11.0,True,153.0,155.0,4rrk1/5ppp/p1pb4/1p1n3q/3P2b1/1BP3P1/PP1N1PQP/R1B1R1K1,,,7,35,27,False,202207
202207066619072,35,e1e8,16.0,True,229.0,278.0,4rrk1/5ppp/p1pb4/1p1n3q/3P2b1/1BP3P1/PP1N1PQP/R1B1R1K1,,,7,35,27,False,202207
202207066885655,35,d2e4,3.0,True,72.0,160.0,4rrk1/5ppp/p1pb4/1p1n3q/3P2b1/1BP3P1/PP1N1PQP/R1B1R1K1,,,7,35,27,False,202207
202207066935209,35,d2e4,16.0,True,87.0,125.0,4rrk1/5ppp/p1pb4/1p1n3q/3P2b1/1BP3P1/PP1N1PQP/R1B1R1K1,,,7,35,27,False,202207
202207064481911,35,e1e8,7.0,True,42.0,49.0,4rrk1/5ppp/p1pb4/1p1n3q/3P2b1/1BP3P1/PP1N1PQP/R1B1R1K1,,,7,35,27,False,202207
202207064604611,35,e1e8,16.0,True,147.0,161.0,4rrk1/5ppp/p1pb4/1p1n3q/3P2b1/1BP3P1/PP1N1PQP/R1B1R1K1,,,7,35,27,False,202207
202207041217895,35,e1e8,21.0,True,861.0,746.0,4rrk1/5ppp/p1pb4/1p1n3q/3P2b1/1BP3P1/PP1N1PQP/R1B1R1K1,,,7,35,27,False,202207
202207041266889,35,d2e4,2.0,True,148.0,157.0,4rrk1/5ppp/p1pb4/1p1n3q/3P2b1/1BP3P1/PP1N1PQP/R1B1R1K1,,,7,35,27,False,202207
202207041313125,35,d2e4,4.0,True,96.0,120.0,4rrk1/5ppp/p1pb4/1p1n3q/3P2b1/1BP3P1/PP1N1PQP/R1B1R1K1,,,7,35,27,False,202207
202207041470673,35,e1e8,5.0,True,565.0,581.0,4rrk1/5ppp/p1pb4/1p1n3q/3P2b1/1BP3P1/PP1N1PQP/R1B1R1K1,,,7,35,27,False,202207
202207041698929,35,d2e4,26.0,True,125.0,158.0,4rrk1/5ppp/p1pb4/1p1n3q/3P2b1/1BP3P1/PP1N1PQP/R1B1R1K1,,,7,35,27,False,202207
202207041978613,35,e1f1,14.0,True,123.0,158.0,4rrk1/5ppp/p1pb4/1p1n3q/3P2b1/1BP3P1/PP1N1PQP/R1B1R1K1,,,7,35,27,False,202207
202207037293413,35,d2e4,65.0,True,129.0,176.0,4rrk1/5ppp/p1pb4/1p1n3q/3P2b1/1BP3P1/PP1N1PQP/R1B1R1K1,,,7,35,27,False,202207
202207037474729,35,e1e8,9.0,True,560.0,584.0,4rrk1/5ppp/p1pb4/1p1n3q/3P2b1/1BP3P1/PP1N1PQP/R1B1R1K1,,,7,35,27,False,202207
202207037506664,35,e1e8,59.0,True,88.0,118.0,4rrk1/5ppp/p1pb4/1p1n3q/3P2b1/1BP3P1/PP1N1PQP/R1B1R1K1,,,7,35,27,False,202207
202207037902541,35,e1e8,3.0,True,260.0,274.0,4rrk1/5ppp/p1pb4/1p1n3q/3P2b1/1BP3P1/PP1N1PQP/R1B1R1K1,,,7,35,27,False,202207
202207029197717,35,e1e8,43.0,True,144.0,171.0,4rrk1/5ppp/p1pb4/1p1n3q/3P2b1/1BP3P1/PP1N1PQP/R1B1R1K1,,,7,35,27,False,202207
202207029750251,35,b3d5,10.0,True,269.0,217.0,4rrk1/5ppp/p1pb4/1p1n3q/3P2b1/1BP3P1/PP1N1PQP/R1B1R1K1,,,7,35,27,False,202207
202207029939631,35,g2f1,18.0,True,115.0,119.0,4rrk1/5ppp/p1pb4/1p1n3q/3P2b1/1BP3P1/PP1N1PQP/R1B1R1K1,,,7,35,27,False,202207
202207091054757,35,e1e8,45.0,True,271.0,294.0,4rrk1/5ppp/p1pb4/1p1n3q/3P2b1/1BP3P1/PP1N1PQP/R1B1R1K1,,,7,35,27,False,202207
202207091311074,35,d2e4,2.0,True,242.0,281.0,4rrk1/5ppp/p1pb4/1p1n3q/3P2b1/1BP3P1/PP1N1PQP/R1B1R1K1,,,7,35,27,False,202207
202207091365955,35,e1e8,16.0,True,148.0,173.0,4rrk1/5ppp/p1pb4/1p1n3q/3P2b1/1BP3P1/PP1N1PQP/R1B1R1K1,,,7,35,27,False,202207
202207091386874,35,d2e4,4.0,True,172.0,181.0,4rrk1/5ppp/p1pb4/1p1n3q/3P2b1/1BP3P1/PP1N1PQP/R1B1R1K1,,,7,35,27,False,202207
202207091450817,35,e1e8,12.0,True,157.0,195.0,4rrk1/5ppp/p1pb4/1p1n3q/3P2b1/1BP3P1/PP1N1PQP/R1B1R1K1,,,7,35,27,False,202207
202207091487240,35,e1e8,19.0,True,131.0,160.0,4rrk1/5ppp/p1pb4/1p1n3q/3P2b1/1BP3P1/PP1N1PQP/R1B1R1K1,,,7,35,27,False,202207
202207091871000,35,d2e4,6.0,True,125.0,178.0,4rrk1/5ppp/p1pb4/1p1n3q/3P2b1/1BP3P1/PP1N1PQP/R1B1R1K1,,,7,35,27,False,202207
202207013150670,35,e1e8,20.0,True,252.0,321.0,4rrk1/5ppp/p1pb4/1p1n3q/3P2b1/1BP3P1/PP1N1PQP/R1B1R1K1,,,7,35,27,False,202207
202207013314482,35,g2f1,36.0,True,131.0,185.0,4rrk1/5ppp/p1pb4/1p1n3q/3P2b1/1BP3P1/PP1N1PQP/R1B1R1K1,,,7,35,27,False,202207
202207013744577,35,e1f1,5.0,True,554.0,477.0,4rrk1/5ppp/p1pb4/1p1n3q/3P2b1/1BP3P1/PP1N1PQP/R1B1R1K1,,,7,35,27,False,202207
202207013773785,35,e1e8,3.0,True,48.0,63.0,4rrk1/5ppp/p1pb4/1p1n3q/3P2b1/1BP3P1/PP1N1PQP/R1B1R1K1,,,7,35,27,False,202207
202207013813742,35,e1e8,16.0,True,481.0,532.0,4rrk1/5ppp/p1pb4/1p1n3q/3P2b1/1BP3P1/PP1N1PQP/R1B1R1K1,,,7,35,27,False,202207
202207013834376,35,e1f1,14.0,True,109.0,116.0,4rrk1/5ppp/p1pb4/1p1n3q/3P2b1/1BP3P1/PP1N1PQP/R1B1R1K1,,,7,35,27,False,202207
202207081318327,35,e1f1,9.0,True,97.0,117.0,4rrk1/5ppp/p1pb4/1p1n3q/3P2b1/1BP3P1/PP1N1PQP/R1B1R1K1,,,7,35,27,False,202207
202207081325512,35,e1e8,8.0,True,157.0,163.0,4rrk1/5ppp/p1pb4/1p1n3q/3P2b1/1BP3P1/PP1N1PQP/R1B1R1K1,,,7,35,27,False,202207
202207081768941,35,e1e8,7.0,True,69.0,95.0,4rrk1/5ppp/p1pb4/1p1n3q/3P2b1/1BP3P1/PP1N1PQP/R1B1R1K1,,,7,35,27,False,202207
202207081927211,35,e1e8,1.0,True,147.0,160.0,4rrk1/5ppp/p1pb4/1p1n3q/3P2b1/1BP3P1/PP1N1PQP/R1B1R1K1,,,7,35,27,False,202207
202207011574187,39,e1e4,148.0,True,308.0,305.0,4rrk1/5ppp/p1pb4/1p1n3q/3P2b1/1BP3P1/PP1N1PQP/R1B1R1K1,,,11,35,27,False,202207
202207011623806,35,d2e4,7.0,True,494.0,532.0,4rrk1/5ppp/p1pb4/1p1n3q/3P2b1/1BP3P1/PP1N1PQP/R1B1R1K1,,,7,35,27,False,202207
202207011673653,35,g2f1,52.0,True,236.0,288.0,4rrk1/5ppp/p1pb4/1p1n3q/3P2b1/1BP3P1/PP1N1PQP/R1B1R1K1,,,7,35,27,False,202207
202207011839440,35,e1e8,41.0,True,122.0,191.0,4rrk1/5ppp/p1pb4/1p1n3q/3P2b1/1BP3P1/PP1N1PQP/R1B1R1K1,,,7,35,27,False,202207
202207011869682,35,e1e4,57.0,True,177.0,188.0,4rrk1/5ppp/p1pb4/1p1n3q/3P2b1/1BP3P1/PP1N1PQP/R1B1R1K1,,,7,35,27,False,202207
202207046127380,35,d2e4,6.0,True,174.0,183.0,4rrk1/5ppp/p1pb4/1p1n3q/3P2b1/1BP3P1/PP1N1PQP/R1B1R1K1,,,7,35,27,False,202207
202207046337254,35,e1e4,33.0,True,167.0,168.0,4rrk1/5ppp/p1pb4/1p1n3q/3P2b1/1BP3P1/PP1N1PQP/R1B1R1K1,,,7,35,27,False,202207
202207046687144,35,e1e8,23.0,True,162.0,182.0,4rrk1/5ppp/p1pb4/1p1n3q/3P2b1/1BP3P1/PP1N1PQP/R1B1R1K1,,,7,35,27,False,202207
202207046861433,35,e1e8,17.0,True,75.0,119.0,4rrk1/5ppp/p1pb4/1p1n3q/3P2b1/1BP3P1/PP1N1PQP/R1B1R1K1,,,7,35,27,False,202207
202207046917395,39,e1e8,2.0,True,264.0,268.0,4rrk1/5ppp/p1pb4/1p1n3q/3P2b1/1BP3P1/PP1N1PQP/R1B1R1K1,,,11,35,27,False,202207
202207025189240,35,e1f1,20.0,True,241.0,264.0,4rrk1/5ppp/p1pb4/1p1n3q/3P2b1/1BP3P1/PP1N1PQP/R1B1R1K1,,,7,35,27,False,202207
202207025424088,35,g1f1,10.0,True,120.0,144.0,4rrk1/5ppp/p1pb4/1p1n3q/3P2b1/1BP3P1/PP1N1PQP/R1B1R1K1,,,7,35,27,False,202207
202207025433904,35,e1e8,23.0,True,99.0,97.0,4rrk1/5ppp/p1pb4/1p1n3q/3P2b1/1BP3P1/PP1N1PQP/R1B1R1K1,,,7,35,27,False,202207
202208093383511,35,e1e8,16.0,True,107.0,84.0,4rrk1/5ppp/p1pb4/1p1n3q/3P2b1/1BP3P1/PP1N1PQP/R1B1R1K1,,,7,35,27,False,202208
202208093439167,35,e1f1,67.0,True,501.0,566.0,4rrk1/5ppp/p1pb4/1p1n3q/3P2b1/1BP3P1/PP1N1PQP/R1B1R1K1,,,7,35,27,False,202208
202208093611545,35,e1e8,17.0,True,89.0,113.0,4rrk1/5ppp/p1pb4/1p1n3q/3P2b1/1BP3P1/PP1N1PQP/R1B1R1K1,,,7,35,27,False,202208
202208093665149,35,e1e8,36.0,True,491.0,643.0,4rrk1/5ppp/p1pb4/1p1n3q/3P2b1/1BP3P1/PP1N1PQP/R1B1R1K1,,,7,35,27,False,202208
202208070355629,35,d2e4,42.0,True,166.0,188.0,4rrk1/5ppp/p1pb4/1p1n3q/3P2b1/1BP3P1/PP1N1PQP/R1B1R1K1,,,7,35,27,False,202208
202208070418793,35,e1f1,8.0,True,151.0,168.0,4rrk1/5ppp/p1pb4/1p1n3q/3P2b1/1BP3P1/PP1N1PQP/R1B1R1K1,,,7,35,27,False,202208
202208070748574,35,e1e8,86.0,True,409.0,532.0,4rrk1/5ppp/p1pb4/1p1n3q/3P2b1/1BP3P1/PP1N1PQP/R1B1R1K1,,,7,35,27,False,202208
202208048270163,35,e1e4,50.0,True,510.0,574.0,4rrk1/5ppp/p1pb4/1p1n3q/3P2b1/1BP3P1/PP1N1PQP/R1B1R1K1,,,7,35,27,False,202208
202208048421553,35,e1e8,11.0,True,218.0,283.0,4rrk1/5ppp/p1pb4/1p1n3q/3P2b1/1BP3P1/PP1N1PQP/R1B1R1K1,,,7,35,27,False,202208
202208048451040,35,e1e8,54.0,True,143.0,185.0,4rrk1/5ppp/p1pb4/1p1n3q/3P2b1/1BP3P1/PP1N1PQP/R1B1R1K1,,,7,35,27,False,202208
202208048864937,35,e1e8,58.0,True,470.0,560.0,4rrk1/5ppp/p1pb4/1p1n3q/3P2b1/1BP3P1/PP1N1PQP/R1B1R1K1,,,7,35,27,False,202208
202208048998060,35,e1f1,23.0,True,269.0,287.0,4rrk1/5ppp/p1pb4/1p1n3q/3P2b1/1BP3P1/PP1N1PQP/R1B1R1K1,,,7,35,27,False,202208
202208077036833,35,e1e8,68.0,True,279.0,282.0,4rrk1/5ppp/p1pb4/1p1n3q/3P2b1/1BP3P1/PP1N1PQP/R1B1R1K1,,,7,35,27,False,202208
202208077180697,35,e1f1,26.0,True,122.0,177.0,4rrk1/5ppp/p1pb4/1p1n3q/3P2b1/1BP3P1/PP1N1PQP/R1B1R1K1,,,7,35,27,False,202208
202208077694833,35,e1e8,47.0,True,188.0,182.0,4rrk1/5ppp/p1pb4/1p1n3q/3P2b1/1BP3P1/PP1N1PQP/R1B1R1K1,,,7,35,27,False,202208
202208077939611,35,g2f1,16.0,True,231.0,252.0,4rrk1/5ppp/p1pb4/1p1n3q/3P2b1/1BP3P1/PP1N1PQP/R1B1R1K1,,,5,35,27,False,202208
202208035139101,35,e1e8,28.0,True,554.0,460.0,4rrk1/5ppp/p1pb4/1p1n3q/3P2b1/1BP3P1/PP1N1PQP/R1B1R1K1,,,7,35,27,False,202208
202208035277113,35,e1e8,29.0,True,160.0,180.0,4rrk1/5ppp/p1pb4/1p1n3q/3P2b1/1BP3P1/PP1N1PQP/R1B1R1K1,,,7,35,27,False,202208
202208035388378,35,e1f1,44.0,True,185.0,187.0,4rrk1/5ppp/p1pb4/1p1n3q/3P2b1/1BP3P1/PP1N1PQP/R1B1R1K1,,,7,35,27,False,202208
202208035424868,35,e1e8,30.0,True,119.0,159.0,4rrk1/5ppp/p1pb4/1p1n3q/3P2b1/1BP3P1/PP1N1PQP/R1B1R1K1,,,7,35,27,False,202208
202208035656389,35,d2e4,4.0,True,36.0,49.0,4rrk1/5ppp/p1pb4/1p1n3q/3P2b1/1BP3P1/PP1N1PQP/R1B1R1K1,,,7,35,27,False,202208
202208032169581,35,e1e8,82.0,True,249.0,310.0,4rrk1/5ppp/p1pb4/1p1n3q/3P2b1/1BP3P1/PP1N1PQP/R1B1R1K1,,,7,35,27,False,202208
202208032558183,35,e1e8,74.0,True,274.0,301.0,4rrk1/5ppp/p1pb4/1p1n3q/3P2b1/1BP3P1/PP1N1PQP/R1B1R1K1,,,7,35,27,False,202208
202208032832937,35,e1f1,12.0,True,135.0,164.0,4rrk1/5ppp/p1pb4/1p1n3q/3P2b1/1BP3P1/PP1N1PQP/R1B1R1K1,,,7,35,27,False,202208
202208006222734,35,e1f1,6.0,True,39.0,54.0,4rrk1/5ppp/p1pb4/1p1n3q/3P2b1/1BP3P1/PP1N1PQP/R1B1R1K1,,,7,35,27,False,202208
202208006726320,35,e1e8,3.0,True,35.0,53.0,4rrk1/5ppp/p1pb4/1p1n3q/3P2b1/1BP3P1/PP1N1PQP/R1B1R1K1,,,7,35,27,False,202208
202208087142988,35,d2e4,39.0,True,163.0,302.0,4rrk1/5ppp/p1pb4/1p1n3q/3P2b1/1BP3P1/PP1N1PQP/R1B1R1K1,,,7,35,27,False,202208
202208065442399,35,e1e8,9.0,True,206.0,253.0,4rrk1/5ppp/p1pb4/1p1n3q/3P2b1/1BP3P1/PP1N1PQP/R1B1R1K1,,,3,35,27,False,202208
202208065583694,35,e1f1,20.0,True,162.0,189.0,4rrk1/5ppp/p1pb4/1p1n3q/3P2b1/1BP3P1/PP1N1PQP/R1B1R1K1,,,7,35,27,False,202208
202208065604009,35,d2e4,30.0,True,171.0,197.0,4rrk1/5ppp/p1pb4/1p1n3q/3P2b1/1BP3P1/PP1N1PQP/R1B1R1K1,,,7,35,27,False,202208
202208065646166,37,e1e8,9.0,True,103.0,101.0,4rrk1/5ppp/p1pb4/1p1n3q/3P2b1/1BP3P1/PP1N1PQP/R1B1R1K1,,,7,35,27,False,202208
202208065696357,35,e1f1,57.0,True,492.0,565.0,4rrk1/5ppp/p1pb4/1p1n3q/3P2b1/1BP3P1/PP1N1PQP/R1B1R1K1,,,7,35,27,False,202208
202208065956286,35,d2e4,11.0,True,92.0,122.0,4rrk1/5ppp/p1pb4/1p1n3q/3P2b1/1BP3P1/PP1N1PQP/R1B1R1K1,,,7,35,27,False,202208
202208049251327,35,d2e4,2.0,True,150.0,168.0,4rrk1/5ppp/p1pb4/1p1n3q/3P2b1/1BP3P1/PP1N1PQP/R1B1R1K1,,,7,35,27,False,202208
202208049419324,35,e1e8,74.0,True,252.0,271.0,4rrk1/5ppp/p1pb4/1p1n3q/3P2b1/1BP3P1/PP1N1PQP/R1B1R1K1,,,7,35,27,False,202208
202208001065090,35,e1f1,25.0,True,143.0,162.0,4rrk1/5ppp/p1pb4/1p1n3q/3P2b1/1BP3P1/PP1N1PQP/R1B1R1K1,,,7,35,27,False,202208
202208001515971,35,e1f1,43.0,True,165.0,193.0,4rrk1/5ppp/p1pb4/1p1n3q/3P2b1/1BP3P1/PP1N1PQP/R1B1R1K1,,,7,35,27,False,202208
202208005689138,35,e1f1,17.0,True,153.0,69.0,4rrk1/5ppp/p1pb4/1p1n3q/3P2b1/1BP3P1/PP1N1PQP/R1B1R1K1,,,7,35,27,False,202208
202208090226167,35,g2f1,18.0,True,73.0,114.0,4rrk1/5ppp/p1pb4/1p1n3q/3P2b1/1BP3P1/PP1N1PQP/R1B1R1K1,,,7,35,27,False,202208
202208090711388,35,e1e4,76.0,True,254.0,268.0,4rrk1/5ppp/p1pb4/1p1n3q/3P2b1/1BP3P1/PP1N1PQP/R1B1R1K1,,,7,35,27,False,202208
202208061860827,35,e1e8,24.0,True,151.0,164.0,4rrk1/5ppp/p1pb4/1p1n3q/3P2b1/1BP3P1/PP1N1PQP/R1B1R1K1,,,7,35,27,False,202208
202208057574668,35,e1e8,19.0,True,573.0,645.0,4rrk1/5ppp/p1pb4/1p1n3q/3P2b1/1BP3P1/PP1N1PQP/R1B1R1K1,,,7,35,27,False,202208
202208057645590,39,e1e4,23.0,True,269.0,286.0,4rrk1/5ppp/p1pb4/1p1n3q/3P2b1/1BP3P1/PP1N1PQP/R1B1R1K1,,,11,35,27,False,202208
202208036942064,35,e1e8,24.0,True,284.0,427.0,4rrk1/5ppp/p1pb4/1p1n3q/3P2b1/1BP3P1/PP1N1PQP/R1B1R1K1,,,7,35,27,False,202208
202208023500793,35,e1e8,4.0,True,13.0,43.0,4rrk1/5ppp/p1pb4/1p1n3q/3P2b1/1BP3P1/PP1N1PQP/R1B1R1K1,,,7,35,27,False,202208
202208085063803,35,e1e8,4.0,True,125.0,149.0,4rrk1/5ppp/p1pb4/1p1n3q/3P2b1/1BP3P1/PP1N1PQP/R1B1R1K1,,,7,35,27,False,202208
202208085136634,35,e1e8,7.0,True,157.0,165.0,4rrk1/5ppp/p1pb4/1p1n3q/3P2b1/1BP3P1/PP1N1PQP/R1B1R1K1,,,7,35,27,False,202208
202208085894047,35,e1e8,7.0,True,171.0,191.0,4rrk1/5ppp/p1pb4/1p1n3q/3P2b1/1BP3P1/PP1N1PQP/R1B1R1K1,,,7,35,27,False,202208
202208085952619,35,d2e4,1.0,True,141.0,143.0,4rrk1/5ppp/p1pb4/1p1n3q/3P2b1/1BP3P1/PP1N1PQP/R1B1R1K1,,,7,35,27,False,202208
202208085991750,35,e1e8,38.0,True,491.0,561.0,4rrk1/5ppp/p1pb4/1p1n3q/3P2b1/1BP3P1/PP1N1PQP/R1B1R1K1,,,7,35,27,False,202208
202208009131082,35,g2f1,21.0,True,172.0,181.0,4rrk1/5ppp/p1pb4/1p1n3q/3P2b1/1BP3P1/PP1N1PQP/R1B1R1K1,,,7,35,27,False,202208
202208009207091,35,e1e4,150.0,True,488.0,555.0,4rrk1/5ppp/p1pb4/1p1n3q/3P2b1/1BP3P1/PP1N1PQP/R1B1R1K1,,,7,35,27,False,202208
202208009306544,35,d2e4,4.0,True,91.0,107.0,4rrk1/5ppp/p1pb4/1p1n3q/3P2b1/1BP3P1/PP1N1PQP/R1B1R1K1,,,7,35,27,False,202208
202208009355930,35,e1e8,34.0,True,493.0,585.0,4rrk1/5ppp/p1pb4/1p1n3q/3P2b1/1BP3P1/PP1N1PQP/R1B1R1K1,,,7,35,27,False,202208
202208009791335,35,e1f1,15.0,True,104.0,115.0,4rrk1/5ppp/p1pb4/1p1n3q/3P2b1/1BP3P1/PP1N1PQP/R1B1R1K1,,,7,35,27,False,202208
202208063276284,35,d2e4,8.0,True,215.0,263.0,4rrk1/5ppp/p1pb4/1p1n3q/3P2b1/1BP3P1/PP1N1PQP/R1B1R1K1,,,7,35,27,False,202208
202208063952587,35,d2e4,11.0,True,143.0,169.0,4rrk1/5ppp/p1pb4/1p1n3q/3P2b1/1BP3P1/PP1N1PQP/R1B1R1K1,,,7,35,27,False,202208
202208059090236,35,e1e8,29.0,True,137.0,190.0,4rrk1/5ppp/p1pb4/1p1n3q/3P2b1/1BP3P1/PP1N1PQP/R1B1R1K1,,,7,35,27,False,202208
202208059344921,35,e1e8,8.0,True,613.0,637.0,4rrk1/5ppp/p1pb4/1p1n3q/3P2b1/1BP3P1/PP1N1PQP/R1B1R1K1,,,7,35,27,False,202208
202208059387174,35,e1e8,25.0,True,139.0,181.0,4rrk1/5ppp/p1pb4/1p1n3q/3P2b1/1BP3P1/PP1N1PQP/R1B1R1K1,,,7,35,27,False,202208
202208059489200,35,e1e8,139.0,True,249.0,321.0,4rrk1/5ppp/p1pb4/1p1n3q/3P2b1/1BP3P1/PP1N1PQP/R1B1R1K1,,,7,35,27,False,202208
202208059805802,35,e1f1,17.0,True,29.0,35.0,4rrk1/5ppp/p1pb4/1p1n3q/3P2b1/1BP3P1/PP1N1PQP/R1B1R1K1,,,7,35,27,False,202208
202208059820264,35,e1e8,0.0,True,586.0,576.0,4rrk1/5ppp/p1pb4/1p1n3q/3P2b1/1BP3P1/PP1N1PQP/R1B1R1K1,,,7,35,27,False,202208
202208059911946,35,e1e4,78.0,True,509.0,587.0,4rrk1/5ppp/p1pb4/1p1n3q/3P2b1/1BP3P1/PP1N1PQP/R1B1R1K1,,,7,35,27,False,202208
202208074044469,35,e1f1,12.0,True,148.0,195.0,4rrk1/5ppp/p1pb4/1p1n3q/3P2b1/1BP3P1/PP1N1PQP/R1B1R1K1,,,7,35,27,False,202208
202208074121403,35,d2e4,5.0,True,88.0,78.0,4rrk1/5ppp/p1pb4/1p1n3q/3P2b1/1BP3P1/PP1N1PQP/R1B1R1K1,,,7,35,27,False,202208
202208074684875,35,e1e8,27.0,True,222.0,253.0,4rrk1/5ppp/p1pb4/1p1n3q/3P2b1/1BP3P1/PP1N1PQP/R1B1R1K1,,,7,35,27,False,202208
202208074793974,35,e1e8,13.0,True,272.0,316.0,4rrk1/5ppp/p1pb4/1p1n3q/3P2b1/1BP3P1/PP1N1PQP/R1B1R1K1,,,7,35,27,False,202208
202208040000337,35,e1e4,14.0,True,171.0,186.0,4rrk1/5ppp/p1pb4/1p1n3q/3P2b1/1BP3P1/PP1N1PQP/R1B1R1K1,,,7,35,27,False,202208
202208040787848,35,e1e8,10.0,True,126.0,174.0,4rrk1/5ppp/p1pb4/1p1n3q/3P2b1/1BP3P1/PP1N1PQP/R1B1R1K1,,,7,35,27,False,202208
202208040889526,35,d2e4,5.0,True,110.0,119.0,4rrk1/5ppp/p1pb4/1p1n3q/3P2b1/1BP3P1/PP1N1PQP/R1B1R1K1,,,7,35,27,False,202208
202208021278605,35,e1f1,57.0,True,150.0,172.0,4rrk1/5ppp/p1pb4/1p1n3q/3P2b1/1BP3P1/PP1N1PQP/R1B1R1K1,,,7,35,27,False,202208
202208021431651,35,e1e8,471.0,True,1676.0,1921.0,4rrk1/5ppp/p1pb4/1p1n3q/3P2b1/1BP3P1/PP1N1PQP/R1B1R1K1,,,7,35,27,False,202208
202208021770054,35,e1e8,17.0,True,143.0,177.0,4rrk1/5ppp/p1pb4/1p1n3q/3P2b1/1BP3P1/PP1N1PQP/R1B1R1K1,,,7,35,27,False,202208
202208021850181,35,e1e4,81.0,True,492.0,564.0,4rrk1/5ppp/p1pb4/1p1n3q/3P2b1/1BP3P1/PP1N1PQP/R1B1R1K1,,,7,35,27,False,202208
202208021931741,35,e1f1,10.0,True,102.0,105.0,4rrk1/5ppp/p1pb4/1p1n3q/3P2b1/1BP3P1/PP1N1PQP/R1B1R1K1,,,7,35,27,False,202208
202208021966593,35,e1e8,68.0,True,104.0,150.0,4rrk1/5ppp/p1pb4/1p1n3q/3P2b1/1BP3P1/PP1N1PQP/R1B1R1K1,,,7,35,27,False,202208
202208062363661,35,e1f1,9.0,True,210.0,251.0,4rrk1/5ppp/p1pb4/1p1n3q/3P2b1/1BP3P1/PP1N1PQP/R1B1R1K1,,,7,35,27,False,202208
202208062743786,35,e1f1,15.0,True,151.0,149.0,4rrk1/5ppp/p1pb4/1p1n3q/3P2b1/1BP3P1/PP1N1PQP/R1B1R1K1,,,7,35,27,False,202208
202208022129225,35,e1e8,18.0,True,252.0,280.0,4rrk1/5ppp/p1pb4/1p1n3q/3P2b1/1BP3P1/PP1N1PQP/R1B1R1K1,,,7,35,27,False,202208
202208022217061,35,f2f3,4.0,True,136.0,161.0,4rrk1/5ppp/p1pb4/1p1n3q/3P2b1/1BP3P1/PP1N1PQP/R1B1R1K1,,,7,35,27,False,202208
202208022313958,35,e1f1,88.0,True,235.0,324.0,4rrk1/5ppp/p1pb4/1p1n3q/3P2b1/1BP3P1/PP1N1PQP/R1B1R1K1,,,7,35,27,False,202208
202208022464895,35,e1f1,12.0,True,155.0,169.0,4rrk1/5ppp/p1pb4/1p1n3q/3P2b1/1BP3P1/PP1N1PQP/R1B1R1K1,,,7,35,27,False,202208
202208022601429,35,e1e8,14.0,True,156.0,152.0,4rrk1/5ppp/p1pb4/1p1n3q/3P2b1/1BP3P1/PP1N1PQP/R1B1R1K1,,,7,35,27,False,202208
202208022657852,35,e1e8,77.0,True,451.0,558.0,4rrk1/5ppp/p1pb4/1p1n3q/3P2b1/1BP3P1/PP1N1PQP/R1B1R1K1,,,7,35,27,False,202208
202208022720580,35,d2e4,54.0,True,249.0,326.0,4rrk1/5ppp/p1pb4/1p1n3q/3P2b1/1BP3P1/PP1N1PQP/R1B1R1K1,,,7,35,27,False,202208
202208022720788,35,e1f1,32.0,True,182.0,179.0,4rrk1/5ppp/p1pb4/1p1n3q/3P2b1/1BP3P1/PP1N1PQP/R1B1R1K1,,,7,35,27,False,202208
202208022814640,35,e1e8,9.0,True,36.0,44.0,4rrk1/5ppp/p1pb4/1p1n3q/3P2b1/1BP3P1/PP1N1PQP/R1B1R1K1,,,7,35,27,False,202208
202208022848344,35,e1e4,57.0,True,140.0,187.0,4rrk1/5ppp/p1pb4/1p1n3q/3P2b1/1BP3P1/PP1N1PQP/R1B1R1K1,,,7,35,27,False,202208
202208022923666,35,e1e8,17.0,True,145.0,182.0,4rrk1/5ppp/p1pb4/1p1n3q/3P2b1/1BP3P1/PP1N1PQP/R1B1R1K1,,,7,35,27,False,202208
202208022949898,35,d2e4,6.0,True,91.0,121.0,4rrk1/5ppp/p1pb4/1p1n3q/3P2b1/1BP3P1/PP1N1PQP/R1B1R1K1,,,7,35,27,False,202208
202208042341944,35,e1f1,23.0,True,590.0,640.0,4rrk1/5ppp/p1pb4/1p1n3q/3P2b1/1BP3P1/PP1N1PQP/R1B1R1K1,,,7,35,27,False,202208
202208042489967,35,e1f1,7.0,True,183.0,201.0,4rrk1/5ppp/p1pb4/1p1n3q/3P2b1/1BP3P1/PP1N1PQP/R1B1R1K1,,,7,35,27,False,202208
202208038032722,35,e1e4,26.0,True,565.0,644.0,4rrk1/5ppp/p1pb4/1p1n3q/3P2b1/1BP3P1/PP1N1PQP/R1B1R1K1,,,7,35,27,False,202208
202208038324406,35,d2e4,18.0,True,71.0,109.0,4rrk1/5ppp/p1pb4/1p1n3q/3P2b1/1BP3P1/PP1N1PQP/R1B1R1K1,,,7,35,27,False,202208
202208038412613,35,e1e8,2.0,True,151.0,163.0,4rrk1/5ppp/p1pb4/1p1n3q/3P2b1/1BP3P1/PP1N1PQP/R1B1R1K1,,,7,35,27,False,202208
202208038686062,37,e1f1,23.0,True,190.0,307.0,4rrk1/5ppp/p1pb4/1p1n3q/3P2b1/1BP3P1/PP1N1PQP/R1B1R1K1,,,7,35,27,False,202208
202208038985869,35,g2f1,7.0,True,147.0,145.0,4rrk1/5ppp/p1pb4/1p1n3q/3P2b1/1BP3P1/PP1N1PQP/R1B1R1K1,,,7,35,27,False,202208
202208039040096,35,g2f1,35.0,True,91.0,97.0,4rrk1/5ppp/p1pb4/1p1n3q/3P2b1/1BP3P1/PP1N1PQP/R1B1R1K1,,,7,35,27,False,202208
202208039713098,35,e1e8,3.0,True,156.0,170.0,4rrk1/5ppp/p1pb4/1p1n3q/3P2b1/1BP3P1/PP1N1PQP/R1B1R1K1,,,7,35,27,False,202208
202208039731552,35,d2e4,8.0,True,120.0,170.0,4rrk1/5ppp/p1pb4/1p1n3q/3P2b1/1BP3P1/PP1N1PQP/R1B1R1K1,,,7,35,27,False,202208
202208039850523,35,e1e8,37.0,True,158.0,147.0,4rrk1/5ppp/p1pb4/1p1n3q/3P2b1/1BP3P1/PP1N1PQP/R1B1R1K1,,,7,35,27,False,202208
202208039893766,35,g2f1,27.0,True,522.0,583.0,4rrk1/5ppp/p1pb4/1p1n3q/3P2b1/1BP3P1/PP1N1PQP/R1B1R1K1,,,7,35,27,False,202208
202208084121876,35,d2e4,22.0,True,249.0,246.0,4rrk1/5ppp/p1pb4/1p1n3q/3P2b1/1BP3P1/PP1N1PQP/R1B1R1K1,,,7,35,27,False,202208
202208084327562,35,e1e8,9.0,True,126.0,160.0,4rrk1/5ppp/p1pb4/1p1n3q/3P2b1/1BP3P1/PP1N1PQP/R1B1R1K1,,,7,35,27,False,202208
202208084433315,35,f2f3,22.0,True,229.0,282.0,4rrk1/5ppp/p1pb4/1p1n3q/3P2b1/1BP3P1/PP1N1PQP/R1B1R1K1,,,7,35,27,False,202208
202208084638755,35,e1e8,7.0,True,227.0,269.0,4rrk1/5ppp/p1pb4/1p1n3q/3P2b1/1BP3P1/PP1N1PQP/R1B1R1K1,,,7,35,27,False,202208
202208080060227,35,e1e8,30.0,True,544.0,560.0,4rrk1/5ppp/p1pb4/1p1n3q/3P2b1/1BP3P1/PP1N1PQP/R1B1R1K1,,,7,35,27,False,202208
202208080073637,35,e1e8,13.0,True,174.0,198.0,4rrk1/5ppp/p1pb4/1p1n3q/3P2b1/1BP3P1/PP1N1PQP/R1B1R1K1,,,7,35,27,False,202208
202208051589714,35,e1f1,42.0,True,87.0,114.0,4rrk1/5ppp/p1pb4/1p1n3q/3P2b1/1BP3P1/PP1N1PQP/R1B1R1K1,,,7,35,27,False,202208
202208051655418,35,e1f1,17.0,True,151.0,136.0,4rrk1/5ppp/p1pb4/1p1n3q/3P2b1/1BP3P1/PP1N1PQP/R1B1R1K1,,,7,35,27,False,202208
202208069537216,35,e1f1,7.0,True,57.0,148.0,4rrk1/5ppp/p1pb4/1p1n3q/3P2b1/1BP3P1/PP1N1PQP/R1B1R1K1,,,7,35,27,False,202208
202208069748741,35,g2f1,159.0,True,667.0,719.0,4rrk1/5ppp/p1pb4/1p1n3q/3P2b1/1BP3P1/PP1N1PQP/R1B1R1K1,,,7,35,27,False,202208
202208082072194,35,e1e8,19.0,True,132.0,169.0,4rrk1/5ppp/p1pb4/1p1n3q/3P2b1/1BP3P1/PP1N1PQP/R1B1R1K1,,,7,35,27,False,202208
202208082245763,35,d2e4,12.0,True,289.0,291.0,4rrk1/5ppp/p1pb4/1p1n3q/3P2b1/1BP3P1/PP1N1PQP/R1B1R1K1,,,7,35,27,False,202208
202208082860117,35,d2e4,0.0,True,153.0,166.0,4rrk1/5ppp/p1pb4/1p1n3q/3P2b1/1BP3P1/PP1N1PQP/R1B1R1K1,,,7,35,27,False,202208
202208082924971,35,e1e8,11.0,True,1708.0,1739.0,4rrk1/5ppp/p1pb4/1p1n3q/3P2b1/1BP3P1/PP1N1PQP/R1B1R1K1,,,7,35,27,False,202208
202208082940249,35,e1e8,26.0,True,643.0,662.0,4rrk1/5ppp/p1pb4/1p1n3q/3P2b1/1BP3P1/PP1N1PQP/R1B1R1K1,,,7,35,27,False,202208
202208082941181,35,e1e8,23.0,True,132.0,175.0,4rrk1/5ppp/p1pb4/1p1n3q/3P2b1/1BP3P1/PP1N1PQP/R1B1R1K1,,,7,35,27,False,202208
202208003612023,35,e1e8,25.0,True,251.0,319.0,4rrk1/5ppp/p1pb4/1p1n3q/3P2b1/1BP3P1/PP1N1PQP/R1B1R1K1,,,7,35,27,False,202208
202208055115531,39,e1e8,43.0,True,141.0,147.0,4rrk1/5ppp/p1pb4/1p1n3q/3P2b1/1BP3P1/PP1N1PQP/R1B1R1K1,,,11,35,27,False,202208
202208055346625,35,e1e8,11.0,True,262.0,283.0,4rrk1/5ppp/p1pb4/1p1n3q/3P2b1/1BP3P1/PP1N1PQP/R1B1R1K1,,,7,35,27,False,202208
202208055637107,35,g2f1,26.0,True,509.0,548.0,4rrk1/5ppp/p1pb4/1p1n3q/3P2b1/1BP3P1/PP1N1PQP/R1B1R1K1,,,7,35,27,False,202208
202208020284651,35,e1e8,30.0,True,538.0,575.0,4rrk1/5ppp/p1pb4/1p1n3q/3P2b1/1BP3P1/PP1N1PQP/R1B1R1K1,,,7,35,27,False,202208
202208020666913,35,e1e8,28.0,True,189.0,171.0,4rrk1/5ppp/p1pb4/1p1n3q/3P2b1/1BP3P1/PP1N1PQP/R1B1R1K1,,,7,35,27,False,202208
202208020673618,35,e1e8,60.0,True,469.0,635.0,4rrk1/5ppp/p1pb4/1p1n3q/3P2b1/1BP3P1/PP1N1PQP/R1B1R1K1,,,7,35,27,False,202208
202208020760808,35,e1e8,13.0,True,154.0,145.0,4rrk1/5ppp/p1pb4/1p1n3q/3P2b1/1BP3P1/PP1N1PQP/R1B1R1K1,,,7,35,27,False,202208
202208020834972,35,e1e4,60.0,True,164.0,183.0,4rrk1/5ppp/p1pb4/1p1n3q/3P2b1/1BP3P1/PP1N1PQP/R1B1R1K1,,,7,35,27,False,202208
202208004154681,35,e1e4,23.0,True,178.0,191.0,4rrk1/5ppp/p1pb4/1p1n3q/3P2b1/1BP3P1/PP1N1PQP/R1B1R1K1,,,7,35,27,False,202208
202208004524255,35,e1e8,14.0,True,151.0,156.0,4rrk1/5ppp/p1pb4/1p1n3q/3P2b1/1BP3P1/PP1N1PQP/R1B1R1K1,,,7,35,27,False,202208
202208004539488,35,g2f1,86.0,True,98.0,119.0,4rrk1/5ppp/p1pb4/1p1n3q/3P2b1/1BP3P1/PP1N1PQP/R1B1R1K1,,,7,35,27,False,202208
202208031827231,35,e1e8,19.0,True,126.0,165.0,4rrk1/5ppp/p1pb4/1p1n3q/3P2b1/1BP3P1/PP1N1PQP/R1B1R1K1,,,7,35,27,False,202208
202208060376960,35,d2e4,16.0,True,138.0,147.0,4rrk1/5ppp/p1pb4/1p1n3q/3P2b1/1BP3P1/PP1N1PQP/R1B1R1K1,,,7,35,27,False,202208
202208060483543,39,e1e8,17.0,True,143.0,151.0,4rrk1/5ppp/p1pb4/1p1n3q/3P2b1/1BP3P1/PP1N1PQP/R1B1R1K1,,,11,35,27,False,202208
202208060790497,35,e1e8,17.0,True,266.0,286.0,4rrk1/5ppp/p1pb4/1p1n3q/3P2b1/1BP3P1/PP1N1PQP/R1B1R1K1,,,7,35,27,False,202208
202208056041118,35,e1e8,12.0,True,82.0,121.0,4rrk1/5ppp/p1pb4/1p1n3q/3P2b1/1BP3P1/PP1N1PQP/R1B1R1K1,,,7,35,27,False,202208
202208056328030,35,e1f1,62.0,True,253.0,268.0,4rrk1/5ppp/p1pb4/1p1n3q/3P2b1/1BP3P1/PP1N1PQP/R1B1R1K1,,,7,35,27,False,202208
202208056536752,35,g2f1,47.0,True,150.0,152.0,4rrk1/5ppp/p1pb4/1p1n3q/3P2b1/1BP3P1/PP1N1PQP/R1B1R1K1,,,7,35,27,False,202208
202208056817172,35,e1e8,95.0,True,160.0,167.0,4rrk1/5ppp/p1pb4/1p1n3q/3P2b1/1BP3P1/PP1N1PQP/R1B1R1K1,,,7,35,27,False,202208
202208068241427,35,d2e4,4.0,True,158.0,186.0,4rrk1/5ppp/p1pb4/1p1n3q/3P2b1/1BP3P1/PP1N1PQP/R1B1R1K1,,,7,35,27,False,202208
202208068659512,35,e1f1,57.0,True,150.0,180.0,4rrk1/5ppp/p1pb4/1p1n3q/3P2b1/1BP3P1/PP1N1PQP/R1B1R1K1,,,7,35,27,False,202208
202208012015347,35,e1e8,52.0,True,514.0,560.0,4rrk1/5ppp/p1pb4/1p1n3q/3P2b1/1BP3P1/PP1N1PQP/R1B1R1K1,,,7,35,27,False,202208
202208012139839,35,e1e8,244.0,True,256.0,307.0,4rrk1/5ppp/p1pb4/1p1n3q/3P2b1/1BP3P1/PP1N1PQP/R1B1R1K1,,,7,35,27,False,202208
202208012288345,35,e1e8,53.0,True,142.0,183.0,4rrk1/5ppp/p1pb4/1p1n3q/3P2b1/1BP3P1/PP1N1PQP/R1B1R1K1,,,7,35,27,False,202208
202208012320868,35,g1f1,9.0,True,122.0,120.0,4rrk1/5ppp/p1pb4/1p1n3q/3P2b1/1BP3P1/PP1N1PQP/R1B1R1K1,,,7,35,27,False,202208
202208012371263,39,e1e8,91.0,True,163.0,298.0,4rrk1/5ppp/p1pb4/1p1n3q/3P2b1/1BP3P1/PP1N1PQP/R1B1R1K1,,,11,35,27,False,202208
202208012528804,35,e1e8,105.0,True,523.0,485.0,4rrk1/5ppp/p1pb4/1p1n3q/3P2b1/1BP3P1/PP1N1PQP/R1B1R1K1,,,7,35,27,False,202208
202208078054060,35,e1e8,31.0,True,838.0,979.0,4rrk1/5ppp/p1pb4/1p1n3q/3P2b1/1BP3P1/PP1N1PQP/R1B1R1K1,,,7,35,27,False,202208
202208078095559,35,e1e8,75.0,True,1316.0,1275.0,4rrk1/5ppp/p1pb4/1p1n3q/3P2b1/1BP3P1/PP1N1PQP/R1B1R1K1,,,7,35,27,False,202208
202208078151611,35,e1e4,16.0,True,154.0,167.0,4rrk1/5ppp/p1pb4/1p1n3q/3P2b1/1BP3P1/PP1N1PQP/R1B1R1K1,,,7,35,27,False,202208
202208078534387,35,d2e4,9.0,True,86.0,160.0,4rrk1/5ppp/p1pb4/1p1n3q/3P2b1/1BP3P1/PP1N1PQP/R1B1R1K1,,,7,35,27,False,202208
202208078581023,35,d2e4,3.0,True,176.0,135.0,4rrk1/5ppp/p1pb4/1p1n3q/3P2b1/1BP3P1/PP1N1PQP/R1B1R1K1,,,7,35,27,False,202208
202208078940012,35,e1e8,9.0,True,541.0,467.0,4rrk1/5ppp/p1pb4/1p1n3q/3P2b1/1BP3P1/PP1N1PQP/R1B1R1K1,,,7,35,27,False,202208
202208027115947,35,e1e8,0.0,True,50.0,48.0,4rrk1/5ppp/p1pb4/1p1n3q/3P2b1/1BP3P1/PP1N1PQP/R1B1R1K1,,,7,35,27,False,202208
202208027180176,35,e1e8,8.0,True,516.0,554.0,4rrk1/5ppp/p1pb4/1p1n3q/3P2b1/1BP3P1/PP1N1PQP/R1B1R1K1,,,7,35,27,False,202208
202208027368277,35,d2e4,19.0,True,274.0,281.0,4rrk1/5ppp/p1pb4/1p1n3q/3P2b1/1BP3P1/PP1N1PQP/R1B1R1K1,,,7,35,27,False,202208
202208027703932,35,e1e4,49.0,True,72.0,115.0,4rrk1/5ppp/p1pb4/1p1n3q/3P2b1/1BP3P1/PP1N1PQP/R1B1R1K1,,,7,35,27,False,202208
202208027836357,35,e1f1,46.0,True,81.0,273.0,4rrk1/5ppp/p1pb4/1p1n3q/3P2b1/1BP3P1/PP1N1PQP/R1B1R1K1,,,7,35,27,False,202208
202208043093377,35,e1e8,25.0,True,152.0,155.0,4rrk1/5ppp/p1pb4/1p1n3q/3P2b1/1BP3P1/PP1N1PQP/R1B1R1K1,,,7,35,27,False,202208
202208043355424,35,d2e4,8.0,True,147.0,194.0,4rrk1/5ppp/p1pb4/1p1n3q/3P2b1/1BP3P1/PP1N1PQP/R1B1R1K1,,,7,35,27,False,202208
202208043376879,35,e1e4,49.0,True,245.0,268.0,4rrk1/5ppp/p1pb4/1p1n3q/3P2b1/1BP3P1/PP1N1PQP/R1B1R1K1,,,7,35,27,False,202208
202208043812257,35,e1e8,11.0,True,231.0,288.0,4rrk1/5ppp/p1pb4/1p1n3q/3P2b1/1BP3P1/PP1N1PQP/R1B1R1K1,,,7,35,27,False,202208
202208043825882,35,e1e8,64.0,True,485.0,569.0,4rrk1/5ppp/p1pb4/1p1n3q/3P2b1/1BP3P1/PP1N1PQP/R1B1R1K1,,,7,35,27,False,202208
202208043876465,35,e1f1,8.0,True,43.0,55.0,4rrk1/5ppp/p1pb4/1p1n3q/3P2b1/1BP3P1/PP1N1PQP/R1B1R1K1,,,7,35,27,False,202208
202208050100922,35,g1f1,26.0,True,128.0,141.0,4rrk1/5ppp/p1pb4/1p1n3q/3P2b1/1BP3P1/PP1N1PQP/R1B1R1K1,,,7,35,27,False,202208
202208050495476,35,e1e4,10.0,True,48.0,49.0,4rrk1/5ppp/p1pb4/1p1n3q/3P2b1/1BP3P1/PP1N1PQP/R1B1R1K1,,,7,35,27,False,202208
202208050664378,35,e1e8,9.0,True,628.0,625.0,4rrk1/5ppp/p1pb4/1p1n3q/3P2b1/1BP3P1/PP1N1PQP/R1B1R1K1,,,7,35,27,False,202208
202208088317057,35,e1e8,73.0,True,170.0,320.0,4rrk1/5ppp/p1pb4/1p1n3q/3P2b1/1BP3P1/PP1N1PQP/R1B1R1K1,,,7,35,27,False,202208
202208088789354,35,e1e8,5.0,True,572.0,501.0,4rrk1/5ppp/p1pb4/1p1n3q/3P2b1/1BP3P1/PP1N1PQP/R1B1R1K1,,,7,35,27,False,202208
202208028225118,35,e1e8,2.0,True,150.0,148.0,4rrk1/5ppp/p1pb4/1p1n3q/3P2b1/1BP3P1/PP1N1PQP/R1B1R1K1,,,7,35,27,False,202208
202208028528325,35,e1e8,112.0,True,629.0,373.0,4rrk1/5ppp/p1pb4/1p1n3q/3P2b1/1BP3P1/PP1N1PQP/R1B1R1K1,,,7,35,27,False,202208
202208071203024,35,e1e8,73.0,True,210.0,324.0,4rrk1/5ppp/p1pb4/1p1n3q/3P2b1/1BP3P1/PP1N1PQP/R1B1R1K1,,,7,35,27,False,202208
202208071291831,35,e1f1,39.0,True,115.0,233.0,4rrk1/5ppp/p1pb4/1p1n3q/3P2b1/1BP3P1/PP1N1PQP/R1B1R1K1,,,7,35,27,False,202208
202208071690542,35,e1e4,19.0,True,143.0,167.0,4rrk1/5ppp/p1pb4/1p1n3q/3P2b1/1BP3P1/PP1N1PQP/R1B1R1K1,,,7,35,27,False,202208
202208076365609,35,e1e8,24.0,True,157.0,170.0,4rrk1/5ppp/p1pb4/1p1n3q/3P2b1/1BP3P1/PP1N1PQP/R1B1R1K1,,,7,35,27,False,202208
202208017308392,35,e1f1,9.0,True,227.0,272.0,4rrk1/5ppp/p1pb4/1p1n3q/3P2b1/1BP3P1/PP1N1PQP/R1B1R1K1,,,7,35,27,False,202208
202208017463032,35,e1e8,13.0,True,238.0,258.0,4rrk1/5ppp/p1pb4/1p1n3q/3P2b1/1BP3P1/PP1N1PQP/R1B1R1K1,,,7,35,27,False,202208
202208017536676,35,g2f1,9.0,True,265.0,259.0,4rrk1/5ppp/p1pb4/1p1n3q/3P2b1/1BP3P1/PP1N1PQP/R1B1R1K1,,,7,35,27,False,202208
202208053086207,35,e1e8,5.0,True,140.0,87.0,4rrk1/5ppp/p1pb4/1p1n3q/3P2b1/1BP3P1/PP1N1PQP/R1B1R1K1,,,7,35,27,False,202208
202208053101447,35,e1f1,4.0,True,40.0,52.0,4rrk1/5ppp/p1pb4/1p1n3q/3P2b1/1BP3P1/PP1N1PQP/R1B1R1K1,,,7,35,27,False,202208
202208053420571,35,e1e4,16.0,True,159.0,164.0,4rrk1/5ppp/p1pb4/1p1n3q/3P2b1/1BP3P1/PP1N1PQP/R1B1R1K1,,,7,35,27,False,202208
202208053603222,35,e1f1,72.0,True,377.0,626.0,4rrk1/5ppp/p1pb4/1p1n3q/3P2b1/1BP3P1/PP1N1PQP/R1B1R1K1,,,7,35,27,False,202208
202208053609425,35,e1e8,4.0,True,137.0,146.0,4rrk1/5ppp/p1pb4/1p1n3q/3P2b1/1BP3P1/PP1N1PQP/R1B1R1K1,,,7,35,27,False,202208
202208047153998,35,e1e8,4.0,True,208.0,226.0,4rrk1/5ppp/p1pb4/1p1n3q/3P2b1/1BP3P1/PP1N1PQP/R1B1R1K1,,,7,35,27,False,202208
202208047345490,35,e1e8,35.0,True,119.0,165.0,4rrk1/5ppp/p1pb4/1p1n3q/3P2b1/1BP3P1/PP1N1PQP/R1B1R1K1,,,7,35,27,False,202208
202208047496330,35,e1e8,10.0,True,165.0,183.0,4rrk1/5ppp/p1pb4/1p1n3q/3P2b1/1BP3P1/PP1N1PQP/R1B1R1K1,,,7,35,27,False,202208
202208047631425,35,e1f1,27.0,True,162.0,187.0,4rrk1/5ppp/p1pb4/1p1n3q/3P2b1/1BP3P1/PP1N1PQP/R1B1R1K1,,,7,35,27,False,202208
202208047631425,39,e1f1,5.0,True,136.0,141.0,4rrk1/5ppp/p1pb4/1p1n3q/3P2b1/1BP3P1/PP1N1PQP/R1B1R1K1,,,11,35,27,False,202208
202208047652018,35,e1e8,26.0,True,156.0,184.0,4rrk1/5ppp/p1pb4/1p1n3q/3P2b1/1BP3P1/PP1N1PQP/R1B1R1K1,,,7,35,27,False,202208
202208047940627,35,d2e4,10.0,True,522.0,502.0,4rrk1/5ppp/p1pb4/1p1n3q/3P2b1/1BP3P1/PP1N1PQP/R1B1R1K1,,,7,35,27,False,202208
202208010426680,35,e1e8,7.0,True,309.0,291.0,4rrk1/5ppp/p1pb4/1p1n3q/3P2b1/1BP3P1/PP1N1PQP/R1B1R1K1,,,7,35,27,False,202208
202208010515882,35,e1e8,16.0,True,145.0,165.0,4rrk1/5ppp/p1pb4/1p1n3q/3P2b1/1BP3P1/PP1N1PQP/R1B1R1K1,,,7,35,27,False,202208
202208010618186,35,e1e8,65.0,True,528.0,576.0,4rrk1/5ppp/p1pb4/1p1n3q/3P2b1/1BP3P1/PP1N1PQP/R1B1R1K1,,,7,35,27,False,202208
202208089324183,35,e1f1,200.0,True,469.0,595.0,4rrk1/5ppp/p1pb4/1p1n3q/3P2b1/1BP3P1/PP1N1PQP/R1B1R1K1,,,7,35,27,False,202208
202208089567770,35,e1e8,20.0,True,571.0,590.0,4rrk1/5ppp/p1pb4/1p1n3q/3P2b1/1BP3P1/PP1N1PQP/R1B1R1K1,,,7,35,27,False,202208
202208075035422,35,e1e8,5.0,True,147.0,170.0,4rrk1/5ppp/p1pb4/1p1n3q/3P2b1/1BP3P1/PP1N1PQP/R1B1R1K1,,,7,35,27,False,202208
202208075153981,35,e1e8,25.0,True,231.0,266.0,4rrk1/5ppp/p1pb4/1p1n3q/3P2b1/1BP3P1/PP1N1PQP/R1B1R1K1,,,7,35,27,False,202208
202208075278473,35,e1f1,6.0,True,108.0,116.0,4rrk1/5ppp/p1pb4/1p1n3q/3P2b1/1BP3P1/PP1N1PQP/R1B1R1K1,,,7,35,27,False,202208
202208075348255,35,e1e8,2.0,True,41.0,47.0,4rrk1/5ppp/p1pb4/1p1n3q/3P2b1/1BP3P1/PP1N1PQP/R1B1R1K1,,,7,35,27,False,202208
202208033252186,35,e1e8,4.0,True,90.0,161.0,4rrk1/5ppp/p1pb4/1p1n3q/3P2b1/1BP3P1/PP1N1PQP/R1B1R1K1,,,7,35,27,False,202208
202208033664244,35,e1e8,60.0,True,225.0,202.0,4rrk1/5ppp/p1pb4/1p1n3q/3P2b1/1BP3P1/PP1N1PQP/R1B1R1K1,,,7,35,27,False,202208
202208033891662,35,e1f1,5.0,True,170.0,158.0,4rrk1/5ppp/p1pb4/1p1n3q/3P2b1/1BP3P1/PP1N1PQP/R1B1R1K1,,,7,35,27,False,202208
202208086220245,35,e1e8,34.0,True,263.0,270.0,4rrk1/5ppp/p1pb4/1p1n3q/3P2b1/1BP3P1/PP1N1PQP/R1B1R1K1,,,7,35,27,False,202208
202208086326134,35,e1e8,15.0,True,471.0,615.0,4rrk1/5ppp/p1pb4/1p1n3q/3P2b1/1BP3P1/PP1N1PQP/R1B1R1K1,,,7,35,27,False,202208
202208086544313,35,e1e8,4.0,True,112.0,127.0,4rrk1/5ppp/p1pb4/1p1n3q/3P2b1/1BP3P1/PP1N1PQP/R1B1R1K1,,,7,35,27,False,202208
202208034097289,35,e1e4,34.0,True,814.0,865.0,4rrk1/5ppp/p1pb4/1p1n3q/3P2b1/1BP3P1/PP1N1PQP/R1B1R1K1,,,7,35,27,False,202208
202208034493226,35,e1f1,6.0,True,267.0,243.0,4rrk1/5ppp/p1pb4/1p1n3q/3P2b1/1BP3P1/PP1N1PQP/R1B1R1K1,,,7,35,27,False,202208
202208092024829,35,e1e8,39.0,True,212.0,292.0,4rrk1/5ppp/p1pb4/1p1n3q/3P2b1/1BP3P1/PP1N1PQP/R1B1R1K1,,,7,35,27,False,202208
202208092146634,35,e1e8,61.0,True,199.0,301.0,4rrk1/5ppp/p1pb4/1p1n3q/3P2b1/1BP3P1/PP1N1PQP/R1B1R1K1,,,7,35,27,False,202208
202208044243118,35,e1f1,15.0,True,538.0,576.0,4rrk1/5ppp/p1pb4/1p1n3q/3P2b1/1BP3P1/PP1N1PQP/R1B1R1K1,,,7,35,27,False,202208
202208044422966,35,e1e8,6.0,True,201.0,276.0,4rrk1/5ppp/p1pb4/1p1n3q/3P2b1/1BP3P1/PP1N1PQP/R1B1R1K1,,,7,35,27,False,202208
202208044439378,35,d2e4,53.0,True,180.0,277.0,4rrk1/5ppp/p1pb4/1p1n3q/3P2b1/1BP3P1/PP1N1PQP/R1B1R1K1,,,7,35,27,False,202208
202208044590327,35,e1f1,140.0,True,312.0,279.0,4rrk1/5ppp/p1pb4/1p1n3q/3P2b1/1BP3P1/PP1N1PQP/R1B1R1K1,,,7,35,27,False,202208
202208044627793,35,e1e8,4.0,True,71.0,97.0,4rrk1/5ppp/p1pb4/1p1n3q/3P2b1/1BP3P1/PP1N1PQP/R1B1R1K1,,,7,35,27,False,202208
202208044822420,35,e1f1,12.0,True,143.0,143.0,4rrk1/5ppp/p1pb4/1p1n3q/3P2b1/1BP3P1/PP1N1PQP/R1B1R1K1,,,7,35,27,False,202208
202208044893652,35,e1e4,404.0,True,1046.0,1348.0,4rrk1/5ppp/p1pb4/1p1n3q/3P2b1/1BP3P1/PP1N1PQP/R1B1R1K1,,,7,35,27,False,202208
202208044926446,35,e1f1,12.0,True,161.0,165.0,4rrk1/5ppp/p1pb4/1p1n3q/3P2b1/1BP3P1/PP1N1PQP/R1B1R1K1,,,7,35,27,False,202208
202208054148878,35,e1f1,23.0,True,255.0,272.0,4rrk1/5ppp/p1pb4/1p1n3q/3P2b1/1BP3P1/PP1N1PQP/R1B1R1K1,,,7,35,27,False,202208
202208054533782,35,e1e8,5.0,True,314.0,334.0,4rrk1/5ppp/p1pb4/1p1n3q/3P2b1/1BP3P1/PP1N1PQP/R1B1R1K1,,,7,35,27,False,202208
202208016305213,35,d2e4,4.0,True,44.0,40.0,4rrk1/5ppp/p1pb4/1p1n3q/3P2b1/1BP3P1/PP1N1PQP/R1B1R1K1,,,7,35,27,False,202208
202208016351681,35,e1e8,24.0,True,314.0,328.0,4rrk1/5ppp/p1pb4/1p1n3q/3P2b1/1BP3P1/PP1N1PQP/R1B1R1K1,,,7,35,27,False,202208
202208016954081,35,d2e4,9.0,True,170.0,175.0,4rrk1/5ppp/p1pb4/1p1n3q/3P2b1/1BP3P1/PP1N1PQP/R1B1R1K1,,,7,35,27,False,202208
202208072739563,35,e1e8,52.0,True,491.0,580.0,4rrk1/5ppp/p1pb4/1p1n3q/3P2b1/1BP3P1/PP1N1PQP/R1B1R1K1,,,7,35,27,False,202208
202208083068102,35,e1e8,30.0,True,151.0,155.0,4rrk1/5ppp/p1pb4/1p1n3q/3P2b1/1BP3P1/PP1N1PQP/R1B1R1K1,,,7,35,27,False,202208
202208083155132,35,e1e8,3.0,True,143.0,178.0,4rrk1/5ppp/p1pb4/1p1n3q/3P2b1/1BP3P1/PP1N1PQP/R1B1R1K1,,,7,35,27,False,202208
202208083826905,35,g2f1,27.0,True,270.0,304.0,4rrk1/5ppp/p1pb4/1p1n3q/3P2b1/1BP3P1/PP1N1PQP/R1B1R1K1,,,7,35,27,False,202208
202208030174314,35,d2e4,10.0,True,91.0,156.0,4rrk1/5ppp/p1pb4/1p1n3q/3P2b1/1BP3P1/PP1N1PQP/R1B1R1K1,,,3,35,27,False,202208
202208030295615,35,e1f1,14.0,True,126.0,145.0,4rrk1/5ppp/p1pb4/1p1n3q/3P2b1/1BP3P1/PP1N1PQP/R1B1R1K1,,,7,35,27,False,202208
202208019226168,35,e1e8,11.0,True,163.0,190.0,4rrk1/5ppp/p1pb4/1p1n3q/3P2b1/1BP3P1/PP1N1PQP/R1B1R1K1,,,7,35,27,False,202208
202208019641786,35,e1e8,30.0,True,563.0,569.0,4rrk1/5ppp/p1pb4/1p1n3q/3P2b1/1BP3P1/PP1N1PQP/R1B1R1K1,,,7,35,27,False,202208
202208019952546,35,e1e8,23.0,True,130.0,162.0,4rrk1/5ppp/p1pb4/1p1n3q/3P2b1/1BP3P1/PP1N1PQP/R1B1R1K1,,,7,35,27,False,202208
202208073050617,35,e1e8,9.0,True,269.0,286.0,4rrk1/5ppp/p1pb4/1p1n3q/3P2b1/1BP3P1/PP1N1PQP/R1B1R1K1,,,7,35,27,False,202208
202208073966605,35,e1f1,38.0,True,225.0,265.0,4rrk1/5ppp/p1pb4/1p1n3q/3P2b1/1BP3P1/PP1N1PQP/R1B1R1K1,,,7,35,27,False,202208
202208015083569,35,e1e8,33.0,True,71.0,179.0,4rrk1/5ppp/p1pb4/1p1n3q/3P2b1/1BP3P1/PP1N1PQP/R1B1R1K1,,,7,35,27,False,202208
202208067259759,35,e1f1,8.0,True,175.0,191.0,4rrk1/5ppp/p1pb4/1p1n3q/3P2b1/1BP3P1/PP1N1PQP/R1B1R1K1,,,7,35,27,False,202208
202208067526548,35,e1e4,144.0,True,293.0,325.0,4rrk1/5ppp/p1pb4/1p1n3q/3P2b1/1BP3P1/PP1N1PQP/R1B1R1K1,,,7,35,27,False,202208
202208067584604,35,e1e8,14.0,True,150.0,180.0,4rrk1/5ppp/p1pb4/1p1n3q/3P2b1/1BP3P1/PP1N1PQP/R1B1R1K1,,,7,35,27,False,202208
202208067679288,39,d2e4,5.0,True,38.0,49.0,4rrk1/5ppp/p1pb4/1p1n3q/3P2b1/1BP3P1/PP1N1PQP/R1B1R1K1,,,11,35,27,False,202208
202208026312352,35,f2f3,1.0,True,89.0,117.0,4rrk1/5ppp/p1pb4/1p1n3q/3P2b1/1BP3P1/PP1N1PQP/R1B1R1K1,,,7,35,27,False,202208
202208026427696,35,e1f1,40.0,True,447.0,543.0,4rrk1/5ppp/p1pb4/1p1n3q/3P2b1/1BP3P1/PP1N1PQP/R1B1R1K1,,,7,35,27,False,202208
202208026898750,35,e1e8,3.0,True,54.0,54.0,4rrk1/5ppp/p1pb4/1p1n3q/3P2b1/1BP3P1/PP1N1PQP/R1B1R1K1,,,7,35,27,False,202208
202208079105523,35,e1e8,5.0,True,62.0,113.0,4rrk1/5ppp/p1pb4/1p1n3q/3P2b1/1BP3P1/PP1N1PQP/R1B1R1K1,,,7,35,27,False,202208
202208079196292,35,d2e4,41.0,True,551.0,572.0,4rrk1/5ppp/p1pb4/1p1n3q/3P2b1/1BP3P1/PP1N1PQP/R1B1R1K1,,,7,35,27,False,202208
202208002290600,35,e1f1,9.0,True,40.0,50.0,4rrk1/5ppp/p1pb4/1p1n3q/3P2b1/1BP3P1/PP1N1PQP/R1B1R1K1,,,7,35,27,False,202208
202208002727305,35,e1e8,16.0,True,580.0,611.0,4rrk1/5ppp/p1pb4/1p1n3q/3P2b1/1BP3P1/PP1N1PQP/R1B1R1K1,,,7,35,27,False,202208
202208014018293,35,e1f1,13.0,True,98.0,116.0,4rrk1/5ppp/p1pb4/1p1n3q/3P2b1/1BP3P1/PP1N1PQP/R1B1R1K1,,,7,35,27,False,202208
202208014019025,35,e1e8,22.0,True,582.0,638.0,4rrk1/5ppp/p1pb4/1p1n3q/3P2b1/1BP3P1/PP1N1PQP/R1B1R1K1,,,7,35,27,False,202208
202208014587250,35,d2e4,6.0,True,102.0,118.0,4rrk1/5ppp/p1pb4/1p1n3q/3P2b1/1BP3P1/PP1N1PQP/R1B1R1K1,,,7,35,27,False,202208
202208014933349,35,d2e4,12.0,True,49.0,40.0,4rrk1/5ppp/p1pb4/1p1n3q/3P2b1/1BP3P1/PP1N1PQP/R1B1R1K1,,,7,35,27,False,202208
202208014985751,35,e1e8,47.0,True,531.0,585.0,4rrk1/5ppp/p1pb4/1p1n3q/3P2b1/1BP3P1/PP1N1PQP/R1B1R1K1,,,7,35,27,False,202208
202208007433637,35,e1e8,32.0,True,82.0,74.0,4rrk1/5ppp/p1pb4/1p1n3q/3P2b1/1BP3P1/PP1N1PQP/R1B1R1K1,,,7,35,27,False,202208
202208007652615,35,e1e4,64.0,True,540.0,566.0,4rrk1/5ppp/p1pb4/1p1n3q/3P2b1/1BP3P1/PP1N1PQP/R1B1R1K1,,,7,35,27,False,202208
202208007852557,35,e1e4,9.0,True,132.0,157.0,4rrk1/5ppp/p1pb4/1p1n3q/3P2b1/1BP3P1/PP1N1PQP/R1B1R1K1,,,7,35,27,False,202208
202208024253385,35,e1e8,10.0,True,121.0,159.0,4rrk1/5ppp/p1pb4/1p1n3q/3P2b1/1BP3P1/PP1N1PQP/R1B1R1K1,,,7,35,27,False,202208
202208045076443,35,e1e4,51.0,True,463.0,541.0,4rrk1/5ppp/p1pb4/1p1n3q/3P2b1/1BP3P1/PP1N1PQP/R1B1R1K1,,,7,35,27,False,202208
202208045455407,35,e1e8,51.0,True,110.0,114.0,4rrk1/5ppp/p1pb4/1p1n3q/3P2b1/1BP3P1/PP1N1PQP/R1B1R1K1,,,7,35,27,False,202208
202208045625132,35,e1e8,3.0,True,154.0,161.0,4rrk1/5ppp/p1pb4/1p1n3q/3P2b1/1BP3P1/PP1N1PQP/R1B1R1K1,,,7,35,27,False,202208
202208045925979,35,g2f1,14.0,True,60.0,113.0,4rrk1/5ppp/p1pb4/1p1n3q/3P2b1/1BP3P1/PP1N1PQP/R1B1R1K1,,,7,35,27,False,202208
202208052162727,35,e1e8,4.0,True,119.0,122.0,4rrk1/5ppp/p1pb4/1p1n3q/3P2b1/1BP3P1/PP1N1PQP/R1B1R1K1,,,7,35,27,False,202208
202208052276473,35,g2f1,21.0,True,181.0,175.0,4rrk1/5ppp/p1pb4/1p1n3q/3P2b1/1BP3P1/PP1N1PQP/R1B1R1K1,,,7,35,27,False,202208
202208052366869,35,d2e4,33.0,True,149.0,133.0,4rrk1/5ppp/p1pb4/1p1n3q/3P2b1/1BP3P1/PP1N1PQP/R1B1R1K1,,,7,35,27,False,202208
202208052851163,35,e1e8,20.0,True,279.0,262.0,4rrk1/5ppp/p1pb4/1p1n3q/3P2b1/1BP3P1/PP1N1PQP/R1B1R1K1,,,7,35,27,False,202208
202208052879556,35,e1e4,70.0,True,553.0,545.0,4rrk1/5ppp/p1pb4/1p1n3q/3P2b1/1BP3P1/PP1N1PQP/R1B1R1K1,,,7,35,27,False,202208
202208052932109,35,f2f3,75.0,True,230.0,269.0,4rrk1/5ppp/p1pb4/1p1n3q/3P2b1/1BP3P1/PP1N1PQP/R1B1R1K1,,,7,35,27,False,202208
202208008341928,35,e1e8,11.0,True,106.0,189.0,4rrk1/5ppp/p1pb4/1p1n3q/3P2b1/1BP3P1/PP1N1PQP/R1B1R1K1,,,7,35,27,False,202208
202208008646416,35,e1e8,7.0,True,38.0,52.0,4rrk1/5ppp/p1pb4/1p1n3q/3P2b1/1BP3P1/PP1N1PQP/R1B1R1K1,,,7,35,27,False,202208
202208008823221,35,e1f1,29.0,True,461.0,526.0,4rrk1/5ppp/p1pb4/1p1n3q/3P2b1/1BP3P1/PP1N1PQP/R1B1R1K1,,,7,35,27,False,202208
202208066109467,35,e1e4,24.0,True,131.0,165.0,4rrk1/5ppp/p1pb4/1p1n3q/3P2b1/1BP3P1/PP1N1PQP/R1B1R1K1,,,7,35,27,False,202208
202208066522792,35,e1e8,12.0,True,268.0,271.0,4rrk1/5ppp/p1pb4/1p1n3q/3P2b1/1BP3P1/PP1N1PQP/R1B1R1K1,,,7,35,27,False,202208
202208066804508,35,e1e8,8.0,True,529.0,567.0,4rrk1/5ppp/p1pb4/1p1n3q/3P2b1/1BP3P1/PP1N1PQP/R1B1R1K1,,,7,35,27,False,202208
202208064037762,35,e1e8,11.0,True,38.0,48.0,4rrk1/5ppp/p1pb4/1p1n3q/3P2b1/1BP3P1/PP1N1PQP/R1B1R1K1,,,7,35,27,False,202208
202208064431936,35,g2f1,20.0,True,138.0,119.0,4rrk1/5ppp/p1pb4/1p1n3q/3P2b1/1BP3P1/PP1N1PQP/R1B1R1K1,,,7,35,27,False,202208
202208064526464,35,e1e8,19.0,True,241.0,277.0,4rrk1/5ppp/p1pb4/1p1n3q/3P2b1/1BP3P1/PP1N1PQP/R1B1R1K1,,,7,35,27,False,202208
202208041006229,35,e1e8,63.0,True,153.0,165.0,4rrk1/5ppp/p1pb4/1p1n3q/3P2b1/1BP3P1/PP1N1PQP/R1B1R1K1,,,7,35,27,False,202208
202208041076344,35,d2e4,2.0,True,143.0,163.0,4rrk1/5ppp/p1pb4/1p1n3q/3P2b1/1BP3P1/PP1N1PQP/R1B1R1K1,,,7,35,27,False,202208
202208041272238,35,d2e4,7.0,True,110.0,104.0,4rrk1/5ppp/p1pb4/1p1n3q/3P2b1/1BP3P1/PP1N1PQP/R1B1R1K1,,,7,35,27,False,202208
202208041386696,35,e1e8,15.0,True,151.0,171.0,4rrk1/5ppp/p1pb4/1p1n3q/3P2b1/1BP3P1/PP1N1PQP/R1B1R1K1,,,7,35,27,False,202208
202208041453562,35,e1e4,271.0,True,1741.0,1629.0,4rrk1/5ppp/p1pb4/1p1n3q/3P2b1/1BP3P1/PP1N1PQP/R1B1R1K1,,,7,35,27,False,202208
202208041778385,35,e1e8,11.0,True,253.0,275.0,4rrk1/5ppp/p1pb4/1p1n3q/3P2b1/1BP3P1/PP1N1PQP/R1B1R1K1,,,7,35,27,False,202208
202208041923495,35,e1f1,8.0,True,141.0,144.0,4rrk1/5ppp/p1pb4/1p1n3q/3P2b1/1BP3P1/PP1N1PQP/R1B1R1K1,,,7,35,27,False,202208
202208041924210,35,e1e8,21.0,True,127.0,160.0,4rrk1/5ppp/p1pb4/1p1n3q/3P2b1/1BP3P1/PP1N1PQP/R1B1R1K1,,,7,35,27,False,202208
202208037467142,35,e1e8,40.0,True,130.0,146.0,4rrk1/5ppp/p1pb4/1p1n3q/3P2b1/1BP3P1/PP1N1PQP/R1B1R1K1,,,7,35,27,False,202208
202208037642724,39,e1e8,88.0,True,406.0,534.0,4rrk1/5ppp/p1pb4/1p1n3q/3P2b1/1BP3P1/PP1N1PQP/R1B1R1K1,,,9,35,27,False,202208
202208037950612,35,e1e4,11.0,True,79.0,119.0,4rrk1/5ppp/p1pb4/1p1n3q/3P2b1/1BP3P1/PP1N1PQP/R1B1R1K1,,,7,35,27,False,202208
202208029086405,35,e1e8,11.0,True,255.0,267.0,4rrk1/5ppp/p1pb4/1p1n3q/3P2b1/1BP3P1/PP1N1PQP/R1B1R1K1,,,7,35,27,False,202208
202208029141233,35,e1f1,54.0,True,198.0,263.0,4rrk1/5ppp/p1pb4/1p1n3q/3P2b1/1BP3P1/PP1N1PQP/R1B1R1K1,,,7,35,27,False,202208
202208029360619,35,e1f1,6.0,True,177.0,200.0,4rrk1/5ppp/p1pb4/1p1n3q/3P2b1/1BP3P1/PP1N1PQP/R1B1R1K1,,,7,35,27,False,202208
202208091341577,35,e1e8,52.0,True,441.0,646.0,4rrk1/5ppp/p1pb4/1p1n3q/3P2b1/1BP3P1/PP1N1PQP/R1B1R1K1,,,7,35,27,False,202208
202208091700658,35,d2e4,10.0,True,154.0,167.0,4rrk1/5ppp/p1pb4/1p1n3q/3P2b1/1BP3P1/PP1N1PQP/R1B1R1K1,,,7,35,27,False,202208
202208091877509,35,g2f1,10.0,True,178.0,184.0,4rrk1/5ppp/p1pb4/1p1n3q/3P2b1/1BP3P1/PP1N1PQP/R1B1R1K1,,,7,35,27,False,202208
202208013269489,35,d2e4,3.0,True,48.0,50.0,4rrk1/5ppp/p1pb4/1p1n3q/3P2b1/1BP3P1/PP1N1PQP/R1B1R1K1,,,7,35,27,False,202208
202208013303924,39,e1e8,6.0,True,97.0,165.0,4rrk1/5ppp/p1pb4/1p1n3q/3P2b1/1BP3P1/PP1N1PQP/R1B1R1K1,,,11,35,27,False,202208
202208013837290,35,e1f1,9.0,True,99.0,171.0,4rrk1/5ppp/p1pb4/1p1n3q/3P2b1/1BP3P1/PP1N1PQP/R1B1R1K1,,,7,35,27,False,202208
202208081151622,35,e1e8,6.0,True,155.0,144.0,4rrk1/5ppp/p1pb4/1p1n3q/3P2b1/1BP3P1/PP1N1PQP/R1B1R1K1,,,7,35,27,False,202208
202208011248094,35,e1e8,22.0,True,103.0,149.0,4rrk1/5ppp/p1pb4/1p1n3q/3P2b1/1BP3P1/PP1N1PQP/R1B1R1K1,,,7,35,27,False,202208
202208011397492,35,d2e4,3.0,True,117.0,131.0,4rrk1/5ppp/p1pb4/1p1n3q/3P2b1/1BP3P1/PP1N1PQP/R1B1R1K1,,,7,35,27,False,202208
202208011656647,35,e1e8,15.0,True,260.0,282.0,4rrk1/5ppp/p1pb4/1p1n3q/3P2b1/1BP3P1/PP1N1PQP/R1B1R1K1,,,7,35,27,False,202208
202208011899376,35,e1e8,17.0,True,263.0,276.0,4rrk1/5ppp/p1pb4/1p1n3q/3P2b1/1BP3P1/PP1N1PQP/R1B1R1K1,,,7,35,27,False,202208
202208046405701,35,e1e8,36.0,True,85.0,122.0,4rrk1/5ppp/p1pb4/1p1n3q/3P2b1/1BP3P1/PP1N1PQP/R1B1R1K1,,,7,35,27,False,202208
202208046989881,35,e1e8,11.0,True,456.0,559.0,4rrk1/5ppp/p1pb4/1p1n3q/3P2b1/1BP3P1/PP1N1PQP/R1B1R1K1,,,7,35,27,False,202208
202208025556332,35,e1f1,12.0,True,529.0,558.0,4rrk1/5ppp/p1pb4/1p1n3q/3P2b1/1BP3P1/PP1N1PQP/R1B1R1K1,,,7,35,27,False,202208
202209070122981,35,e1e8,19.0,True,98.0,102.0,4rrk1/5ppp/p1pb4/1p1n3q/3P2b1/1BP3P1/PP1N1PQP/R1B1R1K1,,,7,35,27,False,202209
202209070881290,37,e1e8,40.0,True,135.0,146.0,4rrk1/5ppp/p1pb4/1p1n3q/3P2b1/1BP3P1/PP1N1PQP/R1B1R1K1,,,9,35,27,False,202209
202209048045547,35,e1e6,65.0,True,502.0,632.0,4rrk1/5ppp/p1pb4/1p1n3q/3P2b1/1BP3P1/PP1N1PQP/R1B1R1K1,,,7,35,27,False,202209
202209048378483,35,d2e4,6.0,True,40.0,49.0,4rrk1/5ppp/p1pb4/1p1n3q/3P2b1/1BP3P1/PP1N1PQP/R1B1R1K1,,,7,35,27,False,202209
202209048387209,35,d2e4,3.0,True,42.0,54.0,4rrk1/5ppp/p1pb4/1p1n3q/3P2b1/1BP3P1/PP1N1PQP/R1B1R1K1,,,7,35,27,False,202209
202209048939047,35,e1e8,3.0,True,34.0,54.0,4rrk1/5ppp/p1pb4/1p1n3q/3P2b1/1BP3P1/PP1N1PQP/R1B1R1K1,,,7,35,27,False,202209
202209048961404,35,e1e4,136.0,True,540.0,651.0,4rrk1/5ppp/p1pb4/1p1n3q/3P2b1/1BP3P1/PP1N1PQP/R1B1R1K1,,,7,35,27,False,202209
202209077093464,35,e1f1,12.0,True,163.0,190.0,4rrk1/5ppp/p1pb4/1p1n3q/3P2b1/1BP3P1/PP1N1PQP/R1B1R1K1,,,7,35,27,False,202209
202209077532203,35,e1e8,89.0,True,217.0,266.0,4rrk1/5ppp/p1pb4/1p1n3q/3P2b1/1BP3P1/PP1N1PQP/R1B1R1K1,,,7,35,27,False,202209
202209077580059,35,e1e8,56.0,True,159.0,253.0,4rrk1/5ppp/p1pb4/1p1n3q/3P2b1/1BP3P1/PP1N1PQP/R1B1R1K1,,,7,35,27,False,202209
202209077944897,35,f2f3,5.0,True,251.0,285.0,4rrk1/5ppp/p1pb4/1p1n3q/3P2b1/1BP3P1/PP1N1PQP/R1B1R1K1,,,7,35,27,False,202209
202209035056463,35,e1e8,13.0,True,554.0,592.0,4rrk1/5ppp/p1pb4/1p1n3q/3P2b1/1BP3P1/PP1N1PQP/R1B1R1K1,,,7,35,27,False,202209
202209035059239,35,e1f1,5.0,True,157.0,166.0,4rrk1/5ppp/p1pb4/1p1n3q/3P2b1/1BP3P1/PP1N1PQP/R1B1R1K1,,,7,35,27,False,202209
202209032611966,35,e1e8,5.0,True,119.0,163.0,4rrk1/5ppp/p1pb4/1p1n3q/3P2b1/1BP3P1/PP1N1PQP/R1B1R1K1,,,7,35,27,False,202209
202209032615247,35,g2f1,18.0,True,539.0,527.0,4rrk1/5ppp/p1pb4/1p1n3q/3P2b1/1BP3P1/PP1N1PQP/R1B1R1K1,,,7,35,27,False,202209
202209006148398,35,e1e8,2.0,True,126.0,138.0,4rrk1/5ppp/p1pb4/1p1n3q/3P2b1/1BP3P1/PP1N1PQP/R1B1R1K1,,,7,35,27,False,202209
202209006366903,35,e1f1,7.0,True,259.0,280.0,4rrk1/5ppp/p1pb4/1p1n3q/3P2b1/1BP3P1/PP1N1PQP/R1B1R1K1,,,7,35,27,False,202209
202209006557994,35,e1e8,6.0,True,91.0,122.0,4rrk1/5ppp/p1pb4/1p1n3q/3P2b1/1BP3P1/PP1N1PQP/R1B1R1K1,,,7,35,27,False,202209
202209006603347,35,e1f1,21.0,True,262.0,232.0,4rrk1/5ppp/p1pb4/1p1n3q/3P2b1/1BP3P1/PP1N1PQP/R1B1R1K1,,,7,35,27,False,202209
202209006743815,35,e1e4,40.0,True,560.0,578.0,4rrk1/5ppp/p1pb4/1p1n3q/3P2b1/1BP3P1/PP1N1PQP/R1B1R1K1,,,7,35,27,False,202209
202209006980011,35,d2e4,5.0,True,45.0,45.0,4rrk1/5ppp/p1pb4/1p1n3q/3P2b1/1BP3P1/PP1N1PQP/R1B1R1K1,,,7,35,27,False,202209
202209087169786,35,e1e8,107.0,True,458.0,559.0,4rrk1/5ppp/p1pb4/1p1n3q/3P2b1/1BP3P1/PP1N1PQP/R1B1R1K1,,,7,35,27,False,202209
202209087485060,35,e1e8,15.0,True,138.0,196.0,4rrk1/5ppp/p1pb4/1p1n3q/3P2b1/1BP3P1/PP1N1PQP/R1B1R1K1,,,7,35,27,False,202209
202209087666398,35,d2e4,8.0,True,144.0,153.0,4rrk1/5ppp/p1pb4/1p1n3q/3P2b1/1BP3P1/PP1N1PQP/R1B1R1K1,,,7,35,27,False,202209
202209087786848,35,e1e8,9.0,True,186.0,256.0,4rrk1/5ppp/p1pb4/1p1n3q/3P2b1/1BP3P1/PP1N1PQP/R1B1R1K1,,,7,35,27,False,202209
202209087790397,35,e1e8,8.0,True,141.0,159.0,4rrk1/5ppp/p1pb4/1p1n3q/3P2b1/1BP3P1/PP1N1PQP/R1B1R1K1,,,7,35,27,False,202209
202209087811348,35,e1e8,3.0,True,252.0,294.0,4rrk1/5ppp/p1pb4/1p1n3q/3P2b1/1BP3P1/PP1N1PQP/R1B1R1K1,,,7,35,27,False,202209
202209065623230,35,e1e8,45.0,True,270.0,284.0,4rrk1/5ppp/p1pb4/1p1n3q/3P2b1/1BP3P1/PP1N1PQP/R1B1R1K1,,,7,35,27,False,202209
202209049402170,35,d2e4,6.0,True,132.0,139.0,4rrk1/5ppp/p1pb4/1p1n3q/3P2b1/1BP3P1/PP1N1PQP/R1B1R1K1,,,7,35,27,False,202209
202209001282051,35,e1e8,44.0,True,197.0,263.0,4rrk1/5ppp/p1pb4/1p1n3q/3P2b1/1BP3P1/PP1N1PQP/R1B1R1K1,,,7,35,27,False,202209
202209001348835,35,d2e4,22.0,True,201.0,273.0,4rrk1/5ppp/p1pb4/1p1n3q/3P2b1/1BP3P1/PP1N1PQP/R1B1R1K1,,,7,35,27,False,202209
202209001628473,35,e1e8,44.0,True,253.0,274.0,4rrk1/5ppp/p1pb4/1p1n3q/3P2b1/1BP3P1/PP1N1PQP/R1B1R1K1,,,7,35,27,False,202209
202209005071431,35,e1e8,75.0,True,542.0,519.0,4rrk1/5ppp/p1pb4/1p1n3q/3P2b1/1BP3P1/PP1N1PQP/R1B1R1K1,,,7,35,27,False,202209
202209005122497,35,e1f1,49.0,True,347.0,612.0,4rrk1/5ppp/p1pb4/1p1n3q/3P2b1/1BP3P1/PP1N1PQP/R1B1R1K1,,,7,35,27,False,202209
202209005456128,35,d2e4,26.0,True,554.0,573.0,4rrk1/5ppp/p1pb4/1p1n3q/3P2b1/1BP3P1/PP1N1PQP/R1B1R1K1,,,7,35,27,False,202209
202209005642055,35,e1e8,13.0,True,154.0,158.0,4rrk1/5ppp/p1pb4/1p1n3q/3P2b1/1BP3P1/PP1N1PQP/R1B1R1K1,,,7,35,27,False,202209
202209005950051,35,e1e8,45.0,True,149.0,169.0,4rrk1/5ppp/p1pb4/1p1n3q/3P2b1/1BP3P1/PP1N1PQP/R1B1R1K1,,,7,35,27,False,202209
202209090105566,35,e1e8,15.0,True,152.0,180.0,4rrk1/5ppp/p1pb4/1p1n3q/3P2b1/1BP3P1/PP1N1PQP/R1B1R1K1,,,7,35,27,False,202209
202209090171867,35,d2e4,12.0,True,137.0,170.0,4rrk1/5ppp/p1pb4/1p1n3q/3P2b1/1BP3P1/PP1N1PQP/R1B1R1K1,,,7,35,27,False,202209
202209061124025,35,g2f1,12.0,True,48.0,52.0,4rrk1/5ppp/p1pb4/1p1n3q/3P2b1/1BP3P1/PP1N1PQP/R1B1R1K1,,,7,35,27,False,202209
202209061137501,35,d2e4,5.0,True,39.0,47.0,4rrk1/5ppp/p1pb4/1p1n3q/3P2b1/1BP3P1/PP1N1PQP/R1B1R1K1,,,7,35,27,False,202209
202209061723188,35,d2e4,3.0,True,126.0,167.0,4rrk1/5ppp/p1pb4/1p1n3q/3P2b1/1BP3P1/PP1N1PQP/R1B1R1K1,,,7,35,27,False,202209
202209061786315,35,e1e8,7.0,True,133.0,178.0,4rrk1/5ppp/p1pb4/1p1n3q/3P2b1/1BP3P1/PP1N1PQP/R1B1R1K1,,,7,35,27,False,202209
202209057188446,35,e1e4,19.0,True,149.0,173.0,4rrk1/5ppp/p1pb4/1p1n3q/3P2b1/1BP3P1/PP1N1PQP/R1B1R1K1,,,7,35,27,False,202209
202209057684083,35,e1e8,59.0,True,124.0,152.0,4rrk1/5ppp/p1pb4/1p1n3q/3P2b1/1BP3P1/PP1N1PQP/R1B1R1K1,,,7,35,27,False,202209
202209057747133,35,e1e8,4.0,True,89.0,163.0,4rrk1/5ppp/p1pb4/1p1n3q/3P2b1/1BP3P1/PP1N1PQP/R1B1R1K1,,,7,35,27,False,202209
202209036454857,35,e1e8,72.0,True,126.0,141.0,4rrk1/5ppp/p1pb4/1p1n3q/3P2b1/1BP3P1/PP1N1PQP/R1B1R1K1,,,7,35,27,False,202209
202209036672626,39,e1e8,6.0,True,61.0,83.0,4rrk1/5ppp/p1pb4/1p1n3q/3P2b1/1BP3P1/PP1N1PQP/R1B1R1K1,,,9,35,27,False,202209
202209036835361,35,e1e8,29.0,True,137.0,197.0,4rrk1/5ppp/p1pb4/1p1n3q/3P2b1/1BP3P1/PP1N1PQP/R1B1R1K1,,,7,35,27,False,202209
202209023254667,35,e1e8,11.0,True,132.0,190.0,4rrk1/5ppp/p1pb4/1p1n3q/3P2b1/1BP3P1/PP1N1PQP/R1B1R1K1,,,7,35,27,False,202209
202209023270602,35,g2f1,20.0,True,580.0,616.0,4rrk1/5ppp/p1pb4/1p1n3q/3P2b1/1BP3P1/PP1N1PQP/R1B1R1K1,,,7,35,27,False,202209
202209023537546,35,e1e8,3.0,True,128.0,149.0,4rrk1/5ppp/p1pb4/1p1n3q/3P2b1/1BP3P1/PP1N1PQP/R1B1R1K1,,,7,35,27,False,202209
202209023564365,35,e1e8,89.0,True,469.0,637.0,4rrk1/5ppp/p1pb4/1p1n3q/3P2b1/1BP3P1/PP1N1PQP/R1B1R1K1,,,7,35,27,False,202209
202209023598901,35,e1e8,74.0,True,281.0,320.0,4rrk1/5ppp/p1pb4/1p1n3q/3P2b1/1BP3P1/PP1N1PQP/R1B1R1K1,,,7,35,27,False,202209
202209023848215,35,d2e4,7.0,True,162.0,193.0,4rrk1/5ppp/p1pb4/1p1n3q/3P2b1/1BP3P1/PP1N1PQP/R1B1R1K1,,,7,35,27,False,202209
202209085012581,35,e1e8,6.0,True,1710.0,1574.0,4rrk1/5ppp/p1pb4/1p1n3q/3P2b1/1BP3P1/PP1N1PQP/R1B1R1K1,,,7,35,27,False,202209
202209085564302,39,e1e8,11.0,True,262.0,266.0,4rrk1/5ppp/p1pb4/1p1n3q/3P2b1/1BP3P1/PP1N1PQP/R1B1R1K1,,,11,35,27,False,202209
202209085733435,35,e1e8,31.0,True,176.0,180.0,4rrk1/5ppp/p1pb4/1p1n3q/3P2b1/1BP3P1/PP1N1PQP/R1B1R1K1,,,7,35,27,False,202209
202209085820677,35,d2e4,10.0,True,161.0,153.0,4rrk1/5ppp/p1pb4/1p1n3q/3P2b1/1BP3P1/PP1N1PQP/R1B1R1K1,,,7,35,27,False,202209
202209009443845,35,e1e8,7.0,True,46.0,50.0,4rrk1/5ppp/p1pb4/1p1n3q/3P2b1/1BP3P1/PP1N1PQP/R1B1R1K1,,,7,35,27,False,202209
202209009875234,35,d2e4,11.0,True,154.0,158.0,4rrk1/5ppp/p1pb4/1p1n3q/3P2b1/1BP3P1/PP1N1PQP/R1B1R1K1,,,7,35,27,False,202209
202209063163544,35,e1e8,8.0,True,886.0,763.0,4rrk1/5ppp/p1pb4/1p1n3q/3P2b1/1BP3P1/PP1N1PQP/R1B1R1K1,,,7,35,27,False,202209
202209063393756,35,e1e8,3.0,True,157.0,154.0,4rrk1/5ppp/p1pb4/1p1n3q/3P2b1/1BP3P1/PP1N1PQP/R1B1R1K1,,,7,35,27,False,202209
202209063609371,35,e1f1,12.0,True,124.0,135.0,4rrk1/5ppp/p1pb4/1p1n3q/3P2b1/1BP3P1/PP1N1PQP/R1B1R1K1,,,7,35,27,False,202209
202209063701363,35,g1f1,20.0,True,144.0,159.0,4rrk1/5ppp/p1pb4/1p1n3q/3P2b1/1BP3P1/PP1N1PQP/R1B1R1K1,,,7,35,27,False,202209
202209063910447,35,e1e8,54.0,True,783.0,944.0,4rrk1/5ppp/p1pb4/1p1n3q/3P2b1/1BP3P1/PP1N1PQP/R1B1R1K1,,,7,35,27,False,202209
202209063940018,35,e1e8,7.0,True,247.0,287.0,4rrk1/5ppp/p1pb4/1p1n3q/3P2b1/1BP3P1/PP1N1PQP/R1B1R1K1,,,7,35,27,False,202209
202209059275614,35,e1e4,73.0,True,93.0,117.0,4rrk1/5ppp/p1pb4/1p1n3q/3P2b1/1BP3P1/PP1N1PQP/R1B1R1K1,,,7,35,27,False,202209
202209059432615,35,e1e8,64.0,True,126.0,166.0,4rrk1/5ppp/p1pb4/1p1n3q/3P2b1/1BP3P1/PP1N1PQP/R1B1R1K1,,,7,35,27,False,202209
202209059903887,35,e1f1,143.0,True,244.0,240.0,4rrk1/5ppp/p1pb4/1p1n3q/3P2b1/1BP3P1/PP1N1PQP/R1B1R1K1,,,7,35,27,False,202209
202209074026897,35,e1f1,11.0,True,149.0,168.0,4rrk1/5ppp/p1pb4/1p1n3q/3P2b1/1BP3P1/PP1N1PQP/R1B1R1K1,,,7,35,27,False,202209
202209074386350,35,e1e8,127.0,True,515.0,575.0,4rrk1/5ppp/p1pb4/1p1n3q/3P2b1/1BP3P1/PP1N1PQP/R1B1R1K1,,,7,35,27,False,202209
202209074471676,35,e1e8,66.0,True,261.0,139.0,4rrk1/5ppp/p1pb4/1p1n3q/3P2b1/1BP3P1/PP1N1PQP/R1B1R1K1,,,7,35,27,False,202209
202209040013280,35,e1f1,29.0,True,435.0,267.0,4rrk1/5ppp/p1pb4/1p1n3q/3P2b1/1BP3P1/PP1N1PQP/R1B1R1K1,,,7,35,27,False,202209
202209021282368,35,e1e8,43.0,True,313.0,330.0,4rrk1/5ppp/p1pb4/1p1n3q/3P2b1/1BP3P1/PP1N1PQP/R1B1R1K1,,,7,35,27,False,202209
202209021746324,35,e1e8,8.0,True,1761.0,1729.0,4rrk1/5ppp/p1pb4/1p1n3q/3P2b1/1BP3P1/PP1N1PQP/R1B1R1K1,,,7,35,27,False,202209
202209021964954,39,d2e4,6.0,True,33.0,43.0,4rrk1/5ppp/p1pb4/1p1n3q/3P2b1/1BP3P1/PP1N1PQP/R1B1R1K1,,,11,35,27,False,202209
202209062019802,35,e1f1,36.0,True,196.0,274.0,4rrk1/5ppp/p1pb4/1p1n3q/3P2b1/1BP3P1/PP1N1PQP/R1B1R1K1,,,7,35,27,False,202209
202209022353764,35,d2e4,6.0,True,102.0,156.0,4rrk1/5ppp/p1pb4/1p1n3q/3P2b1/1BP3P1/PP1N1PQP/R1B1R1K1,,,7,35,27,False,202209
202209022539444,35,e1e8,7.0,True,142.0,151.0,4rrk1/5ppp/p1pb4/1p1n3q/3P2b1/1BP3P1/PP1N1PQP/R1B1R1K1,,,7,35,27,False,202209
202209022566897,35,e1f1,22.0,True,213.0,261.0,4rrk1/5ppp/p1pb4/1p1n3q/3P2b1/1BP3P1/PP1N1PQP/R1B1R1K1,,,7,35,27,False,202209
202209022709295,35,e1e8,13.0,True,477.0,530.0,4rrk1/5ppp/p1pb4/1p1n3q/3P2b1/1BP3P1/PP1N1PQP/R1B1R1K1,,,7,35,27,False,202209
202209042395620,35,e1e8,53.0,True,163.0,159.0,4rrk1/5ppp/p1pb4/1p1n3q/3P2b1/1BP3P1/PP1N1PQP/R1B1R1K1,,,7,35,27,False,202209
202209042456937,35,d2e4,6.0,True,35.0,42.0,4rrk1/5ppp/p1pb4/1p1n3q/3P2b1/1BP3P1/PP1N1PQP/R1B1R1K1,,,7,35,27,False,202209
202209042634751,35,d2e4,8.0,True,152.0,164.0,4rrk1/5ppp/p1pb4/1p1n3q/3P2b1/1BP3P1/PP1N1PQP/R1B1R1K1,,,7,35,27,False,202209
202209038072720,35,e1e8,8.0,True,164.0,177.0,4rrk1/5ppp/p1pb4/1p1n3q/3P2b1/1BP3P1/PP1N1PQP/R1B1R1K1,,,7,35,27,False,202209
202209038569267,35,e1e4,20.0,True,180.0,183.0,4rrk1/5ppp/p1pb4/1p1n3q/3P2b1/1BP3P1/PP1N1PQP/R1B1R1K1,,,7,35,27,False,202209
202209038771620,35,e1e8,92.0,True,423.0,593.0,4rrk1/5ppp/p1pb4/1p1n3q/3P2b1/1BP3P1/PP1N1PQP/R1B1R1K1,,,7,35,27,False,202209
202209038936083,35,e1e8,14.0,True,136.0,169.0,4rrk1/5ppp/p1pb4/1p1n3q/3P2b1/1BP3P1/PP1N1PQP/R1B1R1K1,,,7,35,27,False,202209
202209039029729,35,d2e4,18.0,True,85.0,163.0,4rrk1/5ppp/p1pb4/1p1n3q/3P2b1/1BP3P1/PP1N1PQP/R1B1R1K1,,,7,35,27,False,202209
202209039292485,35,d2e4,3.0,True,270.0,262.0,4rrk1/5ppp/p1pb4/1p1n3q/3P2b1/1BP3P1/PP1N1PQP/R1B1R1K1,,,7,35,27,False,202209
202209039559473,35,e1e8,15.0,True,421.0,506.0,4rrk1/5ppp/p1pb4/1p1n3q/3P2b1/1BP3P1/PP1N1PQP/R1B1R1K1,,,7,35,27,False,202209
202209039954264,35,e1e8,63.0,True,178.0,279.0,4rrk1/5ppp/p1pb4/1p1n3q/3P2b1/1BP3P1/PP1N1PQP/R1B1R1K1,,,7,35,27,False,202209
202209039965121,35,d2e4,60.0,True,170.0,160.0,4rrk1/5ppp/p1pb4/1p1n3q/3P2b1/1BP3P1/PP1N1PQP/R1B1R1K1,,,7,35,27,False,202209
202209084229538,35,e1e8,12.0,True,165.0,183.0,4rrk1/5ppp/p1pb4/1p1n3q/3P2b1/1BP3P1/PP1N1PQP/R1B1R1K1,,,7,35,27,False,202209
202209084436814,35,d2e4,3.0,True,547.0,578.0,4rrk1/5ppp/p1pb4/1p1n3q/3P2b1/1BP3P1/PP1N1PQP/R1B1R1K1,,,7,35,27,False,202209
202209084884941,35,e1e8,4.0,True,264.0,246.0,4rrk1/5ppp/p1pb4/1p1n3q/3P2b1/1BP3P1/PP1N1PQP/R1B1R1K1,,,7,35,27,False,202209
202209084926457,35,e1e8,5.0,True,592.0,567.0,4rrk1/5ppp/p1pb4/1p1n3q/3P2b1/1BP3P1/PP1N1PQP/R1B1R1K1,,,7,35,27,False,202209
202209080290251,35,e1e8,7.0,True,142.0,164.0,4rrk1/5ppp/p1pb4/1p1n3q/3P2b1/1BP3P1/PP1N1PQP/R1B1R1K1,,,7,35,27,False,202209
202209051911157,35,e1e8,19.0,True,231.0,264.0,4rrk1/5ppp/p1pb4/1p1n3q/3P2b1/1BP3P1/PP1N1PQP/R1B1R1K1,,,7,35,27,False,202209
202209069764880,35,d2e4,12.0,True,262.0,299.0,4rrk1/5ppp/p1pb4/1p1n3q/3P2b1/1BP3P1/PP1N1PQP/R1B1R1K1,,,7,35,27,False,202209
202209069961374,35,d2e4,5.0,True,145.0,163.0,4rrk1/5ppp/p1pb4/1p1n3q/3P2b1/1BP3P1/PP1N1PQP/R1B1R1K1,,,7,35,27,False,202209
202209069970621,35,e1e8,11.0,True,93.0,96.0,4rrk1/5ppp/p1pb4/1p1n3q/3P2b1/1BP3P1/PP1N1PQP/R1B1R1K1,,,7,35,27,False,202209
202209082222875,35,e1e4,74.0,True,277.0,282.0,4rrk1/5ppp/p1pb4/1p1n3q/3P2b1/1BP3P1/PP1N1PQP/R1B1R1K1,,,7,35,27,False,202209
202209082663779,35,e1e8,14.0,True,174.0,194.0,4rrk1/5ppp/p1pb4/1p1n3q/3P2b1/1BP3P1/PP1N1PQP/R1B1R1K1,,,7,35,27,False,202209
202209003605326,35,e1f1,18.0,True,653.0,657.0,4rrk1/5ppp/p1pb4/1p1n3q/3P2b1/1BP3P1/PP1N1PQP/R1B1R1K1,,,7,35,27,False,202209
202209003779625,35,e1f1,17.0,True,265.0,298.0,4rrk1/5ppp/p1pb4/1p1n3q/3P2b1/1BP3P1/PP1N1PQP/R1B1R1K1,,,7,35,27,False,202209
202209003779625,39,e1f1,11.0,True,251.0,218.0,4rrk1/5ppp/p1pb4/1p1n3q/3P2b1/1BP3P1/PP1N1PQP/R1B1R1K1,,,11,35,27,False,202209
202209055135805,35,e1e8,43.0,True,145.0,170.0,4rrk1/5ppp/p1pb4/1p1n3q/3P2b1/1BP3P1/PP1N1PQP/R1B1R1K1,,,7,35,27,False,202209
202209055308276,35,e1f1,18.0,True,134.0,141.0,4rrk1/5ppp/p1pb4/1p1n3q/3P2b1/1BP3P1/PP1N1PQP/R1B1R1K1,,,7,35,27,False,202209
202209055395905,35,e1f1,18.0,True,145.0,157.0,4rrk1/5ppp/p1pb4/1p1n3q/3P2b1/1BP3P1/PP1N1PQP/R1B1R1K1,,,7,35,27,False,202209
202209055526522,35,e1e8,50.0,True,294.0,288.0,4rrk1/5ppp/p1pb4/1p1n3q/3P2b1/1BP3P1/PP1N1PQP/R1B1R1K1,,,7,35,27,False,202209
202209020012816,35,g2f1,13.0,True,176.0,196.0,4rrk1/5ppp/p1pb4/1p1n3q/3P2b1/1BP3P1/PP1N1PQP/R1B1R1K1,,,7,35,27,False,202209
202209020058559,35,e1e8,35.0,True,114.0,155.0,4rrk1/5ppp/p1pb4/1p1n3q/3P2b1/1BP3P1/PP1N1PQP/R1B1R1K1,,,7,35,27,False,202209
202209020323094,35,e1e8,22.0,True,165.0,169.0,4rrk1/5ppp/p1pb4/1p1n3q/3P2b1/1BP3P1/PP1N1PQP/R1B1R1K1,,,7,35,27,False,202209
202209004242029,35,d2e4,2.0,True,98.0,122.0,4rrk1/5ppp/p1pb4/1p1n3q/3P2b1/1BP3P1/PP1N1PQP/R1B1R1K1,,,7,35,27,False,202209
202209004450830,35,e1e8,6.0,True,36.0,51.0,4rrk1/5ppp/p1pb4/1p1n3q/3P2b1/1BP3P1/PP1N1PQP/R1B1R1K1,,,7,35,27,False,202209
202209004616911,35,e1e8,39.0,True,133.0,161.0,4rrk1/5ppp/p1pb4/1p1n3q/3P2b1/1BP3P1/PP1N1PQP/R1B1R1K1,,,7,35,27,False,202209
202209004695589,35,e1e8,12.0,True,72.0,117.0,4rrk1/5ppp/p1pb4/1p1n3q/3P2b1/1BP3P1/PP1N1PQP/R1B1R1K1,,,7,35,27,False,202209
202209004848139,35,e1e8,13.0,True,145.0,160.0,4rrk1/5ppp/p1pb4/1p1n3q/3P2b1/1BP3P1/PP1N1PQP/R1B1R1K1,,,7,35,27,False,202209
202209031485312,35,d2e4,38.0,True,423.0,512.0,4rrk1/5ppp/p1pb4/1p1n3q/3P2b1/1BP3P1/PP1N1PQP/R1B1R1K1,,,7,35,27,False,202209
202209031881912,35,d2e4,8.0,True,95.0,123.0,4rrk1/5ppp/p1pb4/1p1n3q/3P2b1/1BP3P1/PP1N1PQP/R1B1R1K1,,,7,35,27,False,202209
202209031972772,35,d2e4,5.0,True,36.0,49.0,4rrk1/5ppp/p1pb4/1p1n3q/3P2b1/1BP3P1/PP1N1PQP/R1B1R1K1,,,7,35,27,False,202209
202209060127434,35,e1e8,3.0,True,164.0,184.0,4rrk1/5ppp/p1pb4/1p1n3q/3P2b1/1BP3P1/PP1N1PQP/R1B1R1K1,,,7,35,27,False,202209
202209060284864,35,e1e8,8.0,True,95.0,117.0,4rrk1/5ppp/p1pb4/1p1n3q/3P2b1/1BP3P1/PP1N1PQP/R1B1R1K1,,,7,35,27,False,202209
202209060775847,35,e1e8,5.0,True,85.0,176.0,4rrk1/5ppp/p1pb4/1p1n3q/3P2b1/1BP3P1/PP1N1PQP/R1B1R1K1,,,7,35,27,False,202209
202209060819154,35,e1e8,21.0,True,116.0,158.0,4rrk1/5ppp/p1pb4/1p1n3q/3P2b1/1BP3P1/PP1N1PQP/R1B1R1K1,,,7,35,27,False,202209
202209056210938,35,e1e8,27.0,True,470.0,581.0,4rrk1/5ppp/p1pb4/1p1n3q/3P2b1/1BP3P1/PP1N1PQP/R1B1R1K1,,,7,35,27,False,202209
202209056786362,35,d2e4,40.0,True,155.0,265.0,4rrk1/5ppp/p1pb4/1p1n3q/3P2b1/1BP3P1/PP1N1PQP/R1B1R1K1,,,7,35,27,False,202209
202209056799056,37,d2e4,12.0,True,71.0,83.0,4rrk1/5ppp/p1pb4/1p1n3q/3P2b1/1BP3P1/PP1N1PQP/R1B1R1K1,,,7,35,27,False,202209
202209058862373,35,e1e8,31.0,True,216.0,268.0,4rrk1/5ppp/p1pb4/1p1n3q/3P2b1/1BP3P1/PP1N1PQP/R1B1R1K1,,,7,35,27,False,202209
202209058890526,35,e1e8,8.0,True,302.0,280.0,4rrk1/5ppp/p1pb4/1p1n3q/3P2b1/1BP3P1/PP1N1PQP/R1B1R1K1,,,7,35,27,False,202209
202209058959039,35,e1e8,3.0,True,35.0,40.0,4rrk1/5ppp/p1pb4/1p1n3q/3P2b1/1BP3P1/PP1N1PQP/R1B1R1K1,,,7,35,27,False,202209
202209068217027,35,e1e8,3.0,True,116.0,119.0,4rrk1/5ppp/p1pb4/1p1n3q/3P2b1/1BP3P1/PP1N1PQP/R1B1R1K1,,,7,35,27,False,202209
202209068363543,35,d2e4,6.0,True,47.0,53.0,4rrk1/5ppp/p1pb4/1p1n3q/3P2b1/1BP3P1/PP1N1PQP/R1B1R1K1,,,7,35,27,False,202209
202209068966298,35,e1e8,15.0,True,557.0,640.0,4rrk1/5ppp/p1pb4/1p1n3q/3P2b1/1BP3P1/PP1N1PQP/R1B1R1K1,,,7,35,27,False,202209
202209068978556,35,e1e4,40.0,True,171.0,192.0,4rrk1/5ppp/p1pb4/1p1n3q/3P2b1/1BP3P1/PP1N1PQP/R1B1R1K1,,,7,35,27,False,202209
202209012405837,35,e1e8,6.0,True,179.0,258.0,4rrk1/5ppp/p1pb4/1p1n3q/3P2b1/1BP3P1/PP1N1PQP/R1B1R1K1,,,3,35,27,False,202209
202209012408071,35,e1e4,41.0,True,119.0,132.0,4rrk1/5ppp/p1pb4/1p1n3q/3P2b1/1BP3P1/PP1N1PQP/R1B1R1K1,,,7,35,27,False,202209
202209012583069,35,e1f1,6.0,True,146.0,154.0,4rrk1/5ppp/p1pb4/1p1n3q/3P2b1/1BP3P1/PP1N1PQP/R1B1R1K1,,,7,35,27,False,202209
202209012938355,35,e1e8,34.0,True,267.0,266.0,4rrk1/5ppp/p1pb4/1p1n3q/3P2b1/1BP3P1/PP1N1PQP/R1B1R1K1,,,7,35,27,False,202209
202209078326604,35,e1e4,96.0,True,157.0,205.0,4rrk1/5ppp/p1pb4/1p1n3q/3P2b1/1BP3P1/PP1N1PQP/R1B1R1K1,,,7,35,27,False,202209
202209078908960,35,e1e8,33.0,True,272.0,267.0,4rrk1/5ppp/p1pb4/1p1n3q/3P2b1/1BP3P1/PP1N1PQP/R1B1R1K1,,,7,35,27,False,202209
202209078938259,35,e1e8,21.0,True,94.0,188.0,4rrk1/5ppp/p1pb4/1p1n3q/3P2b1/1BP3P1/PP1N1PQP/R1B1R1K1,,,7,35,27,False,202209
202209027077850,35,e1e8,14.0,True,146.0,153.0,4rrk1/5ppp/p1pb4/1p1n3q/3P2b1/1BP3P1/PP1N1PQP/R1B1R1K1,,,7,35,27,False,202209
202209027260137,35,e1e8,25.0,True,159.0,171.0,4rrk1/5ppp/p1pb4/1p1n3q/3P2b1/1BP3P1/PP1N1PQP/R1B1R1K1,,,7,35,27,False,202209
202209027533978,35,d2e4,8.0,True,105.0,188.0,4rrk1/5ppp/p1pb4/1p1n3q/3P2b1/1BP3P1/PP1N1PQP/R1B1R1K1,,,7,35,27,False,202209
202209027887944,35,e1e8,10.0,True,244.0,289.0,4rrk1/5ppp/p1pb4/1p1n3q/3P2b1/1BP3P1/PP1N1PQP/R1B1R1K1,,,7,35,27,False,202209
202209043780405,35,e1e8,23.0,True,72.0,102.0,4rrk1/5ppp/p1pb4/1p1n3q/3P2b1/1BP3P1/PP1N1PQP/R1B1R1K1,,,7,35,27,False,202209
202209050025228,35,e1e8,7.0,True,133.0,158.0,4rrk1/5ppp/p1pb4/1p1n3q/3P2b1/1BP3P1/PP1N1PQP/R1B1R1K1,,,7,35,27,False,202209
202209050173717,35,e1e4,39.0,True,137.0,161.0,4rrk1/5ppp/p1pb4/1p1n3q/3P2b1/1BP3P1/PP1N1PQP/R1B1R1K1,,,7,35,27,False,202209
202209050770545,35,b3d5,7.0,True,258.0,257.0,4rrk1/5ppp/p1pb4/1p1n3q/3P2b1/1BP3P1/PP1N1PQP/R1B1R1K1,,,7,35,27,False,202209
202209050905217,35,g2f1,24.0,True,269.0,285.0,4rrk1/5ppp/p1pb4/1p1n3q/3P2b1/1BP3P1/PP1N1PQP/R1B1R1K1,,,7,35,27,False,202209
202209088039193,35,g2h1,36.0,True,158.0,188.0,4rrk1/5ppp/p1pb4/1p1n3q/3P2b1/1BP3P1/PP1N1PQP/R1B1R1K1,,,7,35,27,False,202209
202209028388044,35,e1e8,68.0,True,302.0,327.0,4rrk1/5ppp/p1pb4/1p1n3q/3P2b1/1BP3P1/PP1N1PQP/R1B1R1K1,,,7,35,27,False,202209
202209028503220,35,e1e8,51.0,True,487.0,536.0,4rrk1/5ppp/p1pb4/1p1n3q/3P2b1/1BP3P1/PP1N1PQP/R1B1R1K1,,,7,35,27,False,202209
202209071143268,35,e1e8,26.0,True,542.0,579.0,4rrk1/5ppp/p1pb4/1p1n3q/3P2b1/1BP3P1/PP1N1PQP/R1B1R1K1,,,7,35,27,False,202209
202209071769605,35,e1e8,38.0,True,135.0,163.0,4rrk1/5ppp/p1pb4/1p1n3q/3P2b1/1BP3P1/PP1N1PQP/R1B1R1K1,,,7,35,27,False,202209
202209071813721,35,e1e8,8.0,True,86.0,108.0,4rrk1/5ppp/p1pb4/1p1n3q/3P2b1/1BP3P1/PP1N1PQP/R1B1R1K1,,,7,35,27,False,202209
202209071896163,35,e1e8,2.0,True,163.0,189.0,4rrk1/5ppp/p1pb4/1p1n3q/3P2b1/1BP3P1/PP1N1PQP/R1B1R1K1,,,7,35,27,False,202209
202209071969481,35,e1e8,5.0,True,74.0,102.0,4rrk1/5ppp/p1pb4/1p1n3q/3P2b1/1BP3P1/PP1N1PQP/R1B1R1K1,,,7,35,27,False,202209
202209076240174,35,e1f1,1.0,True,42.0,48.0,4rrk1/5ppp/p1pb4/1p1n3q/3P2b1/1BP3P1/PP1N1PQP/R1B1R1K1,,,7,35,27,False,202209
202209076246335,35,e1e8,4.0,True,252.0,247.0,4rrk1/5ppp/p1pb4/1p1n3q/3P2b1/1BP3P1/PP1N1PQP/R1B1R1K1,,,7,35,27,False,202209
202209076333612,35,e1e8,9.0,True,136.0,156.0,4rrk1/5ppp/p1pb4/1p1n3q/3P2b1/1BP3P1/PP1N1PQP/R1B1R1K1,,,7,35,27,False,202209
202209076417981,35,e1e8,12.0,True,75.0,112.0,4rrk1/5ppp/p1pb4/1p1n3q/3P2b1/1BP3P1/PP1N1PQP/R1B1R1K1,,,7,35,27,False,202209
202209076459052,35,e1f1,12.0,True,119.0,159.0,4rrk1/5ppp/p1pb4/1p1n3q/3P2b1/1BP3P1/PP1N1PQP/R1B1R1K1,,,7,35,27,False,202209
202209076777732,35,e1e8,64.0,True,197.0,277.0,4rrk1/5ppp/p1pb4/1p1n3q/3P2b1/1BP3P1/PP1N1PQP/R1B1R1K1,,,7,35,27,False,202209
202209076893566,37,e1f1,8.0,True,131.0,163.0,4rrk1/5ppp/p1pb4/1p1n3q/3P2b1/1BP3P1/PP1N1PQP/R1B1R1K1,,,7,35,27,False,202209
202209017417151,35,e1e8,12.0,True,536.0,541.0,4rrk1/5ppp/p1pb4/1p1n3q/3P2b1/1BP3P1/PP1N1PQP/R1B1R1K1,,,7,35,27,False,202209
202209017793338,35,e1e8,85.0,True,369.0,424.0,4rrk1/5ppp/p1pb4/1p1n3q/3P2b1/1BP3P1/PP1N1PQP/R1B1R1K1,,,7,35,27,False,202209
202209053611397,35,e1e8,3.0,True,137.0,156.0,4rrk1/5ppp/p1pb4/1p1n3q/3P2b1/1BP3P1/PP1N1PQP/R1B1R1K1,,,7,35,27,False,202209
202209047415795,35,e1e8,8.0,True,136.0,150.0,4rrk1/5ppp/p1pb4/1p1n3q/3P2b1/1BP3P1/PP1N1PQP/R1B1R1K1,,,7,35,27,False,202209
202209047809369,35,e1e8,5.0,True,21.0,38.0,4rrk1/5ppp/p1pb4/1p1n3q/3P2b1/1BP3P1/PP1N1PQP/R1B1R1K1,,,7,35,27,False,202209
202209047993486,35,d2e4,7.0,True,103.0,114.0,4rrk1/5ppp/p1pb4/1p1n3q/3P2b1/1BP3P1/PP1N1PQP/R1B1R1K1,,,7,35,27,False,202209
202209089141880,35,g2f1,20.0,True,142.0,157.0,4rrk1/5ppp/p1pb4/1p1n3q/3P2b1/1BP3P1/PP1N1PQP/R1B1R1K1,,,7,35,27,False,202209
202209089850776,35,e1f1,42.0,True,140.0,155.0,4rrk1/5ppp/p1pb4/1p1n3q/3P2b1/1BP3P1/PP1N1PQP/R1B1R1K1,,,7,35,27,False,202209
202209075374936,35,g2f1,144.0,True,486.0,438.0,4rrk1/5ppp/p1pb4/1p1n3q/3P2b1/1BP3P1/PP1N1PQP/R1B1R1K1,,,7,35,27,False,202209
202209075479990,35,e1f1,13.0,True,128.0,155.0,4rrk1/5ppp/p1pb4/1p1n3q/3P2b1/1BP3P1/PP1N1PQP/R1B1R1K1,,,7,35,27,False,202209
202209075626675,35,e1f1,11.0,True,45.0,48.0,4rrk1/5ppp/p1pb4/1p1n3q/3P2b1/1BP3P1/PP1N1PQP/R1B1R1K1,,,7,35,27,False,202209
202209075639614,35,d2e4,33.0,True,117.0,125.0,4rrk1/5ppp/p1pb4/1p1n3q/3P2b1/1BP3P1/PP1N1PQP/R1B1R1K1,,,7,35,27,False,202209
202209075756155,35,e1e8,69.0,True,265.0,239.0,4rrk1/5ppp/p1pb4/1p1n3q/3P2b1/1BP3P1/PP1N1PQP/R1B1R1K1,,,7,35,27,False,202209
202209075880061,35,e1e8,23.0,True,53.0,128.0,4rrk1/5ppp/p1pb4/1p1n3q/3P2b1/1BP3P1/PP1N1PQP/R1B1R1K1,,,7,35,27,False,202209
202209075965479,35,d2e4,15.0,True,144.0,124.0,4rrk1/5ppp/p1pb4/1p1n3q/3P2b1/1BP3P1/PP1N1PQP/R1B1R1K1,,,7,35,27,False,202209
202209033059324,35,e1e8,23.0,True,110.0,113.0,4rrk1/5ppp/p1pb4/1p1n3q/3P2b1/1BP3P1/PP1N1PQP/R1B1R1K1,,,7,35,27,False,202209
202209033265510,35,e1e8,2.0,True,168.0,48.0,4rrk1/5ppp/p1pb4/1p1n3q/3P2b1/1BP3P1/PP1N1PQP/R1B1R1K1,,,7,35,27,False,202209
202209033587497,35,e1e8,3.0,True,146.0,133.0,4rrk1/5ppp/p1pb4/1p1n3q/3P2b1/1BP3P1/PP1N1PQP/R1B1R1K1,,,7,35,27,False,202209
202209033836551,35,e1e8,43.0,True,80.0,125.0,4rrk1/5ppp/p1pb4/1p1n3q/3P2b1/1BP3P1/PP1N1PQP/R1B1R1K1,,,7,35,27,False,202209
202209086158485,35,e1e8,200.0,True,506.0,550.0,4rrk1/5ppp/p1pb4/1p1n3q/3P2b1/1BP3P1/PP1N1PQP/R1B1R1K1,,,7,35,27,False,202209
202209086364672,35,e1e8,8.0,True,113.0,114.0,4rrk1/5ppp/p1pb4/1p1n3q/3P2b1/1BP3P1/PP1N1PQP/R1B1R1K1,,,7,35,27,False,202209
202209086561912,35,e1e8,17.0,True,75.0,99.0,4rrk1/5ppp/p1pb4/1p1n3q/3P2b1/1BP3P1/PP1N1PQP/R1B1R1K1,,,7,35,27,False,202209
202209086632584,35,e1e8,27.0,True,137.0,162.0,4rrk1/5ppp/p1pb4/1p1n3q/3P2b1/1BP3P1/PP1N1PQP/R1B1R1K1,,,7,35,27,False,202209
202209086899843,35,d2e4,2.0,True,160.0,168.0,4rrk1/5ppp/p1pb4/1p1n3q/3P2b1/1BP3P1/PP1N1PQP/R1B1R1K1,,,7,35,27,False,202209
202209034458251,35,e1e8,27.0,True,232.0,314.0,4rrk1/5ppp/p1pb4/1p1n3q/3P2b1/1BP3P1/PP1N1PQP/R1B1R1K1,,,7,35,27,False,202209
202209034641588,35,e1e8,21.0,True,143.0,190.0,4rrk1/5ppp/p1pb4/1p1n3q/3P2b1/1BP3P1/PP1N1PQP/R1B1R1K1,,,7,35,27,False,202209
202209034794018,35,e1e8,66.0,True,175.0,194.0,4rrk1/5ppp/p1pb4/1p1n3q/3P2b1/1BP3P1/PP1N1PQP/R1B1R1K1,,,7,35,27,False,202209
202209044306958,35,e1e8,8.0,True,70.0,64.0,4rrk1/5ppp/p1pb4/1p1n3q/3P2b1/1BP3P1/PP1N1PQP/R1B1R1K1,,,7,35,27,False,202209
202209018030521,35,e1f1,25.0,True,155.0,184.0,4rrk1/5ppp/p1pb4/1p1n3q/3P2b1/1BP3P1/PP1N1PQP/R1B1R1K1,,,7,35,27,False,202209
202209018195983,35,d2e4,3.0,True,39.0,51.0,4rrk1/5ppp/p1pb4/1p1n3q/3P2b1/1BP3P1/PP1N1PQP/R1B1R1K1,,,7,35,27,False,202209
202209018337031,35,d2e4,21.0,True,77.0,113.0,4rrk1/5ppp/p1pb4/1p1n3q/3P2b1/1BP3P1/PP1N1PQP/R1B1R1K1,,,7,35,27,False,202209
202209018549830,35,e1e4,57.0,True,159.0,166.0,4rrk1/5ppp/p1pb4/1p1n3q/3P2b1/1BP3P1/PP1N1PQP/R1B1R1K1,,,7,35,27,False,202209
202209018758680,35,e1e8,18.0,True,159.0,193.0,4rrk1/5ppp/p1pb4/1p1n3q/3P2b1/1BP3P1/PP1N1PQP/R1B1R1K1,,,7,35,27,False,202209
202209018776537,35,d2e4,8.0,True,176.0,191.0,4rrk1/5ppp/p1pb4/1p1n3q/3P2b1/1BP3P1/PP1N1PQP/R1B1R1K1,,,7,35,27,False,202209
202209018865314,35,e1e8,18.0,True,126.0,162.0,4rrk1/5ppp/p1pb4/1p1n3q/3P2b1/1BP3P1/PP1N1PQP/R1B1R1K1,,,7,35,27,False,202209
202209054032216,35,d2e4,15.0,True,170.0,177.0,4rrk1/5ppp/p1pb4/1p1n3q/3P2b1/1BP3P1/PP1N1PQP/R1B1R1K1,,,7,35,27,False,202209
202209054209828,35,e1e8,12.0,True,495.0,587.0,4rrk1/5ppp/p1pb4/1p1n3q/3P2b1/1BP3P1/PP1N1PQP/R1B1R1K1,,,7,35,27,False,202209
202209054542767,39,d2e4,71.0,True,207.0,288.0,4rrk1/5ppp/p1pb4/1p1n3q/3P2b1/1BP3P1/PP1N1PQP/R1B1R1K1,,,11,35,27,False,202209
202209054603037,35,e1f1,8.0,True,127.0,167.0,4rrk1/5ppp/p1pb4/1p1n3q/3P2b1/1BP3P1/PP1N1PQP/R1B1R1K1,,,7,35,27,False,202209
202209054613767,35,d2e4,1.0,True,106.0,106.0,4rrk1/5ppp/p1pb4/1p1n3q/3P2b1/1BP3P1/PP1N1PQP/R1B1R1K1,,,7,35,27,False,202209
202209054640548,35,e1f1,1.0,True,142.0,171.0,4rrk1/5ppp/p1pb4/1p1n3q/3P2b1/1BP3P1/PP1N1PQP/R1B1R1K1,,,7,35,27,False,202209
202209054675448,35,e1e8,18.0,True,154.0,196.0,4rrk1/5ppp/p1pb4/1p1n3q/3P2b1/1BP3P1/PP1N1PQP/R1B1R1K1,,,7,35,27,False,202209
202209054765740,35,e1e8,5.0,True,299.0,323.0,4rrk1/5ppp/p1pb4/1p1n3q/3P2b1/1BP3P1/PP1N1PQP/R1B1R1K1,,,7,35,27,False,202209
202209016169959,35,e1f1,11.0,True,133.0,162.0,4rrk1/5ppp/p1pb4/1p1n3q/3P2b1/1BP3P1/PP1N1PQP/R1B1R1K1,,,7,35,27,False,202209
202209016291587,35,d2e4,12.0,True,87.0,109.0,4rrk1/5ppp/p1pb4/1p1n3q/3P2b1/1BP3P1/PP1N1PQP/R1B1R1K1,,,7,35,27,False,202209
202209016387591,35,e1e8,3.0,True,166.0,166.0,4rrk1/5ppp/p1pb4/1p1n3q/3P2b1/1BP3P1/PP1N1PQP/R1B1R1K1,,,7,35,27,False,202209
202209016418481,35,d2e4,7.0,True,93.0,92.0,4rrk1/5ppp/p1pb4/1p1n3q/3P2b1/1BP3P1/PP1N1PQP/R1B1R1K1,,,7,35,27,False,202209
202209016534639,35,e1e8,10.0,True,157.0,159.0,4rrk1/5ppp/p1pb4/1p1n3q/3P2b1/1BP3P1/PP1N1PQP/R1B1R1K1,,,7,35,27,False,202209
202209016561663,35,e1e8,28.0,True,250.0,278.0,4rrk1/5ppp/p1pb4/1p1n3q/3P2b1/1BP3P1/PP1N1PQP/R1B1R1K1,,,7,35,27,False,202209
202209016769022,35,f2f3,23.0,True,257.0,260.0,4rrk1/5ppp/p1pb4/1p1n3q/3P2b1/1BP3P1/PP1N1PQP/R1B1R1K1,,,7,35,27,False,202209
202209072024452,35,f2f3,3.0,True,37.0,53.0,4rrk1/5ppp/p1pb4/1p1n3q/3P2b1/1BP3P1/PP1N1PQP/R1B1R1K1,,,7,35,27,False,202209
202209072463848,35,e1f1,9.0,True,548.0,566.0,4rrk1/5ppp/p1pb4/1p1n3q/3P2b1/1BP3P1/PP1N1PQP/R1B1R1K1,,,7,35,27,False,202209
202209072522784,35,e1f1,12.0,True,37.0,47.0,4rrk1/5ppp/p1pb4/1p1n3q/3P2b1/1BP3P1/PP1N1PQP/R1B1R1K1,,,7,35,27,False,202209
202209072865501,35,e1e8,6.0,True,36.0,44.0,4rrk1/5ppp/p1pb4/1p1n3q/3P2b1/1BP3P1/PP1N1PQP/R1B1R1K1,,,7,35,27,False,202209
202209083168596,35,e1f1,32.0,True,145.0,161.0,4rrk1/5ppp/p1pb4/1p1n3q/3P2b1/1BP3P1/PP1N1PQP/R1B1R1K1,,,7,35,27,False,202209
202209083237978,35,e1e8,51.0,True,583.0,640.0,4rrk1/5ppp/p1pb4/1p1n3q/3P2b1/1BP3P1/PP1N1PQP/R1B1R1K1,,,7,35,27,False,202209
202209083525832,35,e1e8,149.0,True,1856.0,1953.0,4rrk1/5ppp/p1pb4/1p1n3q/3P2b1/1BP3P1/PP1N1PQP/R1B1R1K1,,,7,35,27,False,202209
202209030401479,35,e1f1,5.0,True,70.0,89.0,4rrk1/5ppp/p1pb4/1p1n3q/3P2b1/1BP3P1/PP1N1PQP/R1B1R1K1,,,7,35,27,False,202209
202209030513091,35,e1e8,8.0,True,165.0,180.0,4rrk1/5ppp/p1pb4/1p1n3q/3P2b1/1BP3P1/PP1N1PQP/R1B1R1K1,,,7,35,27,False,202209
202209030745908,35,d2e4,12.0,True,108.0,123.0,4rrk1/5ppp/p1pb4/1p1n3q/3P2b1/1BP3P1/PP1N1PQP/R1B1R1K1,,,7,35,27,False,202209
202209030872847,35,d2e4,8.0,True,495.0,559.0,4rrk1/5ppp/p1pb4/1p1n3q/3P2b1/1BP3P1/PP1N1PQP/R1B1R1K1,,,7,35,27,False,202209
202209030916536,35,e1e4,41.0,True,176.0,189.0,4rrk1/5ppp/p1pb4/1p1n3q/3P2b1/1BP3P1/PP1N1PQP/R1B1R1K1,,,7,35,27,False,202209
202209030942844,35,e1f1,57.0,True,560.0,592.0,4rrk1/5ppp/p1pb4/1p1n3q/3P2b1/1BP3P1/PP1N1PQP/R1B1R1K1,,,7,35,27,False,202209
202209019003220,35,d2e4,50.0,True,221.0,283.0,4rrk1/5ppp/p1pb4/1p1n3q/3P2b1/1BP3P1/PP1N1PQP/R1B1R1K1,,,7,35,27,False,202209
202209019024907,35,e1e8,19.0,True,124.0,166.0,4rrk1/5ppp/p1pb4/1p1n3q/3P2b1/1BP3P1/PP1N1PQP/R1B1R1K1,,,7,35,27,False,202209
202209019794526,35,e1e4,44.0,True,106.0,115.0,4rrk1/5ppp/p1pb4/1p1n3q/3P2b1/1BP3P1/PP1N1PQP/R1B1R1K1,,,7,35,27,False,202209
202209073110350,35,e1e8,11.0,True,182.0,189.0,4rrk1/5ppp/p1pb4/1p1n3q/3P2b1/1BP3P1/PP1N1PQP/R1B1R1K1,,,7,35,27,False,202209
202209073704108,35,e1e8,17.0,True,219.0,212.0,4rrk1/5ppp/p1pb4/1p1n3q/3P2b1/1BP3P1/PP1N1PQP/R1B1R1K1,,,7,35,27,False,202209
202209015014428,35,e1f1,58.0,True,217.0,221.0,4rrk1/5ppp/p1pb4/1p1n3q/3P2b1/1BP3P1/PP1N1PQP/R1B1R1K1,,,7,35,27,False,202209
202209067049275,35,f2f3,3.0,True,11.0,17.0,4rrk1/5ppp/p1pb4/1p1n3q/3P2b1/1BP3P1/PP1N1PQP/R1B1R1K1,,,7,35,27,False,202209
202209067055909,35,e1e8,14.0,True,172.0,180.0,4rrk1/5ppp/p1pb4/1p1n3q/3P2b1/1BP3P1/PP1N1PQP/R1B1R1K1,,,7,35,27,False,202209
202209067445280,35,e1e8,35.0,True,236.0,266.0,4rrk1/5ppp/p1pb4/1p1n3q/3P2b1/1BP3P1/PP1N1PQP/R1B1R1K1,,,7,35,27,False,202209
202209067663412,35,e1e8,33.0,True,159.0,181.0,4rrk1/5ppp/p1pb4/1p1n3q/3P2b1/1BP3P1/PP1N1PQP/R1B1R1K1,,,7,35,27,False,202209
202209026172113,35,e1e8,19.0,True,132.0,179.0,4rrk1/5ppp/p1pb4/1p1n3q/3P2b1/1BP3P1/PP1N1PQP/R1B1R1K1,,,7,35,27,False,202209
202209026339905,35,d2e4,12.0,True,144.0,161.0,4rrk1/5ppp/p1pb4/1p1n3q/3P2b1/1BP3P1/PP1N1PQP/R1B1R1K1,,,5,35,27,False,202209
202209026465696,35,g2f1,9.0,True,88.0,111.0,4rrk1/5ppp/p1pb4/1p1n3q/3P2b1/1BP3P1/PP1N1PQP/R1B1R1K1,,,7,35,27,False,202209
202209026627884,35,e1e8,5.0,True,135.0,186.0,4rrk1/5ppp/p1pb4/1p1n3q/3P2b1/1BP3P1/PP1N1PQP/R1B1R1K1,,,7,35,27,False,202209
202209026734936,35,d2e4,37.0,True,236.0,240.0,4rrk1/5ppp/p1pb4/1p1n3q/3P2b1/1BP3P1/PP1N1PQP/R1B1R1K1,,,7,35,27,False,202209
202209026927709,35,e1e8,39.0,True,182.0,197.0,4rrk1/5ppp/p1pb4/1p1n3q/3P2b1/1BP3P1/PP1N1PQP/R1B1R1K1,,,7,35,27,False,202209
202209079037986,35,d2e4,11.0,True,246.0,310.0,4rrk1/5ppp/p1pb4/1p1n3q/3P2b1/1BP3P1/PP1N1PQP/R1B1R1K1,,,7,35,27,False,202209
202209079223547,35,e1e8,31.0,True,163.0,185.0,4rrk1/5ppp/p1pb4/1p1n3q/3P2b1/1BP3P1/PP1N1PQP/R1B1R1K1,,,7,35,27,False,202209
202209079818562,35,e1f1,12.0,True,127.0,160.0,4rrk1/5ppp/p1pb4/1p1n3q/3P2b1/1BP3P1/PP1N1PQP/R1B1R1K1,,,7,35,27,False,202209
202209079965967,35,e1e8,50.0,True,236.0,316.0,4rrk1/5ppp/p1pb4/1p1n3q/3P2b1/1BP3P1/PP1N1PQP/R1B1R1K1,,,7,35,27,False,202209
202209002005311,35,e1e8,43.0,True,166.0,184.0,4rrk1/5ppp/p1pb4/1p1n3q/3P2b1/1BP3P1/PP1N1PQP/R1B1R1K1,,,7,35,27,False,202209
202209002161130,35,e1e4,14.0,True,255.0,256.0,4rrk1/5ppp/p1pb4/1p1n3q/3P2b1/1BP3P1/PP1N1PQP/R1B1R1K1,,,7,35,27,False,202209
202209002644302,35,g2f1,28.0,True,136.0,160.0,4rrk1/5ppp/p1pb4/1p1n3q/3P2b1/1BP3P1/PP1N1PQP/R1B1R1K1,,,7,35,27,False,202209
202209014694466,35,e1e8,201.0,True,586.0,971.0,4rrk1/5ppp/p1pb4/1p1n3q/3P2b1/1BP3P1/PP1N1PQP/R1B1R1K1,,,7,35,27,False,202209
202209014709850,35,d2e4,7.0,True,148.0,153.0,4rrk1/5ppp/p1pb4/1p1n3q/3P2b1/1BP3P1/PP1N1PQP/R1B1R1K1,,,7,35,27,False,202209
202209007396183,35,e1f1,36.0,True,613.0,471.0,4rrk1/5ppp/p1pb4/1p1n3q/3P2b1/1BP3P1/PP1N1PQP/R1B1R1K1,,,7,35,27,False,202209
202209007451951,35,e1e8,10.0,True,133.0,154.0,4rrk1/5ppp/p1pb4/1p1n3q/3P2b1/1BP3P1/PP1N1PQP/R1B1R1K1,,,7,35,27,False,202209
202209007470421,35,d2e4,2.0,True,32.0,41.0,4rrk1/5ppp/p1pb4/1p1n3q/3P2b1/1BP3P1/PP1N1PQP/R1B1R1K1,,,7,35,27,False,202209
202209007595419,35,g2f1,20.0,True,258.0,280.0,4rrk1/5ppp/p1pb4/1p1n3q/3P2b1/1BP3P1/PP1N1PQP/R1B1R1K1,,,7,35,27,False,202209
202209007972681,35,e1e8,2.0,True,83.0,122.0,4rrk1/5ppp/p1pb4/1p1n3q/3P2b1/1BP3P1/PP1N1PQP/R1B1R1K1,,,7,35,27,False,202209
202209024098482,35,g2f1,18.0,True,161.0,147.0,4rrk1/5ppp/p1pb4/1p1n3q/3P2b1/1BP3P1/PP1N1PQP/R1B1R1K1,,,7,35,27,False,202209
202209024102644,35,e1e4,83.0,True,245.0,272.0,4rrk1/5ppp/p1pb4/1p1n3q/3P2b1/1BP3P1/PP1N1PQP/R1B1R1K1,,,7,35,27,False,202209
202209024168051,35,e1e8,18.0,True,268.0,260.0,4rrk1/5ppp/p1pb4/1p1n3q/3P2b1/1BP3P1/PP1N1PQP/R1B1R1K1,,,7,35,27,False,202209
202209024462564,35,e1e8,31.0,True,148.0,185.0,4rrk1/5ppp/p1pb4/1p1n3q/3P2b1/1BP3P1/PP1N1PQP/R1B1R1K1,,,7,35,27,False,202209
202209024535643,35,d2e4,10.0,True,39.0,40.0,4rrk1/5ppp/p1pb4/1p1n3q/3P2b1/1BP3P1/PP1N1PQP/R1B1R1K1,,,7,35,27,False,202209
202209024652549,35,b3d5,3.0,True,42.0,51.0,4rrk1/5ppp/p1pb4/1p1n3q/3P2b1/1BP3P1/PP1N1PQP/R1B1R1K1,,,7,35,27,False,202209
202209024923144,35,d2e4,8.0,True,133.0,171.0,4rrk1/5ppp/p1pb4/1p1n3q/3P2b1/1BP3P1/PP1N1PQP/R1B1R1K1,,,7,35,27,False,202209
202209045166530,35,e1e8,7.0,True,96.0,112.0,4rrk1/5ppp/p1pb4/1p1n3q/3P2b1/1BP3P1/PP1N1PQP/R1B1R1K1,,,7,35,27,False,202209
202209052257971,35,e1f1,64.0,True,177.0,192.0,4rrk1/5ppp/p1pb4/1p1n3q/3P2b1/1BP3P1/PP1N1PQP/R1B1R1K1,,,7,35,27,False,202209
202209052520103,35,e1e8,24.0,True,160.0,196.0,4rrk1/5ppp/p1pb4/1p1n3q/3P2b1/1BP3P1/PP1N1PQP/R1B1R1K1,,,7,35,27,False,202209
202209008218267,35,e1e8,9.0,True,161.0,162.0,4rrk1/5ppp/p1pb4/1p1n3q/3P2b1/1BP3P1/PP1N1PQP/R1B1R1K1,,,7,35,27,False,202209
202209008362944,35,e1e8,40.0,True,236.0,316.0,4rrk1/5ppp/p1pb4/1p1n3q/3P2b1/1BP3P1/PP1N1PQP/R1B1R1K1,,,7,35,27,False,202209
202209008408099,35,e1e8,27.0,True,172.0,175.0,4rrk1/5ppp/p1pb4/1p1n3q/3P2b1/1BP3P1/PP1N1PQP/R1B1R1K1,,,7,35,27,False,202209
202209008513180,35,d2e4,15.0,True,125.0,151.0,4rrk1/5ppp/p1pb4/1p1n3q/3P2b1/1BP3P1/PP1N1PQP/R1B1R1K1,,,7,35,27,False,202209
202209008701644,35,e1e8,72.0,True,245.0,295.0,4rrk1/5ppp/p1pb4/1p1n3q/3P2b1/1BP3P1/PP1N1PQP/R1B1R1K1,,,7,35,27,False,202209
202209066338334,35,d2f1,21.0,True,160.0,165.0,4rrk1/5ppp/p1pb4/1p1n3q/3P2b1/1BP3P1/PP1N1PQP/R1B1R1K1,,,7,35,27,False,202209
202209066365205,35,e1e8,13.0,True,540.0,561.0,4rrk1/5ppp/p1pb4/1p1n3q/3P2b1/1BP3P1/PP1N1PQP/R1B1R1K1,,,7,35,27,False,202209
202209066444820,35,e1e4,39.0,True,95.0,186.0,4rrk1/5ppp/p1pb4/1p1n3q/3P2b1/1BP3P1/PP1N1PQP/R1B1R1K1,,,7,35,27,False,202209
202209066644967,35,b3d5,9.0,True,133.0,148.0,4rrk1/5ppp/p1pb4/1p1n3q/3P2b1/1BP3P1/PP1N1PQP/R1B1R1K1,,,7,35,27,False,202209
202209066827827,35,e1f1,2.0,True,32.0,37.0,4rrk1/5ppp/p1pb4/1p1n3q/3P2b1/1BP3P1/PP1N1PQP/R1B1R1K1,,,7,35,27,False,202209
202209064185788,35,e1e8,5.0,True,151.0,171.0,4rrk1/5ppp/p1pb4/1p1n3q/3P2b1/1BP3P1/PP1N1PQP/R1B1R1K1,,,7,35,27,False,202209
202209064401649,35,e1e3,30.0,True,256.0,254.0,4rrk1/5ppp/p1pb4/1p1n3q/3P2b1/1BP3P1/PP1N1PQP/R1B1R1K1,,,7,35,27,False,202209
202209064443299,35,e1f1,63.0,True,219.0,316.0,4rrk1/5ppp/p1pb4/1p1n3q/3P2b1/1BP3P1/PP1N1PQP/R1B1R1K1,,,7,35,27,False,202209
202209064466064,35,e1e8,9.0,True,135.0,151.0,4rrk1/5ppp/p1pb4/1p1n3q/3P2b1/1BP3P1/PP1N1PQP/R1B1R1K1,,,7,35,27,False,202209
202209064537138,35,e1e8,8.0,True,220.0,267.0,4rrk1/5ppp/p1pb4/1p1n3q/3P2b1/1BP3P1/PP1N1PQP/R1B1R1K1,,,7,35,27,False,202209
202209064605460,35,e1e8,25.0,True,240.0,330.0,4rrk1/5ppp/p1pb4/1p1n3q/3P2b1/1BP3P1/PP1N1PQP/R1B1R1K1,,,7,35,27,False,202209
202209041215814,35,e1e4,93.0,True,613.0,651.0,4rrk1/5ppp/p1pb4/1p1n3q/3P2b1/1BP3P1/PP1N1PQP/R1B1R1K1,,,7,35,27,False,202209
202209041271701,35,d2e4,16.0,True,214.0,241.0,4rrk1/5ppp/p1pb4/1p1n3q/3P2b1/1BP3P1/PP1N1PQP/R1B1R1K1,,,7,35,27,False,202209
202209041820346,35,d2e4,3.0,True,103.0,111.0,4rrk1/5ppp/p1pb4/1p1n3q/3P2b1/1BP3P1/PP1N1PQP/R1B1R1K1,,,7,35,27,False,202209
202209037174866,35,e1e8,40.0,True,386.0,577.0,4rrk1/5ppp/p1pb4/1p1n3q/3P2b1/1BP3P1/PP1N1PQP/R1B1R1K1,,,7,35,27,False,202209
202209037278602,35,e1e8,101.0,True,441.0,564.0,4rrk1/5ppp/p1pb4/1p1n3q/3P2b1/1BP3P1/PP1N1PQP/R1B1R1K1,,,7,35,27,False,202209
202209037520987,35,e1e8,75.0,True,168.0,197.0,4rrk1/5ppp/p1pb4/1p1n3q/3P2b1/1BP3P1/PP1N1PQP/R1B1R1K1,,,7,35,27,False,202209
202209029413543,35,e1f1,14.0,True,135.0,162.0,4rrk1/5ppp/p1pb4/1p1n3q/3P2b1/1BP3P1/PP1N1PQP/R1B1R1K1,,,7,35,27,False,202209
202209029470672,35,e1e8,7.0,True,588.0,533.0,4rrk1/5ppp/p1pb4/1p1n3q/3P2b1/1BP3P1/PP1N1PQP/R1B1R1K1,,,7,35,27,False,202209
202209013093212,35,e1e4,43.0,True,185.0,155.0,4rrk1/5ppp/p1pb4/1p1n3q/3P2b1/1BP3P1/PP1N1PQP/R1B1R1K1,,,7,35,27,False,202209
202209013234887,35,e1e8,15.0,True,431.0,429.0,4rrk1/5ppp/p1pb4/1p1n3q/3P2b1/1BP3P1/PP1N1PQP/R1B1R1K1,,,7,35,27,False,202209
202209013239951,35,e1e8,28.0,True,182.0,198.0,4rrk1/5ppp/p1pb4/1p1n3q/3P2b1/1BP3P1/PP1N1PQP/R1B1R1K1,,,7,35,27,False,202209
202209013423328,35,e1e8,13.0,True,142.0,163.0,4rrk1/5ppp/p1pb4/1p1n3q/3P2b1/1BP3P1/PP1N1PQP/R1B1R1K1,,,7,35,27,False,202209
202209013746075,35,d2e4,18.0,True,142.0,172.0,4rrk1/5ppp/p1pb4/1p1n3q/3P2b1/1BP3P1/PP1N1PQP/R1B1R1K1,,,7,35,27,False,202209
202209081039755,35,e1f1,120.0,True,245.0,298.0,4rrk1/5ppp/p1pb4/1p1n3q/3P2b1/1BP3P1/PP1N1PQP/R1B1R1K1,,,7,35,27,False,202209
202209081798358,35,e1e8,21.0,True,130.0,161.0,4rrk1/5ppp/p1pb4/1p1n3q/3P2b1/1BP3P1/PP1N1PQP/R1B1R1K1,,,7,35,27,False,202209
202209046120738,35,d2e4,38.0,True,143.0,301.0,4rrk1/5ppp/p1pb4/1p1n3q/3P2b1/1BP3P1/PP1N1PQP/R1B1R1K1,,,7,35,27,False,202209
202209046176685,35,e1e8,18.0,True,148.0,156.0,4rrk1/5ppp/p1pb4/1p1n3q/3P2b1/1BP3P1/PP1N1PQP/R1B1R1K1,,,7,35,27,False,202209
202209046773343,35,e1e8,20.0,True,41.0,182.0,4rrk1/5ppp/p1pb4/1p1n3q/3P2b1/1BP3P1/PP1N1PQP/R1B1R1K1,,,7,35,27,False,202209
202209025252504,35,g1f1,71.0,True,245.0,296.0,4rrk1/5ppp/p1pb4/1p1n3q/3P2b1/1BP3P1/PP1N1PQP/R1B1R1K1,,,7,35,27,False,202209
202209025257073,35,d2e4,6.0,True,261.0,261.0,4rrk1/5ppp/p1pb4/1p1n3q/3P2b1/1BP3P1/PP1N1PQP/R1B1R1K1,,,7,35,27,False,202209
202209025487968,35,e1e8,40.0,True,83.0,120.0,4rrk1/5ppp/p1pb4/1p1n3q/3P2b1/1BP3P1/PP1N1PQP/R1B1R1K1,,,7,35,27,False,202209
202209025728727,35,e1e8,16.0,True,225.0,216.0,4rrk1/5ppp/p1pb4/1p1n3q/3P2b1/1BP3P1/PP1N1PQP/R1B1R1K1,,,7,35,27,False,202209
202209025935749,35,e1e4,17.0,True,118.0,103.0,4rrk1/5ppp/p1pb4/1p1n3q/3P2b1/1BP3P1/PP1N1PQP/R1B1R1K1,,,7,35,27,False,202209
202210093199413,35,e1f1,23.0,True,247.0,270.0,4rrk1/5ppp/p1pb4/1p1n3q/3P2b1/1BP3P1/PP1N1PQP/R1B1R1K1,,,7,35,27,False,202210
202210070211531,35,g2f1,10.0,True,725.0,815.0,4rrk1/5ppp/p1pb4/1p1n3q/3P2b1/1BP3P1/PP1N1PQP/R1B1R1K1,,,7,35,27,False,202210
202210070233277,35,e1f1,14.0,True,164.0,174.0,4rrk1/5ppp/p1pb4/1p1n3q/3P2b1/1BP3P1/PP1N1PQP/R1B1R1K1,,,7,35,27,False,202210
202210070784399,35,e1e8,10.0,True,145.0,158.0,4rrk1/5ppp/p1pb4/1p1n3q/3P2b1/1BP3P1/PP1N1PQP/R1B1R1K1,,,7,35,27,False,202210
202210048619545,35,e1e8,5.0,True,255.0,282.0,4rrk1/5ppp/p1pb4/1p1n3q/3P2b1/1BP3P1/PP1N1PQP/R1B1R1K1,,,7,35,27,False,202210
202210048705274,35,e1e4,9.0,True,117.0,163.0,4rrk1/5ppp/p1pb4/1p1n3q/3P2b1/1BP3P1/PP1N1PQP/R1B1R1K1,,,7,35,27,False,202210
202210077194194,35,e1e4,11.0,True,164.0,161.0,4rrk1/5ppp/p1pb4/1p1n3q/3P2b1/1BP3P1/PP1N1PQP/R1B1R1K1,,,7,35,27,False,202210
202210077297665,35,d2e4,9.0,True,518.0,582.0,4rrk1/5ppp/p1pb4/1p1n3q/3P2b1/1BP3P1/PP1N1PQP/R1B1R1K1,,,7,35,27,False,202210
202210035019982,35,e1f1,9.0,True,136.0,165.0,4rrk1/5ppp/p1pb4/1p1n3q/3P2b1/1BP3P1/PP1N1PQP/R1B1R1K1,,,7,35,27,False,202210
202210035434010,35,e1e8,30.0,True,171.0,289.0,4rrk1/5ppp/p1pb4/1p1n3q/3P2b1/1BP3P1/PP1N1PQP/R1B1R1K1,,,7,35,27,False,202210
202210035670789,35,e1e4,45.0,True,127.0,161.0,4rrk1/5ppp/p1pb4/1p1n3q/3P2b1/1BP3P1/PP1N1PQP/R1B1R1K1,,,7,35,27,False,202210
202210032601501,35,e1e8,20.0,True,154.0,172.0,4rrk1/5ppp/p1pb4/1p1n3q/3P2b1/1BP3P1/PP1N1PQP/R1B1R1K1,,,7,35,27,False,202210
202210006347633,35,e1f1,27.0,True,179.0,183.0,4rrk1/5ppp/p1pb4/1p1n3q/3P2b1/1BP3P1/PP1N1PQP/R1B1R1K1,,,7,35,27,False,202210
202210006398842,35,d2e4,4.0,True,597.0,650.0,4rrk1/5ppp/p1pb4/1p1n3q/3P2b1/1BP3P1/PP1N1PQP/R1B1R1K1,,,7,35,27,False,202210
202210006755009,35,d2e4,11.0,True,81.0,110.0,4rrk1/5ppp/p1pb4/1p1n3q/3P2b1/1BP3P1/PP1N1PQP/R1B1R1K1,,,7,35,27,False,202210
202210087155289,35,e1e8,37.0,True,162.0,262.0,4rrk1/5ppp/p1pb4/1p1n3q/3P2b1/1BP3P1/PP1N1PQP/R1B1R1K1,,,7,35,27,False,202210
202210087202461,35,e1e8,11.0,True,158.0,156.0,4rrk1/5ppp/p1pb4/1p1n3q/3P2b1/1BP3P1/PP1N1PQP/R1B1R1K1,,,7,35,27,False,202210
202210087420876,35,g2f1,13.0,True,180.0,190.0,4rrk1/5ppp/p1pb4/1p1n3q/3P2b1/1BP3P1/PP1N1PQP/R1B1R1K1,,,7,35,27,False,202210
202210065645038,35,e1e8,6.0,True,187.0,193.0,4rrk1/5ppp/p1pb4/1p1n3q/3P2b1/1BP3P1/PP1N1PQP/R1B1R1K1,,,7,35,27,False,202210
202210049202909,35,d2e4,5.0,True,134.0,163.0,4rrk1/5ppp/p1pb4/1p1n3q/3P2b1/1BP3P1/PP1N1PQP/R1B1R1K1,,,7,35,27,False,202210
202210001127827,35,e1e8,12.0,True,253.0,279.0,4rrk1/5ppp/p1pb4/1p1n3q/3P2b1/1BP3P1/PP1N1PQP/R1B1R1K1,,,7,35,27,False,202210
202210001242042,35,f2f3,86.0,True,131.0,163.0,4rrk1/5ppp/p1pb4/1p1n3q/3P2b1/1BP3P1/PP1N1PQP/R1B1R1K1,,,7,35,27,False,202210
202210005018186,35,e1f1,34.0,True,172.0,193.0,4rrk1/5ppp/p1pb4/1p1n3q/3P2b1/1BP3P1/PP1N1PQP/R1B1R1K1,,,7,35,27,False,202210
202210005571706,35,e1e8,35.0,True,105.0,116.0,4rrk1/5ppp/p1pb4/1p1n3q/3P2b1/1BP3P1/PP1N1PQP/R1B1R1K1,,,7,35,27,False,202210
202210005713836,35,g2f1,45.0,True,145.0,175.0,4rrk1/5ppp/p1pb4/1p1n3q/3P2b1/1BP3P1/PP1N1PQP/R1B1R1K1,,,7,35,27,False,202210
202210005943804,35,e1e8,4.0,True,145.0,165.0,4rrk1/5ppp/p1pb4/1p1n3q/3P2b1/1BP3P1/PP1N1PQP/R1B1R1K1,,,7,35,27,False,202210
202210090224360,35,e1e8,20.0,True,228.0,312.0,4rrk1/5ppp/p1pb4/1p1n3q/3P2b1/1BP3P1/PP1N1PQP/R1B1R1K1,,,7,35,27,False,202210
202210090642747,35,d2e4,5.0,True,96.0,109.0,4rrk1/5ppp/p1pb4/1p1n3q/3P2b1/1BP3P1/PP1N1PQP/R1B1R1K1,,,5,35,27,False,202210
202210090964210,35,e1e4,56.0,True,172.0,198.0,4rrk1/5ppp/p1pb4/1p1n3q/3P2b1/1BP3P1/PP1N1PQP/R1B1R1K1,,,7,35,27,False,202210
202210061220410,35,d2e4,14.0,True,80.0,111.0,4rrk1/5ppp/p1pb4/1p1n3q/3P2b1/1BP3P1/PP1N1PQP/R1B1R1K1,,,7,35,27,False,202210
202210061350690,35,d2e4,23.0,True,291.0,319.0,4rrk1/5ppp/p1pb4/1p1n3q/3P2b1/1BP3P1/PP1N1PQP/R1B1R1K1,,,7,35,27,False,202210
202210061512798,35,e1f1,11.0,True,43.0,54.0,4rrk1/5ppp/p1pb4/1p1n3q/3P2b1/1BP3P1/PP1N1PQP/R1B1R1K1,,,7,35,27,False,202210
202210061529726,35,e1e8,6.0,True,40.0,38.0,4rrk1/5ppp/p1pb4/1p1n3q/3P2b1/1BP3P1/PP1N1PQP/R1B1R1K1,,,7,35,27,False,202210
202210061678599,35,e1e8,7.0,True,552.0,564.0,4rrk1/5ppp/p1pb4/1p1n3q/3P2b1/1BP3P1/PP1N1PQP/R1B1R1K1,,,7,35,27,False,202210
202210057498991,35,e1e8,29.0,True,126.0,152.0,4rrk1/5ppp/p1pb4/1p1n3q/3P2b1/1BP3P1/PP1N1PQP/R1B1R1K1,,,7,35,27,False,202210
202210057807481,35,d2e4,6.0,True,487.0,555.0,4rrk1/5ppp/p1pb4/1p1n3q/3P2b1/1BP3P1/PP1N1PQP/R1B1R1K1,,,7,35,27,False,202210
202210057827040,35,e1e8,4.0,True,552.0,546.0,4rrk1/5ppp/p1pb4/1p1n3q/3P2b1/1BP3P1/PP1N1PQP/R1B1R1K1,,,7,35,27,False,202210
202210057831801,35,e1e8,56.0,True,482.0,547.0,4rrk1/5ppp/p1pb4/1p1n3q/3P2b1/1BP3P1/PP1N1PQP/R1B1R1K1,,,7,35,27,False,202210
202210036330212,35,e1e8,19.0,True,76.0,123.0,4rrk1/5ppp/p1pb4/1p1n3q/3P2b1/1BP3P1/PP1N1PQP/R1B1R1K1,,,7,35,27,False,202210
202210023055284,35,d2e4,4.0,True,137.0,196.0,4rrk1/5ppp/p1pb4/1p1n3q/3P2b1/1BP3P1/PP1N1PQP/R1B1R1K1,,,7,35,27,False,202210
202210023448254,35,e1e8,0.0,True,642.0,621.0,4rrk1/5ppp/p1pb4/1p1n3q/3P2b1/1BP3P1/PP1N1PQP/R1B1R1K1,,,7,35,27,False,202210
202210023787998,35,e1e8,11.0,True,159.0,164.0,4rrk1/5ppp/p1pb4/1p1n3q/3P2b1/1BP3P1/PP1N1PQP/R1B1R1K1,,,7,35,27,False,202210
202210085329313,35,e1f1,1.0,True,154.0,159.0,4rrk1/5ppp/p1pb4/1p1n3q/3P2b1/1BP3P1/PP1N1PQP/R1B1R1K1,,,7,35,27,False,202210
202210085682935,35,e1e8,71.0,True,576.0,426.0,4rrk1/5ppp/p1pb4/1p1n3q/3P2b1/1BP3P1/PP1N1PQP/R1B1R1K1,,,7,35,27,False,202210
202210009371580,35,e1e8,29.0,True,157.0,185.0,4rrk1/5ppp/p1pb4/1p1n3q/3P2b1/1BP3P1/PP1N1PQP/R1B1R1K1,,,7,35,27,False,202210
202210009521090,35,e1f1,10.0,True,142.0,171.0,4rrk1/5ppp/p1pb4/1p1n3q/3P2b1/1BP3P1/PP1N1PQP/R1B1R1K1,,,7,35,27,False,202210
202210063221235,35,e1e4,,True,,,4rrk1/5ppp/p1pb4/1p1n3q/3P2b1/1BP3P1/PP1N1PQP/R1B1R1K1,,,7,35,27,False,202210
202210063643786,35,e1e8,11.0,True,277.0,286.0,4rrk1/5ppp/p1pb4/1p1n3q/3P2b1/1BP3P1/PP1N1PQP/R1B1R1K1,,,7,35,27,False,202210
202210059067022,35,e1e8,34.0,True,130.0,192.0,4rrk1/5ppp/p1pb4/1p1n3q/3P2b1/1BP3P1/PP1N1PQP/R1B1R1K1,,,7,35,27,False,202210
202210059566166,35,e1e8,2.0,True,40.0,51.0,4rrk1/5ppp/p1pb4/1p1n3q/3P2b1/1BP3P1/PP1N1PQP/R1B1R1K1,,,7,35,27,False,202210
202210059816066,35,e1e4,18.0,True,179.0,205.0,4rrk1/5ppp/p1pb4/1p1n3q/3P2b1/1BP3P1/PP1N1PQP/R1B1R1K1,,,7,35,27,False,202210
202210074973395,35,e1e8,31.0,True,194.0,281.0,4rrk1/5ppp/p1pb4/1p1n3q/3P2b1/1BP3P1/PP1N1PQP/R1B1R1K1,,,7,35,27,False,202210
202210040415953,35,e1e8,3.0,True,146.0,147.0,4rrk1/5ppp/p1pb4/1p1n3q/3P2b1/1BP3P1/PP1N1PQP/R1B1R1K1,,,7,35,27,False,202210
202210040460675,35,e1e8,2.0,True,255.0,270.0,4rrk1/5ppp/p1pb4/1p1n3q/3P2b1/1BP3P1/PP1N1PQP/R1B1R1K1,,,7,35,27,False,202210
202210040466394,35,d2e4,35.0,True,144.0,187.0,4rrk1/5ppp/p1pb4/1p1n3q/3P2b1/1BP3P1/PP1N1PQP/R1B1R1K1,,,7,35,27,False,202210
202210040620481,35,e1e8,4.0,True,161.0,174.0,4rrk1/5ppp/p1pb4/1p1n3q/3P2b1/1BP3P1/PP1N1PQP/R1B1R1K1,,,7,35,27,False,202210
202210021644983,35,d2e4,14.0,True,254.0,281.0,4rrk1/5ppp/p1pb4/1p1n3q/3P2b1/1BP3P1/PP1N1PQP/R1B1R1K1,,,7,35,27,False,202210
202210021709507,35,e1e8,1.0,True,39.0,42.0,4rrk1/5ppp/p1pb4/1p1n3q/3P2b1/1BP3P1/PP1N1PQP/R1B1R1K1,,,7,35,27,False,202210
202210021870642,35,e1f1,67.0,True,133.0,152.0,4rrk1/5ppp/p1pb4/1p1n3q/3P2b1/1BP3P1/PP1N1PQP/R1B1R1K1,,,7,35,27,False,202210
202210062062966,35,e1e8,24.0,True,153.0,188.0,4rrk1/5ppp/p1pb4/1p1n3q/3P2b1/1BP3P1/PP1N1PQP/R1B1R1K1,,,7,35,27,False,202210
202210062176871,35,g2f1,22.0,True,95.0,102.0,4rrk1/5ppp/p1pb4/1p1n3q/3P2b1/1BP3P1/PP1N1PQP/R1B1R1K1,,,7,35,27,False,202210
202210062434528,35,e1e8,95.0,True,1507.0,1743.0,4rrk1/5ppp/p1pb4/1p1n3q/3P2b1/1BP3P1/PP1N1PQP/R1B1R1K1,,,7,35,27,False,202210
202210062608134,35,d2e4,5.0,True,550.0,567.0,4rrk1/5ppp/p1pb4/1p1n3q/3P2b1/1BP3P1/PP1N1PQP/R1B1R1K1,,,7,35,27,False,202210
202210022101915,35,e1e4,26.0,True,308.0,320.0,4rrk1/5ppp/p1pb4/1p1n3q/3P2b1/1BP3P1/PP1N1PQP/R1B1R1K1,,,7,35,27,False,202210
202210022183223,35,e1e4,31.0,True,144.0,164.0,4rrk1/5ppp/p1pb4/1p1n3q/3P2b1/1BP3P1/PP1N1PQP/R1B1R1K1,,,7,35,27,False,202210
202210022287776,35,e1e8,44.0,True,226.0,264.0,4rrk1/5ppp/p1pb4/1p1n3q/3P2b1/1BP3P1/PP1N1PQP/R1B1R1K1,,,7,35,27,False,202210
202210042316460,35,e1f1,28.0,True,113.0,118.0,4rrk1/5ppp/p1pb4/1p1n3q/3P2b1/1BP3P1/PP1N1PQP/R1B1R1K1,,,7,35,27,False,202210
202210038238608,35,d2e4,3.0,True,203.0,265.0,4rrk1/5ppp/p1pb4/1p1n3q/3P2b1/1BP3P1/PP1N1PQP/R1B1R1K1,,,5,35,27,False,202210
202210038354350,35,g2f1,37.0,True,72.0,108.0,4rrk1/5ppp/p1pb4/1p1n3q/3P2b1/1BP3P1/PP1N1PQP/R1B1R1K1,,,7,35,27,False,202210
202210038853156,35,e1f1,14.0,True,267.0,259.0,4rrk1/5ppp/p1pb4/1p1n3q/3P2b1/1BP3P1/PP1N1PQP/R1B1R1K1,,,7,35,27,False,202210
202210039169361,35,e1e8,2.0,True,186.0,168.0,4rrk1/5ppp/p1pb4/1p1n3q/3P2b1/1BP3P1/PP1N1PQP/R1B1R1K1,,,7,35,27,False,202210
202210039198191,35,e1f1,13.0,True,163.0,181.0,4rrk1/5ppp/p1pb4/1p1n3q/3P2b1/1BP3P1/PP1N1PQP/R1B1R1K1,,,7,35,27,False,202210
202210039594701,35,e1e8,94.0,True,201.0,309.0,4rrk1/5ppp/p1pb4/1p1n3q/3P2b1/1BP3P1/PP1N1PQP/R1B1R1K1,,,7,35,27,False,202210
202210039669209,35,e1e8,4.0,True,558.0,573.0,4rrk1/5ppp/p1pb4/1p1n3q/3P2b1/1BP3P1/PP1N1PQP/R1B1R1K1,,,7,35,27,False,202210
202210039718062,35,d2e4,8.0,True,99.0,121.0,4rrk1/5ppp/p1pb4/1p1n3q/3P2b1/1BP3P1/PP1N1PQP/R1B1R1K1,,,7,35,27,False,202210
202210039951317,35,e1e8,35.0,True,464.0,578.0,4rrk1/5ppp/p1pb4/1p1n3q/3P2b1/1BP3P1/PP1N1PQP/R1B1R1K1,,,7,35,27,False,202210
202210039995609,35,e1f1,31.0,True,150.0,152.0,4rrk1/5ppp/p1pb4/1p1n3q/3P2b1/1BP3P1/PP1N1PQP/R1B1R1K1,,,7,35,27,False,202210
202210084008253,35,e1e8,6.0,True,141.0,160.0,4rrk1/5ppp/p1pb4/1p1n3q/3P2b1/1BP3P1/PP1N1PQP/R1B1R1K1,,,7,35,27,False,202210
202210084577520,35,e1e8,28.0,True,141.0,151.0,4rrk1/5ppp/p1pb4/1p1n3q/3P2b1/1BP3P1/PP1N1PQP/R1B1R1K1,,,5,35,27,False,202210
202210084594492,35,e1e8,15.0,True,158.0,180.0,4rrk1/5ppp/p1pb4/1p1n3q/3P2b1/1BP3P1/PP1N1PQP/R1B1R1K1,,,7,35,27,False,202210
202210080532688,35,e1e8,23.0,True,257.0,261.0,4rrk1/5ppp/p1pb4/1p1n3q/3P2b1/1BP3P1/PP1N1PQP/R1B1R1K1,,,7,35,27,False,202210
202210080830239,35,e1e4,27.0,True,128.0,180.0,4rrk1/5ppp/p1pb4/1p1n3q/3P2b1/1BP3P1/PP1N1PQP/R1B1R1K1,,,7,35,27,False,202210
202210051146891,35,e1e8,23.0,True,118.0,134.0,4rrk1/5ppp/p1pb4/1p1n3q/3P2b1/1BP3P1/PP1N1PQP/R1B1R1K1,,,7,35,27,False,202210
202210051227640,35,d2e4,1.0,True,640.0,625.0,4rrk1/5ppp/p1pb4/1p1n3q/3P2b1/1BP3P1/PP1N1PQP/R1B1R1K1,,,7,35,27,False,202210
202210051512014,35,e1e8,8.0,True,132.0,157.0,4rrk1/5ppp/p1pb4/1p1n3q/3P2b1/1BP3P1/PP1N1PQP/R1B1R1K1,,,7,35,27,False,202210
202210051770252,35,e1f1,14.0,True,43.0,42.0,4rrk1/5ppp/p1pb4/1p1n3q/3P2b1/1BP3P1/PP1N1PQP/R1B1R1K1,,,7,35,27,False,202210
202210051885752,35,d2e4,3.0,True,143.0,141.0,4rrk1/5ppp/p1pb4/1p1n3q/3P2b1/1BP3P1/PP1N1PQP/R1B1R1K1,,,7,35,27,False,202210
202210069705229,35,e1f1,46.0,True,526.0,539.0,4rrk1/5ppp/p1pb4/1p1n3q/3P2b1/1BP3P1/PP1N1PQP/R1B1R1K1,,,7,35,27,False,202210
202210069932436,35,d2e4,6.0,True,545.0,572.0,4rrk1/5ppp/p1pb4/1p1n3q/3P2b1/1BP3P1/PP1N1PQP/R1B1R1K1,,,7,35,27,False,202210
202210082405914,35,e1e8,4.0,True,263.0,290.0,4rrk1/5ppp/p1pb4/1p1n3q/3P2b1/1BP3P1/PP1N1PQP/R1B1R1K1,,,7,35,27,False,202210
202210082735510,35,e1e8,22.0,True,135.0,163.0,4rrk1/5ppp/p1pb4/1p1n3q/3P2b1/1BP3P1/PP1N1PQP/R1B1R1K1,,,7,35,27,False,202210
202210082843569,35,e1e8,2.0,True,136.0,149.0,4rrk1/5ppp/p1pb4/1p1n3q/3P2b1/1BP3P1/PP1N1PQP/R1B1R1K1,,,7,35,27,False,202210
202210003010955,35,g2f1,52.0,True,280.0,321.0,4rrk1/5ppp/p1pb4/1p1n3q/3P2b1/1BP3P1/PP1N1PQP/R1B1R1K1,,,7,35,27,False,202210
202210003293991,35,e1e8,11.0,True,163.0,160.0,4rrk1/5ppp/p1pb4/1p1n3q/3P2b1/1BP3P1/PP1N1PQP/R1B1R1K1,,,7,35,27,False,202210
202210003762611,35,e1e8,9.0,True,889.0,777.0,4rrk1/5ppp/p1pb4/1p1n3q/3P2b1/1BP3P1/PP1N1PQP/R1B1R1K1,,,7,35,27,False,202210
202210055019327,35,e1e8,1.0,True,34.0,46.0,4rrk1/5ppp/p1pb4/1p1n3q/3P2b1/1BP3P1/PP1N1PQP/R1B1R1K1,,,7,35,27,False,202210
202210055210326,35,b3d5,81.0,True,150.0,159.0,4rrk1/5ppp/p1pb4/1p1n3q/3P2b1/1BP3P1/PP1N1PQP/R1B1R1K1,,,7,35,27,False,202210
202210055219555,35,d2e4,111.0,True,496.0,572.0,4rrk1/5ppp/p1pb4/1p1n3q/3P2b1/1BP3P1/PP1N1PQP/R1B1R1K1,,,7,35,27,False,202210
202210055369259,35,e1f1,12.0,True,40.0,40.0,4rrk1/5ppp/p1pb4/1p1n3q/3P2b1/1BP3P1/PP1N1PQP/R1B1R1K1,,,7,35,27,False,202210
202210020251047,35,g2f1,16.0,True,175.0,193.0,4rrk1/5ppp/p1pb4/1p1n3q/3P2b1/1BP3P1/PP1N1PQP/R1B1R1K1,,,7,35,27,False,202210
202210004074238,35,e1e8,9.0,True,53.0,65.0,4rrk1/5ppp/p1pb4/1p1n3q/3P2b1/1BP3P1/PP1N1PQP/R1B1R1K1,,,7,35,27,False,202210
202210004143495,35,e1f1,12.0,True,136.0,156.0,4rrk1/5ppp/p1pb4/1p1n3q/3P2b1/1BP3P1/PP1N1PQP/R1B1R1K1,,,7,35,27,False,202210
202210004256775,35,e1e4,30.0,True,146.0,161.0,4rrk1/5ppp/p1pb4/1p1n3q/3P2b1/1BP3P1/PP1N1PQP/R1B1R1K1,,,7,35,27,False,202210
202210004515468,35,e1e8,28.0,True,79.0,112.0,4rrk1/5ppp/p1pb4/1p1n3q/3P2b1/1BP3P1/PP1N1PQP/R1B1R1K1,,,7,35,27,False,202210
202210004565414,35,e1f1,9.0,True,90.0,115.0,4rrk1/5ppp/p1pb4/1p1n3q/3P2b1/1BP3P1/PP1N1PQP/R1B1R1K1,,,7,35,27,False,202210
202210004636971,35,e1e4,109.0,True,250.0,283.0,4rrk1/5ppp/p1pb4/1p1n3q/3P2b1/1BP3P1/PP1N1PQP/R1B1R1K1,,,7,35,27,False,202210
202210004714688,35,g2f1,14.0,True,103.0,125.0,4rrk1/5ppp/p1pb4/1p1n3q/3P2b1/1BP3P1/PP1N1PQP/R1B1R1K1,,,7,35,27,False,202210
202210031278915,35,e1f1,10.0,True,143.0,154.0,4rrk1/5ppp/p1pb4/1p1n3q/3P2b1/1BP3P1/PP1N1PQP/R1B1R1K1,,,7,35,27,False,202210
202210031746822,35,d2e4,8.0,True,111.0,149.0,4rrk1/5ppp/p1pb4/1p1n3q/3P2b1/1BP3P1/PP1N1PQP/R1B1R1K1,,,7,35,27,False,202210
202210031951890,35,e1f1,6.0,True,258.0,268.0,4rrk1/5ppp/p1pb4/1p1n3q/3P2b1/1BP3P1/PP1N1PQP/R1B1R1K1,,,7,35,27,False,202210
202210060400801,35,e1e8,33.0,True,146.0,159.0,4rrk1/5ppp/p1pb4/1p1n3q/3P2b1/1BP3P1/PP1N1PQP/R1B1R1K1,,,7,35,27,False,202210
202210060465538,35,g2f1,7.0,True,111.0,118.0,4rrk1/5ppp/p1pb4/1p1n3q/3P2b1/1BP3P1/PP1N1PQP/R1B1R1K1,,,7,35,27,False,202210
202210060927181,35,d2e4,5.0,True,201.0,238.0,4rrk1/5ppp/p1pb4/1p1n3q/3P2b1/1BP3P1/PP1N1PQP/R1B1R1K1,,,7,35,27,False,202210
202210056524082,35,e1e8,2.0,True,139.0,160.0,4rrk1/5ppp/p1pb4/1p1n3q/3P2b1/1BP3P1/PP1N1PQP/R1B1R1K1,,,7,35,27,False,202210
202210056589876,35,g1f1,9.0,True,119.0,149.0,4rrk1/5ppp/p1pb4/1p1n3q/3P2b1/1BP3P1/PP1N1PQP/R1B1R1K1,,,7,35,27,False,202210
202210058056804,35,e1f1,6.0,True,176.0,196.0,4rrk1/5ppp/p1pb4/1p1n3q/3P2b1/1BP3P1/PP1N1PQP/R1B1R1K1,,,7,35,27,False,202210
202210058353653,35,e1e8,44.0,True,157.0,193.0,4rrk1/5ppp/p1pb4/1p1n3q/3P2b1/1BP3P1/PP1N1PQP/R1B1R1K1,,,7,35,27,False,202210
202210058383552,35,e1e8,37.0,True,236.0,285.0,4rrk1/5ppp/p1pb4/1p1n3q/3P2b1/1BP3P1/PP1N1PQP/R1B1R1K1,,,7,35,27,False,202210
202210058607431,35,e1e3,88.0,True,91.0,154.0,4rrk1/5ppp/p1pb4/1p1n3q/3P2b1/1BP3P1/PP1N1PQP/R1B1R1K1,,,7,35,27,False,202210
202210068207885,35,e1e8,6.0,True,159.0,163.0,4rrk1/5ppp/p1pb4/1p1n3q/3P2b1/1BP3P1/PP1N1PQP/R1B1R1K1,,,7,35,27,False,202210
202210068484494,35,e1f1,6.0,True,156.0,167.0,4rrk1/5ppp/p1pb4/1p1n3q/3P2b1/1BP3P1/PP1N1PQP/R1B1R1K1,,,7,35,27,False,202210
202210068809617,35,d2e4,3.0,True,247.0,286.0,4rrk1/5ppp/p1pb4/1p1n3q/3P2b1/1BP3P1/PP1N1PQP/R1B1R1K1,,,7,35,27,False,202210
202210068992004,35,e1e8,21.0,True,70.0,93.0,4rrk1/5ppp/p1pb4/1p1n3q/3P2b1/1BP3P1/PP1N1PQP/R1B1R1K1,,,7,35,27,False,202210
202210012125846,35,e1f1,14.0,True,167.0,159.0,4rrk1/5ppp/p1pb4/1p1n3q/3P2b1/1BP3P1/PP1N1PQP/R1B1R1K1,,,7,35,27,False,202210
202210012131470,35,d2e4,1.0,True,95.0,81.0,4rrk1/5ppp/p1pb4/1p1n3q/3P2b1/1BP3P1/PP1N1PQP/R1B1R1K1,,,7,35,27,False,202210
202210012220730,35,e1e8,8.0,True,246.0,279.0,4rrk1/5ppp/p1pb4/1p1n3q/3P2b1/1BP3P1/PP1N1PQP/R1B1R1K1,,,7,35,27,False,202210
202210078647498,35,e1e8,21.0,True,221.0,327.0,4rrk1/5ppp/p1pb4/1p1n3q/3P2b1/1BP3P1/PP1N1PQP/R1B1R1K1,,,7,35,27,False,202210
202210078902306,35,d2e4,4.0,True,127.0,159.0,4rrk1/5ppp/p1pb4/1p1n3q/3P2b1/1BP3P1/PP1N1PQP/R1B1R1K1,,,7,35,27,False,202210
202210027059811,35,e1e8,10.0,True,620.0,655.0,4rrk1/5ppp/p1pb4/1p1n3q/3P2b1/1BP3P1/PP1N1PQP/R1B1R1K1,,,7,35,27,False,202210
202210027170011,35,e1f1,22.0,True,177.0,84.0,4rrk1/5ppp/p1pb4/1p1n3q/3P2b1/1BP3P1/PP1N1PQP/R1B1R1K1,,,7,35,27,False,202210
202210027406591,35,e1e8,4.0,True,36.0,67.0,4rrk1/5ppp/p1pb4/1p1n3q/3P2b1/1BP3P1/PP1N1PQP/R1B1R1K1,,,7,35,27,False,202210
202210027829652,35,d2e4,17.0,True,127.0,191.0,4rrk1/5ppp/p1pb4/1p1n3q/3P2b1/1BP3P1/PP1N1PQP/R1B1R1K1,,,7,35,27,False,202210
202210027866151,35,e1e8,24.0,True,117.0,192.0,4rrk1/5ppp/p1pb4/1p1n3q/3P2b1/1BP3P1/PP1N1PQP/R1B1R1K1,,,7,35,27,False,202210
202210027981911,35,e1f1,9.0,True,171.0,191.0,4rrk1/5ppp/p1pb4/1p1n3q/3P2b1/1BP3P1/PP1N1PQP/R1B1R1K1,,,7,35,27,False,202210
202210043312630,35,e1e8,56.0,True,421.0,597.0,4rrk1/5ppp/p1pb4/1p1n3q/3P2b1/1BP3P1/PP1N1PQP/R1B1R1K1,,,7,35,27,False,202210
202210043366643,35,d2e4,2.0,True,166.0,163.0,4rrk1/5ppp/p1pb4/1p1n3q/3P2b1/1BP3P1/PP1N1PQP/R1B1R1K1,,,7,35,27,False,202210
202210043384276,35,g2f1,17.0,True,140.0,160.0,4rrk1/5ppp/p1pb4/1p1n3q/3P2b1/1BP3P1/PP1N1PQP/R1B1R1K1,,,7,35,27,False,202210
202210043517168,35,e1e4,21.0,True,191.0,192.0,4rrk1/5ppp/p1pb4/1p1n3q/3P2b1/1BP3P1/PP1N1PQP/R1B1R1K1,,,7,35,27,False,202210
202210043620041,35,e1e8,18.0,True,88.0,143.0,4rrk1/5ppp/p1pb4/1p1n3q/3P2b1/1BP3P1/PP1N1PQP/R1B1R1K1,,,7,35,27,False,202210
202210050245535,35,e1e8,159.0,True,244.0,289.0,4rrk1/5ppp/p1pb4/1p1n3q/3P2b1/1BP3P1/PP1N1PQP/R1B1R1K1,,,7,35,27,False,202210
202210050619737,37,e1e4,3.0,True,37.0,46.0,4rrk1/5ppp/p1pb4/1p1n3q/3P2b1/1BP3P1/PP1N1PQP/R1B1R1K1,,,7,35,27,False,202210
202210050789547,35,e1f1,42.0,True,237.0,238.0,4rrk1/5ppp/p1pb4/1p1n3q/3P2b1/1BP3P1/PP1N1PQP/R1B1R1K1,,,7,35,27,False,202210
202210088303868,35,e1e8,10.0,True,230.0,191.0,4rrk1/5ppp/p1pb4/1p1n3q/3P2b1/1BP3P1/PP1N1PQP/R1B1R1K1,,,7,35,27,False,202210
202210028241249,35,e1e4,72.0,True,167.0,294.0,4rrk1/5ppp/p1pb4/1p1n3q/3P2b1/1BP3P1/PP1N1PQP/R1B1R1K1,,,7,35,27,False,202210
202210028397458,35,e1f1,38.0,True,533.0,545.0,4rrk1/5ppp/p1pb4/1p1n3q/3P2b1/1BP3P1/PP1N1PQP/R1B1R1K1,,,7,35,27,False,202210
202210028673055,35,e1e4,59.0,True,567.0,570.0,4rrk1/5ppp/p1pb4/1p1n3q/3P2b1/1BP3P1/PP1N1PQP/R1B1R1K1,,,7,35,27,False,202210
202210028832615,35,g1f1,10.0,True,98.0,107.0,4rrk1/5ppp/p1pb4/1p1n3q/3P2b1/1BP3P1/PP1N1PQP/R1B1R1K1,,,7,35,27,False,202210
202210071435645,35,e1f1,30.0,True,223.0,318.0,4rrk1/5ppp/p1pb4/1p1n3q/3P2b1/1BP3P1/PP1N1PQP/R1B1R1K1,,,7,35,27,False,202210
202210071610352,35,e1f1,48.0,True,122.0,165.0,4rrk1/5ppp/p1pb4/1p1n3q/3P2b1/1BP3P1/PP1N1PQP/R1B1R1K1,,,7,35,27,False,202210
202210071690215,35,e1e8,6.0,True,47.0,67.0,4rrk1/5ppp/p1pb4/1p1n3q/3P2b1/1BP3P1/PP1N1PQP/R1B1R1K1,,,7,35,27,False,202210
202210071734806,35,d2e4,7.0,True,99.0,114.0,4rrk1/5ppp/p1pb4/1p1n3q/3P2b1/1BP3P1/PP1N1PQP/R1B1R1K1,,,7,35,27,False,202210
202210071868360,35,e1f1,20.0,True,255.0,245.0,4rrk1/5ppp/p1pb4/1p1n3q/3P2b1/1BP3P1/PP1N1PQP/R1B1R1K1,,,7,35,27,False,202210
202210071945067,35,e1f1,20.0,True,288.0,291.0,4rrk1/5ppp/p1pb4/1p1n3q/3P2b1/1BP3P1/PP1N1PQP/R1B1R1K1,,,7,35,27,False,202210
202210017611554,35,e1e8,15.0,True,109.0,116.0,4rrk1/5ppp/p1pb4/1p1n3q/3P2b1/1BP3P1/PP1N1PQP/R1B1R1K1,,,7,35,27,False,202210
202210017703575,35,d2e4,16.0,True,232.0,295.0,4rrk1/5ppp/p1pb4/1p1n3q/3P2b1/1BP3P1/PP1N1PQP/R1B1R1K1,,,7,35,27,False,202210
202210053321153,35,g1f1,20.0,True,292.0,319.0,4rrk1/5ppp/p1pb4/1p1n3q/3P2b1/1BP3P1/PP1N1PQP/R1B1R1K1,,,7,35,27,False,202210
202210053602260,35,e1e8,49.0,True,158.0,172.0,4rrk1/5ppp/p1pb4/1p1n3q/3P2b1/1BP3P1/PP1N1PQP/R1B1R1K1,,,7,35,27,False,202210
202210047442129,35,d2e4,11.0,True,101.0,135.0,4rrk1/5ppp/p1pb4/1p1n3q/3P2b1/1BP3P1/PP1N1PQP/R1B1R1K1,,,7,35,27,False,202210
202210010419354,35,e1e8,6.0,True,99.0,116.0,4rrk1/5ppp/p1pb4/1p1n3q/3P2b1/1BP3P1/PP1N1PQP/R1B1R1K1,,,7,35,27,False,202210
202210010516760,35,e1e4,26.0,True,138.0,188.0,4rrk1/5ppp/p1pb4/1p1n3q/3P2b1/1BP3P1/PP1N1PQP/R1B1R1K1,,,7,35,27,False,202210
202210089519184,35,e1e8,3.0,True,113.0,117.0,4rrk1/5ppp/p1pb4/1p1n3q/3P2b1/1BP3P1/PP1N1PQP/R1B1R1K1,,,7,35,27,False,202210
202210089920833,35,e1e4,76.0,True,226.0,260.0,4rrk1/5ppp/p1pb4/1p1n3q/3P2b1/1BP3P1/PP1N1PQP/R1B1R1K1,,,7,35,27,False,202210
202210075119417,35,e1e8,7.0,True,159.0,174.0,4rrk1/5ppp/p1pb4/1p1n3q/3P2b1/1BP3P1/PP1N1PQP/R1B1R1K1,,,7,35,27,False,202210
202210075264661,35,e1e8,36.0,True,236.0,303.0,4rrk1/5ppp/p1pb4/1p1n3q/3P2b1/1BP3P1/PP1N1PQP/R1B1R1K1,,,7,35,27,False,202210
202210075363070,35,d2e4,19.0,True,111.0,120.0,4rrk1/5ppp/p1pb4/1p1n3q/3P2b1/1BP3P1/PP1N1PQP/R1B1R1K1,,,7,35,27,False,202210
202210075835641,35,e1e8,33.0,True,92.0,92.0,4rrk1/5ppp/p1pb4/1p1n3q/3P2b1/1BP3P1/PP1N1PQP/R1B1R1K1,,,7,35,27,False,202210
202210033352064,35,e1f1,15.0,True,504.0,581.0,4rrk1/5ppp/p1pb4/1p1n3q/3P2b1/1BP3P1/PP1N1PQP/R1B1R1K1,,,7,35,27,False,202210
202210033880072,35,e1e8,32.0,True,494.0,544.0,4rrk1/5ppp/p1pb4/1p1n3q/3P2b1/1BP3P1/PP1N1PQP/R1B1R1K1,,,7,35,27,False,202210
202210086284384,35,e1e4,44.0,True,288.0,371.0,4rrk1/5ppp/p1pb4/1p1n3q/3P2b1/1BP3P1/PP1N1PQP/R1B1R1K1,,,7,35,27,False,202210
202210086334884,35,e1e8,15.0,True,88.0,118.0,4rrk1/5ppp/p1pb4/1p1n3q/3P2b1/1BP3P1/PP1N1PQP/R1B1R1K1,,,7,35,27,False,202210
202210034124993,35,e1e8,55.0,True,142.0,76.0,4rrk1/5ppp/p1pb4/1p1n3q/3P2b1/1BP3P1/PP1N1PQP/R1B1R1K1,,,7,35,27,False,202210
202210092319819,35,e1f1,20.0,True,109.0,122.0,4rrk1/5ppp/p1pb4/1p1n3q/3P2b1/1BP3P1/PP1N1PQP/R1B1R1K1,,,7,35,27,False,202210
202210092324134,39,d2e4,22.0,True,152.0,128.0,4rrk1/5ppp/p1pb4/1p1n3q/3P2b1/1BP3P1/PP1N1PQP/R1B1R1K1,,,11,35,27,False,202210
202210092630006,35,e1f1,39.0,True,91.0,121.0,4rrk1/5ppp/p1pb4/1p1n3q/3P2b1/1BP3P1/PP1N1PQP/R1B1R1K1,,,7,35,27,False,202210
202210044641211,35,d2e4,1.0,True,188.0,112.0,4rrk1/5ppp/p1pb4/1p1n3q/3P2b1/1BP3P1/PP1N1PQP/R1B1R1K1,,,7,35,27,False,202210
202210044850374,35,e1e4,113.0,True,127.0,164.0,4rrk1/5ppp/p1pb4/1p1n3q/3P2b1/1BP3P1/PP1N1PQP/R1B1R1K1,,,7,35,27,False,202210
202210018362672,35,e1e8,18.0,True,159.0,187.0,4rrk1/5ppp/p1pb4/1p1n3q/3P2b1/1BP3P1/PP1N1PQP/R1B1R1K1,,,7,35,27,False,202210
202210018562623,35,g2f1,10.0,True,47.0,47.0,4rrk1/5ppp/p1pb4/1p1n3q/3P2b1/1BP3P1/PP1N1PQP/R1B1R1K1,,,7,35,27,False,202210
202210054311344,35,b3d5,10.0,True,276.0,271.0,4rrk1/5ppp/p1pb4/1p1n3q/3P2b1/1BP3P1/PP1N1PQP/R1B1R1K1,,,7,35,27,False,202210
202210054358306,35,g2f1,27.0,True,212.0,269.0,4rrk1/5ppp/p1pb4/1p1n3q/3P2b1/1BP3P1/PP1N1PQP/R1B1R1K1,,,7,35,27,False,202210
202210054424017,35,e1f1,79.0,True,170.0,182.0,4rrk1/5ppp/p1pb4/1p1n3q/3P2b1/1BP3P1/PP1N1PQP/R1B1R1K1,,,7,35,27,False,202210
202210054923719,35,e1e8,36.0,True,136.0,160.0,4rrk1/5ppp/p1pb4/1p1n3q/3P2b1/1BP3P1/PP1N1PQP/R1B1R1K1,,,7,35,27,False,202210
202210016139535,35,e1e4,27.0,True,177.0,236.0,4rrk1/5ppp/p1pb4/1p1n3q/3P2b1/1BP3P1/PP1N1PQP/R1B1R1K1,,,7,35,27,False,202210
202210016249899,35,d2e4,37.0,True,163.0,188.0,4rrk1/5ppp/p1pb4/1p1n3q/3P2b1/1BP3P1/PP1N1PQP/R1B1R1K1,,,7,35,27,False,202210
202210016755634,35,e1e4,10.0,True,29.0,48.0,4rrk1/5ppp/p1pb4/1p1n3q/3P2b1/1BP3P1/PP1N1PQP/R1B1R1K1,,,7,35,27,False,202210
202210016789295,35,e1e4,15.0,True,152.0,148.0,4rrk1/5ppp/p1pb4/1p1n3q/3P2b1/1BP3P1/PP1N1PQP/R1B1R1K1,,,7,35,27,False,202210
202210072282184,35,d2e4,24.0,True,59.0,109.0,4rrk1/5ppp/p1pb4/1p1n3q/3P2b1/1BP3P1/PP1N1PQP/R1B1R1K1,,,7,35,27,False,202210
202210072302357,35,e1e8,8.0,True,41.0,51.0,4rrk1/5ppp/p1pb4/1p1n3q/3P2b1/1BP3P1/PP1N1PQP/R1B1R1K1,,,7,35,27,False,202210
202210072605096,35,e1e8,6.0,True,58.0,118.0,4rrk1/5ppp/p1pb4/1p1n3q/3P2b1/1BP3P1/PP1N1PQP/R1B1R1K1,,,7,35,27,False,202210
202210072688549,35,e1e8,7.0,True,42.0,52.0,4rrk1/5ppp/p1pb4/1p1n3q/3P2b1/1BP3P1/PP1N1PQP/R1B1R1K1,,,7,35,27,False,202210
202210083114920,35,e1e8,18.0,True,139.0,154.0,4rrk1/5ppp/p1pb4/1p1n3q/3P2b1/1BP3P1/PP1N1PQP/R1B1R1K1,,,7,35,27,False,202210
202210083189189,35,e1f1,28.0,True,167.0,196.0,4rrk1/5ppp/p1pb4/1p1n3q/3P2b1/1BP3P1/PP1N1PQP/R1B1R1K1,,,7,35,27,False,202210
202210083680562,35,e1e8,3.0,True,145.0,179.0,4rrk1/5ppp/p1pb4/1p1n3q/3P2b1/1BP3P1/PP1N1PQP/R1B1R1K1,,,7,35,27,False,202210
202210030122369,35,d2e4,12.0,True,209.0,325.0,4rrk1/5ppp/p1pb4/1p1n3q/3P2b1/1BP3P1/PP1N1PQP/R1B1R1K1,,,7,35,27,False,202210
202210030648781,35,e1e8,5.0,True,77.0,110.0,4rrk1/5ppp/p1pb4/1p1n3q/3P2b1/1BP3P1/PP1N1PQP/R1B1R1K1,,,7,35,27,False,202210
202210030668402,35,d2e4,16.0,True,149.0,160.0,4rrk1/5ppp/p1pb4/1p1n3q/3P2b1/1BP3P1/PP1N1PQP/R1B1R1K1,,,7,35,27,False,202210
202210030825354,35,e1e4,8.0,True,155.0,180.0,4rrk1/5ppp/p1pb4/1p1n3q/3P2b1/1BP3P1/PP1N1PQP/R1B1R1K1,,,7,35,27,False,202210
202210019039331,35,e1e8,3.0,True,248.0,278.0,4rrk1/5ppp/p1pb4/1p1n3q/3P2b1/1BP3P1/PP1N1PQP/R1B1R1K1,,,7,35,27,False,202210
202210019278930,35,e1e8,38.0,True,154.0,186.0,4rrk1/5ppp/p1pb4/1p1n3q/3P2b1/1BP3P1/PP1N1PQP/R1B1R1K1,,,7,35,27,False,202210
202210019292050,37,e1f1,128.0,True,228.0,300.0,4rrk1/5ppp/p1pb4/1p1n3q/3P2b1/1BP3P1/PP1N1PQP/R1B1R1K1,,,9,35,27,False,202210
202210019579269,35,d2e4,7.0,True,178.0,176.0,4rrk1/5ppp/p1pb4/1p1n3q/3P2b1/1BP3P1/PP1N1PQP/R1B1R1K1,,,7,35,27,False,202210
202210073032224,35,b3d5,70.0,True,236.0,239.0,4rrk1/5ppp/p1pb4/1p1n3q/3P2b1/1BP3P1/PP1N1PQP/R1B1R1K1,,,7,35,27,False,202210
202210073208110,35,e1e8,47.0,True,231.0,322.0,4rrk1/5ppp/p1pb4/1p1n3q/3P2b1/1BP3P1/PP1N1PQP/R1B1R1K1,,,7,35,27,False,202210
202210073348478,35,e1f1,20.0,True,108.0,112.0,4rrk1/5ppp/p1pb4/1p1n3q/3P2b1/1BP3P1/PP1N1PQP/R1B1R1K1,,,7,35,27,False,202210
202210073813915,35,e1f1,32.0,True,300.0,211.0,4rrk1/5ppp/p1pb4/1p1n3q/3P2b1/1BP3P1/PP1N1PQP/R1B1R1K1,,,7,35,27,False,202210
202210015184836,35,e1e8,11.0,True,25.0,50.0,4rrk1/5ppp/p1pb4/1p1n3q/3P2b1/1BP3P1/PP1N1PQP/R1B1R1K1,,,7,35,27,False,202210
202210015841843,35,e1e8,27.0,True,142.0,168.0,4rrk1/5ppp/p1pb4/1p1n3q/3P2b1/1BP3P1/PP1N1PQP/R1B1R1K1,,,7,35,27,False,202210
202210015907781,35,e1e8,3.0,True,264.0,307.0,4rrk1/5ppp/p1pb4/1p1n3q/3P2b1/1BP3P1/PP1N1PQP/R1B1R1K1,,,7,35,27,False,202210
202210067161557,35,e1e4,50.0,True,146.0,167.0,4rrk1/5ppp/p1pb4/1p1n3q/3P2b1/1BP3P1/PP1N1PQP/R1B1R1K1,,,7,35,27,False,202210
202210067319951,35,f2f3,1.0,True,43.0,47.0,4rrk1/5ppp/p1pb4/1p1n3q/3P2b1/1BP3P1/PP1N1PQP/R1B1R1K1,,,7,35,27,False,202210
202210067918651,35,e1e8,44.0,True,146.0,197.0,4rrk1/5ppp/p1pb4/1p1n3q/3P2b1/1BP3P1/PP1N1PQP/R1B1R1K1,,,7,35,27,False,202210
202210026010735,35,d2e4,45.0,True,110.0,135.0,4rrk1/5ppp/p1pb4/1p1n3q/3P2b1/1BP3P1/PP1N1PQP/R1B1R1K1,,,7,35,27,False,202210
202210026669353,35,e1e8,16.0,True,149.0,184.0,4rrk1/5ppp/p1pb4/1p1n3q/3P2b1/1BP3P1/PP1N1PQP/R1B1R1K1,,,7,35,27,False,202210
202210026980275,35,e1e8,16.0,True,158.0,184.0,4rrk1/5ppp/p1pb4/1p1n3q/3P2b1/1BP3P1/PP1N1PQP/R1B1R1K1,,,7,35,27,False,202210
202210079117756,35,e1e4,50.0,True,166.0,192.0,4rrk1/5ppp/p1pb4/1p1n3q/3P2b1/1BP3P1/PP1N1PQP/R1B1R1K1,,,7,35,27,False,202210
202210079601094,35,d2e4,11.0,True,559.0,544.0,4rrk1/5ppp/p1pb4/1p1n3q/3P2b1/1BP3P1/PP1N1PQP/R1B1R1K1,,,7,35,27,False,202210
202210079640439,35,g1f1,30.0,True,197.0,214.0,4rrk1/5ppp/p1pb4/1p1n3q/3P2b1/1BP3P1/PP1N1PQP/R1B1R1K1,,,5,35,27,False,202210
202210079933392,35,d2e4,41.0,True,254.0,278.0,4rrk1/5ppp/p1pb4/1p1n3q/3P2b1/1BP3P1/PP1N1PQP/R1B1R1K1,,,7,35,27,False,202210
202210002079307,35,e1e8,0.0,True,629.0,622.0,4rrk1/5ppp/p1pb4/1p1n3q/3P2b1/1BP3P1/PP1N1PQP/R1B1R1K1,,,7,35,27,False,202210
202210002425952,35,e1e8,14.0,True,92.0,67.0,4rrk1/5ppp/p1pb4/1p1n3q/3P2b1/1BP3P1/PP1N1PQP/R1B1R1K1,,,7,35,27,False,202210
202210002513547,35,e1e4,23.0,True,87.0,77.0,4rrk1/5ppp/p1pb4/1p1n3q/3P2b1/1BP3P1/PP1N1PQP/R1B1R1K1,,,7,35,27,False,202210
202210002557332,35,g2f1,30.0,True,157.0,180.0,4rrk1/5ppp/p1pb4/1p1n3q/3P2b1/1BP3P1/PP1N1PQP/R1B1R1K1,,,7,35,27,False,202210
202210014209404,35,g2f1,94.0,True,224.0,266.0,4rrk1/5ppp/p1pb4/1p1n3q/3P2b1/1BP3P1/PP1N1PQP/R1B1R1K1,,,7,35,27,False,202210
202210014711994,35,e1f1,5.0,True,268.0,265.0,4rrk1/5ppp/p1pb4/1p1n3q/3P2b1/1BP3P1/PP1N1PQP/R1B1R1K1,,,7,35,27,False,202210
202210014839257,35,d2e4,31.0,True,151.0,159.0,4rrk1/5ppp/p1pb4/1p1n3q/3P2b1/1BP3P1/PP1N1PQP/R1B1R1K1,,,7,35,27,False,202210
202210014937682,35,e1e8,16.0,True,259.0,270.0,4rrk1/5ppp/p1pb4/1p1n3q/3P2b1/1BP3P1/PP1N1PQP/R1B1R1K1,,,7,35,27,False,202210
202210007269688,35,e1e4,25.0,True,179.0,185.0,4rrk1/5ppp/p1pb4/1p1n3q/3P2b1/1BP3P1/PP1N1PQP/R1B1R1K1,,,7,35,27,False,202210
202210007835889,35,e1e8,15.0,True,130.0,164.0,4rrk1/5ppp/p1pb4/1p1n3q/3P2b1/1BP3P1/PP1N1PQP/R1B1R1K1,,,7,35,27,False,202210
202210024914633,35,e1f1,4.0,True,256.0,267.0,4rrk1/5ppp/p1pb4/1p1n3q/3P2b1/1BP3P1/PP1N1PQP/R1B1R1K1,,,7,35,27,False,202210
202210045542711,35,e1f1,18.0,True,184.0,202.0,4rrk1/5ppp/p1pb4/1p1n3q/3P2b1/1BP3P1/PP1N1PQP/R1B1R1K1,,,7,35,27,False,202210
202210045629537,35,e1e8,13.0,True,145.0,168.0,4rrk1/5ppp/p1pb4/1p1n3q/3P2b1/1BP3P1/PP1N1PQP/R1B1R1K1,,,7,35,27,False,202210
202210052087326,35,d2e4,5.0,True,68.0,116.0,4rrk1/5ppp/p1pb4/1p1n3q/3P2b1/1BP3P1/PP1N1PQP/R1B1R1K1,,,7,35,27,False,202210
202210052368583,35,d2e4,4.0,True,134.0,137.0,4rrk1/5ppp/p1pb4/1p1n3q/3P2b1/1BP3P1/PP1N1PQP/R1B1R1K1,,,7,35,27,False,202210
202210052468817,35,e1e8,8.0,True,158.0,167.0,4rrk1/5ppp/p1pb4/1p1n3q/3P2b1/1BP3P1/PP1N1PQP/R1B1R1K1,,,7,35,27,False,202210
202210052483712,35,e1f1,18.0,True,147.0,192.0,4rrk1/5ppp/p1pb4/1p1n3q/3P2b1/1BP3P1/PP1N1PQP/R1B1R1K1,,,7,35,27,False,202210
202210052484100,35,d2e4,22.0,True,153.0,159.0,4rrk1/5ppp/p1pb4/1p1n3q/3P2b1/1BP3P1/PP1N1PQP/R1B1R1K1,,,7,35,27,False,202210
202210052696076,35,d2e4,10.0,True,163.0,165.0,4rrk1/5ppp/p1pb4/1p1n3q/3P2b1/1BP3P1/PP1N1PQP/R1B1R1K1,,,7,35,27,False,202210
202210052831972,35,d2e4,9.0,True,45.0,48.0,4rrk1/5ppp/p1pb4/1p1n3q/3P2b1/1BP3P1/PP1N1PQP/R1B1R1K1,,,7,35,27,False,202210
202210052915775,35,e1e8,30.0,True,512.0,525.0,4rrk1/5ppp/p1pb4/1p1n3q/3P2b1/1BP3P1/PP1N1PQP/R1B1R1K1,,,7,35,27,False,202210
202210008030578,37,e1e8,142.0,True,283.0,612.0,4rrk1/5ppp/p1pb4/1p1n3q/3P2b1/1BP3P1/PP1N1PQP/R1B1R1K1,,,9,35,27,False,202210
202210008263136,35,e1e8,35.0,True,569.0,618.0,4rrk1/5ppp/p1pb4/1p1n3q/3P2b1/1BP3P1/PP1N1PQP/R1B1R1K1,,,7,35,27,False,202210
202210066324336,35,e1f1,17.0,True,276.0,267.0,4rrk1/5ppp/p1pb4/1p1n3q/3P2b1/1BP3P1/PP1N1PQP/R1B1R1K1,,,7,35,27,False,202210
202210064486641,35,e1e8,14.0,True,107.0,118.0,4rrk1/5ppp/p1pb4/1p1n3q/3P2b1/1BP3P1/PP1N1PQP/R1B1R1K1,,,7,35,27,False,202210
202210041229484,35,e1e8,54.0,True,273.0,298.0,4rrk1/5ppp/p1pb4/1p1n3q/3P2b1/1BP3P1/PP1N1PQP/R1B1R1K1,,,7,35,27,False,202210
202210041552258,35,e1e8,42.0,True,244.0,286.0,4rrk1/5ppp/p1pb4/1p1n3q/3P2b1/1BP3P1/PP1N1PQP/R1B1R1K1,,,7,35,27,False,202210
202210041580168,35,e1e8,5.0,True,44.0,52.0,4rrk1/5ppp/p1pb4/1p1n3q/3P2b1/1BP3P1/PP1N1PQP/R1B1R1K1,,,7,35,27,False,202210
202210037138851,35,e1e8,24.0,True,959.0,832.0,4rrk1/5ppp/p1pb4/1p1n3q/3P2b1/1BP3P1/PP1N1PQP/R1B1R1K1,,,7,35,27,False,202210
202210037288515,35,d2e4,7.0,True,121.0,165.0,4rrk1/5ppp/p1pb4/1p1n3q/3P2b1/1BP3P1/PP1N1PQP/R1B1R1K1,,,7,35,27,False,202210
202210037811378,35,e1e8,51.0,True,243.0,274.0,4rrk1/5ppp/p1pb4/1p1n3q/3P2b1/1BP3P1/PP1N1PQP/R1B1R1K1,,,7,35,27,False,202210
202210029469373,35,e1e4,19.0,True,146.0,161.0,4rrk1/5ppp/p1pb4/1p1n3q/3P2b1/1BP3P1/PP1N1PQP/R1B1R1K1,,,7,35,27,False,202210
202210029751998,35,e1e4,7.0,True,263.0,269.0,4rrk1/5ppp/p1pb4/1p1n3q/3P2b1/1BP3P1/PP1N1PQP/R1B1R1K1,,,7,35,27,False,202210
202210029790136,35,e1e8,21.0,True,169.0,163.0,4rrk1/5ppp/p1pb4/1p1n3q/3P2b1/1BP3P1/PP1N1PQP/R1B1R1K1,,,7,35,27,False,202210
202210029915105,35,e1e8,24.0,True,187.0,180.0,4rrk1/5ppp/p1pb4/1p1n3q/3P2b1/1BP3P1/PP1N1PQP/R1B1R1K1,,,7,35,27,False,202210
202210029965067,35,e1e8,58.0,True,133.0,189.0,4rrk1/5ppp/p1pb4/1p1n3q/3P2b1/1BP3P1/PP1N1PQP/R1B1R1K1,,,7,35,27,False,202210
202210091266981,35,e1f1,4.0,True,253.0,265.0,4rrk1/5ppp/p1pb4/1p1n3q/3P2b1/1BP3P1/PP1N1PQP/R1B1R1K1,,,7,35,27,False,202210
202210091730771,35,e1e4,13.0,True,165.0,187.0,4rrk1/5ppp/p1pb4/1p1n3q/3P2b1/1BP3P1/PP1N1PQP/R1B1R1K1,,,7,35,27,False,202210
202210091782232,35,e1f1,6.0,True,513.0,569.0,4rrk1/5ppp/p1pb4/1p1n3q/3P2b1/1BP3P1/PP1N1PQP/R1B1R1K1,,,7,35,27,False,202210
202210091782232,39,e1e8,5.0,True,494.0,392.0,4rrk1/5ppp/p1pb4/1p1n3q/3P2b1/1BP3P1/PP1N1PQP/R1B1R1K1,,,11,35,27,False,202210
202210013149761,35,f2f3,71.0,True,170.0,190.0,4rrk1/5ppp/p1pb4/1p1n3q/3P2b1/1BP3P1/PP1N1PQP/R1B1R1K1,,,7,35,27,False,202210
202210013343997,35,d2e4,1.0,True,37.0,42.0,4rrk1/5ppp/p1pb4/1p1n3q/3P2b1/1BP3P1/PP1N1PQP/R1B1R1K1,,,5,35,27,False,202210
202210013561941,35,g2f1,29.0,True,103.0,176.0,4rrk1/5ppp/p1pb4/1p1n3q/3P2b1/1BP3P1/PP1N1PQP/R1B1R1K1,,,7,35,27,False,202210
202210013920380,35,e1f1,80.0,True,552.0,271.0,4rrk1/5ppp/p1pb4/1p1n3q/3P2b1/1BP3P1/PP1N1PQP/R1B1R1K1,,,7,35,27,False,202210
202210081114873,35,d2e4,8.0,True,41.0,48.0,4rrk1/5ppp/p1pb4/1p1n3q/3P2b1/1BP3P1/PP1N1PQP/R1B1R1K1,,,7,35,27,False,202210
202210081298478,35,e1e8,2.0,True,47.0,51.0,4rrk1/5ppp/p1pb4/1p1n3q/3P2b1/1BP3P1/PP1N1PQP/R1B1R1K1,,,7,35,27,False,202210
202210081920179,35,e1f1,30.0,True,120.0,149.0,4rrk1/5ppp/p1pb4/1p1n3q/3P2b1/1BP3P1/PP1N1PQP/R1B1R1K1,,,7,35,27,False,202210
202210081973658,35,e1f1,36.0,True,132.0,185.0,4rrk1/5ppp/p1pb4/1p1n3q/3P2b1/1BP3P1/PP1N1PQP/R1B1R1K1,,,7,35,27,False,202210
202210011001166,35,e1e8,15.0,True,237.0,275.0,4rrk1/5ppp/p1pb4/1p1n3q/3P2b1/1BP3P1/PP1N1PQP/R1B1R1K1,,,7,35,27,False,202210
202210011274949,35,e1f1,7.0,True,118.0,133.0,4rrk1/5ppp/p1pb4/1p1n3q/3P2b1/1BP3P1/PP1N1PQP/R1B1R1K1,,,7,35,27,False,202210
202210011339300,35,e1e8,18.0,True,92.0,148.0,4rrk1/5ppp/p1pb4/1p1n3q/3P2b1/1BP3P1/PP1N1PQP/R1B1R1K1,,,7,35,27,False,202210
202210011470427,35,e1e8,39.0,True,315.0,269.0,4rrk1/5ppp/p1pb4/1p1n3q/3P2b1/1BP3P1/PP1N1PQP/R1B1R1K1,,,7,35,27,False,202210
202210011768132,35,e1f1,24.0,True,263.0,234.0,4rrk1/5ppp/p1pb4/1p1n3q/3P2b1/1BP3P1/PP1N1PQP/R1B1R1K1,,,7,35,27,False,202210
202210046806730,35,e1e4,33.0,True,166.0,187.0,4rrk1/5ppp/p1pb4/1p1n3q/3P2b1/1BP3P1/PP1N1PQP/R1B1R1K1,,,7,35,27,False,202210
202210046924196,35,e1e4,18.0,True,234.0,259.0,4rrk1/5ppp/p1pb4/1p1n3q/3P2b1/1BP3P1/PP1N1PQP/R1B1R1K1,,,7,35,27,False,202210
202210046968988,35,e1e8,126.0,True,491.0,598.0,4rrk1/5ppp/p1pb4/1p1n3q/3P2b1/1BP3P1/PP1N1PQP/R1B1R1K1,,,7,35,27,False,202210
202210025156483,35,e1e8,37.0,True,155.0,164.0,4rrk1/5ppp/p1pb4/1p1n3q/3P2b1/1BP3P1/PP1N1PQP/R1B1R1K1,,,7,35,27,False,202210
202210025672205,35,b3d5,14.0,True,240.0,269.0,4rrk1/5ppp/p1pb4/1p1n3q/3P2b1/1BP3P1/PP1N1PQP/R1B1R1K1,,,7,35,27,False,202210
202210025918788,35,e1e4,7.0,True,40.0,51.0,4rrk1/5ppp/p1pb4/1p1n3q/3P2b1/1BP3P1/PP1N1PQP/R1B1R1K1,,,7,35,27,False,202210
202211070062534,35,g2f1,7.0,True,190.0,181.0,4rrk1/5ppp/p1pb4/1p1n3q/3P2b1/1BP3P1/PP1N1PQP/R1B1R1K1,,,7,35,27,False,202211
202211070062534,39,e1e4,3.0,True,184.0,115.0,4rrk1/5ppp/p1pb4/1p1n3q/3P2b1/1BP3P1/PP1N1PQP/R1B1R1K1,,,11,35,27,False,202211
202211070168787,35,e1f1,65.0,True,194.0,227.0,4rrk1/5ppp/p1pb4/1p1n3q/3P2b1/1BP3P1/PP1N1PQP/R1B1R1K1,,,7,35,27,False,202211
202211070858349,35,e1e8,22.0,True,143.0,181.0,4rrk1/5ppp/p1pb4/1p1n3q/3P2b1/1BP3P1/PP1N1PQP/R1B1R1K1,,,7,35,27,False,202211
202211070966666,35,e1e8,30.0,True,144.0,139.0,4rrk1/5ppp/p1pb4/1p1n3q/3P2b1/1BP3P1/PP1N1PQP/R1B1R1K1,,,7,35,27,False,202211
202211048027487,35,e1e4,26.0,True,265.0,272.0,4rrk1/5ppp/p1pb4/1p1n3q/3P2b1/1BP3P1/PP1N1PQP/R1B1R1K1,,,7,35,27,False,202211
202211048579662,35,e1e8,73.0,True,200.0,274.0,4rrk1/5ppp/p1pb4/1p1n3q/3P2b1/1BP3P1/PP1N1PQP/R1B1R1K1,,,7,35,27,False,202211
202211048905574,35,d2e4,34.0,True,113.0,187.0,4rrk1/5ppp/p1pb4/1p1n3q/3P2b1/1BP3P1/PP1N1PQP/R1B1R1K1,,,7,35,27,False,202211
202211077706426,35,d2e4,5.0,True,681.0,708.0,4rrk1/5ppp/p1pb4/1p1n3q/3P2b1/1BP3P1/PP1N1PQP/R1B1R1K1,,,7,35,27,False,202211
202211077944136,35,e1e8,82.0,True,279.0,321.0,4rrk1/5ppp/p1pb4/1p1n3q/3P2b1/1BP3P1/PP1N1PQP/R1B1R1K1,,,7,35,27,False,202211
202211032196064,35,e1e8,10.0,True,267.0,216.0,4rrk1/5ppp/p1pb4/1p1n3q/3P2b1/1BP3P1/PP1N1PQP/R1B1R1K1,,,7,35,27,False,202211
202211032648526,35,e1e8,15.0,True,85.0,150.0,4rrk1/5ppp/p1pb4/1p1n3q/3P2b1/1BP3P1/PP1N1PQP/R1B1R1K1,,,7,35,27,False,202211
202211032753780,35,e1e8,9.0,True,261.0,286.0,4rrk1/5ppp/p1pb4/1p1n3q/3P2b1/1BP3P1/PP1N1PQP/R1B1R1K1,,,7,35,27,False,202211
202211032889069,35,e1f1,24.0,True,163.0,184.0,4rrk1/5ppp/p1pb4/1p1n3q/3P2b1/1BP3P1/PP1N1PQP/R1B1R1K1,,,7,35,27,False,202211
202211006337476,35,d2e4,17.0,True,158.0,188.0,4rrk1/5ppp/p1pb4/1p1n3q/3P2b1/1BP3P1/PP1N1PQP/R1B1R1K1,,,7,35,27,False,202211
202211006384805,35,e1e8,11.0,True,98.0,120.0,4rrk1/5ppp/p1pb4/1p1n3q/3P2b1/1BP3P1/PP1N1PQP/R1B1R1K1,,,7,35,27,False,202211
202211006635001,35,d2e4,43.0,True,173.0,192.0,4rrk1/5ppp/p1pb4/1p1n3q/3P2b1/1BP3P1/PP1N1PQP/R1B1R1K1,,,7,35,27,False,202211
202211006832637,35,e1e8,26.0,True,163.0,152.0,4rrk1/5ppp/p1pb4/1p1n3q/3P2b1/1BP3P1/PP1N1PQP/R1B1R1K1,,,7,35,27,False,202211
202211006834024,35,e1e8,31.0,True,167.0,313.0,4rrk1/5ppp/p1pb4/1p1n3q/3P2b1/1BP3P1/PP1N1PQP/R1B1R1K1,,,7,35,27,False,202211
202211087106566,35,e1f1,22.0,True,92.0,114.0,4rrk1/5ppp/p1pb4/1p1n3q/3P2b1/1BP3P1/PP1N1PQP/R1B1R1K1,,,7,35,27,False,202211
202211087208658,35,e1e8,10.0,True,154.0,161.0,4rrk1/5ppp/p1pb4/1p1n3q/3P2b1/1BP3P1/PP1N1PQP/R1B1R1K1,,,7,35,27,False,202211
202211087232219,35,g2f1,23.0,True,255.0,274.0,4rrk1/5ppp/p1pb4/1p1n3q/3P2b1/1BP3P1/PP1N1PQP/R1B1R1K1,,,7,35,27,False,202211
202211087450988,35,e1e8,6.0,True,316.0,302.0,4rrk1/5ppp/p1pb4/1p1n3q/3P2b1/1BP3P1/PP1N1PQP/R1B1R1K1,,,7,35,27,False,202211
202211087472674,35,e1e4,16.0,True,147.0,169.0,4rrk1/5ppp/p1pb4/1p1n3q/3P2b1/1BP3P1/PP1N1PQP/R1B1R1K1,,,7,35,27,False,202211
202211087650900,35,e1e8,4.0,True,108.0,95.0,4rrk1/5ppp/p1pb4/1p1n3q/3P2b1/1BP3P1/PP1N1PQP/R1B1R1K1,,,7,35,27,False,202211
202211087677738,35,e1e8,59.0,True,466.0,560.0,4rrk1/5ppp/p1pb4/1p1n3q/3P2b1/1BP3P1/PP1N1PQP/R1B1R1K1,,,7,35,27,False,202211
202211065829805,35,e1f1,27.0,True,33.0,57.0,4rrk1/5ppp/p1pb4/1p1n3q/3P2b1/1BP3P1/PP1N1PQP/R1B1R1K1,,,7,35,27,False,202211
202211065896996,35,e1e4,11.0,True,157.0,167.0,4rrk1/5ppp/p1pb4/1p1n3q/3P2b1/1BP3P1/PP1N1PQP/R1B1R1K1,,,7,35,27,False,202211
202211049171618,35,g2f1,52.0,True,543.0,627.0,4rrk1/5ppp/p1pb4/1p1n3q/3P2b1/1BP3P1/PP1N1PQP/R1B1R1K1,,,7,35,27,False,202211
202211001246649,35,g2f1,8.0,True,39.0,51.0,4rrk1/5ppp/p1pb4/1p1n3q/3P2b1/1BP3P1/PP1N1PQP/R1B1R1K1,,,7,35,27,False,202211
202211001367605,35,e1f1,6.0,True,261.0,269.0,4rrk1/5ppp/p1pb4/1p1n3q/3P2b1/1BP3P1/PP1N1PQP/R1B1R1K1,,,7,35,27,False,202211
202211001419331,35,g2f1,15.0,True,159.0,173.0,4rrk1/5ppp/p1pb4/1p1n3q/3P2b1/1BP3P1/PP1N1PQP/R1B1R1K1,,,7,35,27,False,202211
202211005450732,35,e1e8,9.0,True,213.0,262.0,4rrk1/5ppp/p1pb4/1p1n3q/3P2b1/1BP3P1/PP1N1PQP/R1B1R1K1,,,7,35,27,False,202211
202211090022226,35,e1e8,16.0,True,149.0,161.0,4rrk1/5ppp/p1pb4/1p1n3q/3P2b1/1BP3P1/PP1N1PQP/R1B1R1K1,,,7,35,27,False,202211
202211061324334,35,d2e4,17.0,True,553.0,559.0,4rrk1/5ppp/p1pb4/1p1n3q/3P2b1/1BP3P1/PP1N1PQP/R1B1R1K1,,,7,35,27,False,202211
202211061827849,35,e1e4,21.0,True,133.0,158.0,4rrk1/5ppp/p1pb4/1p1n3q/3P2b1/1BP3P1/PP1N1PQP/R1B1R1K1,,,7,35,27,False,202211
202211061992129,35,e1e8,2.0,True,526.0,563.0,4rrk1/5ppp/p1pb4/1p1n3q/3P2b1/1BP3P1/PP1N1PQP/R1B1R1K1,,,7,35,27,False,202211
202211036013586,35,e1e8,5.0,True,22.0,45.0,4rrk1/5ppp/p1pb4/1p1n3q/3P2b1/1BP3P1/PP1N1PQP/R1B1R1K1,,,7,35,27,False,202211
202211036059070,35,e1f1,19.0,True,179.0,280.0,4rrk1/5ppp/p1pb4/1p1n3q/3P2b1/1BP3P1/PP1N1PQP/R1B1R1K1,,,7,35,27,False,202211
202211023297961,35,d2e4,124.0,True,479.0,531.0,4rrk1/5ppp/p1pb4/1p1n3q/3P2b1/1BP3P1/PP1N1PQP/R1B1R1K1,,,7,35,27,False,202211
202211023494654,35,e1f1,15.0,True,341.0,653.0,4rrk1/5ppp/p1pb4/1p1n3q/3P2b1/1BP3P1/PP1N1PQP/R1B1R1K1,,,7,35,27,False,202211
202211023571764,35,d2e4,2.0,True,130.0,173.0,4rrk1/5ppp/p1pb4/1p1n3q/3P2b1/1BP3P1/PP1N1PQP/R1B1R1K1,,,7,35,27,False,202211
202211023788277,35,e1e4,55.0,True,532.0,636.0,4rrk1/5ppp/p1pb4/1p1n3q/3P2b1/1BP3P1/PP1N1PQP/R1B1R1K1,,,7,35,27,False,202211
202211085240649,35,d2e4,3.0,True,542.0,566.0,4rrk1/5ppp/p1pb4/1p1n3q/3P2b1/1BP3P1/PP1N1PQP/R1B1R1K1,,,7,35,27,False,202211
202211085532413,35,e1e8,39.0,True,267.0,282.0,4rrk1/5ppp/p1pb4/1p1n3q/3P2b1/1BP3P1/PP1N1PQP/R1B1R1K1,,,7,35,27,False,202211
202211085665708,35,e1f1,10.0,True,247.0,273.0,4rrk1/5ppp/p1pb4/1p1n3q/3P2b1/1BP3P1/PP1N1PQP/R1B1R1K1,,,7,35,27,False,202211
202211085743907,35,e1e8,12.0,True,117.0,144.0,4rrk1/5ppp/p1pb4/1p1n3q/3P2b1/1BP3P1/PP1N1PQP/R1B1R1K1,,,7,35,27,False,202211
202211009553670,35,e1e8,28.0,True,71.0,110.0,4rrk1/5ppp/p1pb4/1p1n3q/3P2b1/1BP3P1/PP1N1PQP/R1B1R1K1,,,7,35,27,False,202211
202211009761047,35,e1e8,1.0,True,41.0,47.0,4rrk1/5ppp/p1pb4/1p1n3q/3P2b1/1BP3P1/PP1N1PQP/R1B1R1K1,,,7,35,27,False,202211
202211009986351,35,d2e4,7.0,True,139.0,121.0,4rrk1/5ppp/p1pb4/1p1n3q/3P2b1/1BP3P1/PP1N1PQP/R1B1R1K1,,,7,35,27,False,202211
202211063457273,35,d2e4,30.0,True,951.0,979.0,4rrk1/5ppp/p1pb4/1p1n3q/3P2b1/1BP3P1/PP1N1PQP/R1B1R1K1,,,7,35,27,False,202211
202211059436687,35,e1e8,30.0,True,119.0,162.0,4rrk1/5ppp/p1pb4/1p1n3q/3P2b1/1BP3P1/PP1N1PQP/R1B1R1K1,,,7,35,27,False,202211
202211059533549,35,d2e4,19.0,True,140.0,162.0,4rrk1/5ppp/p1pb4/1p1n3q/3P2b1/1BP3P1/PP1N1PQP/R1B1R1K1,,,7,35,27,False,202211
202211059609218,35,e1e8,12.0,True,145.0,156.0,4rrk1/5ppp/p1pb4/1p1n3q/3P2b1/1BP3P1/PP1N1PQP/R1B1R1K1,,,7,35,27,False,202211
202211074031315,35,e1e8,4.0,True,175.0,174.0,4rrk1/5ppp/p1pb4/1p1n3q/3P2b1/1BP3P1/PP1N1PQP/R1B1R1K1,,,7,35,27,False,202211
202211074473016,35,e1e8,14.0,True,647.0,621.0,4rrk1/5ppp/p1pb4/1p1n3q/3P2b1/1BP3P1/PP1N1PQP/R1B1R1K1,,,7,35,27,False,202211
202211074583963,35,e1e4,6.0,True,40.0,45.0,4rrk1/5ppp/p1pb4/1p1n3q/3P2b1/1BP3P1/PP1N1PQP/R1B1R1K1,,,7,35,27,False,202211
202211074987775,35,e1f1,58.0,True,595.0,507.0,4rrk1/5ppp/p1pb4/1p1n3q/3P2b1/1BP3P1/PP1N1PQP/R1B1R1K1,,,7,35,27,False,202211
202211040385920,35,e1e8,70.0,True,1532.0,1656.0,4rrk1/5ppp/p1pb4/1p1n3q/3P2b1/1BP3P1/PP1N1PQP/R1B1R1K1,,,7,35,27,False,202211
202211040487336,35,e1e8,82.0,True,916.0,987.0,4rrk1/5ppp/p1pb4/1p1n3q/3P2b1/1BP3P1/PP1N1PQP/R1B1R1K1,,,7,35,27,False,202211
202211040530306,35,e1e8,30.0,True,487.0,560.0,4rrk1/5ppp/p1pb4/1p1n3q/3P2b1/1BP3P1/PP1N1PQP/R1B1R1K1,,,7,35,27,False,202211
202211040726891,35,e1f1,72.0,True,108.0,167.0,4rrk1/5ppp/p1pb4/1p1n3q/3P2b1/1BP3P1/PP1N1PQP/R1B1R1K1,,,7,35,27,False,202211
202211040989244,35,e1e4,86.0,True,438.0,670.0,4rrk1/5ppp/p1pb4/1p1n3q/3P2b1/1BP3P1/PP1N1PQP/R1B1R1K1,,,7,35,27,False,202211
202211021572915,35,e1e8,27.0,True,178.0,195.0,4rrk1/5ppp/p1pb4/1p1n3q/3P2b1/1BP3P1/PP1N1PQP/R1B1R1K1,,,7,35,27,False,202211
202211062246242,35,d2e4,14.0,True,212.0,246.0,4rrk1/5ppp/p1pb4/1p1n3q/3P2b1/1BP3P1/PP1N1PQP/R1B1R1K1,,,7,35,27,False,202211
202211062290351,35,e1e8,14.0,True,142.0,168.0,4rrk1/5ppp/p1pb4/1p1n3q/3P2b1/1BP3P1/PP1N1PQP/R1B1R1K1,,,7,35,27,False,202211
202211062772831,35,e1e8,132.0,True,479.0,630.0,4rrk1/5ppp/p1pb4/1p1n3q/3P2b1/1BP3P1/PP1N1PQP/R1B1R1K1,,,7,35,27,False,202211
202211022135198,35,f2f3,5.0,True,186.0,151.0,4rrk1/5ppp/p1pb4/1p1n3q/3P2b1/1BP3P1/PP1N1PQP/R1B1R1K1,,,7,35,27,False,202211
202211022286504,37,e1e8,33.0,True,250.0,266.0,4rrk1/5ppp/p1pb4/1p1n3q/3P2b1/1BP3P1/PP1N1PQP/R1B1R1K1,,,7,35,27,False,202211
202211022340212,35,g2f1,19.0,True,141.0,86.0,4rrk1/5ppp/p1pb4/1p1n3q/3P2b1/1BP3P1/PP1N1PQP/R1B1R1K1,,,7,35,27,False,202211
202211022885608,35,e1f1,10.0,True,240.0,332.0,4rrk1/5ppp/p1pb4/1p1n3q/3P2b1/1BP3P1/PP1N1PQP/R1B1R1K1,,,7,35,27,False,202211
202211042000006,35,e1e8,19.0,True,55.0,109.0,4rrk1/5ppp/p1pb4/1p1n3q/3P2b1/1BP3P1/PP1N1PQP/R1B1R1K1,,,7,35,27,False,202211
202211042349748,35,e1e8,5.0,True,98.0,162.0,4rrk1/5ppp/p1pb4/1p1n3q/3P2b1/1BP3P1/PP1N1PQP/R1B1R1K1,,,7,35,27,False,202211
202211042365463,35,e1e8,19.0,True,250.0,280.0,4rrk1/5ppp/p1pb4/1p1n3q/3P2b1/1BP3P1/PP1N1PQP/R1B1R1K1,,,7,35,27,False,202211
202211042476169,35,e1e8,12.0,True,138.0,157.0,4rrk1/5ppp/p1pb4/1p1n3q/3P2b1/1BP3P1/PP1N1PQP/R1B1R1K1,,,7,35,27,False,202211
202211038302300,35,e1f1,144.0,True,585.0,630.0,4rrk1/5ppp/p1pb4/1p1n3q/3P2b1/1BP3P1/PP1N1PQP/R1B1R1K1,,,7,35,27,False,202211
202211038721290,35,e1e8,12.0,True,180.0,189.0,4rrk1/5ppp/p1pb4/1p1n3q/3P2b1/1BP3P1/PP1N1PQP/R1B1R1K1,,,7,35,27,False,202211
202211039269550,35,e1e8,31.0,True,252.0,261.0,4rrk1/5ppp/p1pb4/1p1n3q/3P2b1/1BP3P1/PP1N1PQP/R1B1R1K1,,,7,35,27,False,202211
202211039601954,35,e1e8,23.0,True,484.0,561.0,4rrk1/5ppp/p1pb4/1p1n3q/3P2b1/1BP3P1/PP1N1PQP/R1B1R1K1,,,7,35,27,False,202211
202211039723588,35,e1e8,3.0,True,157.0,199.0,4rrk1/5ppp/p1pb4/1p1n3q/3P2b1/1BP3P1/PP1N1PQP/R1B1R1K1,,,7,35,27,False,202211
202211084555937,35,e1e3,16.0,True,109.0,112.0,4rrk1/5ppp/p1pb4/1p1n3q/3P2b1/1BP3P1/PP1N1PQP/R1B1R1K1,,,7,35,27,False,202211
202211084604215,35,d2e4,7.0,True,129.0,154.0,4rrk1/5ppp/p1pb4/1p1n3q/3P2b1/1BP3P1/PP1N1PQP/R1B1R1K1,,,7,35,27,False,202211
202211084822234,35,e1e8,49.0,True,222.0,270.0,4rrk1/5ppp/p1pb4/1p1n3q/3P2b1/1BP3P1/PP1N1PQP/R1B1R1K1,,,7,35,27,False,202211
202211084974046,35,g2f1,26.0,True,591.0,551.0,4rrk1/5ppp/p1pb4/1p1n3q/3P2b1/1BP3P1/PP1N1PQP/R1B1R1K1,,,7,35,27,False,202211
202211080670723,35,e1e4,33.0,True,130.0,150.0,4rrk1/5ppp/p1pb4/1p1n3q/3P2b1/1BP3P1/PP1N1PQP/R1B1R1K1,,,7,35,27,False,202211
202211051171845,35,e1e8,32.0,True,87.0,104.0,4rrk1/5ppp/p1pb4/1p1n3q/3P2b1/1BP3P1/PP1N1PQP/R1B1R1K1,,,7,35,27,False,202211
202211051450871,35,e1f1,18.0,True,239.0,266.0,4rrk1/5ppp/p1pb4/1p1n3q/3P2b1/1BP3P1/PP1N1PQP/R1B1R1K1,,,7,35,27,False,202211
202211069863482,35,e1e8,55.0,True,177.0,181.0,4rrk1/5ppp/p1pb4/1p1n3q/3P2b1/1BP3P1/PP1N1PQP/R1B1R1K1,,,7,35,27,False,202211
202211069931446,35,d2e4,7.0,True,889.0,753.0,4rrk1/5ppp/p1pb4/1p1n3q/3P2b1/1BP3P1/PP1N1PQP/R1B1R1K1,,,7,35,27,False,202211
202211069941900,35,e1e8,11.0,True,113.0,109.0,4rrk1/5ppp/p1pb4/1p1n3q/3P2b1/1BP3P1/PP1N1PQP/R1B1R1K1,,,7,35,27,False,202211
202211069980994,35,e1f1,21.0,True,101.0,159.0,4rrk1/5ppp/p1pb4/1p1n3q/3P2b1/1BP3P1/PP1N1PQP/R1B1R1K1,,,7,35,27,False,202211
202211082883381,35,e1e8,3.0,True,148.0,167.0,4rrk1/5ppp/p1pb4/1p1n3q/3P2b1/1BP3P1/PP1N1PQP/R1B1R1K1,,,7,35,27,False,202211
202211003680674,35,e1f1,64.0,True,197.0,329.0,4rrk1/5ppp/p1pb4/1p1n3q/3P2b1/1BP3P1/PP1N1PQP/R1B1R1K1,,,7,35,27,False,202211
202211055072302,35,d2e4,4.0,True,107.0,164.0,4rrk1/5ppp/p1pb4/1p1n3q/3P2b1/1BP3P1/PP1N1PQP/R1B1R1K1,,,7,35,27,False,202211
202211055501564,35,e1e8,18.0,True,162.0,172.0,4rrk1/5ppp/p1pb4/1p1n3q/3P2b1/1BP3P1/PP1N1PQP/R1B1R1K1,,,7,35,27,False,202211
202211020658095,35,d2e4,18.0,True,86.0,82.0,4rrk1/5ppp/p1pb4/1p1n3q/3P2b1/1BP3P1/PP1N1PQP/R1B1R1K1,,,7,35,27,False,202211
202211020696313,35,e1e8,21.0,True,200.0,266.0,4rrk1/5ppp/p1pb4/1p1n3q/3P2b1/1BP3P1/PP1N1PQP/R1B1R1K1,,,7,35,27,False,202211
202211004158109,35,e1e8,3.0,True,157.0,161.0,4rrk1/5ppp/p1pb4/1p1n3q/3P2b1/1BP3P1/PP1N1PQP/R1B1R1K1,,,7,35,27,False,202211
202211004173921,35,d2e4,,True,,,4rrk1/5ppp/p1pb4/1p1n3q/3P2b1/1BP3P1/PP1N1PQP/R1B1R1K1,,,7,35,27,False,202211
202211004511276,35,e1e8,142.0,True,235.0,134.0,4rrk1/5ppp/p1pb4/1p1n3q/3P2b1/1BP3P1/PP1N1PQP/R1B1R1K1,,,7,35,27,False,202211
202211004658477,35,e1e4,21.0,True,59.0,179.0,4rrk1/5ppp/p1pb4/1p1n3q/3P2b1/1BP3P1/PP1N1PQP/R1B1R1K1,,,7,35,27,False,202211
202211031331506,35,e1e8,69.0,True,485.0,568.0,4rrk1/5ppp/p1pb4/1p1n3q/3P2b1/1BP3P1/PP1N1PQP/R1B1R1K1,,,7,35,27,False,202211
202211031507105,35,d2e4,16.0,True,60.0,107.0,4rrk1/5ppp/p1pb4/1p1n3q/3P2b1/1BP3P1/PP1N1PQP/R1B1R1K1,,,7,35,27,False,202211
202211060696012,35,g2f1,11.0,True,140.0,195.0,4rrk1/5ppp/p1pb4/1p1n3q/3P2b1/1BP3P1/PP1N1PQP/R1B1R1K1,,,7,35,27,False,202211
202211056344393,35,b3d5,78.0,True,542.0,662.0,4rrk1/5ppp/p1pb4/1p1n3q/3P2b1/1BP3P1/PP1N1PQP/R1B1R1K1,,,7,35,27,False,202211
202211056550995,35,d2e4,14.0,True,151.0,123.0,4rrk1/5ppp/p1pb4/1p1n3q/3P2b1/1BP3P1/PP1N1PQP/R1B1R1K1,,,7,35,27,False,202211
202211058511147,35,e1e8,6.0,True,88.0,128.0,4rrk1/5ppp/p1pb4/1p1n3q/3P2b1/1BP3P1/PP1N1PQP/R1B1R1K1,,,7,35,27,False,202211
202211068032896,35,d2e4,23.0,True,125.0,151.0,4rrk1/5ppp/p1pb4/1p1n3q/3P2b1/1BP3P1/PP1N1PQP/R1B1R1K1,,,7,35,27,False,202211
202211068083451,35,e1e8,19.0,True,100.0,120.0,4rrk1/5ppp/p1pb4/1p1n3q/3P2b1/1BP3P1/PP1N1PQP/R1B1R1K1,,,7,35,27,False,202211
202211012103890,35,d2e4,23.0,True,161.0,190.0,4rrk1/5ppp/p1pb4/1p1n3q/3P2b1/1BP3P1/PP1N1PQP/R1B1R1K1,,,7,35,27,False,202211
202211012299878,35,e1e8,18.0,True,251.0,259.0,4rrk1/5ppp/p1pb4/1p1n3q/3P2b1/1BP3P1/PP1N1PQP/R1B1R1K1,,,7,35,27,False,202211
202211012737102,35,d2e4,15.0,True,86.0,122.0,4rrk1/5ppp/p1pb4/1p1n3q/3P2b1/1BP3P1/PP1N1PQP/R1B1R1K1,,,7,35,27,False,202211
202211078727896,35,d2e4,45.0,True,512.0,264.0,4rrk1/5ppp/p1pb4/1p1n3q/3P2b1/1BP3P1/PP1N1PQP/R1B1R1K1,,,7,35,27,False,202211
202211078959976,35,d2e4,112.0,True,252.0,203.0,4rrk1/5ppp/p1pb4/1p1n3q/3P2b1/1BP3P1/PP1N1PQP/R1B1R1K1,,,7,35,27,False,202211
202211027144465,35,d2e4,25.0,True,569.0,572.0,4rrk1/5ppp/p1pb4/1p1n3q/3P2b1/1BP3P1/PP1N1PQP/R1B1R1K1,,,7,35,27,False,202211
202211027467299,35,e1f1,8.0,True,37.0,42.0,4rrk1/5ppp/p1pb4/1p1n3q/3P2b1/1BP3P1/PP1N1PQP/R1B1R1K1,,,7,35,27,False,202211
202211027632582,35,e1e8,40.0,True,398.0,522.0,4rrk1/5ppp/p1pb4/1p1n3q/3P2b1/1BP3P1/PP1N1PQP/R1B1R1K1,,,7,35,27,False,202211
202211027691854,35,e1e8,101.0,True,170.0,186.0,4rrk1/5ppp/p1pb4/1p1n3q/3P2b1/1BP3P1/PP1N1PQP/R1B1R1K1,,,7,35,27,False,202211
202211027818495,35,d2e4,23.0,True,200.0,284.0,4rrk1/5ppp/p1pb4/1p1n3q/3P2b1/1BP3P1/PP1N1PQP/R1B1R1K1,,,7,35,27,False,202211
202211043473117,35,e1e8,20.0,True,85.0,173.0,4rrk1/5ppp/p1pb4/1p1n3q/3P2b1/1BP3P1/PP1N1PQP/R1B1R1K1,,,7,35,27,False,202211
202211043691497,35,e1e8,15.0,True,141.0,167.0,4rrk1/5ppp/p1pb4/1p1n3q/3P2b1/1BP3P1/PP1N1PQP/R1B1R1K1,,,7,35,27,False,202211
202211050348508,35,d2e4,11.0,True,96.0,109.0,4rrk1/5ppp/p1pb4/1p1n3q/3P2b1/1BP3P1/PP1N1PQP/R1B1R1K1,,,7,35,27,False,202211
202211050621044,35,e1e8,6.0,True,161.0,185.0,4rrk1/5ppp/p1pb4/1p1n3q/3P2b1/1BP3P1/PP1N1PQP/R1B1R1K1,,,7,35,27,False,202211
202211050686946,35,e1e8,53.0,True,247.0,266.0,4rrk1/5ppp/p1pb4/1p1n3q/3P2b1/1BP3P1/PP1N1PQP/R1B1R1K1,,,7,35,27,False,202211
202211050753095,35,e1e8,76.0,True,157.0,172.0,4rrk1/5ppp/p1pb4/1p1n3q/3P2b1/1BP3P1/PP1N1PQP/R1B1R1K1,,,7,35,27,False,202211
202211088256572,35,e1e8,4.0,True,94.0,94.0,4rrk1/5ppp/p1pb4/1p1n3q/3P2b1/1BP3P1/PP1N1PQP/R1B1R1K1,,,7,35,27,False,202211
202211088458031,35,e1f1,1.0,True,38.0,39.0,4rrk1/5ppp/p1pb4/1p1n3q/3P2b1/1BP3P1/PP1N1PQP/R1B1R1K1,,,7,35,27,False,202211
202211088661526,35,e1e4,21.0,True,103.0,116.0,4rrk1/5ppp/p1pb4/1p1n3q/3P2b1/1BP3P1/PP1N1PQP/R1B1R1K1,,,7,35,27,False,202211
202211028206812,35,e1e8,33.0,True,494.0,565.0,4rrk1/5ppp/p1pb4/1p1n3q/3P2b1/1BP3P1/PP1N1PQP/R1B1R1K1,,,7,35,27,False,202211
202211028229733,35,e1e8,54.0,True,549.0,541.0,4rrk1/5ppp/p1pb4/1p1n3q/3P2b1/1BP3P1/PP1N1PQP/R1B1R1K1,,,7,35,27,False,202211
202211028469971,35,e1f1,15.0,True,123.0,162.0,4rrk1/5ppp/p1pb4/1p1n3q/3P2b1/1BP3P1/PP1N1PQP/R1B1R1K1,,,7,35,27,False,202211
202211028508177,35,d2e4,6.0,True,75.0,104.0,4rrk1/5ppp/p1pb4/1p1n3q/3P2b1/1BP3P1/PP1N1PQP/R1B1R1K1,,,7,35,27,False,202211
202211028856622,35,e1e8,85.0,True,225.0,271.0,4rrk1/5ppp/p1pb4/1p1n3q/3P2b1/1BP3P1/PP1N1PQP/R1B1R1K1,,,7,35,27,False,202211
202211028971675,35,e1f1,9.0,True,103.0,117.0,4rrk1/5ppp/p1pb4/1p1n3q/3P2b1/1BP3P1/PP1N1PQP/R1B1R1K1,,,7,35,27,False,202211
202211071194131,35,e1e8,41.0,True,113.0,144.0,4rrk1/5ppp/p1pb4/1p1n3q/3P2b1/1BP3P1/PP1N1PQP/R1B1R1K1,,,7,35,27,False,202211
202211071262856,35,e1f1,9.0,True,154.0,169.0,4rrk1/5ppp/p1pb4/1p1n3q/3P2b1/1BP3P1/PP1N1PQP/R1B1R1K1,,,7,35,27,False,202211
202211071487037,35,e1f1,3.0,True,132.0,150.0,4rrk1/5ppp/p1pb4/1p1n3q/3P2b1/1BP3P1/PP1N1PQP/R1B1R1K1,,,7,35,27,False,202211
202211071505246,35,e1e8,3.0,True,140.0,165.0,4rrk1/5ppp/p1pb4/1p1n3q/3P2b1/1BP3P1/PP1N1PQP/R1B1R1K1,,,7,35,27,False,202211
202211076024831,35,e1e8,68.0,True,173.0,186.0,4rrk1/5ppp/p1pb4/1p1n3q/3P2b1/1BP3P1/PP1N1PQP/R1B1R1K1,,,7,35,27,False,202211
202211076222580,35,e1e8,16.0,True,164.0,196.0,4rrk1/5ppp/p1pb4/1p1n3q/3P2b1/1BP3P1/PP1N1PQP/R1B1R1K1,,,7,35,27,False,202211
202211076422262,35,e1e8,2.0,True,299.0,315.0,4rrk1/5ppp/p1pb4/1p1n3q/3P2b1/1BP3P1/PP1N1PQP/R1B1R1K1,,,7,35,27,False,202211
202211076443439,35,e1e8,6.0,True,197.0,224.0,4rrk1/5ppp/p1pb4/1p1n3q/3P2b1/1BP3P1/PP1N1PQP/R1B1R1K1,,,7,35,27,False,202211
202211076585469,35,e1e8,13.0,True,264.0,277.0,4rrk1/5ppp/p1pb4/1p1n3q/3P2b1/1BP3P1/PP1N1PQP/R1B1R1K1,,,7,35,27,False,202211
202211076812598,35,d2e4,5.0,True,879.0,784.0,4rrk1/5ppp/p1pb4/1p1n3q/3P2b1/1BP3P1/PP1N1PQP/R1B1R1K1,,,7,35,27,False,202211
202211076968534,35,e1f1,4.0,True,107.0,112.0,4rrk1/5ppp/p1pb4/1p1n3q/3P2b1/1BP3P1/PP1N1PQP/R1B1R1K1,,,7,35,27,False,202211
202211017061480,35,e1e8,74.0,True,243.0,273.0,4rrk1/5ppp/p1pb4/1p1n3q/3P2b1/1BP3P1/PP1N1PQP/R1B1R1K1,,,7,35,27,False,202211
202211017178936,35,e1e8,198.0,True,494.0,427.0,4rrk1/5ppp/p1pb4/1p1n3q/3P2b1/1BP3P1/PP1N1PQP/R1B1R1K1,,,7,35,27,False,202211
202211017289743,35,e1e4,11.0,True,208.0,244.0,4rrk1/5ppp/p1pb4/1p1n3q/3P2b1/1BP3P1/PP1N1PQP/R1B1R1K1,,,5,35,27,False,202211
202211047983438,35,e1e4,33.0,True,44.0,184.0,4rrk1/5ppp/p1pb4/1p1n3q/3P2b1/1BP3P1/PP1N1PQP/R1B1R1K1,,,7,35,27,False,202211
202211010121887,35,e1e8,74.0,True,221.0,279.0,4rrk1/5ppp/p1pb4/1p1n3q/3P2b1/1BP3P1/PP1N1PQP/R1B1R1K1,,,7,35,27,False,202211
202211010354640,35,e1f1,38.0,True,108.0,113.0,4rrk1/5ppp/p1pb4/1p1n3q/3P2b1/1BP3P1/PP1N1PQP/R1B1R1K1,,,7,35,27,False,202211
202211089699942,35,e1e8,9.0,True,113.0,107.0,4rrk1/5ppp/p1pb4/1p1n3q/3P2b1/1BP3P1/PP1N1PQP/R1B1R1K1,,,7,35,27,False,202211
202211089790683,35,d2e4,3.0,True,39.0,51.0,4rrk1/5ppp/p1pb4/1p1n3q/3P2b1/1BP3P1/PP1N1PQP/R1B1R1K1,,,7,35,27,False,202211
202211075205405,35,d2e4,1.0,True,102.0,123.0,4rrk1/5ppp/p1pb4/1p1n3q/3P2b1/1BP3P1/PP1N1PQP/R1B1R1K1,,,7,35,27,False,202211
202211075460030,35,d2e4,8.0,True,148.0,158.0,4rrk1/5ppp/p1pb4/1p1n3q/3P2b1/1BP3P1/PP1N1PQP/R1B1R1K1,,,7,35,27,False,202211
202211075827867,35,e1f1,18.0,True,86.0,120.0,4rrk1/5ppp/p1pb4/1p1n3q/3P2b1/1BP3P1/PP1N1PQP/R1B1R1K1,,,7,35,27,False,202211
202211033394927,35,e1f1,20.0,True,153.0,147.0,4rrk1/5ppp/p1pb4/1p1n3q/3P2b1/1BP3P1/PP1N1PQP/R1B1R1K1,,,7,35,27,False,202211
202211033622574,35,e1f1,32.0,True,266.0,273.0,4rrk1/5ppp/p1pb4/1p1n3q/3P2b1/1BP3P1/PP1N1PQP/R1B1R1K1,,,7,35,27,False,202211
202211086376556,35,e1e8,20.0,True,126.0,295.0,4rrk1/5ppp/p1pb4/1p1n3q/3P2b1/1BP3P1/PP1N1PQP/R1B1R1K1,,,7,35,27,False,202211
202211086630795,35,e1e8,5.0,True,126.0,160.0,4rrk1/5ppp/p1pb4/1p1n3q/3P2b1/1BP3P1/PP1N1PQP/R1B1R1K1,,,7,35,27,False,202211
202211086890955,35,d2e4,6.0,True,45.0,51.0,4rrk1/5ppp/p1pb4/1p1n3q/3P2b1/1BP3P1/PP1N1PQP/R1B1R1K1,,,7,35,27,False,202211
202211086925628,35,e1e8,34.0,True,145.0,145.0,4rrk1/5ppp/p1pb4/1p1n3q/3P2b1/1BP3P1/PP1N1PQP/R1B1R1K1,,,7,35,27,False,202211
202211086967404,35,d2e4,1.0,True,28.0,44.0,4rrk1/5ppp/p1pb4/1p1n3q/3P2b1/1BP3P1/PP1N1PQP/R1B1R1K1,,,7,35,27,False,202211
202211034308127,35,e1e8,16.0,True,172.0,203.0,4rrk1/5ppp/p1pb4/1p1n3q/3P2b1/1BP3P1/PP1N1PQP/R1B1R1K1,,,7,35,27,False,202211
202211034398375,35,e1f1,4.0,True,39.0,48.0,4rrk1/5ppp/p1pb4/1p1n3q/3P2b1/1BP3P1/PP1N1PQP/R1B1R1K1,,,7,35,27,False,202211
202211034423199,35,e1f1,41.0,True,178.0,199.0,4rrk1/5ppp/p1pb4/1p1n3q/3P2b1/1BP3P1/PP1N1PQP/R1B1R1K1,,,7,35,27,False,202211
202211034682100,35,e1e8,32.0,True,251.0,283.0,4rrk1/5ppp/p1pb4/1p1n3q/3P2b1/1BP3P1/PP1N1PQP/R1B1R1K1,,,7,35,27,False,202211
202211034818225,35,e1e8,54.0,True,178.0,190.0,4rrk1/5ppp/p1pb4/1p1n3q/3P2b1/1BP3P1/PP1N1PQP/R1B1R1K1,,,7,35,27,False,202211
202211044039121,35,e1e8,39.0,True,5478.0,5748.0,4rrk1/5ppp/p1pb4/1p1n3q/3P2b1/1BP3P1/PP1N1PQP/R1B1R1K1,,,7,35,27,False,202211
202211044136146,35,e1e4,10.0,True,35.0,52.0,4rrk1/5ppp/p1pb4/1p1n3q/3P2b1/1BP3P1/PP1N1PQP/R1B1R1K1,,,7,35,27,False,202211
202211044309116,35,e1e8,28.0,True,191.0,324.0,4rrk1/5ppp/p1pb4/1p1n3q/3P2b1/1BP3P1/PP1N1PQP/R1B1R1K1,,,7,35,27,False,202211
202211044310174,35,e1e8,8.0,True,52.0,106.0,4rrk1/5ppp/p1pb4/1p1n3q/3P2b1/1BP3P1/PP1N1PQP/R1B1R1K1,,,7,35,27,False,202211
202211044325537,35,e1e8,60.0,True,442.0,577.0,4rrk1/5ppp/p1pb4/1p1n3q/3P2b1/1BP3P1/PP1N1PQP/R1B1R1K1,,,7,35,27,False,202211
202211044516031,35,d2e4,5.0,True,75.0,85.0,4rrk1/5ppp/p1pb4/1p1n3q/3P2b1/1BP3P1/PP1N1PQP/R1B1R1K1,,,7,35,27,False,202211
202211044559460,35,e1e8,16.0,True,140.0,165.0,4rrk1/5ppp/p1pb4/1p1n3q/3P2b1/1BP3P1/PP1N1PQP/R1B1R1K1,,,7,35,27,False,202211
202211044713247,35,e1e8,9.0,True,44.0,59.0,4rrk1/5ppp/p1pb4/1p1n3q/3P2b1/1BP3P1/PP1N1PQP/R1B1R1K1,,,7,35,27,False,202211
202211044958784,35,e1e8,6.0,True,149.0,156.0,4rrk1/5ppp/p1pb4/1p1n3q/3P2b1/1BP3P1/PP1N1PQP/R1B1R1K1,,,7,35,27,False,202211
202211044974067,35,d2e4,6.0,True,32.0,48.0,4rrk1/5ppp/p1pb4/1p1n3q/3P2b1/1BP3P1/PP1N1PQP/R1B1R1K1,,,7,35,27,False,202211
202211018608674,35,e1e8,28.0,True,122.0,166.0,4rrk1/5ppp/p1pb4/1p1n3q/3P2b1/1BP3P1/PP1N1PQP/R1B1R1K1,,,7,35,27,False,202211
202211018707942,35,e1e8,49.0,True,126.0,192.0,4rrk1/5ppp/p1pb4/1p1n3q/3P2b1/1BP3P1/PP1N1PQP/R1B1R1K1,,,7,35,27,False,202211
202211054017792,35,e1e4,52.0,True,167.0,168.0,4rrk1/5ppp/p1pb4/1p1n3q/3P2b1/1BP3P1/PP1N1PQP/R1B1R1K1,,,7,35,27,False,202211
202211054419608,35,d2e4,6.0,True,236.0,246.0,4rrk1/5ppp/p1pb4/1p1n3q/3P2b1/1BP3P1/PP1N1PQP/R1B1R1K1,,,7,35,27,False,202211
202211054446672,35,e1f1,12.0,True,109.0,186.0,4rrk1/5ppp/p1pb4/1p1n3q/3P2b1/1BP3P1/PP1N1PQP/R1B1R1K1,,,7,35,27,False,202211
202211054801403,35,g2f1,43.0,True,123.0,196.0,4rrk1/5ppp/p1pb4/1p1n3q/3P2b1/1BP3P1/PP1N1PQP/R1B1R1K1,,,7,35,27,False,202211
202211016156479,35,e1f1,32.0,True,117.0,160.0,4rrk1/5ppp/p1pb4/1p1n3q/3P2b1/1BP3P1/PP1N1PQP/R1B1R1K1,,,7,35,27,False,202211
202211016156479,39,e1f1,4.0,True,66.0,151.0,4rrk1/5ppp/p1pb4/1p1n3q/3P2b1/1BP3P1/PP1N1PQP/R1B1R1K1,,,11,35,27,False,202211
202211016936805,35,e1e8,15.0,True,534.0,509.0,4rrk1/5ppp/p1pb4/1p1n3q/3P2b1/1BP3P1/PP1N1PQP/R1B1R1K1,,,7,35,27,False,202211
202211072156719,35,g2f1,15.0,True,266.0,279.0,4rrk1/5ppp/p1pb4/1p1n3q/3P2b1/1BP3P1/PP1N1PQP/R1B1R1K1,,,7,35,27,False,202211
202211072168564,35,e1e8,127.0,True,293.0,599.0,4rrk1/5ppp/p1pb4/1p1n3q/3P2b1/1BP3P1/PP1N1PQP/R1B1R1K1,,,7,35,27,False,202211
202211072173141,35,e1e4,30.0,True,221.0,272.0,4rrk1/5ppp/p1pb4/1p1n3q/3P2b1/1BP3P1/PP1N1PQP/R1B1R1K1,,,7,35,27,False,202211
202211072360699,35,e1e8,19.0,True,160.0,192.0,4rrk1/5ppp/p1pb4/1p1n3q/3P2b1/1BP3P1/PP1N1PQP/R1B1R1K1,,,7,35,27,False,202211
202211072594951,35,e1e8,4.0,True,176.0,143.0,4rrk1/5ppp/p1pb4/1p1n3q/3P2b1/1BP3P1/PP1N1PQP/R1B1R1K1,,,7,35,27,False,202211
202211083080167,35,e1e8,17.0,True,104.0,111.0,4rrk1/5ppp/p1pb4/1p1n3q/3P2b1/1BP3P1/PP1N1PQP/R1B1R1K1,,,7,35,27,False,202211
202211019237217,35,e1e8,13.0,True,508.0,546.0,4rrk1/5ppp/p1pb4/1p1n3q/3P2b1/1BP3P1/PP1N1PQP/R1B1R1K1,,,7,35,27,False,202211
202211019385655,35,d2e4,7.0,True,125.0,140.0,4rrk1/5ppp/p1pb4/1p1n3q/3P2b1/1BP3P1/PP1N1PQP/R1B1R1K1,,,7,35,27,False,202211
202211019423023,35,d2e4,14.0,True,536.0,482.0,4rrk1/5ppp/p1pb4/1p1n3q/3P2b1/1BP3P1/PP1N1PQP/R1B1R1K1,,,7,35,27,False,202211
202211019845688,35,e1e8,11.0,True,37.0,49.0,4rrk1/5ppp/p1pb4/1p1n3q/3P2b1/1BP3P1/PP1N1PQP/R1B1R1K1,,,7,35,27,False,202211
202211073447920,35,e1e8,81.0,True,127.0,189.0,4rrk1/5ppp/p1pb4/1p1n3q/3P2b1/1BP3P1/PP1N1PQP/R1B1R1K1,,,7,35,27,False,202211
202211073724349,35,e1f1,16.0,True,120.0,158.0,4rrk1/5ppp/p1pb4/1p1n3q/3P2b1/1BP3P1/PP1N1PQP/R1B1R1K1,,,7,35,27,False,202211
202211073824748,35,e1f1,11.0,True,57.0,151.0,4rrk1/5ppp/p1pb4/1p1n3q/3P2b1/1BP3P1/PP1N1PQP/R1B1R1K1,,,7,35,27,False,202211
202211015497254,35,e1e8,13.0,True,34.0,43.0,4rrk1/5ppp/p1pb4/1p1n3q/3P2b1/1BP3P1/PP1N1PQP/R1B1R1K1,,,7,35,27,False,202211
202211067844637,35,g2f1,53.0,True,160.0,192.0,4rrk1/5ppp/p1pb4/1p1n3q/3P2b1/1BP3P1/PP1N1PQP/R1B1R1K1,,,7,35,27,False,202211
202211067844637,39,g2f1,3.0,True,101.0,178.0,4rrk1/5ppp/p1pb4/1p1n3q/3P2b1/1BP3P1/PP1N1PQP/R1B1R1K1,,,11,35,27,False,202211
202211067970967,35,d2e4,3.0,True,24.0,49.0,4rrk1/5ppp/p1pb4/1p1n3q/3P2b1/1BP3P1/PP1N1PQP/R1B1R1K1,,,7,35,27,False,202211
202211026613105,35,e1e8,19.0,True,97.0,118.0,4rrk1/5ppp/p1pb4/1p1n3q/3P2b1/1BP3P1/PP1N1PQP/R1B1R1K1,,,7,35,27,False,202211
202211026863438,35,e1e8,23.0,True,114.0,150.0,4rrk1/5ppp/p1pb4/1p1n3q/3P2b1/1BP3P1/PP1N1PQP/R1B1R1K1,,,7,35,27,False,202211
202211026864184,35,e1e8,46.0,True,953.0,1020.0,4rrk1/5ppp/p1pb4/1p1n3q/3P2b1/1BP3P1/PP1N1PQP/R1B1R1K1,,,7,35,27,False,202211
202211026946191,35,e1e8,35.0,True,214.0,280.0,4rrk1/5ppp/p1pb4/1p1n3q/3P2b1/1BP3P1/PP1N1PQP/R1B1R1K1,,,7,35,27,False,202211
202211079248585,35,e1e8,9.0,True,152.0,145.0,4rrk1/5ppp/p1pb4/1p1n3q/3P2b1/1BP3P1/PP1N1PQP/R1B1R1K1,,,7,35,27,False,202211
202211079309922,35,e1e8,9.0,True,152.0,162.0,4rrk1/5ppp/p1pb4/1p1n3q/3P2b1/1BP3P1/PP1N1PQP/R1B1R1K1,,,7,35,27,False,202211
202211079440559,35,e1f1,23.0,True,143.0,123.0,4rrk1/5ppp/p1pb4/1p1n3q/3P2b1/1BP3P1/PP1N1PQP/R1B1R1K1,,,7,35,27,False,202211
202211079913237,35,e1f1,16.0,True,104.0,170.0,4rrk1/5ppp/p1pb4/1p1n3q/3P2b1/1BP3P1/PP1N1PQP/R1B1R1K1,,,7,35,27,False,202211
202211002348658,35,e1e8,0.0,True,1550.0,1492.0,4rrk1/5ppp/p1pb4/1p1n3q/3P2b1/1BP3P1/PP1N1PQP/R1B1R1K1,,,7,35,27,False,202211
202211002349051,35,e1f1,72.0,True,206.0,132.0,4rrk1/5ppp/p1pb4/1p1n3q/3P2b1/1BP3P1/PP1N1PQP/R1B1R1K1,,,7,35,27,False,202211
202211002898433,35,b3d5,12.0,True,315.0,327.0,4rrk1/5ppp/p1pb4/1p1n3q/3P2b1/1BP3P1/PP1N1PQP/R1B1R1K1,,,7,35,27,False,202211
202211014868769,35,d2e4,11.0,True,105.0,119.0,4rrk1/5ppp/p1pb4/1p1n3q/3P2b1/1BP3P1/PP1N1PQP/R1B1R1K1,,,7,35,27,False,202211
202211007169630,35,d2e4,5.0,True,40.0,23.0,4rrk1/5ppp/p1pb4/1p1n3q/3P2b1/1BP3P1/PP1N1PQP/R1B1R1K1,,,7,35,27,False,202211
202211007212747,35,d2e4,5.0,True,57.0,164.0,4rrk1/5ppp/p1pb4/1p1n3q/3P2b1/1BP3P1/PP1N1PQP/R1B1R1K1,,,7,35,27,False,202211
202211007213522,35,e1e8,29.0,True,124.0,154.0,4rrk1/5ppp/p1pb4/1p1n3q/3P2b1/1BP3P1/PP1N1PQP/R1B1R1K1,,,7,35,27,False,202211
202211007263299,35,e1e8,45.0,True,399.0,568.0,4rrk1/5ppp/p1pb4/1p1n3q/3P2b1/1BP3P1/PP1N1PQP/R1B1R1K1,,,7,35,27,False,202211
202211024023434,35,e1e8,46.0,True,236.0,315.0,4rrk1/5ppp/p1pb4/1p1n3q/3P2b1/1BP3P1/PP1N1PQP/R1B1R1K1,,,7,35,27,False,202211
202211024118964,35,e1f1,3.0,True,172.0,190.0,4rrk1/5ppp/p1pb4/1p1n3q/3P2b1/1BP3P1/PP1N1PQP/R1B1R1K1,,,7,35,27,False,202211
202211024252253,35,e1e8,25.0,True,43.0,80.0,4rrk1/5ppp/p1pb4/1p1n3q/3P2b1/1BP3P1/PP1N1PQP/R1B1R1K1,,,5,35,27,False,202211
202211024426221,35,e1e8,132.0,True,246.0,208.0,4rrk1/5ppp/p1pb4/1p1n3q/3P2b1/1BP3P1/PP1N1PQP/R1B1R1K1,,,7,35,27,False,202211
202211045053897,35,e1e8,65.0,True,281.0,295.0,4rrk1/5ppp/p1pb4/1p1n3q/3P2b1/1BP3P1/PP1N1PQP/R1B1R1K1,,,7,35,27,False,202211
202211045393886,35,d2e4,2.0,True,37.0,45.0,4rrk1/5ppp/p1pb4/1p1n3q/3P2b1/1BP3P1/PP1N1PQP/R1B1R1K1,,,7,35,27,False,202211
202211052253593,35,d2e4,9.0,True,42.0,46.0,4rrk1/5ppp/p1pb4/1p1n3q/3P2b1/1BP3P1/PP1N1PQP/R1B1R1K1,,,7,35,27,False,202211
202211052757779,35,e1e8,23.0,True,156.0,149.0,4rrk1/5ppp/p1pb4/1p1n3q/3P2b1/1BP3P1/PP1N1PQP/R1B1R1K1,,,7,35,27,False,202211
202211008003263,35,e1e8,27.0,True,133.0,160.0,4rrk1/5ppp/p1pb4/1p1n3q/3P2b1/1BP3P1/PP1N1PQP/R1B1R1K1,,,7,35,27,False,202211
202211008698245,35,e1e8,19.0,True,200.0,260.0,4rrk1/5ppp/p1pb4/1p1n3q/3P2b1/1BP3P1/PP1N1PQP/R1B1R1K1,,,7,35,27,False,202211
202211008745619,35,d2f1,11.0,True,154.0,183.0,4rrk1/5ppp/p1pb4/1p1n3q/3P2b1/1BP3P1/PP1N1PQP/R1B1R1K1,,,7,35,27,False,202211
202211008862585,35,e1e8,15.0,True,155.0,161.0,4rrk1/5ppp/p1pb4/1p1n3q/3P2b1/1BP3P1/PP1N1PQP/R1B1R1K1,,,7,35,27,False,202211
202211008952316,35,e1e4,10.0,True,115.0,117.0,4rrk1/5ppp/p1pb4/1p1n3q/3P2b1/1BP3P1/PP1N1PQP/R1B1R1K1,,,7,35,27,False,202211
202211066569958,35,d2e4,24.0,True,75.0,178.0,4rrk1/5ppp/p1pb4/1p1n3q/3P2b1/1BP3P1/PP1N1PQP/R1B1R1K1,,,7,35,27,False,202211
202211064033276,35,g2f1,16.0,True,161.0,169.0,4rrk1/5ppp/p1pb4/1p1n3q/3P2b1/1BP3P1/PP1N1PQP/R1B1R1K1,,,7,35,27,False,202211
202211064419396,35,e1e8,3.0,True,161.0,190.0,4rrk1/5ppp/p1pb4/1p1n3q/3P2b1/1BP3P1/PP1N1PQP/R1B1R1K1,,,7,35,27,False,202211
202211064511771,35,e1e8,356.0,True,514.0,573.0,4rrk1/5ppp/p1pb4/1p1n3q/3P2b1/1BP3P1/PP1N1PQP/R1B1R1K1,,,7,35,27,False,202211
202211041507722,35,e1f1,5.0,True,169.0,176.0,4rrk1/5ppp/p1pb4/1p1n3q/3P2b1/1BP3P1/PP1N1PQP/R1B1R1K1,,,7,35,27,False,202211
202211037177038,35,e1e4,28.0,True,251.0,262.0,4rrk1/5ppp/p1pb4/1p1n3q/3P2b1/1BP3P1/PP1N1PQP/R1B1R1K1,,,7,35,27,False,202211
202211037906043,35,e1e8,9.0,True,258.0,284.0,4rrk1/5ppp/p1pb4/1p1n3q/3P2b1/1BP3P1/PP1N1PQP/R1B1R1K1,,,7,35,27,False,202211
202211029000134,35,e1e8,12.0,True,247.0,270.0,4rrk1/5ppp/p1pb4/1p1n3q/3P2b1/1BP3P1/PP1N1PQP/R1B1R1K1,,,7,35,27,False,202211
202211029060863,35,e1f1,33.0,True,539.0,539.0,4rrk1/5ppp/p1pb4/1p1n3q/3P2b1/1BP3P1/PP1N1PQP/R1B1R1K1,,,7,35,27,False,202211
202211029060863,39,e1f1,32.0,True,485.0,388.0,4rrk1/5ppp/p1pb4/1p1n3q/3P2b1/1BP3P1/PP1N1PQP/R1B1R1K1,,,11,35,27,False,202211
202211029289491,35,e1e8,3.0,True,134.0,182.0,4rrk1/5ppp/p1pb4/1p1n3q/3P2b1/1BP3P1/PP1N1PQP/R1B1R1K1,,,7,35,27,False,202211
202211029467617,35,e1e8,9.0,True,137.0,170.0,4rrk1/5ppp/p1pb4/1p1n3q/3P2b1/1BP3P1/PP1N1PQP/R1B1R1K1,,,7,35,27,False,202211
202211029879520,35,e1e4,24.0,True,139.0,183.0,4rrk1/5ppp/p1pb4/1p1n3q/3P2b1/1BP3P1/PP1N1PQP/R1B1R1K1,,,7,35,27,False,202211
202211013239717,35,d2e4,5.0,True,146.0,162.0,4rrk1/5ppp/p1pb4/1p1n3q/3P2b1/1BP3P1/PP1N1PQP/R1B1R1K1,,,7,35,27,False,202211
202211013252925,35,e1f1,18.0,True,238.0,208.0,4rrk1/5ppp/p1pb4/1p1n3q/3P2b1/1BP3P1/PP1N1PQP/R1B1R1K1,,,7,35,27,False,202211
202211013643874,35,e1f1,10.0,True,95.0,158.0,4rrk1/5ppp/p1pb4/1p1n3q/3P2b1/1BP3P1/PP1N1PQP/R1B1R1K1,,,7,35,27,False,202211
202211081342346,35,e1e8,31.0,True,135.0,135.0,4rrk1/5ppp/p1pb4/1p1n3q/3P2b1/1BP3P1/PP1N1PQP/R1B1R1K1,,,7,35,27,False,202211
202211081436287,35,e1e8,62.0,True,142.0,166.0,4rrk1/5ppp/p1pb4/1p1n3q/3P2b1/1BP3P1/PP1N1PQP/R1B1R1K1,,,7,35,27,False,202211
202211081545424,35,e1f1,7.0,True,194.0,170.0,4rrk1/5ppp/p1pb4/1p1n3q/3P2b1/1BP3P1/PP1N1PQP/R1B1R1K1,,,7,35,27,False,202211
202211081917226,35,d2e4,14.0,True,233.0,232.0,4rrk1/5ppp/p1pb4/1p1n3q/3P2b1/1BP3P1/PP1N1PQP/R1B1R1K1,,,7,35,27,False,202211
202211011455212,35,g2f1,19.0,True,142.0,188.0,4rrk1/5ppp/p1pb4/1p1n3q/3P2b1/1BP3P1/PP1N1PQP/R1B1R1K1,,,7,35,27,False,202211
202211011455212,39,e1e8,35.0,True,123.0,167.0,4rrk1/5ppp/p1pb4/1p1n3q/3P2b1/1BP3P1/PP1N1PQP/R1B1R1K1,,,11,35,27,False,202211
202211011688369,35,e1e8,74.0,True,262.0,316.0,4rrk1/5ppp/p1pb4/1p1n3q/3P2b1/1BP3P1/PP1N1PQP/R1B1R1K1,,,7,35,27,False,202211
202211046149206,35,f2f3,2.0,True,113.0,99.0,4rrk1/5ppp/p1pb4/1p1n3q/3P2b1/1BP3P1/PP1N1PQP/R1B1R1K1,,,7,35,27,False,202211
202211046542755,35,e1e8,10.0,True,34.0,44.0,4rrk1/5ppp/p1pb4/1p1n3q/3P2b1/1BP3P1/PP1N1PQP/R1B1R1K1,,,7,35,27,False,202211
202211046561979,35,e1e8,8.0,True,177.0,181.0,4rrk1/5ppp/p1pb4/1p1n3q/3P2b1/1BP3P1/PP1N1PQP/R1B1R1K1,,,7,35,27,False,202211
202211046859498,35,e1e4,46.0,True,175.0,183.0,4rrk1/5ppp/p1pb4/1p1n3q/3P2b1/1BP3P1/PP1N1PQP/R1B1R1K1,,,7,35,27,False,202211
202211025391632,35,e1f1,11.0,True,86.0,115.0,4rrk1/5ppp/p1pb4/1p1n3q/3P2b1/1BP3P1/PP1N1PQP/R1B1R1K1,,,7,35,27,False,202211
202211025438546,35,e1e8,2.0,True,51.0,52.0,4rrk1/5ppp/p1pb4/1p1n3q/3P2b1/1BP3P1/PP1N1PQP/R1B1R1K1,,,7,35,27,False,202211
202211025712124,35,e1e5,21.0,True,178.0,190.0,4rrk1/5ppp/p1pb4/1p1n3q/3P2b1/1BP3P1/PP1N1PQP/R1B1R1K1,,,7,35,27,False,202211
202212093121174,35,d2e4,8.0,True,161.0,276.0,4rrk1/5ppp/p1pb4/1p1n3q/3P2b1/1BP3P1/PP1N1PQP/R1B1R1K1,,,7,35,27,False,202212
202212093326012,35,e1e8,6.0,True,139.0,162.0,4rrk1/5ppp/p1pb4/1p1n3q/3P2b1/1BP3P1/PP1N1PQP/R1B1R1K1,,,7,35,27,False,202212
202212093426146,35,e1e8,36.0,True,137.0,162.0,4rrk1/5ppp/p1pb4/1p1n3q/3P2b1/1BP3P1/PP1N1PQP/R1B1R1K1,,,7,35,27,False,202212
202212070274685,35,d2e4,3.0,True,142.0,150.0,4rrk1/5ppp/p1pb4/1p1n3q/3P2b1/1BP3P1/PP1N1PQP/R1B1R1K1,,,7,35,27,False,202212
202212070302628,35,e1e8,23.0,True,155.0,190.0,4rrk1/5ppp/p1pb4/1p1n3q/3P2b1/1BP3P1/PP1N1PQP/R1B1R1K1,,,7,35,27,False,202212
202212070434749,35,e1e8,37.0,True,129.0,170.0,4rrk1/5ppp/p1pb4/1p1n3q/3P2b1/1BP3P1/PP1N1PQP/R1B1R1K1,,,7,35,27,False,202212
202212077110136,35,d2e4,3.0,True,46.0,50.0,4rrk1/5ppp/p1pb4/1p1n3q/3P2b1/1BP3P1/PP1N1PQP/R1B1R1K1,,,7,35,27,False,202212
202212077326479,35,e1e8,14.0,True,160.0,164.0,4rrk1/5ppp/p1pb4/1p1n3q/3P2b1/1BP3P1/PP1N1PQP/R1B1R1K1,,,7,35,27,False,202212
202212077777150,35,e1f1,60.0,True,181.0,181.0,4rrk1/5ppp/p1pb4/1p1n3q/3P2b1/1BP3P1/PP1N1PQP/R1B1R1K1,,,7,35,27,False,202212
202212035290323,35,e1e8,49.0,True,405.0,568.0,4rrk1/5ppp/p1pb4/1p1n3q/3P2b1/1BP3P1/PP1N1PQP/R1B1R1K1,,,7,35,27,False,202212
202212035302128,35,e1e8,26.0,True,198.0,234.0,4rrk1/5ppp/p1pb4/1p1n3q/3P2b1/1BP3P1/PP1N1PQP/R1B1R1K1,,,7,35,27,False,202212
202212035618462,35,e1e8,16.0,True,418.0,358.0,4rrk1/5ppp/p1pb4/1p1n3q/3P2b1/1BP3P1/PP1N1PQP/R1B1R1K1,,,7,35,27,False,202212
202212035632352,35,e1e8,6.0,True,246.0,313.0,4rrk1/5ppp/p1pb4/1p1n3q/3P2b1/1BP3P1/PP1N1PQP/R1B1R1K1,,,7,35,27,False,202212
202212035715944,35,g2f1,3.0,True,43.0,49.0,4rrk1/5ppp/p1pb4/1p1n3q/3P2b1/1BP3P1/PP1N1PQP/R1B1R1K1,,,3,35,27,False,202212
202212032097881,35,d2e4,7.0,True,117.0,180.0,4rrk1/5ppp/p1pb4/1p1n3q/3P2b1/1BP3P1/PP1N1PQP/R1B1R1K1,,,7,35,27,False,202212
202212032174559,35,d2e4,3.0,True,187.0,187.0,4rrk1/5ppp/p1pb4/1p1n3q/3P2b1/1BP3P1/PP1N1PQP/R1B1R1K1,,,7,35,27,False,202212
202212032190195,35,e1e4,24.0,True,130.0,187.0,4rrk1/5ppp/p1pb4/1p1n3q/3P2b1/1BP3P1/PP1N1PQP/R1B1R1K1,,,7,35,27,False,202212
202212032541046,35,e1e8,2.0,True,180.0,199.0,4rrk1/5ppp/p1pb4/1p1n3q/3P2b1/1BP3P1/PP1N1PQP/R1B1R1K1,,,7,35,27,False,202212
202212032836204,35,e1e8,2.0,True,83.0,98.0,4rrk1/5ppp/p1pb4/1p1n3q/3P2b1/1BP3P1/PP1N1PQP/R1B1R1K1,,,7,35,27,False,202212
202212032957051,35,e1e8,3.0,True,156.0,167.0,4rrk1/5ppp/p1pb4/1p1n3q/3P2b1/1BP3P1/PP1N1PQP/R1B1R1K1,,,7,35,27,False,202212
202212006449059,35,e1e8,39.0,True,126.0,147.0,4rrk1/5ppp/p1pb4/1p1n3q/3P2b1/1BP3P1/PP1N1PQP/R1B1R1K1,,,7,35,27,False,202212
202212006860918,35,e1e8,20.0,True,149.0,190.0,4rrk1/5ppp/p1pb4/1p1n3q/3P2b1/1BP3P1/PP1N1PQP/R1B1R1K1,,,7,35,27,False,202212
202212087009531,35,d2e4,8.0,True,137.0,167.0,4rrk1/5ppp/p1pb4/1p1n3q/3P2b1/1BP3P1/PP1N1PQP/R1B1R1K1,,,7,35,27,False,202212
202212087509288,35,d2e4,9.0,True,154.0,245.0,4rrk1/5ppp/p1pb4/1p1n3q/3P2b1/1BP3P1/PP1N1PQP/R1B1R1K1,,,7,35,27,False,202212
202212087605613,35,e1e8,6.0,True,184.0,180.0,4rrk1/5ppp/p1pb4/1p1n3q/3P2b1/1BP3P1/PP1N1PQP/R1B1R1K1,,,7,35,27,False,202212
202212065209717,35,e1e8,3.0,True,68.0,114.0,4rrk1/5ppp/p1pb4/1p1n3q/3P2b1/1BP3P1/PP1N1PQP/R1B1R1K1,,,7,35,27,False,202212
202212065541068,35,g2f1,60.0,True,114.0,195.0,4rrk1/5ppp/p1pb4/1p1n3q/3P2b1/1BP3P1/PP1N1PQP/R1B1R1K1,,,7,35,27,False,202212
202212065584418,35,e1e8,16.0,True,111.0,111.0,4rrk1/5ppp/p1pb4/1p1n3q/3P2b1/1BP3P1/PP1N1PQP/R1B1R1K1,,,7,35,27,False,202212
202212049081642,35,e1e8,6.0,True,109.0,123.0,4rrk1/5ppp/p1pb4/1p1n3q/3P2b1/1BP3P1/PP1N1PQP/R1B1R1K1,,,7,35,27,False,202212
202212049088307,35,e1e4,25.0,True,78.0,175.0,4rrk1/5ppp/p1pb4/1p1n3q/3P2b1/1BP3P1/PP1N1PQP/R1B1R1K1,,,7,35,27,False,202212
202212049236075,35,e1f1,4.0,True,163.0,157.0,4rrk1/5ppp/p1pb4/1p1n3q/3P2b1/1BP3P1/PP1N1PQP/R1B1R1K1,,,7,35,27,False,202212
202212049359318,35,e1f1,16.0,True,262.0,284.0,4rrk1/5ppp/p1pb4/1p1n3q/3P2b1/1BP3P1/PP1N1PQP/R1B1R1K1,,,7,35,27,False,202212
202212049445964,35,e1e8,47.0,True,232.0,299.0,4rrk1/5ppp/p1pb4/1p1n3q/3P2b1/1BP3P1/PP1N1PQP/R1B1R1K1,,,7,35,27,False,202212
202212049547465,35,e1f1,12.0,True,153.0,169.0,4rrk1/5ppp/p1pb4/1p1n3q/3P2b1/1BP3P1/PP1N1PQP/R1B1R1K1,,,7,35,27,False,202212
202212049611418,35,d2e4,17.0,True,133.0,153.0,4rrk1/5ppp/p1pb4/1p1n3q/3P2b1/1BP3P1/PP1N1PQP/R1B1R1K1,,,7,35,27,False,202212
202212049934443,35,e1e8,13.0,True,156.0,173.0,4rrk1/5ppp/p1pb4/1p1n3q/3P2b1/1BP3P1/PP1N1PQP/R1B1R1K1,,,7,35,27,False,202212
202212001583453,35,e1e8,62.0,True,98.0,254.0,4rrk1/5ppp/p1pb4/1p1n3q/3P2b1/1BP3P1/PP1N1PQP/R1B1R1K1,,,7,35,27,False,202212
202212001586164,35,e1e8,27.0,True,136.0,159.0,4rrk1/5ppp/p1pb4/1p1n3q/3P2b1/1BP3P1/PP1N1PQP/R1B1R1K1,,,7,35,27,False,202212
202212001903185,35,e1e8,63.0,True,287.0,323.0,4rrk1/5ppp/p1pb4/1p1n3q/3P2b1/1BP3P1/PP1N1PQP/R1B1R1K1,,,7,35,27,False,202212
202212005224749,35,d2e4,3.0,True,257.0,271.0,4rrk1/5ppp/p1pb4/1p1n3q/3P2b1/1BP3P1/PP1N1PQP/R1B1R1K1,,,7,35,27,False,202212
202212005261291,35,e1e8,18.0,True,134.0,194.0,4rrk1/5ppp/p1pb4/1p1n3q/3P2b1/1BP3P1/PP1N1PQP/R1B1R1K1,,,7,35,27,False,202212
202212005278366,35,e1f1,9.0,True,88.0,119.0,4rrk1/5ppp/p1pb4/1p1n3q/3P2b1/1BP3P1/PP1N1PQP/R1B1R1K1,,,7,35,27,False,202212
202212005506536,35,d2e4,9.0,True,88.0,109.0,4rrk1/5ppp/p1pb4/1p1n3q/3P2b1/1BP3P1/PP1N1PQP/R1B1R1K1,,,7,35,27,False,202212
202212005599015,35,e1f1,40.0,True,153.0,154.0,4rrk1/5ppp/p1pb4/1p1n3q/3P2b1/1BP3P1/PP1N1PQP/R1B1R1K1,,,7,35,27,False,202212
202212005630697,35,e1e8,11.0,True,232.0,277.0,4rrk1/5ppp/p1pb4/1p1n3q/3P2b1/1BP3P1/PP1N1PQP/R1B1R1K1,,,7,35,27,False,202212
202212005964269,35,e1e8,22.0,True,266.0,281.0,4rrk1/5ppp/p1pb4/1p1n3q/3P2b1/1BP3P1/PP1N1PQP/R1B1R1K1,,,7,35,27,False,202212
202212005974553,35,e1e8,4.0,True,170.0,215.0,4rrk1/5ppp/p1pb4/1p1n3q/3P2b1/1BP3P1/PP1N1PQP/R1B1R1K1,,,7,35,27,False,202212
202212090008934,35,d2e4,21.0,True,261.0,272.0,4rrk1/5ppp/p1pb4/1p1n3q/3P2b1/1BP3P1/PP1N1PQP/R1B1R1K1,,,7,35,27,False,202212
202212090267280,35,e1f1,4.0,True,147.0,168.0,4rrk1/5ppp/p1pb4/1p1n3q/3P2b1/1BP3P1/PP1N1PQP/R1B1R1K1,,,7,35,27,False,202212
202212090449135,35,e1e8,41.0,True,150.0,136.0,4rrk1/5ppp/p1pb4/1p1n3q/3P2b1/1BP3P1/PP1N1PQP/R1B1R1K1,,,7,35,27,False,202212
202212090481605,35,e1e8,5.0,True,153.0,163.0,4rrk1/5ppp/p1pb4/1p1n3q/3P2b1/1BP3P1/PP1N1PQP/R1B1R1K1,,,7,35,27,False,202212
202212061665165,35,d2e4,82.0,True,103.0,101.0,4rrk1/5ppp/p1pb4/1p1n3q/3P2b1/1BP3P1/PP1N1PQP/R1B1R1K1,,,7,35,27,False,202212
202212061726052,35,e1e8,4.0,True,41.0,46.0,4rrk1/5ppp/p1pb4/1p1n3q/3P2b1/1BP3P1/PP1N1PQP/R1B1R1K1,,,7,35,27,False,202212
202212061943897,35,e1e8,52.0,True,221.0,275.0,4rrk1/5ppp/p1pb4/1p1n3q/3P2b1/1BP3P1/PP1N1PQP/R1B1R1K1,,,7,35,27,False,202212
202212057502750,35,b3d5,3.0,True,39.0,43.0,4rrk1/5ppp/p1pb4/1p1n3q/3P2b1/1BP3P1/PP1N1PQP/R1B1R1K1,,,7,35,27,False,202212
202212057518961,35,e1e8,13.0,True,157.0,138.0,4rrk1/5ppp/p1pb4/1p1n3q/3P2b1/1BP3P1/PP1N1PQP/R1B1R1K1,,,7,35,27,False,202212
202212057619530,35,e1e8,3.0,True,184.0,185.0,4rrk1/5ppp/p1pb4/1p1n3q/3P2b1/1BP3P1/PP1N1PQP/R1B1R1K1,,,7,35,27,False,202212
202212057957739,35,e1e8,71.0,True,181.0,195.0,4rrk1/5ppp/p1pb4/1p1n3q/3P2b1/1BP3P1/PP1N1PQP/R1B1R1K1,,,7,35,27,False,202212
202212036056741,35,g1f1,18.0,True,128.0,135.0,4rrk1/5ppp/p1pb4/1p1n3q/3P2b1/1BP3P1/PP1N1PQP/R1B1R1K1,,,7,35,27,False,202212
202212036949803,35,e1e8,31.0,True,179.0,188.0,4rrk1/5ppp/p1pb4/1p1n3q/3P2b1/1BP3P1/PP1N1PQP/R1B1R1K1,,,7,35,27,False,202212
202212023123676,35,e1e8,3.0,True,205.0,220.0,4rrk1/5ppp/p1pb4/1p1n3q/3P2b1/1BP3P1/PP1N1PQP/R1B1R1K1,,,7,35,27,False,202212
202212023479043,35,e1e8,32.0,True,151.0,170.0,4rrk1/5ppp/p1pb4/1p1n3q/3P2b1/1BP3P1/PP1N1PQP/R1B1R1K1,,,7,35,27,False,202212
202212023959059,35,e1f1,1.0,True,38.0,45.0,4rrk1/5ppp/p1pb4/1p1n3q/3P2b1/1BP3P1/PP1N1PQP/R1B1R1K1,,,7,35,27,False,202212
202212085158614,35,e1e8,27.0,True,160.0,160.0,4rrk1/5ppp/p1pb4/1p1n3q/3P2b1/1BP3P1/PP1N1PQP/R1B1R1K1,,,7,35,27,False,202212
202212085256990,35,g2f1,11.0,True,147.0,156.0,4rrk1/5ppp/p1pb4/1p1n3q/3P2b1/1BP3P1/PP1N1PQP/R1B1R1K1,,,7,35,27,False,202212
202212085326618,35,e1e8,37.0,True,1014.0,1028.0,4rrk1/5ppp/p1pb4/1p1n3q/3P2b1/1BP3P1/PP1N1PQP/R1B1R1K1,,,7,35,27,False,202212
202212063396057,35,e1f1,18.0,True,132.0,141.0,4rrk1/5ppp/p1pb4/1p1n3q/3P2b1/1BP3P1/PP1N1PQP/R1B1R1K1,,,7,35,27,False,202212
202212063524460,35,e1e8,11.0,True,133.0,175.0,4rrk1/5ppp/p1pb4/1p1n3q/3P2b1/1BP3P1/PP1N1PQP/R1B1R1K1,,,7,35,27,False,202212
202212063806639,35,d2e4,4.0,True,47.0,52.0,4rrk1/5ppp/p1pb4/1p1n3q/3P2b1/1BP3P1/PP1N1PQP/R1B1R1K1,,,7,35,27,False,202212
202212059812894,35,d2e4,17.0,True,154.0,164.0,4rrk1/5ppp/p1pb4/1p1n3q/3P2b1/1BP3P1/PP1N1PQP/R1B1R1K1,,,7,35,27,False,202212
202212059938355,35,e1e8,26.0,True,167.0,185.0,4rrk1/5ppp/p1pb4/1p1n3q/3P2b1/1BP3P1/PP1N1PQP/R1B1R1K1,,,7,35,27,False,202212
202212074096403,35,e1e8,16.0,True,153.0,168.0,4rrk1/5ppp/p1pb4/1p1n3q/3P2b1/1BP3P1/PP1N1PQP/R1B1R1K1,,,7,35,27,False,202212
202212074438891,35,e1e8,3.0,True,187.0,198.0,4rrk1/5ppp/p1pb4/1p1n3q/3P2b1/1BP3P1/PP1N1PQP/R1B1R1K1,,,7,35,27,False,202212
202212040754980,35,e1e8,15.0,True,57.0,92.0,4rrk1/5ppp/p1pb4/1p1n3q/3P2b1/1BP3P1/PP1N1PQP/R1B1R1K1,,,7,35,27,False,202212
202212021513693,35,e1f1,24.0,True,250.0,257.0,4rrk1/5ppp/p1pb4/1p1n3q/3P2b1/1BP3P1/PP1N1PQP/R1B1R1K1,,,7,35,27,False,202212
202212062265371,35,e1e8,17.0,True,619.0,626.0,4rrk1/5ppp/p1pb4/1p1n3q/3P2b1/1BP3P1/PP1N1PQP/R1B1R1K1,,,7,35,27,False,202212
202212022425207,35,e1f1,26.0,True,140.0,160.0,4rrk1/5ppp/p1pb4/1p1n3q/3P2b1/1BP3P1/PP1N1PQP/R1B1R1K1,,,7,35,27,False,202212
202212022597717,35,e1e4,10.0,True,39.0,51.0,4rrk1/5ppp/p1pb4/1p1n3q/3P2b1/1BP3P1/PP1N1PQP/R1B1R1K1,,,7,35,27,False,202212
202212022821974,35,e1e8,102.0,True,191.0,255.0,4rrk1/5ppp/p1pb4/1p1n3q/3P2b1/1BP3P1/PP1N1PQP/R1B1R1K1,,,7,35,27,False,202212
202212022964186,35,e1e8,32.0,True,132.0,97.0,4rrk1/5ppp/p1pb4/1p1n3q/3P2b1/1BP3P1/PP1N1PQP/R1B1R1K1,,,7,35,27,False,202212
202212022987895,35,e1e8,4.0,True,41.0,50.0,4rrk1/5ppp/p1pb4/1p1n3q/3P2b1/1BP3P1/PP1N1PQP/R1B1R1K1,,,7,35,27,False,202212
202212042483109,35,e1e8,37.0,True,312.0,392.0,4rrk1/5ppp/p1pb4/1p1n3q/3P2b1/1BP3P1/PP1N1PQP/R1B1R1K1,,,7,35,27,False,202212
202212038048398,35,e1e8,22.0,True,251.0,277.0,4rrk1/5ppp/p1pb4/1p1n3q/3P2b1/1BP3P1/PP1N1PQP/R1B1R1K1,,,7,35,27,False,202212
202212038667143,35,e1e8,13.0,True,312.0,315.0,4rrk1/5ppp/p1pb4/1p1n3q/3P2b1/1BP3P1/PP1N1PQP/R1B1R1K1,,,7,35,27,False,202212
202212039403067,35,e1e8,11.0,True,198.0,188.0,4rrk1/5ppp/p1pb4/1p1n3q/3P2b1/1BP3P1/PP1N1PQP/R1B1R1K1,,,7,35,27,False,202212
202212039442896,35,e1e8,37.0,True,184.0,118.0,4rrk1/5ppp/p1pb4/1p1n3q/3P2b1/1BP3P1/PP1N1PQP/R1B1R1K1,,,7,35,27,False,202212
202212084040835,35,e1f1,38.0,True,298.0,333.0,4rrk1/5ppp/p1pb4/1p1n3q/3P2b1/1BP3P1/PP1N1PQP/R1B1R1K1,,,7,35,27,False,202212
202212084154107,35,d2e4,8.0,True,76.0,171.0,4rrk1/5ppp/p1pb4/1p1n3q/3P2b1/1BP3P1/PP1N1PQP/R1B1R1K1,,,7,35,27,False,202212
202212084550589,35,e1e8,30.0,True,146.0,173.0,4rrk1/5ppp/p1pb4/1p1n3q/3P2b1/1BP3P1/PP1N1PQP/R1B1R1K1,,,7,35,27,False,202212
202212080375637,35,e1f1,19.0,True,245.0,248.0,4rrk1/5ppp/p1pb4/1p1n3q/3P2b1/1BP3P1/PP1N1PQP/R1B1R1K1,,,7,35,27,False,202212
202212080624101,35,e1e8,74.0,True,275.0,253.0,4rrk1/5ppp/p1pb4/1p1n3q/3P2b1/1BP3P1/PP1N1PQP/R1B1R1K1,,,7,35,27,False,202212
202212051319741,35,e1f1,28.0,True,178.0,186.0,4rrk1/5ppp/p1pb4/1p1n3q/3P2b1/1BP3P1/PP1N1PQP/R1B1R1K1,,,7,35,27,False,202212
202212051496063,35,e1f1,11.0,True,84.0,126.0,4rrk1/5ppp/p1pb4/1p1n3q/3P2b1/1BP3P1/PP1N1PQP/R1B1R1K1,,,7,35,27,False,202212
202212051721570,35,e1e8,16.0,True,109.0,97.0,4rrk1/5ppp/p1pb4/1p1n3q/3P2b1/1BP3P1/PP1N1PQP/R1B1R1K1,,,7,35,27,False,202212
202212069014049,35,d2e4,2.0,True,30.0,40.0,4rrk1/5ppp/p1pb4/1p1n3q/3P2b1/1BP3P1/PP1N1PQP/R1B1R1K1,,,7,35,27,False,202212
202212069106188,35,d2e4,21.0,True,178.0,197.0,4rrk1/5ppp/p1pb4/1p1n3q/3P2b1/1BP3P1/PP1N1PQP/R1B1R1K1,,,7,35,27,False,202212
202212069178833,35,e1e8,11.0,True,278.0,304.0,4rrk1/5ppp/p1pb4/1p1n3q/3P2b1/1BP3P1/PP1N1PQP/R1B1R1K1,,,7,35,27,False,202212
202212069779602,35,e1f1,14.0,True,156.0,169.0,4rrk1/5ppp/p1pb4/1p1n3q/3P2b1/1BP3P1/PP1N1PQP/R1B1R1K1,,,7,35,27,False,202212
202212069898521,35,e1e4,44.0,True,544.0,563.0,4rrk1/5ppp/p1pb4/1p1n3q/3P2b1/1BP3P1/PP1N1PQP/R1B1R1K1,,,7,35,27,False,202212
202212069922196,35,f2f3,4.0,True,147.0,136.0,4rrk1/5ppp/p1pb4/1p1n3q/3P2b1/1BP3P1/PP1N1PQP/R1B1R1K1,,,7,35,27,False,202212
202212069933964,35,e1e8,17.0,True,68.0,124.0,4rrk1/5ppp/p1pb4/1p1n3q/3P2b1/1BP3P1/PP1N1PQP/R1B1R1K1,,,7,35,27,False,202212
202212082033175,35,d2e4,2.0,True,138.0,166.0,4rrk1/5ppp/p1pb4/1p1n3q/3P2b1/1BP3P1/PP1N1PQP/R1B1R1K1,,,7,35,27,False,202212
202212082626111,35,d2e4,11.0,True,224.0,282.0,4rrk1/5ppp/p1pb4/1p1n3q/3P2b1/1BP3P1/PP1N1PQP/R1B1R1K1,,,7,35,27,False,202212
202212082722181,35,d2e4,20.0,True,158.0,156.0,4rrk1/5ppp/p1pb4/1p1n3q/3P2b1/1BP3P1/PP1N1PQP/R1B1R1K1,,,7,35,27,False,202212
202212003272581,35,e1e8,134.0,True,725.0,956.0,4rrk1/5ppp/p1pb4/1p1n3q/3P2b1/1BP3P1/PP1N1PQP/R1B1R1K1,,,7,35,27,False,202212
202212003745881,35,e1e8,21.0,True,234.0,277.0,4rrk1/5ppp/p1pb4/1p1n3q/3P2b1/1BP3P1/PP1N1PQP/R1B1R1K1,,,7,35,27,False,202212
202212055028119,35,e1e8,11.0,True,541.0,548.0,4rrk1/5ppp/p1pb4/1p1n3q/3P2b1/1BP3P1/PP1N1PQP/R1B1R1K1,,,7,35,27,False,202212
202212055188107,35,e1e8,5.0,True,154.0,161.0,4rrk1/5ppp/p1pb4/1p1n3q/3P2b1/1BP3P1/PP1N1PQP/R1B1R1K1,,,7,35,27,False,202212
202212055262185,35,e1e8,84.0,True,320.0,289.0,4rrk1/5ppp/p1pb4/1p1n3q/3P2b1/1BP3P1/PP1N1PQP/R1B1R1K1,,,7,35,27,False,202212
202212055319118,35,d2e4,3.0,True,59.0,96.0,4rrk1/5ppp/p1pb4/1p1n3q/3P2b1/1BP3P1/PP1N1PQP/R1B1R1K1,,,7,35,27,False,202212
202212055358290,35,e1e4,10.0,True,144.0,166.0,4rrk1/5ppp/p1pb4/1p1n3q/3P2b1/1BP3P1/PP1N1PQP/R1B1R1K1,,,7,35,27,False,202212
202212020032186,35,e1f1,3.0,True,264.0,277.0,4rrk1/5ppp/p1pb4/1p1n3q/3P2b1/1BP3P1/PP1N1PQP/R1B1R1K1,,,7,35,27,False,202212
202212020608796,35,d2e4,5.0,True,120.0,119.0,4rrk1/5ppp/p1pb4/1p1n3q/3P2b1/1BP3P1/PP1N1PQP/R1B1R1K1,,,7,35,27,False,202212
202212004090833,35,e1f1,25.0,True,94.0,93.0,4rrk1/5ppp/p1pb4/1p1n3q/3P2b1/1BP3P1/PP1N1PQP/R1B1R1K1,,,7,35,27,False,202212
202212004206908,35,e1e8,25.0,True,230.0,280.0,4rrk1/5ppp/p1pb4/1p1n3q/3P2b1/1BP3P1/PP1N1PQP/R1B1R1K1,,,7,35,27,False,202212
202212004671618,35,d2e4,12.0,True,149.0,189.0,4rrk1/5ppp/p1pb4/1p1n3q/3P2b1/1BP3P1/PP1N1PQP/R1B1R1K1,,,7,35,27,False,202212
202212031088245,35,e1e4,188.0,True,562.0,568.0,4rrk1/5ppp/p1pb4/1p1n3q/3P2b1/1BP3P1/PP1N1PQP/R1B1R1K1,,,7,35,27,False,202212
202212031297144,35,e1e8,4.0,True,48.0,52.0,4rrk1/5ppp/p1pb4/1p1n3q/3P2b1/1BP3P1/PP1N1PQP/R1B1R1K1,,,7,35,27,False,202212
202212031524932,35,e1e4,39.0,True,1678.0,1641.0,4rrk1/5ppp/p1pb4/1p1n3q/3P2b1/1BP3P1/PP1N1PQP/R1B1R1K1,,,7,35,27,False,202212
202212031818329,35,e1e8,3.0,True,130.0,139.0,4rrk1/5ppp/p1pb4/1p1n3q/3P2b1/1BP3P1/PP1N1PQP/R1B1R1K1,,,7,35,27,False,202212
202212031979792,35,b3d5,27.0,True,247.0,284.0,4rrk1/5ppp/p1pb4/1p1n3q/3P2b1/1BP3P1/PP1N1PQP/R1B1R1K1,,,7,35,27,False,202212
202212060786283,35,e1e8,11.0,True,65.0,100.0,4rrk1/5ppp/p1pb4/1p1n3q/3P2b1/1BP3P1/PP1N1PQP/R1B1R1K1,,,7,35,27,False,202212
202212060883922,35,e1e8,12.0,True,639.0,658.0,4rrk1/5ppp/p1pb4/1p1n3q/3P2b1/1BP3P1/PP1N1PQP/R1B1R1K1,,,7,35,27,False,202212
202212056263322,35,e1e8,0.0,True,634.0,612.0,4rrk1/5ppp/p1pb4/1p1n3q/3P2b1/1BP3P1/PP1N1PQP/R1B1R1K1,,,7,35,27,False,202212
202212056589600,35,e1e8,43.0,True,278.0,297.0,4rrk1/5ppp/p1pb4/1p1n3q/3P2b1/1BP3P1/PP1N1PQP/R1B1R1K1,,,7,35,27,False,202212
202212056600030,35,e1e8,19.0,True,148.0,173.0,4rrk1/5ppp/p1pb4/1p1n3q/3P2b1/1BP3P1/PP1N1PQP/R1B1R1K1,,,7,35,27,False,202212
202212056759347,35,e1e8,23.0,True,291.0,319.0,4rrk1/5ppp/p1pb4/1p1n3q/3P2b1/1BP3P1/PP1N1PQP/R1B1R1K1,,,7,35,27,False,202212
202212058097432,35,d2e4,9.0,True,239.0,255.0,4rrk1/5ppp/p1pb4/1p1n3q/3P2b1/1BP3P1/PP1N1PQP/R1B1R1K1,,,7,35,27,False,202212
202212058265470,35,g1f1,24.0,True,252.0,312.0,4rrk1/5ppp/p1pb4/1p1n3q/3P2b1/1BP3P1/PP1N1PQP/R1B1R1K1,,,7,35,27,False,202212
202212058349136,35,e1e8,36.0,True,141.0,157.0,4rrk1/5ppp/p1pb4/1p1n3q/3P2b1/1BP3P1/PP1N1PQP/R1B1R1K1,,,7,35,27,False,202212
202212058371245,35,g2f1,30.0,True,492.0,460.0,4rrk1/5ppp/p1pb4/1p1n3q/3P2b1/1BP3P1/PP1N1PQP/R1B1R1K1,,,7,35,27,False,202212
202212058502892,35,e1f1,3.0,True,234.0,273.0,4rrk1/5ppp/p1pb4/1p1n3q/3P2b1/1BP3P1/PP1N1PQP/R1B1R1K1,,,7,35,27,False,202212
202212058596198,35,e1e8,8.0,True,150.0,170.0,4rrk1/5ppp/p1pb4/1p1n3q/3P2b1/1BP3P1/PP1N1PQP/R1B1R1K1,,,7,35,27,False,202212
202212068009483,35,e1f1,39.0,True,104.0,175.0,4rrk1/5ppp/p1pb4/1p1n3q/3P2b1/1BP3P1/PP1N1PQP/R1B1R1K1,,,7,35,27,False,202212
202212068457531,35,e1f1,57.0,True,254.0,292.0,4rrk1/5ppp/p1pb4/1p1n3q/3P2b1/1BP3P1/PP1N1PQP/R1B1R1K1,,,7,35,27,False,202212
202212068665085,35,e1e8,29.0,True,437.0,550.0,4rrk1/5ppp/p1pb4/1p1n3q/3P2b1/1BP3P1/PP1N1PQP/R1B1R1K1,,,7,35,27,False,202212
202212068676740,35,e1e8,3.0,True,159.0,180.0,4rrk1/5ppp/p1pb4/1p1n3q/3P2b1/1BP3P1/PP1N1PQP/R1B1R1K1,,,7,35,27,False,202212
202212068812104,39,e1f1,35.0,True,139.0,186.0,4rrk1/5ppp/p1pb4/1p1n3q/3P2b1/1BP3P1/PP1N1PQP/R1B1R1K1,,,11,35,27,False,202212
202212012639665,35,e1e8,10.0,True,218.0,266.0,4rrk1/5ppp/p1pb4/1p1n3q/3P2b1/1BP3P1/PP1N1PQP/R1B1R1K1,,,7,35,27,False,202212
202212078128673,35,f2f3,9.0,True,88.0,117.0,4rrk1/5ppp/p1pb4/1p1n3q/3P2b1/1BP3P1/PP1N1PQP/R1B1R1K1,,,7,35,27,False,202212
202212078487274,35,e1e8,28.0,True,532.0,656.0,4rrk1/5ppp/p1pb4/1p1n3q/3P2b1/1BP3P1/PP1N1PQP/R1B1R1K1,,,7,35,27,False,202212
202212027564477,35,e1f1,26.0,True,85.0,183.0,4rrk1/5ppp/p1pb4/1p1n3q/3P2b1/1BP3P1/PP1N1PQP/R1B1R1K1,,,7,35,27,False,202212
202212043763390,35,b3d5,14.0,True,246.0,317.0,4rrk1/5ppp/p1pb4/1p1n3q/3P2b1/1BP3P1/PP1N1PQP/R1B1R1K1,,,7,35,27,False,202212
202212050063276,35,e1e8,8.0,True,139.0,155.0,4rrk1/5ppp/p1pb4/1p1n3q/3P2b1/1BP3P1/PP1N1PQP/R1B1R1K1,,,7,35,27,False,202212
202212028698903,35,e1e8,19.0,True,94.0,97.0,4rrk1/5ppp/p1pb4/1p1n3q/3P2b1/1BP3P1/PP1N1PQP/R1B1R1K1,,,5,35,27,False,202212
202212076140834,35,e1f1,4.0,True,288.0,317.0,4rrk1/5ppp/p1pb4/1p1n3q/3P2b1/1BP3P1/PP1N1PQP/R1B1R1K1,,,7,35,27,False,202212
202212076223288,35,g2f1,52.0,True,156.0,189.0,4rrk1/5ppp/p1pb4/1p1n3q/3P2b1/1BP3P1/PP1N1PQP/R1B1R1K1,,,7,35,27,False,202212
202212017027028,35,d2e4,4.0,True,112.0,187.0,4rrk1/5ppp/p1pb4/1p1n3q/3P2b1/1BP3P1/PP1N1PQP/R1B1R1K1,,,7,35,27,False,202212
202212017219005,35,e1e8,32.0,True,161.0,151.0,4rrk1/5ppp/p1pb4/1p1n3q/3P2b1/1BP3P1/PP1N1PQP/R1B1R1K1,,,7,35,27,False,202212
202212017390645,35,d2e4,13.0,True,88.0,111.0,4rrk1/5ppp/p1pb4/1p1n3q/3P2b1/1BP3P1/PP1N1PQP/R1B1R1K1,,,7,35,27,False,202212
202212017393065,35,e1e8,24.0,True,556.0,531.0,4rrk1/5ppp/p1pb4/1p1n3q/3P2b1/1BP3P1/PP1N1PQP/R1B1R1K1,,,7,35,27,False,202212
202212017401113,35,e1e8,12.0,True,121.0,157.0,4rrk1/5ppp/p1pb4/1p1n3q/3P2b1/1BP3P1/PP1N1PQP/R1B1R1K1,,,7,35,27,False,202212
202212017421508,35,e1e8,6.0,True,268.0,317.0,4rrk1/5ppp/p1pb4/1p1n3q/3P2b1/1BP3P1/PP1N1PQP/R1B1R1K1,,,7,35,27,False,202212
202212017441552,35,e1e8,31.0,True,223.0,251.0,4rrk1/5ppp/p1pb4/1p1n3q/3P2b1/1BP3P1/PP1N1PQP/R1B1R1K1,,,7,35,27,False,202212
202212017714213,35,e1e8,27.0,True,279.0,305.0,4rrk1/5ppp/p1pb4/1p1n3q/3P2b1/1BP3P1/PP1N1PQP/R1B1R1K1,,,7,35,27,False,202212
202212053070262,35,g2f1,7.0,True,165.0,172.0,4rrk1/5ppp/p1pb4/1p1n3q/3P2b1/1BP3P1/PP1N1PQP/R1B1R1K1,,,7,35,27,False,202212
202212053181781,35,g1f1,33.0,True,518.0,569.0,4rrk1/5ppp/p1pb4/1p1n3q/3P2b1/1BP3P1/PP1N1PQP/R1B1R1K1,,,7,35,27,False,202212
202212053265433,35,e1e4,9.0,True,201.0,267.0,4rrk1/5ppp/p1pb4/1p1n3q/3P2b1/1BP3P1/PP1N1PQP/R1B1R1K1,,,7,35,27,False,202212
202212053431822,35,e1e8,16.0,True,42.0,48.0,4rrk1/5ppp/p1pb4/1p1n3q/3P2b1/1BP3P1/PP1N1PQP/R1B1R1K1,,,7,35,27,False,202212
202212053472694,35,e1f1,20.0,True,150.0,142.0,4rrk1/5ppp/p1pb4/1p1n3q/3P2b1/1BP3P1/PP1N1PQP/R1B1R1K1,,,7,35,27,False,202212
202212053564276,35,d2e4,145.0,True,254.0,303.0,4rrk1/5ppp/p1pb4/1p1n3q/3P2b1/1BP3P1/PP1N1PQP/R1B1R1K1,,,7,35,27,False,202212
202212047042203,35,e1e8,10.0,True,32.0,47.0,4rrk1/5ppp/p1pb4/1p1n3q/3P2b1/1BP3P1/PP1N1PQP/R1B1R1K1,,,7,35,27,False,202212
202212010021622,35,d2e4,14.0,True,117.0,123.0,4rrk1/5ppp/p1pb4/1p1n3q/3P2b1/1BP3P1/PP1N1PQP/R1B1R1K1,,,7,35,27,False,202212
202212010420337,35,d2e4,5.0,True,258.0,271.0,4rrk1/5ppp/p1pb4/1p1n3q/3P2b1/1BP3P1/PP1N1PQP/R1B1R1K1,,,7,35,27,False,202212
202212010774451,35,g2f1,7.0,True,133.0,143.0,4rrk1/5ppp/p1pb4/1p1n3q/3P2b1/1BP3P1/PP1N1PQP/R1B1R1K1,,,7,35,27,False,202212
202212089396717,35,e1e8,71.0,True,156.0,317.0,4rrk1/5ppp/p1pb4/1p1n3q/3P2b1/1BP3P1/PP1N1PQP/R1B1R1K1,,,7,35,27,False,202212
202212089741614,35,e1e8,2.0,True,170.0,187.0,4rrk1/5ppp/p1pb4/1p1n3q/3P2b1/1BP3P1/PP1N1PQP/R1B1R1K1,,,7,35,27,False,202212
202212089809248,35,e1e8,31.0,True,216.0,272.0,4rrk1/5ppp/p1pb4/1p1n3q/3P2b1/1BP3P1/PP1N1PQP/R1B1R1K1,,,7,35,27,False,202212
202212075410908,35,d2e4,2.0,True,159.0,175.0,4rrk1/5ppp/p1pb4/1p1n3q/3P2b1/1BP3P1/PP1N1PQP/R1B1R1K1,,,7,35,27,False,202212
202212033281262,35,e1e8,27.0,True,147.0,165.0,4rrk1/5ppp/p1pb4/1p1n3q/3P2b1/1BP3P1/PP1N1PQP/R1B1R1K1,,,7,35,27,False,202212
202212033375605,35,e1e8,9.0,True,136.0,165.0,4rrk1/5ppp/p1pb4/1p1n3q/3P2b1/1BP3P1/PP1N1PQP/R1B1R1K1,,,7,35,27,False,202212
202212033568329,35,e1e4,35.0,True,437.0,561.0,4rrk1/5ppp/p1pb4/1p1n3q/3P2b1/1BP3P1/PP1N1PQP/R1B1R1K1,,,7,35,27,False,202212
202212086061113,35,e1e8,37.0,True,481.0,546.0,4rrk1/5ppp/p1pb4/1p1n3q/3P2b1/1BP3P1/PP1N1PQP/R1B1R1K1,,,7,35,27,False,202212
202212086222206,35,e1e8,7.0,True,268.0,284.0,4rrk1/5ppp/p1pb4/1p1n3q/3P2b1/1BP3P1/PP1N1PQP/R1B1R1K1,,,7,35,27,False,202212
202212034747294,35,g1f1,14.0,True,158.0,175.0,4rrk1/5ppp/p1pb4/1p1n3q/3P2b1/1BP3P1/PP1N1PQP/R1B1R1K1,,,7,35,27,False,202212
202212092301139,35,e1e8,26.0,True,231.0,563.0,4rrk1/5ppp/p1pb4/1p1n3q/3P2b1/1BP3P1/PP1N1PQP/R1B1R1K1,,,7,35,27,False,202212
202212044412350,35,e1e4,15.0,True,135.0,150.0,4rrk1/5ppp/p1pb4/1p1n3q/3P2b1/1BP3P1/PP1N1PQP/R1B1R1K1,,,7,35,27,False,202212
202212044733993,35,e1e8,11.0,True,91.0,99.0,4rrk1/5ppp/p1pb4/1p1n3q/3P2b1/1BP3P1/PP1N1PQP/R1B1R1K1,,,7,35,27,False,202212
202212044776673,35,e1e8,17.0,True,556.0,579.0,4rrk1/5ppp/p1pb4/1p1n3q/3P2b1/1BP3P1/PP1N1PQP/R1B1R1K1,,,7,35,27,False,202212
202212018010978,35,e1e4,29.0,True,497.0,534.0,4rrk1/5ppp/p1pb4/1p1n3q/3P2b1/1BP3P1/PP1N1PQP/R1B1R1K1,,,7,35,27,False,202212
202212018229539,35,e1e8,24.0,True,127.0,148.0,4rrk1/5ppp/p1pb4/1p1n3q/3P2b1/1BP3P1/PP1N1PQP/R1B1R1K1,,,7,35,27,False,202212
202212018270876,35,e1e4,31.0,True,149.0,168.0,4rrk1/5ppp/p1pb4/1p1n3q/3P2b1/1BP3P1/PP1N1PQP/R1B1R1K1,,,7,35,27,False,202212
202212054092141,35,e1e8,31.0,True,232.0,329.0,4rrk1/5ppp/p1pb4/1p1n3q/3P2b1/1BP3P1/PP1N1PQP/R1B1R1K1,,,7,35,27,False,202212
202212054543628,35,d2e4,11.0,True,142.0,142.0,4rrk1/5ppp/p1pb4/1p1n3q/3P2b1/1BP3P1/PP1N1PQP/R1B1R1K1,,,7,35,27,False,202212
202212054683659,39,e1e8,7.0,True,232.0,274.0,4rrk1/5ppp/p1pb4/1p1n3q/3P2b1/1BP3P1/PP1N1PQP/R1B1R1K1,,,11,35,27,False,202212
202212054722726,35,d2e4,7.0,True,104.0,118.0,4rrk1/5ppp/p1pb4/1p1n3q/3P2b1/1BP3P1/PP1N1PQP/R1B1R1K1,,,7,35,27,False,202212
202212054797593,35,d2e4,5.0,True,39.0,34.0,4rrk1/5ppp/p1pb4/1p1n3q/3P2b1/1BP3P1/PP1N1PQP/R1B1R1K1,,,7,35,27,False,202212
202212054802086,35,e1e8,7.0,True,154.0,166.0,4rrk1/5ppp/p1pb4/1p1n3q/3P2b1/1BP3P1/PP1N1PQP/R1B1R1K1,,,7,35,27,False,202212
202212054844581,35,e1f1,52.0,True,162.0,186.0,4rrk1/5ppp/p1pb4/1p1n3q/3P2b1/1BP3P1/PP1N1PQP/R1B1R1K1,,,7,35,27,False,202212
202212054924990,35,e1e8,2.0,True,35.0,46.0,4rrk1/5ppp/p1pb4/1p1n3q/3P2b1/1BP3P1/PP1N1PQP/R1B1R1K1,,,7,35,27,False,202212
202212016090371,35,e1e8,74.0,True,171.0,199.0,4rrk1/5ppp/p1pb4/1p1n3q/3P2b1/1BP3P1/PP1N1PQP/R1B1R1K1,,,7,35,27,False,202212
202212016178988,35,e1e8,23.0,True,155.0,187.0,4rrk1/5ppp/p1pb4/1p1n3q/3P2b1/1BP3P1/PP1N1PQP/R1B1R1K1,,,7,35,27,False,202212
202212072428402,35,e1e8,41.0,True,285.0,320.0,4rrk1/5ppp/p1pb4/1p1n3q/3P2b1/1BP3P1/PP1N1PQP/R1B1R1K1,,,7,35,27,False,202212
202212083458515,35,e1e8,33.0,True,200.0,198.0,4rrk1/5ppp/p1pb4/1p1n3q/3P2b1/1BP3P1/PP1N1PQP/R1B1R1K1,,,7,35,27,False,202212
202212083643264,35,e1e8,8.0,True,81.0,91.0,4rrk1/5ppp/p1pb4/1p1n3q/3P2b1/1BP3P1/PP1N1PQP/R1B1R1K1,,,7,35,27,False,202212
202212030218176,35,e1f1,9.0,True,163.0,163.0,4rrk1/5ppp/p1pb4/1p1n3q/3P2b1/1BP3P1/PP1N1PQP/R1B1R1K1,,,7,35,27,False,202212
202212030930331,35,e1e8,17.0,True,112.0,115.0,4rrk1/5ppp/p1pb4/1p1n3q/3P2b1/1BP3P1/PP1N1PQP/R1B1R1K1,,,7,35,27,False,202212
202212019058746,35,e1e8,16.0,True,100.0,131.0,4rrk1/5ppp/p1pb4/1p1n3q/3P2b1/1BP3P1/PP1N1PQP/R1B1R1K1,,,7,35,27,False,202212
202212019978578,35,e1e8,17.0,True,142.0,157.0,4rrk1/5ppp/p1pb4/1p1n3q/3P2b1/1BP3P1/PP1N1PQP/R1B1R1K1,,,7,35,27,False,202212
202212073123294,35,e1e8,27.0,True,137.0,149.0,4rrk1/5ppp/p1pb4/1p1n3q/3P2b1/1BP3P1/PP1N1PQP/R1B1R1K1,,,7,35,27,False,202212
202212073409849,35,e1e4,12.0,True,150.0,116.0,4rrk1/5ppp/p1pb4/1p1n3q/3P2b1/1BP3P1/PP1N1PQP/R1B1R1K1,,,7,35,27,False,202212
202212073509776,35,e1e8,55.0,True,185.0,163.0,4rrk1/5ppp/p1pb4/1p1n3q/3P2b1/1BP3P1/PP1N1PQP/R1B1R1K1,,,7,35,27,False,202212
202212073553707,35,e1f1,17.0,True,36.0,55.0,4rrk1/5ppp/p1pb4/1p1n3q/3P2b1/1BP3P1/PP1N1PQP/R1B1R1K1,,,7,35,27,False,202212
202212073660950,35,e1e3,49.0,True,156.0,172.0,4rrk1/5ppp/p1pb4/1p1n3q/3P2b1/1BP3P1/PP1N1PQP/R1B1R1K1,,,7,35,27,False,202212
202212073717888,35,e1e8,32.0,True,254.0,321.0,4rrk1/5ppp/p1pb4/1p1n3q/3P2b1/1BP3P1/PP1N1PQP/R1B1R1K1,,,7,35,27,False,202212
202212073760850,35,e1f1,39.0,True,616.0,619.0,4rrk1/5ppp/p1pb4/1p1n3q/3P2b1/1BP3P1/PP1N1PQP/R1B1R1K1,,,7,35,27,False,202212
202212015054930,35,e1e8,7.0,True,81.0,107.0,4rrk1/5ppp/p1pb4/1p1n3q/3P2b1/1BP3P1/PP1N1PQP/R1B1R1K1,,,7,35,27,False,202212
202212015458685,35,e1e4,77.0,True,134.0,70.0,4rrk1/5ppp/p1pb4/1p1n3q/3P2b1/1BP3P1/PP1N1PQP/R1B1R1K1,,,7,35,27,False,202212
202212067018832,35,e1e8,8.0,True,133.0,162.0,4rrk1/5ppp/p1pb4/1p1n3q/3P2b1/1BP3P1/PP1N1PQP/R1B1R1K1,,,7,35,27,False,202212
202212067357276,35,e1e8,8.0,True,105.0,120.0,4rrk1/5ppp/p1pb4/1p1n3q/3P2b1/1BP3P1/PP1N1PQP/R1B1R1K1,,,7,35,27,False,202212
202212067574320,35,e1e8,4.0,True,155.0,183.0,4rrk1/5ppp/p1pb4/1p1n3q/3P2b1/1BP3P1/PP1N1PQP/R1B1R1K1,,,7,35,27,False,202212
202212067617269,35,e1f1,37.0,True,503.0,572.0,4rrk1/5ppp/p1pb4/1p1n3q/3P2b1/1BP3P1/PP1N1PQP/R1B1R1K1,,,7,35,27,False,202212
202212067899065,35,e1f1,8.0,True,194.0,197.0,4rrk1/5ppp/p1pb4/1p1n3q/3P2b1/1BP3P1/PP1N1PQP/R1B1R1K1,,,7,35,27,False,202212
202212026782231,35,e1f1,3.0,True,39.0,48.0,4rrk1/5ppp/p1pb4/1p1n3q/3P2b1/1BP3P1/PP1N1PQP/R1B1R1K1,,,7,35,27,False,202212
202212079671699,35,e1e8,33.0,True,479.0,617.0,4rrk1/5ppp/p1pb4/1p1n3q/3P2b1/1BP3P1/PP1N1PQP/R1B1R1K1,,,7,35,27,False,202212
202212002591835,35,e1e8,4.0,True,113.0,123.0,4rrk1/5ppp/p1pb4/1p1n3q/3P2b1/1BP3P1/PP1N1PQP/R1B1R1K1,,,7,35,27,False,202212
202212014045101,35,e1f1,28.0,True,105.0,102.0,4rrk1/5ppp/p1pb4/1p1n3q/3P2b1/1BP3P1/PP1N1PQP/R1B1R1K1,,,7,35,27,False,202212
202212014169269,35,e1f1,5.0,True,102.0,113.0,4rrk1/5ppp/p1pb4/1p1n3q/3P2b1/1BP3P1/PP1N1PQP/R1B1R1K1,,,7,35,27,False,202212
202212014542738,35,e1f1,18.0,True,157.0,151.0,4rrk1/5ppp/p1pb4/1p1n3q/3P2b1/1BP3P1/PP1N1PQP/R1B1R1K1,,,7,35,27,False,202212
202212014834011,35,e1e8,5.0,True,134.0,188.0,4rrk1/5ppp/p1pb4/1p1n3q/3P2b1/1BP3P1/PP1N1PQP/R1B1R1K1,,,7,35,27,False,202212
202212014891166,35,g2f1,12.0,True,180.0,195.0,4rrk1/5ppp/p1pb4/1p1n3q/3P2b1/1BP3P1/PP1N1PQP/R1B1R1K1,,,7,35,27,False,202212
202212007723879,35,e1f1,11.0,True,62.0,151.0,4rrk1/5ppp/p1pb4/1p1n3q/3P2b1/1BP3P1/PP1N1PQP/R1B1R1K1,,,7,35,27,False,202212
202212024402061,35,e1e8,15.0,True,79.0,113.0,4rrk1/5ppp/p1pb4/1p1n3q/3P2b1/1BP3P1/PP1N1PQP/R1B1R1K1,,,7,35,27,False,202212
202212024866582,35,d2e4,92.0,True,160.0,317.0,4rrk1/5ppp/p1pb4/1p1n3q/3P2b1/1BP3P1/PP1N1PQP/R1B1R1K1,,,7,35,27,False,202212
202212052292294,35,d2e4,18.0,True,86.0,114.0,4rrk1/5ppp/p1pb4/1p1n3q/3P2b1/1BP3P1/PP1N1PQP/R1B1R1K1,,,7,35,27,False,202212
202212052369489,35,e1e8,127.0,True,256.0,281.0,4rrk1/5ppp/p1pb4/1p1n3q/3P2b1/1BP3P1/PP1N1PQP/R1B1R1K1,,,7,35,27,False,202212
202212052840733,35,e1e8,6.0,True,294.0,292.0,4rrk1/5ppp/p1pb4/1p1n3q/3P2b1/1BP3P1/PP1N1PQP/R1B1R1K1,,,7,35,27,False,202212
202212052972542,35,e1e8,7.0,True,142.0,161.0,4rrk1/5ppp/p1pb4/1p1n3q/3P2b1/1BP3P1/PP1N1PQP/R1B1R1K1,,,7,35,27,False,202212
202212008371311,35,g2f1,38.0,True,312.0,397.0,4rrk1/5ppp/p1pb4/1p1n3q/3P2b1/1BP3P1/PP1N1PQP/R1B1R1K1,,,7,35,27,False,202212
202212008451109,35,e1e4,45.0,True,166.0,180.0,4rrk1/5ppp/p1pb4/1p1n3q/3P2b1/1BP3P1/PP1N1PQP/R1B1R1K1,,,7,35,27,False,202212
202212008457833,35,e1f1,110.0,True,487.0,543.0,4rrk1/5ppp/p1pb4/1p1n3q/3P2b1/1BP3P1/PP1N1PQP/R1B1R1K1,,,7,35,27,False,202212
202212008888213,35,e1e8,40.0,True,231.0,130.0,4rrk1/5ppp/p1pb4/1p1n3q/3P2b1/1BP3P1/PP1N1PQP/R1B1R1K1,,,7,35,27,False,202212
202212066032241,35,d2e4,27.0,True,205.0,286.0,4rrk1/5ppp/p1pb4/1p1n3q/3P2b1/1BP3P1/PP1N1PQP/R1B1R1K1,,,7,35,27,False,202212
202212066172684,35,e1e8,10.0,True,164.0,162.0,4rrk1/5ppp/p1pb4/1p1n3q/3P2b1/1BP3P1/PP1N1PQP/R1B1R1K1,,,7,35,27,False,202212
202212066185061,35,d2e4,10.0,True,83.0,117.0,4rrk1/5ppp/p1pb4/1p1n3q/3P2b1/1BP3P1/PP1N1PQP/R1B1R1K1,,,7,35,27,False,202212
202212066450481,35,e1e8,13.0,True,509.0,550.0,4rrk1/5ppp/p1pb4/1p1n3q/3P2b1/1BP3P1/PP1N1PQP/R1B1R1K1,,,7,35,27,False,202212
202212066503094,35,e1f1,11.0,True,53.0,51.0,4rrk1/5ppp/p1pb4/1p1n3q/3P2b1/1BP3P1/PP1N1PQP/R1B1R1K1,,,7,35,27,False,202212
202212066539304,35,d2e4,3.0,True,39.0,37.0,4rrk1/5ppp/p1pb4/1p1n3q/3P2b1/1BP3P1/PP1N1PQP/R1B1R1K1,,,7,35,27,False,202212
202212066639343,35,d2e4,13.0,True,133.0,128.0,4rrk1/5ppp/p1pb4/1p1n3q/3P2b1/1BP3P1/PP1N1PQP/R1B1R1K1,,,7,35,27,False,202212
202212066662162,35,d2e4,8.0,True,192.0,166.0,4rrk1/5ppp/p1pb4/1p1n3q/3P2b1/1BP3P1/PP1N1PQP/R1B1R1K1,,,7,35,27,False,202212
202212066754837,35,e1e8,128.0,True,432.0,576.0,4rrk1/5ppp/p1pb4/1p1n3q/3P2b1/1BP3P1/PP1N1PQP/R1B1R1K1,,,7,35,27,False,202212
202212064225026,35,e1f1,50.0,True,288.0,293.0,4rrk1/5ppp/p1pb4/1p1n3q/3P2b1/1BP3P1/PP1N1PQP/R1B1R1K1,,,7,35,27,False,202212
202212064657073,35,e1e8,46.0,True,533.0,569.0,4rrk1/5ppp/p1pb4/1p1n3q/3P2b1/1BP3P1/PP1N1PQP/R1B1R1K1,,,7,35,27,False,202212
202212041152511,35,g1f1,20.0,True,181.0,179.0,4rrk1/5ppp/p1pb4/1p1n3q/3P2b1/1BP3P1/PP1N1PQP/R1B1R1K1,,,7,35,27,False,202212
202212041651104,35,e1e8,8.0,True,135.0,187.0,4rrk1/5ppp/p1pb4/1p1n3q/3P2b1/1BP3P1/PP1N1PQP/R1B1R1K1,,,7,35,27,False,202212
202212041734593,35,e1e4,14.0,True,176.0,208.0,4rrk1/5ppp/p1pb4/1p1n3q/3P2b1/1BP3P1/PP1N1PQP/R1B1R1K1,,,7,35,27,False,202212
202212041968388,35,e1e8,10.0,True,84.0,185.0,4rrk1/5ppp/p1pb4/1p1n3q/3P2b1/1BP3P1/PP1N1PQP/R1B1R1K1,,,7,35,27,False,202212
202212037496892,35,e1f1,20.0,True,256.0,319.0,4rrk1/5ppp/p1pb4/1p1n3q/3P2b1/1BP3P1/PP1N1PQP/R1B1R1K1,,,7,35,27,False,202212
202212037778987,35,e1e8,39.0,True,206.0,302.0,4rrk1/5ppp/p1pb4/1p1n3q/3P2b1/1BP3P1/PP1N1PQP/R1B1R1K1,,,7,35,27,False,202212
202212029056134,35,e1e8,6.0,True,112.0,111.0,4rrk1/5ppp/p1pb4/1p1n3q/3P2b1/1BP3P1/PP1N1PQP/R1B1R1K1,,,7,35,27,False,202212
202212029170725,35,e1e4,32.0,True,151.0,6.0,4rrk1/5ppp/p1pb4/1p1n3q/3P2b1/1BP3P1/PP1N1PQP/R1B1R1K1,,,7,35,27,False,202212
202212029875418,35,e1f1,14.0,True,273.0,276.0,4rrk1/5ppp/p1pb4/1p1n3q/3P2b1/1BP3P1/PP1N1PQP/R1B1R1K1,,,7,35,27,False,202212
202212091346070,35,g2f1,47.0,True,274.0,306.0,4rrk1/5ppp/p1pb4/1p1n3q/3P2b1/1BP3P1/PP1N1PQP/R1B1R1K1,,,7,35,27,False,202212
202212091852062,35,e1f1,69.0,True,209.0,334.0,4rrk1/5ppp/p1pb4/1p1n3q/3P2b1/1BP3P1/PP1N1PQP/R1B1R1K1,,,7,35,27,False,202212
202212013185511,35,e1e8,2.0,True,43.0,50.0,4rrk1/5ppp/p1pb4/1p1n3q/3P2b1/1BP3P1/PP1N1PQP/R1B1R1K1,,,7,35,27,False,202212
202212081834180,35,d2e4,4.0,True,126.0,159.0,4rrk1/5ppp/p1pb4/1p1n3q/3P2b1/1BP3P1/PP1N1PQP/R1B1R1K1,,,7,35,27,False,202212
202212081852558,35,e1e8,9.0,True,148.0,80.0,4rrk1/5ppp/p1pb4/1p1n3q/3P2b1/1BP3P1/PP1N1PQP/R1B1R1K1,,,7,35,27,False,202212
202212011533863,35,d2e4,5.0,True,71.0,110.0,4rrk1/5ppp/p1pb4/1p1n3q/3P2b1/1BP3P1/PP1N1PQP/R1B1R1K1,,,7,35,27,False,202212
202212011812247,35,d2e4,4.0,True,114.0,96.0,4rrk1/5ppp/p1pb4/1p1n3q/3P2b1/1BP3P1/PP1N1PQP/R1B1R1K1,,,7,35,27,False,202212
202212011969679,35,e1e8,9.0,True,32.0,53.0,4rrk1/5ppp/p1pb4/1p1n3q/3P2b1/1BP3P1/PP1N1PQP/R1B1R1K1,,,7,35,27,False,202212
202212046624661,35,e1e8,19.0,True,223.0,277.0,4rrk1/5ppp/p1pb4/1p1n3q/3P2b1/1BP3P1/PP1N1PQP/R1B1R1K1,,,7,35,27,False,202212
202212025124492,35,e1e8,6.0,True,154.0,149.0,4rrk1/5ppp/p1pb4/1p1n3q/3P2b1/1BP3P1/PP1N1PQP/R1B1R1K1,,,7,35,27,False,202212
202212025213481,35,e1f1,18.0,True,289.0,321.0,4rrk1/5ppp/p1pb4/1p1n3q/3P2b1/1BP3P1/PP1N1PQP/R1B1R1K1,,,7,35,27,False,202212
202212025658300,35,e1f1,5.0,True,157.0,168.0,4rrk1/5ppp/p1pb4/1p1n3q/3P2b1/1BP3P1/PP1N1PQP/R1B1R1K1,,,7,35,27,False,202212
202301093138481,35,g2f1,28.0,True,288.0,333.0,4rrk1/5ppp/p1pb4/1p1n3q/3P2b1/1BP3P1/PP1N1PQP/R1B1R1K1,,,7,35,27,False,202301
202301093566025,35,e1e8,21.0,True,535.0,576.0,4rrk1/5ppp/p1pb4/1p1n3q/3P2b1/1BP3P1/PP1N1PQP/R1B1R1K1,,,7,35,27,False,202301
202301093911325,35,d2e4,5.0,True,218.0,307.0,4rrk1/5ppp/p1pb4/1p1n3q/3P2b1/1BP3P1/PP1N1PQP/R1B1R1K1,,,7,35,27,False,202301
202301093922921,35,e1e8,49.0,True,156.0,164.0,4rrk1/5ppp/p1pb4/1p1n3q/3P2b1/1BP3P1/PP1N1PQP/R1B1R1K1,,,7,35,27,False,202301
202301070644557,35,e1e4,5.0,True,835.0,624.0,4rrk1/5ppp/p1pb4/1p1n3q/3P2b1/1BP3P1/PP1N1PQP/R1B1R1K1,,,7,35,27,False,202301
202301070770047,35,d2e4,14.0,True,179.0,192.0,4rrk1/5ppp/p1pb4/1p1n3q/3P2b1/1BP3P1/PP1N1PQP/R1B1R1K1,,,7,35,27,False,202301
202301070968412,35,e1e8,24.0,True,463.0,583.0,4rrk1/5ppp/p1pb4/1p1n3q/3P2b1/1BP3P1/PP1N1PQP/R1B1R1K1,,,7,35,27,False,202301
202301048122162,35,e1f1,88.0,True,469.0,567.0,4rrk1/5ppp/p1pb4/1p1n3q/3P2b1/1BP3P1/PP1N1PQP/R1B1R1K1,,,7,35,27,False,202301
202301048159898,35,e1e8,13.0,True,243.0,277.0,4rrk1/5ppp/p1pb4/1p1n3q/3P2b1/1BP3P1/PP1N1PQP/R1B1R1K1,,,7,35,27,False,202301
202301048393438,35,d2e4,112.0,True,416.0,581.0,4rrk1/5ppp/p1pb4/1p1n3q/3P2b1/1BP3P1/PP1N1PQP/R1B1R1K1,,,7,35,27,False,202301
202301048535923,35,e1e8,11.0,True,36.0,46.0,4rrk1/5ppp/p1pb4/1p1n3q/3P2b1/1BP3P1/PP1N1PQP/R1B1R1K1,,,7,35,27,False,202301
202301048667818,35,e1e8,56.0,True,156.0,162.0,4rrk1/5ppp/p1pb4/1p1n3q/3P2b1/1BP3P1/PP1N1PQP/R1B1R1K1,,,7,35,27,False,202301
202301077016860,35,e1e8,22.0,True,106.0,115.0,4rrk1/5ppp/p1pb4/1p1n3q/3P2b1/1BP3P1/PP1N1PQP/R1B1R1K1,,,7,35,27,False,202301
202301077094729,35,e1e8,5.0,True,112.0,119.0,4rrk1/5ppp/p1pb4/1p1n3q/3P2b1/1BP3P1/PP1N1PQP/R1B1R1K1,,,7,35,27,False,202301
202301077171038,35,d2e4,10.0,True,185.0,267.0,4rrk1/5ppp/p1pb4/1p1n3q/3P2b1/1BP3P1/PP1N1PQP/R1B1R1K1,,,7,35,27,False,202301
202301077439625,35,e1e8,69.0,True,570.0,646.0,4rrk1/5ppp/p1pb4/1p1n3q/3P2b1/1BP3P1/PP1N1PQP/R1B1R1K1,,,7,35,27,False,202301
202301077441341,35,e1e8,11.0,True,93.0,87.0,4rrk1/5ppp/p1pb4/1p1n3q/3P2b1/1BP3P1/PP1N1PQP/R1B1R1K1,,,7,35,27,False,202301
202301035024483,35,e1e8,77.0,True,172.0,142.0,4rrk1/5ppp/p1pb4/1p1n3q/3P2b1/1BP3P1/PP1N1PQP/R1B1R1K1,,,7,35,27,False,202301
202301035157996,35,e1e8,2.0,True,172.0,190.0,4rrk1/5ppp/p1pb4/1p1n3q/3P2b1/1BP3P1/PP1N1PQP/R1B1R1K1,,,7,35,27,False,202301
202301035386758,35,d2e4,6.0,True,123.0,254.0,4rrk1/5ppp/p1pb4/1p1n3q/3P2b1/1BP3P1/PP1N1PQP/R1B1R1K1,,,7,35,27,False,202301
202301035838985,35,g2f1,11.0,True,181.0,162.0,4rrk1/5ppp/p1pb4/1p1n3q/3P2b1/1BP3P1/PP1N1PQP/R1B1R1K1,,,7,35,27,False,202301
202301032389402,35,e1f1,31.0,True,122.0,149.0,4rrk1/5ppp/p1pb4/1p1n3q/3P2b1/1BP3P1/PP1N1PQP/R1B1R1K1,,,7,35,27,False,202301
202301032416881,35,e1e8,45.0,True,499.0,558.0,4rrk1/5ppp/p1pb4/1p1n3q/3P2b1/1BP3P1/PP1N1PQP/R1B1R1K1,,,7,35,27,False,202301
202301032507652,35,e1e8,1.0,True,141.0,159.0,4rrk1/5ppp/p1pb4/1p1n3q/3P2b1/1BP3P1/PP1N1PQP/R1B1R1K1,,,7,35,27,False,202301
202301032679532,35,d2e4,49.0,True,93.0,208.0,4rrk1/5ppp/p1pb4/1p1n3q/3P2b1/1BP3P1/PP1N1PQP/R1B1R1K1,,,7,35,27,False,202301
202301006139429,35,e1f1,45.0,True,128.0,166.0,4rrk1/5ppp/p1pb4/1p1n3q/3P2b1/1BP3P1/PP1N1PQP/R1B1R1K1,,,7,35,27,False,202301
202301006164833,35,d2e4,9.0,True,118.0,151.0,4rrk1/5ppp/p1pb4/1p1n3q/3P2b1/1BP3P1/PP1N1PQP/R1B1R1K1,,,7,35,27,False,202301
202301006381188,35,e1e4,15.0,True,150.0,188.0,4rrk1/5ppp/p1pb4/1p1n3q/3P2b1/1BP3P1/PP1N1PQP/R1B1R1K1,,,7,35,27,False,202301
202301087516740,35,e1f1,2.0,True,96.0,118.0,4rrk1/5ppp/p1pb4/1p1n3q/3P2b1/1BP3P1/PP1N1PQP/R1B1R1K1,,,7,35,27,False,202301
202301087938576,35,e1e4,40.0,True,576.0,542.0,4rrk1/5ppp/p1pb4/1p1n3q/3P2b1/1BP3P1/PP1N1PQP/R1B1R1K1,,,7,35,27,False,202301
202301065324701,35,e1e8,1.0,True,34.0,38.0,4rrk1/5ppp/p1pb4/1p1n3q/3P2b1/1BP3P1/PP1N1PQP/R1B1R1K1,,,7,35,27,False,202301
202301065690884,35,e1e8,31.0,True,516.0,505.0,4rrk1/5ppp/p1pb4/1p1n3q/3P2b1/1BP3P1/PP1N1PQP/R1B1R1K1,,,7,35,27,False,202301
202301049015570,35,e1f1,4.0,True,37.0,50.0,4rrk1/5ppp/p1pb4/1p1n3q/3P2b1/1BP3P1/PP1N1PQP/R1B1R1K1,,,7,35,27,False,202301
202301049042973,35,e1e8,30.0,True,153.0,163.0,4rrk1/5ppp/p1pb4/1p1n3q/3P2b1/1BP3P1/PP1N1PQP/R1B1R1K1,,,7,35,27,False,202301
202301049084852,35,e1f1,29.0,True,153.0,190.0,4rrk1/5ppp/p1pb4/1p1n3q/3P2b1/1BP3P1/PP1N1PQP/R1B1R1K1,,,7,35,27,False,202301
202301049159396,35,d2e4,18.0,True,522.0,287.0,4rrk1/5ppp/p1pb4/1p1n3q/3P2b1/1BP3P1/PP1N1PQP/R1B1R1K1,,,7,35,27,False,202301
202301049193139,35,e1e8,154.0,True,878.0,907.0,4rrk1/5ppp/p1pb4/1p1n3q/3P2b1/1BP3P1/PP1N1PQP/R1B1R1K1,,,7,35,27,False,202301
202301049507209,35,e1f1,53.0,True,261.0,260.0,4rrk1/5ppp/p1pb4/1p1n3q/3P2b1/1BP3P1/PP1N1PQP/R1B1R1K1,,,7,35,27,False,202301
202301001141832,35,e1e8,121.0,True,1222.0,1660.0,4rrk1/5ppp/p1pb4/1p1n3q/3P2b1/1BP3P1/PP1N1PQP/R1B1R1K1,,,7,35,27,False,202301
202301001400201,35,e1f1,5.0,True,40.0,48.0,4rrk1/5ppp/p1pb4/1p1n3q/3P2b1/1BP3P1/PP1N1PQP/R1B1R1K1,,,7,35,27,False,202301
202301001451743,35,e1f1,93.0,True,266.0,263.0,4rrk1/5ppp/p1pb4/1p1n3q/3P2b1/1BP3P1/PP1N1PQP/R1B1R1K1,,,7,35,27,False,202301
202301001720183,35,e1e8,58.0,True,169.0,131.0,4rrk1/5ppp/p1pb4/1p1n3q/3P2b1/1BP3P1/PP1N1PQP/R1B1R1K1,,,7,35,27,False,202301
202301001920263,35,d2e4,5.0,True,296.0,324.0,4rrk1/5ppp/p1pb4/1p1n3q/3P2b1/1BP3P1/PP1N1PQP/R1B1R1K1,,,7,35,27,False,202301
202301005089379,35,e1e8,22.0,True,603.0,639.0,4rrk1/5ppp/p1pb4/1p1n3q/3P2b1/1BP3P1/PP1N1PQP/R1B1R1K1,,,7,35,27,False,202301
202301005102231,35,e1e4,60.0,True,145.0,174.0,4rrk1/5ppp/p1pb4/1p1n3q/3P2b1/1BP3P1/PP1N1PQP/R1B1R1K1,,,7,35,27,False,202301
202301005351295,35,e1e8,59.0,True,131.0,172.0,4rrk1/5ppp/p1pb4/1p1n3q/3P2b1/1BP3P1/PP1N1PQP/R1B1R1K1,,,7,35,27,False,202301
202301005780448,35,d2e4,4.0,True,42.0,53.0,4rrk1/5ppp/p1pb4/1p1n3q/3P2b1/1BP3P1/PP1N1PQP/R1B1R1K1,,,7,35,27,False,202301
202301090144739,35,e1f1,41.0,True,159.0,161.0,4rrk1/5ppp/p1pb4/1p1n3q/3P2b1/1BP3P1/PP1N1PQP/R1B1R1K1,,,7,35,27,False,202301
202301090312287,35,e1f1,4.0,True,227.0,253.0,4rrk1/5ppp/p1pb4/1p1n3q/3P2b1/1BP3P1/PP1N1PQP/R1B1R1K1,,,7,35,27,False,202301
202301090331828,35,g2f1,22.0,True,164.0,165.0,4rrk1/5ppp/p1pb4/1p1n3q/3P2b1/1BP3P1/PP1N1PQP/R1B1R1K1,,,7,35,27,False,202301
202301090347910,35,g2f1,61.0,True,139.0,191.0,4rrk1/5ppp/p1pb4/1p1n3q/3P2b1/1BP3P1/PP1N1PQP/R1B1R1K1,,,7,35,27,False,202301
202301061124958,35,d2e4,8.0,True,152.0,159.0,4rrk1/5ppp/p1pb4/1p1n3q/3P2b1/1BP3P1/PP1N1PQP/R1B1R1K1,,,7,35,27,False,202301
202301061175281,35,e1e8,7.0,True,44.0,146.0,4rrk1/5ppp/p1pb4/1p1n3q/3P2b1/1BP3P1/PP1N1PQP/R1B1R1K1,,,7,35,27,False,202301
202301061804639,35,e1f1,14.0,True,241.0,254.0,4rrk1/5ppp/p1pb4/1p1n3q/3P2b1/1BP3P1/PP1N1PQP/R1B1R1K1,,,7,35,27,False,202301
202301057034123,35,e1e8,39.0,True,281.0,333.0,4rrk1/5ppp/p1pb4/1p1n3q/3P2b1/1BP3P1/PP1N1PQP/R1B1R1K1,,,7,35,27,False,202301
202301057125039,35,d2e4,5.0,True,244.0,309.0,4rrk1/5ppp/p1pb4/1p1n3q/3P2b1/1BP3P1/PP1N1PQP/R1B1R1K1,,,7,35,27,False,202301
202301057299661,35,e1e8,37.0,True,482.0,565.0,4rrk1/5ppp/p1pb4/1p1n3q/3P2b1/1BP3P1/PP1N1PQP/R1B1R1K1,,,7,35,27,False,202301
202301036754182,35,e1e8,16.0,True,94.0,126.0,4rrk1/5ppp/p1pb4/1p1n3q/3P2b1/1BP3P1/PP1N1PQP/R1B1R1K1,,,7,35,27,False,202301
202301036948200,35,g1f1,40.0,True,386.0,544.0,4rrk1/5ppp/p1pb4/1p1n3q/3P2b1/1BP3P1/PP1N1PQP/R1B1R1K1,,,7,35,27,False,202301
202301023320938,35,g2f1,40.0,True,144.0,159.0,4rrk1/5ppp/p1pb4/1p1n3q/3P2b1/1BP3P1/PP1N1PQP/R1B1R1K1,,,7,35,27,False,202301
202301023682264,35,d2e4,31.0,True,1013.0,1039.0,4rrk1/5ppp/p1pb4/1p1n3q/3P2b1/1BP3P1/PP1N1PQP/R1B1R1K1,,,7,35,27,False,202301
202301023923559,35,g2f1,11.0,True,107.0,96.0,4rrk1/5ppp/p1pb4/1p1n3q/3P2b1/1BP3P1/PP1N1PQP/R1B1R1K1,,,7,35,27,False,202301
202301023963409,35,e1e8,87.0,True,832.0,1000.0,4rrk1/5ppp/p1pb4/1p1n3q/3P2b1/1BP3P1/PP1N1PQP/R1B1R1K1,,,7,35,27,False,202301
202301085297016,35,e1f1,13.0,True,207.0,262.0,4rrk1/5ppp/p1pb4/1p1n3q/3P2b1/1BP3P1/PP1N1PQP/R1B1R1K1,,,7,35,27,False,202301
202301085363120,35,e1e8,4.0,True,147.0,165.0,4rrk1/5ppp/p1pb4/1p1n3q/3P2b1/1BP3P1/PP1N1PQP/R1B1R1K1,,,7,35,27,False,202301
202301085621197,35,d2e4,19.0,True,102.0,195.0,4rrk1/5ppp/p1pb4/1p1n3q/3P2b1/1BP3P1/PP1N1PQP/R1B1R1K1,,,7,35,27,False,202301
202301085645150,35,e1f1,7.0,True,149.0,158.0,4rrk1/5ppp/p1pb4/1p1n3q/3P2b1/1BP3P1/PP1N1PQP/R1B1R1K1,,,7,35,27,False,202301
202301085742272,35,e1f1,23.0,True,491.0,624.0,4rrk1/5ppp/p1pb4/1p1n3q/3P2b1/1BP3P1/PP1N1PQP/R1B1R1K1,,,7,35,27,False,202301
202301085794373,35,d2e4,24.0,True,231.0,307.0,4rrk1/5ppp/p1pb4/1p1n3q/3P2b1/1BP3P1/PP1N1PQP/R1B1R1K1,,,7,35,27,False,202301
202301009202907,35,e1f1,12.0,True,137.0,70.0,4rrk1/5ppp/p1pb4/1p1n3q/3P2b1/1BP3P1/PP1N1PQP/R1B1R1K1,,,7,35,27,False,202301
202301009622422,35,d2e4,2.0,True,91.0,95.0,4rrk1/5ppp/p1pb4/1p1n3q/3P2b1/1BP3P1/PP1N1PQP/R1B1R1K1,,,7,35,27,False,202301
202301063584935,35,g2f1,39.0,True,550.0,566.0,4rrk1/5ppp/p1pb4/1p1n3q/3P2b1/1BP3P1/PP1N1PQP/R1B1R1K1,,,7,35,27,False,202301
202301059035077,35,e1e8,62.0,True,136.0,172.0,4rrk1/5ppp/p1pb4/1p1n3q/3P2b1/1BP3P1/PP1N1PQP/R1B1R1K1,,,7,35,27,False,202301
202301059375206,35,d2e4,11.0,True,159.0,194.0,4rrk1/5ppp/p1pb4/1p1n3q/3P2b1/1BP3P1/PP1N1PQP/R1B1R1K1,,,7,35,27,False,202301
202301074751620,35,e1e8,70.0,True,169.0,179.0,4rrk1/5ppp/p1pb4/1p1n3q/3P2b1/1BP3P1/PP1N1PQP/R1B1R1K1,,,7,35,27,False,202301
202301101810943,35,e1e8,22.0,True,124.0,167.0,4rrk1/5ppp/p1pb4/1p1n3q/3P2b1/1BP3P1/PP1N1PQP/R1B1R1K1,,,7,35,27,False,202301
202301040059941,35,e1e8,22.0,True,179.0,185.0,4rrk1/5ppp/p1pb4/1p1n3q/3P2b1/1BP3P1/PP1N1PQP/R1B1R1K1,,,7,35,27,False,202301
202301040391005,35,e1e8,63.0,True,563.0,281.0,4rrk1/5ppp/p1pb4/1p1n3q/3P2b1/1BP3P1/PP1N1PQP/R1B1R1K1,,,7,35,27,False,202301
202301040475952,35,e1e8,4.0,True,300.0,324.0,4rrk1/5ppp/p1pb4/1p1n3q/3P2b1/1BP3P1/PP1N1PQP/R1B1R1K1,,,7,35,27,False,202301
202301040885103,35,e1f1,11.0,True,220.0,270.0,4rrk1/5ppp/p1pb4/1p1n3q/3P2b1/1BP3P1/PP1N1PQP/R1B1R1K1,,,7,35,27,False,202301
202301040968407,35,e1e8,13.0,True,256.0,284.0,4rrk1/5ppp/p1pb4/1p1n3q/3P2b1/1BP3P1/PP1N1PQP/R1B1R1K1,,,7,35,27,False,202301
202301021861855,35,e1e8,52.0,True,137.0,145.0,4rrk1/5ppp/p1pb4/1p1n3q/3P2b1/1BP3P1/PP1N1PQP/R1B1R1K1,,,7,35,27,False,202301
202301062334568,35,d2e4,15.0,True,181.0,193.0,4rrk1/5ppp/p1pb4/1p1n3q/3P2b1/1BP3P1/PP1N1PQP/R1B1R1K1,,,7,35,27,False,202301
202301062802193,35,e1e8,18.0,True,526.0,571.0,4rrk1/5ppp/p1pb4/1p1n3q/3P2b1/1BP3P1/PP1N1PQP/R1B1R1K1,,,7,35,27,False,202301
202301062953095,35,e1e8,29.0,True,147.0,151.0,4rrk1/5ppp/p1pb4/1p1n3q/3P2b1/1BP3P1/PP1N1PQP/R1B1R1K1,,,7,35,27,False,202301
202301022285434,35,e1e8,98.0,True,237.0,283.0,4rrk1/5ppp/p1pb4/1p1n3q/3P2b1/1BP3P1/PP1N1PQP/R1B1R1K1,,,7,35,27,False,202301
202301022362598,35,e1e8,12.0,True,234.0,269.0,4rrk1/5ppp/p1pb4/1p1n3q/3P2b1/1BP3P1/PP1N1PQP/R1B1R1K1,,,7,35,27,False,202301
202301022469084,35,d2e4,20.0,True,253.0,260.0,4rrk1/5ppp/p1pb4/1p1n3q/3P2b1/1BP3P1/PP1N1PQP/R1B1R1K1,,,7,35,27,False,202301
202301042154282,35,d2e4,17.0,True,171.0,188.0,4rrk1/5ppp/p1pb4/1p1n3q/3P2b1/1BP3P1/PP1N1PQP/R1B1R1K1,,,7,35,27,False,202301
202301042817988,35,e1e8,55.0,True,220.0,253.0,4rrk1/5ppp/p1pb4/1p1n3q/3P2b1/1BP3P1/PP1N1PQP/R1B1R1K1,,,7,35,27,False,202301
202301042833070,35,e1e8,1.0,True,96.0,116.0,4rrk1/5ppp/p1pb4/1p1n3q/3P2b1/1BP3P1/PP1N1PQP/R1B1R1K1,,,7,35,27,False,202301
202301042992102,35,e1e8,32.0,True,139.0,160.0,4rrk1/5ppp/p1pb4/1p1n3q/3P2b1/1BP3P1/PP1N1PQP/R1B1R1K1,,,7,35,27,False,202301
202301038470847,35,d2e4,13.0,True,78.0,115.0,4rrk1/5ppp/p1pb4/1p1n3q/3P2b1/1BP3P1/PP1N1PQP/R1B1R1K1,,,7,35,27,False,202301
202301038745573,35,e1e8,10.0,True,306.0,205.0,4rrk1/5ppp/p1pb4/1p1n3q/3P2b1/1BP3P1/PP1N1PQP/R1B1R1K1,,,7,35,27,False,202301
202301039060993,35,e1e8,32.0,True,442.0,551.0,4rrk1/5ppp/p1pb4/1p1n3q/3P2b1/1BP3P1/PP1N1PQP/R1B1R1K1,,,7,35,27,False,202301
202301039866094,35,e1e8,14.0,True,95.0,115.0,4rrk1/5ppp/p1pb4/1p1n3q/3P2b1/1BP3P1/PP1N1PQP/R1B1R1K1,,,7,35,27,False,202301
202301084293712,35,e1f1,1.0,True,71.0,107.0,4rrk1/5ppp/p1pb4/1p1n3q/3P2b1/1BP3P1/PP1N1PQP/R1B1R1K1,,,7,35,27,False,202301
202301080229497,35,d2e4,32.0,True,138.0,161.0,4rrk1/5ppp/p1pb4/1p1n3q/3P2b1/1BP3P1/PP1N1PQP/R1B1R1K1,,,7,35,27,False,202301
202301080287547,35,d2e4,15.0,True,149.0,147.0,4rrk1/5ppp/p1pb4/1p1n3q/3P2b1/1BP3P1/PP1N1PQP/R1B1R1K1,,,7,35,27,False,202301
202301080667095,35,e1f1,27.0,True,110.0,124.0,4rrk1/5ppp/p1pb4/1p1n3q/3P2b1/1BP3P1/PP1N1PQP/R1B1R1K1,,,7,35,27,False,202301
202301051116479,35,e1e8,55.0,True,105.0,76.0,4rrk1/5ppp/p1pb4/1p1n3q/3P2b1/1BP3P1/PP1N1PQP/R1B1R1K1,,,7,35,27,False,202301
202301051845418,35,e1e8,2.0,True,271.0,280.0,4rrk1/5ppp/p1pb4/1p1n3q/3P2b1/1BP3P1/PP1N1PQP/R1B1R1K1,,,7,35,27,False,202301
202301069723426,35,e1e8,8.0,True,156.0,153.0,4rrk1/5ppp/p1pb4/1p1n3q/3P2b1/1BP3P1/PP1N1PQP/R1B1R1K1,,,7,35,27,False,202301
202301069809209,35,d2e4,12.0,True,235.0,297.0,4rrk1/5ppp/p1pb4/1p1n3q/3P2b1/1BP3P1/PP1N1PQP/R1B1R1K1,,,7,35,27,False,202301
202301069953925,35,e1f1,54.0,True,575.0,557.0,4rrk1/5ppp/p1pb4/1p1n3q/3P2b1/1BP3P1/PP1N1PQP/R1B1R1K1,,,7,35,27,False,202301
202301082368350,35,g1f1,56.0,True,145.0,195.0,4rrk1/5ppp/p1pb4/1p1n3q/3P2b1/1BP3P1/PP1N1PQP/R1B1R1K1,,,7,35,27,False,202301
202301082770641,35,e1e8,28.0,True,527.0,565.0,4rrk1/5ppp/p1pb4/1p1n3q/3P2b1/1BP3P1/PP1N1PQP/R1B1R1K1,,,7,35,27,False,202301
202301082889444,35,e1e8,5.0,True,164.0,168.0,4rrk1/5ppp/p1pb4/1p1n3q/3P2b1/1BP3P1/PP1N1PQP/R1B1R1K1,,,7,35,27,False,202301
202301082900612,35,d2e4,32.0,True,185.0,162.0,4rrk1/5ppp/p1pb4/1p1n3q/3P2b1/1BP3P1/PP1N1PQP/R1B1R1K1,,,7,35,27,False,202301
202301082921113,35,e1f1,16.0,True,81.0,111.0,4rrk1/5ppp/p1pb4/1p1n3q/3P2b1/1BP3P1/PP1N1PQP/R1B1R1K1,,,7,35,27,False,202301
202301082944878,35,e1e8,9.0,True,148.0,165.0,4rrk1/5ppp/p1pb4/1p1n3q/3P2b1/1BP3P1/PP1N1PQP/R1B1R1K1,,,7,35,27,False,202301
202301003000645,35,e1e8,13.0,True,113.0,164.0,4rrk1/5ppp/p1pb4/1p1n3q/3P2b1/1BP3P1/PP1N1PQP/R1B1R1K1,,,7,35,27,False,202301
202301003080076,35,e1e8,15.0,True,262.0,282.0,4rrk1/5ppp/p1pb4/1p1n3q/3P2b1/1BP3P1/PP1N1PQP/R1B1R1K1,,,7,35,27,False,202301
202301003085978,35,e1f1,8.0,True,168.0,188.0,4rrk1/5ppp/p1pb4/1p1n3q/3P2b1/1BP3P1/PP1N1PQP/R1B1R1K1,,,7,35,27,False,202301
202301003181463,35,e1e8,33.0,True,194.0,154.0,4rrk1/5ppp/p1pb4/1p1n3q/3P2b1/1BP3P1/PP1N1PQP/R1B1R1K1,,,7,35,27,False,202301
202301003293465,35,e1e8,9.0,True,97.0,266.0,4rrk1/5ppp/p1pb4/1p1n3q/3P2b1/1BP3P1/PP1N1PQP/R1B1R1K1,,,7,35,27,False,202301
202301003426873,35,e1e8,13.0,True,142.0,167.0,4rrk1/5ppp/p1pb4/1p1n3q/3P2b1/1BP3P1/PP1N1PQP/R1B1R1K1,,,7,35,27,False,202301
202301003639621,35,e1e8,36.0,True,176.0,197.0,4rrk1/5ppp/p1pb4/1p1n3q/3P2b1/1BP3P1/PP1N1PQP/R1B1R1K1,,,7,35,27,False,202301
202301003831177,35,e1e8,8.0,True,185.0,200.0,4rrk1/5ppp/p1pb4/1p1n3q/3P2b1/1BP3P1/PP1N1PQP/R1B1R1K1,,,7,35,27,False,202301
202301020208674,35,e1e8,3.0,True,43.0,46.0,4rrk1/5ppp/p1pb4/1p1n3q/3P2b1/1BP3P1/PP1N1PQP/R1B1R1K1,,,7,35,27,False,202301
202301020297856,35,e1f1,2.0,True,51.0,56.0,4rrk1/5ppp/p1pb4/1p1n3q/3P2b1/1BP3P1/PP1N1PQP/R1B1R1K1,,,7,35,27,False,202301
202301020506934,35,e1e8,124.0,True,426.0,581.0,4rrk1/5ppp/p1pb4/1p1n3q/3P2b1/1BP3P1/PP1N1PQP/R1B1R1K1,,,7,35,27,False,202301
202301020833357,35,g2f1,10.0,True,265.0,255.0,4rrk1/5ppp/p1pb4/1p1n3q/3P2b1/1BP3P1/PP1N1PQP/R1B1R1K1,,,7,35,27,False,202301
202301020835563,35,e1e8,18.0,True,38.0,21.0,4rrk1/5ppp/p1pb4/1p1n3q/3P2b1/1BP3P1/PP1N1PQP/R1B1R1K1,,,7,35,27,False,202301
202301020890122,35,d2e4,10.0,True,88.0,117.0,4rrk1/5ppp/p1pb4/1p1n3q/3P2b1/1BP3P1/PP1N1PQP/R1B1R1K1,,,7,35,27,False,202301
202301097243895,35,e1f1,31.0,True,235.0,268.0,4rrk1/5ppp/p1pb4/1p1n3q/3P2b1/1BP3P1/PP1N1PQP/R1B1R1K1,,,7,35,27,False,202301
202301097783316,35,e1f1,33.0,True,136.0,167.0,4rrk1/5ppp/p1pb4/1p1n3q/3P2b1/1BP3P1/PP1N1PQP/R1B1R1K1,,,7,35,27,False,202301
202301031091277,35,g2f1,20.0,True,549.0,567.0,4rrk1/5ppp/p1pb4/1p1n3q/3P2b1/1BP3P1/PP1N1PQP/R1B1R1K1,,,7,35,27,False,202301
202301031552805,35,e1e8,52.0,True,71.0,180.0,4rrk1/5ppp/p1pb4/1p1n3q/3P2b1/1BP3P1/PP1N1PQP/R1B1R1K1,,,7,35,27,False,202301
202301060174068,35,d2e4,46.0,True,562.0,555.0,4rrk1/5ppp/p1pb4/1p1n3q/3P2b1/1BP3P1/PP1N1PQP/R1B1R1K1,,,7,35,27,False,202301
202301060230951,35,e1e8,6.0,True,259.0,269.0,4rrk1/5ppp/p1pb4/1p1n3q/3P2b1/1BP3P1/PP1N1PQP/R1B1R1K1,,,7,35,27,False,202301
202301060352121,39,e1e7,17.0,True,78.0,90.0,4rrk1/5ppp/p1pb4/1p1n3q/3P2b1/1BP3P1/PP1N1PQP/R1B1R1K1,,,11,35,27,False,202301
202301060437670,35,e1e8,3.0,True,70.0,116.0,4rrk1/5ppp/p1pb4/1p1n3q/3P2b1/1BP3P1/PP1N1PQP/R1B1R1K1,,,7,35,27,False,202301
202301060589233,35,d2e4,150.0,True,558.0,518.0,4rrk1/5ppp/p1pb4/1p1n3q/3P2b1/1BP3P1/PP1N1PQP/R1B1R1K1,,,7,35,27,False,202301
202301060683870,35,e1e8,9.0,True,118.0,163.0,4rrk1/5ppp/p1pb4/1p1n3q/3P2b1/1BP3P1/PP1N1PQP/R1B1R1K1,,,7,35,27,False,202301
202301060895843,35,e1e8,4.0,True,163.0,161.0,4rrk1/5ppp/p1pb4/1p1n3q/3P2b1/1BP3P1/PP1N1PQP/R1B1R1K1,,,7,35,27,False,202301
202301056772634,35,e1e8,21.0,True,195.0,256.0,4rrk1/5ppp/p1pb4/1p1n3q/3P2b1/1BP3P1/PP1N1PQP/R1B1R1K1,,,7,35,27,False,202301
202301058148656,35,e1e8,1.0,True,104.0,147.0,4rrk1/5ppp/p1pb4/1p1n3q/3P2b1/1BP3P1/PP1N1PQP/R1B1R1K1,,,7,35,27,False,202301
202301058492976,35,e1f1,10.0,True,140.0,182.0,4rrk1/5ppp/p1pb4/1p1n3q/3P2b1/1BP3P1/PP1N1PQP/R1B1R1K1,,,7,35,27,False,202301
202301058791707,35,e1e8,54.0,True,118.0,187.0,4rrk1/5ppp/p1pb4/1p1n3q/3P2b1/1BP3P1/PP1N1PQP/R1B1R1K1,,,7,35,27,False,202301
202301068176712,35,g2f1,70.0,True,125.0,195.0,4rrk1/5ppp/p1pb4/1p1n3q/3P2b1/1BP3P1/PP1N1PQP/R1B1R1K1,,,7,35,27,False,202301
202301012689384,35,e1e8,22.0,True,222.0,263.0,4rrk1/5ppp/p1pb4/1p1n3q/3P2b1/1BP3P1/PP1N1PQP/R1B1R1K1,,,7,35,27,False,202301
202301012751011,35,e1e8,25.0,True,751.0,917.0,4rrk1/5ppp/p1pb4/1p1n3q/3P2b1/1BP3P1/PP1N1PQP/R1B1R1K1,,,7,35,27,False,202301
202301012869976,35,e1e8,4.0,True,44.0,53.0,4rrk1/5ppp/p1pb4/1p1n3q/3P2b1/1BP3P1/PP1N1PQP/R1B1R1K1,,,7,35,27,False,202301
202301095773092,35,e1e8,44.0,True,68.0,114.0,4rrk1/5ppp/p1pb4/1p1n3q/3P2b1/1BP3P1/PP1N1PQP/R1B1R1K1,,,7,35,27,False,202301
202301078139718,35,e1f1,16.0,True,174.0,193.0,4rrk1/5ppp/p1pb4/1p1n3q/3P2b1/1BP3P1/PP1N1PQP/R1B1R1K1,,,7,35,27,False,202301
202301078139718,39,e1f1,19.0,True,159.0,177.0,4rrk1/5ppp/p1pb4/1p1n3q/3P2b1/1BP3P1/PP1N1PQP/R1B1R1K1,,,11,35,27,False,202301
202301078797319,35,e1e4,15.0,True,159.0,171.0,4rrk1/5ppp/p1pb4/1p1n3q/3P2b1/1BP3P1/PP1N1PQP/R1B1R1K1,,,7,35,27,False,202301
202301027833325,35,d2e4,5.0,True,149.0,154.0,4rrk1/5ppp/p1pb4/1p1n3q/3P2b1/1BP3P1/PP1N1PQP/R1B1R1K1,,,7,35,27,False,202301
202301027993276,35,e1f1,5.0,True,37.0,47.0,4rrk1/5ppp/p1pb4/1p1n3q/3P2b1/1BP3P1/PP1N1PQP/R1B1R1K1,,,7,35,27,False,202301
202301043024858,35,e1e8,4.0,True,114.0,122.0,4rrk1/5ppp/p1pb4/1p1n3q/3P2b1/1BP3P1/PP1N1PQP/R1B1R1K1,,,7,35,27,False,202301
202301043711442,35,d2e4,15.0,True,168.0,190.0,4rrk1/5ppp/p1pb4/1p1n3q/3P2b1/1BP3P1/PP1N1PQP/R1B1R1K1,,,7,35,27,False,202301
202301050112882,35,e1e8,1.0,True,147.0,162.0,4rrk1/5ppp/p1pb4/1p1n3q/3P2b1/1BP3P1/PP1N1PQP/R1B1R1K1,,,7,35,27,False,202301
202301050186818,35,e1e4,59.0,True,135.0,170.0,4rrk1/5ppp/p1pb4/1p1n3q/3P2b1/1BP3P1/PP1N1PQP/R1B1R1K1,,,7,35,27,False,202301
202301050323595,35,e1e8,13.0,True,134.0,142.0,4rrk1/5ppp/p1pb4/1p1n3q/3P2b1/1BP3P1/PP1N1PQP/R1B1R1K1,,,7,35,27,False,202301
202301050410074,35,e1e4,30.0,True,119.0,110.0,4rrk1/5ppp/p1pb4/1p1n3q/3P2b1/1BP3P1/PP1N1PQP/R1B1R1K1,,,7,35,27,False,202301
202301050953122,35,e1e8,202.0,True,774.0,883.0,4rrk1/5ppp/p1pb4/1p1n3q/3P2b1/1BP3P1/PP1N1PQP/R1B1R1K1,,,7,35,27,False,202301
202301088226564,35,e1e8,26.0,True,114.0,146.0,4rrk1/5ppp/p1pb4/1p1n3q/3P2b1/1BP3P1/PP1N1PQP/R1B1R1K1,,,7,35,27,False,202301
202301088242775,35,e1e8,108.0,True,267.0,421.0,4rrk1/5ppp/p1pb4/1p1n3q/3P2b1/1BP3P1/PP1N1PQP/R1B1R1K1,,,7,35,27,False,202301
202301088435345,35,e1f1,23.0,True,488.0,570.0,4rrk1/5ppp/p1pb4/1p1n3q/3P2b1/1BP3P1/PP1N1PQP/R1B1R1K1,,,7,35,27,False,202301
202301088523460,35,e1e8,33.0,True,284.0,321.0,4rrk1/5ppp/p1pb4/1p1n3q/3P2b1/1BP3P1/PP1N1PQP/R1B1R1K1,,,7,35,27,False,202301
202301088704179,35,f2f3,3.0,True,42.0,50.0,4rrk1/5ppp/p1pb4/1p1n3q/3P2b1/1BP3P1/PP1N1PQP/R1B1R1K1,,,7,35,27,False,202301
202301088751604,35,e1e8,14.0,True,167.0,187.0,4rrk1/5ppp/p1pb4/1p1n3q/3P2b1/1BP3P1/PP1N1PQP/R1B1R1K1,,,7,35,27,False,202301
202301028101202,35,d2e4,9.0,True,71.0,89.0,4rrk1/5ppp/p1pb4/1p1n3q/3P2b1/1BP3P1/PP1N1PQP/R1B1R1K1,,,7,35,27,False,202301
202301028189376,35,e1f1,5.0,True,159.0,168.0,4rrk1/5ppp/p1pb4/1p1n3q/3P2b1/1BP3P1/PP1N1PQP/R1B1R1K1,,,7,35,27,False,202301
202301028627160,35,d2e4,8.0,True,159.0,191.0,4rrk1/5ppp/p1pb4/1p1n3q/3P2b1/1BP3P1/PP1N1PQP/R1B1R1K1,,,7,35,27,False,202301
202301028718700,35,e1e8,123.0,True,182.0,187.0,4rrk1/5ppp/p1pb4/1p1n3q/3P2b1/1BP3P1/PP1N1PQP/R1B1R1K1,,,7,35,27,False,202301
202301028756125,35,b3c2,5.0,True,127.0,160.0,4rrk1/5ppp/p1pb4/1p1n3q/3P2b1/1BP3P1/PP1N1PQP/R1B1R1K1,,,7,35,27,False,202301
202301028926047,35,e1e8,7.0,True,44.0,49.0,4rrk1/5ppp/p1pb4/1p1n3q/3P2b1/1BP3P1/PP1N1PQP/R1B1R1K1,,,7,35,27,False,202301
202301100096887,35,d2e4,2.0,True,142.0,164.0,4rrk1/5ppp/p1pb4/1p1n3q/3P2b1/1BP3P1/PP1N1PQP/R1B1R1K1,,,7,35,27,False,202301
202301100703328,35,e1e8,4.0,True,474.0,261.0,4rrk1/5ppp/p1pb4/1p1n3q/3P2b1/1BP3P1/PP1N1PQP/R1B1R1K1,,,7,35,27,False,202301
202301100992149,35,e1f1,17.0,True,228.0,275.0,4rrk1/5ppp/p1pb4/1p1n3q/3P2b1/1BP3P1/PP1N1PQP/R1B1R1K1,,,7,35,27,False,202301
202301071609687,35,e1e8,44.0,True,209.0,304.0,4rrk1/5ppp/p1pb4/1p1n3q/3P2b1/1BP3P1/PP1N1PQP/R1B1R1K1,,,7,35,27,False,202301
202301071763956,39,e1e8,4.0,True,43.0,43.0,4rrk1/5ppp/p1pb4/1p1n3q/3P2b1/1BP3P1/PP1N1PQP/R1B1R1K1,,,11,35,27,False,202301
202301076321057,35,e1e8,2.0,True,72.0,104.0,4rrk1/5ppp/p1pb4/1p1n3q/3P2b1/1BP3P1/PP1N1PQP/R1B1R1K1,,,7,35,27,False,202301
202301076588216,35,e1e4,35.0,True,86.0,102.0,4rrk1/5ppp/p1pb4/1p1n3q/3P2b1/1BP3P1/PP1N1PQP/R1B1R1K1,,,7,35,27,False,202301
202301017151220,35,e1e4,55.0,True,167.0,112.0,4rrk1/5ppp/p1pb4/1p1n3q/3P2b1/1BP3P1/PP1N1PQP/R1B1R1K1,,,7,35,27,False,202301
202301017617203,35,e1e8,27.0,True,242.0,318.0,4rrk1/5ppp/p1pb4/1p1n3q/3P2b1/1BP3P1/PP1N1PQP/R1B1R1K1,,,7,35,27,False,202301
202301053251463,35,e1f1,50.0,True,192.0,204.0,4rrk1/5ppp/p1pb4/1p1n3q/3P2b1/1BP3P1/PP1N1PQP/R1B1R1K1,,,7,35,27,False,202301
202301053442578,35,g1f1,9.0,True,111.0,155.0,4rrk1/5ppp/p1pb4/1p1n3q/3P2b1/1BP3P1/PP1N1PQP/R1B1R1K1,,,7,35,27,False,202301
202301053661075,35,e1e8,31.0,True,160.0,162.0,4rrk1/5ppp/p1pb4/1p1n3q/3P2b1/1BP3P1/PP1N1PQP/R1B1R1K1,,,7,35,27,False,202301
202301053934838,35,e1f1,12.0,True,100.0,115.0,4rrk1/5ppp/p1pb4/1p1n3q/3P2b1/1BP3P1/PP1N1PQP/R1B1R1K1,,,7,35,27,False,202301
202301047207530,35,e1f1,90.0,True,268.0,315.0,4rrk1/5ppp/p1pb4/1p1n3q/3P2b1/1BP3P1/PP1N1PQP/R1B1R1K1,,,7,35,27,False,202301
202301047444085,35,e1e8,33.0,True,88.0,175.0,4rrk1/5ppp/p1pb4/1p1n3q/3P2b1/1BP3P1/PP1N1PQP/R1B1R1K1,,,7,35,27,False,202301
202301047501568,35,e1e8,11.0,True,101.0,119.0,4rrk1/5ppp/p1pb4/1p1n3q/3P2b1/1BP3P1/PP1N1PQP/R1B1R1K1,,,7,35,27,False,202301
202301047625205,35,e1e8,29.0,True,110.0,192.0,4rrk1/5ppp/p1pb4/1p1n3q/3P2b1/1BP3P1/PP1N1PQP/R1B1R1K1,,,7,35,27,False,202301
202301010576413,35,e1f1,2.0,True,41.0,73.0,4rrk1/5ppp/p1pb4/1p1n3q/3P2b1/1BP3P1/PP1N1PQP/R1B1R1K1,,,7,35,27,False,202301
202301010862981,35,e1e8,5.0,True,528.0,581.0,4rrk1/5ppp/p1pb4/1p1n3q/3P2b1/1BP3P1/PP1N1PQP/R1B1R1K1,,,7,35,27,False,202301
202301089179286,35,e1e8,4.0,True,262.0,202.0,4rrk1/5ppp/p1pb4/1p1n3q/3P2b1/1BP3P1/PP1N1PQP/R1B1R1K1,,,7,35,27,False,202301
202301089391118,35,e1f1,88.0,True,553.0,525.0,4rrk1/5ppp/p1pb4/1p1n3q/3P2b1/1BP3P1/PP1N1PQP/R1B1R1K1,,,7,35,27,False,202301
202301089739345,35,e1e8,88.0,True,118.0,98.0,4rrk1/5ppp/p1pb4/1p1n3q/3P2b1/1BP3P1/PP1N1PQP/R1B1R1K1,,,7,35,27,False,202301
202301075169690,35,d2e4,6.0,True,133.0,179.0,4rrk1/5ppp/p1pb4/1p1n3q/3P2b1/1BP3P1/PP1N1PQP/R1B1R1K1,,,7,35,27,False,202301
202301075483391,35,e1f1,88.0,True,234.0,276.0,4rrk1/5ppp/p1pb4/1p1n3q/3P2b1/1BP3P1/PP1N1PQP/R1B1R1K1,,,7,35,27,False,202301
202301096662857,35,d2e4,48.0,True,169.0,189.0,4rrk1/5ppp/p1pb4/1p1n3q/3P2b1/1BP3P1/PP1N1PQP/R1B1R1K1,,,7,35,27,False,202301
202301096776454,35,d2e4,3.0,True,36.0,49.0,4rrk1/5ppp/p1pb4/1p1n3q/3P2b1/1BP3P1/PP1N1PQP/R1B1R1K1,,,7,35,27,False,202301
202301096894779,35,e1e8,6.0,True,175.0,168.0,4rrk1/5ppp/p1pb4/1p1n3q/3P2b1/1BP3P1/PP1N1PQP/R1B1R1K1,,,7,35,27,False,202301
202301096975959,35,d2e4,8.0,True,527.0,560.0,4rrk1/5ppp/p1pb4/1p1n3q/3P2b1/1BP3P1/PP1N1PQP/R1B1R1K1,,,7,35,27,False,202301
202301103113602,35,e1e8,8.0,True,258.0,308.0,4rrk1/5ppp/p1pb4/1p1n3q/3P2b1/1BP3P1/PP1N1PQP/R1B1R1K1,,,7,35,27,False,202301
202301103447946,35,g2f1,51.0,True,174.0,192.0,4rrk1/5ppp/p1pb4/1p1n3q/3P2b1/1BP3P1/PP1N1PQP/R1B1R1K1,,,7,35,27,False,202301
202301103734261,35,d2f1,11.0,True,155.0,167.0,4rrk1/5ppp/p1pb4/1p1n3q/3P2b1/1BP3P1/PP1N1PQP/R1B1R1K1,,,7,35,27,False,202301
202301033084406,35,e1f1,16.0,True,244.0,273.0,4rrk1/5ppp/p1pb4/1p1n3q/3P2b1/1BP3P1/PP1N1PQP/R1B1R1K1,,,7,35,27,False,202301
202301033636687,37,e1e8,1.0,True,103.0,98.0,4rrk1/5ppp/p1pb4/1p1n3q/3P2b1/1BP3P1/PP1N1PQP/R1B1R1K1,,,7,35,27,False,202301
202301098183416,35,d2e4,2.0,True,43.0,50.0,4rrk1/5ppp/p1pb4/1p1n3q/3P2b1/1BP3P1/PP1N1PQP/R1B1R1K1,,,7,35,27,False,202301
202301098418892,35,e1f1,40.0,True,268.0,283.0,4rrk1/5ppp/p1pb4/1p1n3q/3P2b1/1BP3P1/PP1N1PQP/R1B1R1K1,,,7,35,27,False,202301
202301098588861,35,e1e8,66.0,True,175.0,189.0,4rrk1/5ppp/p1pb4/1p1n3q/3P2b1/1BP3P1/PP1N1PQP/R1B1R1K1,,,7,35,27,False,202301
202301086005132,35,e1e8,9.0,True,138.0,132.0,4rrk1/5ppp/p1pb4/1p1n3q/3P2b1/1BP3P1/PP1N1PQP/R1B1R1K1,,,7,35,27,False,202301
202301086968573,35,d2e4,7.0,True,162.0,167.0,4rrk1/5ppp/p1pb4/1p1n3q/3P2b1/1BP3P1/PP1N1PQP/R1B1R1K1,,,7,35,27,False,202301
202301034077416,35,e1e8,10.0,True,201.0,276.0,4rrk1/5ppp/p1pb4/1p1n3q/3P2b1/1BP3P1/PP1N1PQP/R1B1R1K1,,,7,35,27,False,202301
202301034152541,35,e1e4,48.0,True,235.0,289.0,4rrk1/5ppp/p1pb4/1p1n3q/3P2b1/1BP3P1/PP1N1PQP/R1B1R1K1,,,7,35,27,False,202301
202301034659981,35,e1f1,16.0,True,925.0,965.0,4rrk1/5ppp/p1pb4/1p1n3q/3P2b1/1BP3P1/PP1N1PQP/R1B1R1K1,,,7,35,27,False,202301
202301094935525,35,e1e8,15.0,True,163.0,192.0,4rrk1/5ppp/p1pb4/1p1n3q/3P2b1/1BP3P1/PP1N1PQP/R1B1R1K1,,,7,35,27,False,202301
202301104065535,35,e1f1,14.0,True,123.0,167.0,4rrk1/5ppp/p1pb4/1p1n3q/3P2b1/1BP3P1/PP1N1PQP/R1B1R1K1,,,7,35,27,False,202301
202301092005756,35,d2e4,30.0,True,155.0,174.0,4rrk1/5ppp/p1pb4/1p1n3q/3P2b1/1BP3P1/PP1N1PQP/R1B1R1K1,,,7,35,27,False,202301
202301092350050,35,e1e4,48.0,True,107.0,163.0,4rrk1/5ppp/p1pb4/1p1n3q/3P2b1/1BP3P1/PP1N1PQP/R1B1R1K1,,,7,35,27,False,202301
202301092798190,35,b3d5,7.0,True,137.0,148.0,4rrk1/5ppp/p1pb4/1p1n3q/3P2b1/1BP3P1/PP1N1PQP/R1B1R1K1,,,7,35,27,False,202301
202301044927836,35,d2e4,2.0,True,177.0,179.0,4rrk1/5ppp/p1pb4/1p1n3q/3P2b1/1BP3P1/PP1N1PQP/R1B1R1K1,,,7,35,27,False,202301
202301018002748,35,e1e8,52.0,True,263.0,265.0,4rrk1/5ppp/p1pb4/1p1n3q/3P2b1/1BP3P1/PP1N1PQP/R1B1R1K1,,,7,35,27,False,202301
202301018071950,35,e1f1,17.0,True,59.0,119.0,4rrk1/5ppp/p1pb4/1p1n3q/3P2b1/1BP3P1/PP1N1PQP/R1B1R1K1,,,7,35,27,False,202301
202301018201135,35,e1e8,18.0,True,267.0,268.0,4rrk1/5ppp/p1pb4/1p1n3q/3P2b1/1BP3P1/PP1N1PQP/R1B1R1K1,,,7,35,27,False,202301
202301099359810,35,e1e8,18.0,True,255.0,273.0,4rrk1/5ppp/p1pb4/1p1n3q/3P2b1/1BP3P1/PP1N1PQP/R1B1R1K1,,,7,35,27,False,202301
202301099759437,35,e1e8,19.0,True,153.0,166.0,4rrk1/5ppp/p1pb4/1p1n3q/3P2b1/1BP3P1/PP1N1PQP/R1B1R1K1,,,7,35,27,False,202301
202301054328748,35,e1f1,60.0,True,106.0,118.0,4rrk1/5ppp/p1pb4/1p1n3q/3P2b1/1BP3P1/PP1N1PQP/R1B1R1K1,,,7,35,27,False,202301
202301054363746,35,d2e4,15.0,True,260.0,269.0,4rrk1/5ppp/p1pb4/1p1n3q/3P2b1/1BP3P1/PP1N1PQP/R1B1R1K1,,,7,35,27,False,202301
202301054446914,35,e1e8,16.0,True,488.0,561.0,4rrk1/5ppp/p1pb4/1p1n3q/3P2b1/1BP3P1/PP1N1PQP/R1B1R1K1,,,7,35,27,False,202301
202301054873215,35,e1e8,19.0,True,120.0,163.0,4rrk1/5ppp/p1pb4/1p1n3q/3P2b1/1BP3P1/PP1N1PQP/R1B1R1K1,,,7,35,27,False,202301
202301016607779,35,e1e8,48.0,True,115.0,200.0,4rrk1/5ppp/p1pb4/1p1n3q/3P2b1/1BP3P1/PP1N1PQP/R1B1R1K1,,,7,35,27,False,202301
202301072023804,35,e1f1,22.0,True,93.0,88.0,4rrk1/5ppp/p1pb4/1p1n3q/3P2b1/1BP3P1/PP1N1PQP/R1B1R1K1,,,7,35,27,False,202301
202301072469680,35,e1e8,29.0,True,578.0,663.0,4rrk1/5ppp/p1pb4/1p1n3q/3P2b1/1BP3P1/PP1N1PQP/R1B1R1K1,,,7,35,27,False,202301
202301083199178,35,e1e8,6.0,True,171.0,181.0,4rrk1/5ppp/p1pb4/1p1n3q/3P2b1/1BP3P1/PP1N1PQP/R1B1R1K1,,,7,35,27,False,202301
202301083575073,35,e1e8,6.0,True,299.0,325.0,4rrk1/5ppp/p1pb4/1p1n3q/3P2b1/1BP3P1/PP1N1PQP/R1B1R1K1,,,7,35,27,False,202301
202301083759990,39,e1f1,47.0,True,125.0,129.0,4rrk1/5ppp/p1pb4/1p1n3q/3P2b1/1BP3P1/PP1N1PQP/R1B1R1K1,,,11,35,27,False,202301
202301083853545,35,e1f1,14.0,True,160.0,160.0,4rrk1/5ppp/p1pb4/1p1n3q/3P2b1/1BP3P1/PP1N1PQP/R1B1R1K1,,,7,35,27,False,202301
202301030442760,35,e1e8,18.0,True,85.0,120.0,4rrk1/5ppp/p1pb4/1p1n3q/3P2b1/1BP3P1/PP1N1PQP/R1B1R1K1,,,7,35,27,False,202301
202301030479190,35,e1e8,3.0,True,28.0,43.0,4rrk1/5ppp/p1pb4/1p1n3q/3P2b1/1BP3P1/PP1N1PQP/R1B1R1K1,,,7,35,27,False,202301
202301019069243,35,d2e4,4.0,True,104.0,155.0,4rrk1/5ppp/p1pb4/1p1n3q/3P2b1/1BP3P1/PP1N1PQP/R1B1R1K1,,,7,35,27,False,202301
202301019268708,35,e1e8,61.0,True,132.0,161.0,4rrk1/5ppp/p1pb4/1p1n3q/3P2b1/1BP3P1/PP1N1PQP/R1B1R1K1,,,7,35,27,False,202301
202301019713898,35,e1f1,2.0,True,157.0,166.0,4rrk1/5ppp/p1pb4/1p1n3q/3P2b1/1BP3P1/PP1N1PQP/R1B1R1K1,,,7,35,27,False,202301
202301102904581,35,e1e8,4.0,True,40.0,51.0,4rrk1/5ppp/p1pb4/1p1n3q/3P2b1/1BP3P1/PP1N1PQP/R1B1R1K1,,,7,35,27,False,202301
202301073136652,35,g2f1,25.0,True,637.0,621.0,4rrk1/5ppp/p1pb4/1p1n3q/3P2b1/1BP3P1/PP1N1PQP/R1B1R1K1,,,7,35,27,False,202301
202301073322017,35,e1f1,13.0,True,242.0,282.0,4rrk1/5ppp/p1pb4/1p1n3q/3P2b1/1BP3P1/PP1N1PQP/R1B1R1K1,,,7,35,27,False,202301
202301073562588,35,f2f3,6.0,True,166.0,185.0,4rrk1/5ppp/p1pb4/1p1n3q/3P2b1/1BP3P1/PP1N1PQP/R1B1R1K1,,,7,35,27,False,202301
202301073747410,35,e1e8,15.0,True,152.0,191.0,4rrk1/5ppp/p1pb4/1p1n3q/3P2b1/1BP3P1/PP1N1PQP/R1B1R1K1,,,7,35,27,False,202301
202301073957550,35,d2e4,6.0,True,197.0,196.0,4rrk1/5ppp/p1pb4/1p1n3q/3P2b1/1BP3P1/PP1N1PQP/R1B1R1K1,,,7,35,27,False,202301
202301015202941,35,e1e8,13.0,True,167.0,178.0,4rrk1/5ppp/p1pb4/1p1n3q/3P2b1/1BP3P1/PP1N1PQP/R1B1R1K1,,,7,35,27,False,202301
202301015261913,35,e1e8,10.0,True,153.0,184.0,4rrk1/5ppp/p1pb4/1p1n3q/3P2b1/1BP3P1/PP1N1PQP/R1B1R1K1,,,7,35,27,False,202301
202301067105109,35,e1e8,14.0,True,44.0,260.0,4rrk1/5ppp/p1pb4/1p1n3q/3P2b1/1BP3P1/PP1N1PQP/R1B1R1K1,,,7,35,27,False,202301
202301067144254,37,e1e4,55.0,True,624.0,537.0,4rrk1/5ppp/p1pb4/1p1n3q/3P2b1/1BP3P1/PP1N1PQP/R1B1R1K1,,,7,35,27,False,202301
202301067521033,35,e1e8,11.0,True,154.0,169.0,4rrk1/5ppp/p1pb4/1p1n3q/3P2b1/1BP3P1/PP1N1PQP/R1B1R1K1,,,7,35,27,False,202301
202301026363930,35,e1e8,17.0,True,475.0,560.0,4rrk1/5ppp/p1pb4/1p1n3q/3P2b1/1BP3P1/PP1N1PQP/R1B1R1K1,,,7,35,27,False,202301
202301079243342,35,e1e8,74.0,True,889.0,979.0,4rrk1/5ppp/p1pb4/1p1n3q/3P2b1/1BP3P1/PP1N1PQP/R1B1R1K1,,,7,35,27,False,202301
202301079355966,35,e1e8,17.0,True,549.0,449.0,4rrk1/5ppp/p1pb4/1p1n3q/3P2b1/1BP3P1/PP1N1PQP/R1B1R1K1,,,7,35,27,False,202301
202301079412523,35,e1e4,18.0,True,576.0,263.0,4rrk1/5ppp/p1pb4/1p1n3q/3P2b1/1BP3P1/PP1N1PQP/R1B1R1K1,,,7,35,27,False,202301
202301079944006,35,e1f1,13.0,True,293.0,309.0,4rrk1/5ppp/p1pb4/1p1n3q/3P2b1/1BP3P1/PP1N1PQP/R1B1R1K1,,,7,35,27,False,202301
202301002296018,37,e1e8,39.0,True,1552.0,1240.0,4rrk1/5ppp/p1pb4/1p1n3q/3P2b1/1BP3P1/PP1N1PQP/R1B1R1K1,,,7,35,27,False,202301
202301014402170,35,d2e4,23.0,True,120.0,165.0,4rrk1/5ppp/p1pb4/1p1n3q/3P2b1/1BP3P1/PP1N1PQP/R1B1R1K1,,,7,35,27,False,202301
202301014556652,35,e1e8,12.0,True,195.0,187.0,4rrk1/5ppp/p1pb4/1p1n3q/3P2b1/1BP3P1/PP1N1PQP/R1B1R1K1,,,7,35,27,False,202301
202301014606458,35,e1e8,21.0,True,138.0,182.0,4rrk1/5ppp/p1pb4/1p1n3q/3P2b1/1BP3P1/PP1N1PQP/R1B1R1K1,,,7,35,27,False,202301
202301007120844,35,e1e8,3.0,True,237.0,282.0,4rrk1/5ppp/p1pb4/1p1n3q/3P2b1/1BP3P1/PP1N1PQP/R1B1R1K1,,,7,35,27,False,202301
202301007213420,35,e1e8,3.0,True,44.0,42.0,4rrk1/5ppp/p1pb4/1p1n3q/3P2b1/1BP3P1/PP1N1PQP/R1B1R1K1,,,7,35,27,False,202301
202301007545450,35,e1e8,71.0,True,884.0,964.0,4rrk1/5ppp/p1pb4/1p1n3q/3P2b1/1BP3P1/PP1N1PQP/R1B1R1K1,,,7,35,27,False,202301
202301007713130,35,e1e8,29.0,True,264.0,317.0,4rrk1/5ppp/p1pb4/1p1n3q/3P2b1/1BP3P1/PP1N1PQP/R1B1R1K1,,,7,35,27,False,202301
202301007882797,35,e1e8,10.0,True,542.0,537.0,4rrk1/5ppp/p1pb4/1p1n3q/3P2b1/1BP3P1/PP1N1PQP/R1B1R1K1,,,7,35,27,False,202301
202301024978412,35,e1e4,20.0,True,627.0,644.0,4rrk1/5ppp/p1pb4/1p1n3q/3P2b1/1BP3P1/PP1N1PQP/R1B1R1K1,,,7,35,27,False,202301
202301045757292,35,e1f1,4.0,True,226.0,273.0,4rrk1/5ppp/p1pb4/1p1n3q/3P2b1/1BP3P1/PP1N1PQP/R1B1R1K1,,,7,35,27,False,202301
202301052930346,35,e1e8,5.0,True,98.0,123.0,4rrk1/5ppp/p1pb4/1p1n3q/3P2b1/1BP3P1/PP1N1PQP/R1B1R1K1,,,7,35,27,False,202301
202301008302587,35,e1e8,6.0,True,41.0,47.0,4rrk1/5ppp/p1pb4/1p1n3q/3P2b1/1BP3P1/PP1N1PQP/R1B1R1K1,,,7,35,27,False,202301
202301008529398,35,e1e8,26.0,True,110.0,120.0,4rrk1/5ppp/p1pb4/1p1n3q/3P2b1/1BP3P1/PP1N1PQP/R1B1R1K1,,,7,35,27,False,202301
202301008743332,37,e1f1,9.0,True,47.0,45.0,4rrk1/5ppp/p1pb4/1p1n3q/3P2b1/1BP3P1/PP1N1PQP/R1B1R1K1,,,9,35,27,False,202301
202301066399772,35,f2f3,2.0,True,44.0,49.0,4rrk1/5ppp/p1pb4/1p1n3q/3P2b1/1BP3P1/PP1N1PQP/R1B1R1K1,,,7,35,27,False,202301
202301066757088,35,e1e8,12.0,True,152.0,166.0,4rrk1/5ppp/p1pb4/1p1n3q/3P2b1/1BP3P1/PP1N1PQP/R1B1R1K1,,,7,35,27,False,202301
202301066933282,35,e1f1,2.0,True,186.0,184.0,4rrk1/5ppp/p1pb4/1p1n3q/3P2b1/1BP3P1/PP1N1PQP/R1B1R1K1,,,7,35,27,False,202301
202301066967801,35,e1e8,27.0,True,144.0,149.0,4rrk1/5ppp/p1pb4/1p1n3q/3P2b1/1BP3P1/PP1N1PQP/R1B1R1K1,,,7,35,27,False,202301
202301064028836,35,e1f1,6.0,True,509.0,552.0,4rrk1/5ppp/p1pb4/1p1n3q/3P2b1/1BP3P1/PP1N1PQP/R1B1R1K1,,,7,35,27,False,202301
202301041119692,35,e1e8,50.0,True,156.0,175.0,4rrk1/5ppp/p1pb4/1p1n3q/3P2b1/1BP3P1/PP1N1PQP/R1B1R1K1,,,7,35,27,False,202301
202301041954567,35,e1e8,64.0,True,521.0,531.0,4rrk1/5ppp/p1pb4/1p1n3q/3P2b1/1BP3P1/PP1N1PQP/R1B1R1K1,,,7,35,27,False,202301
202301041974659,35,d2e4,1.0,True,145.0,145.0,4rrk1/5ppp/p1pb4/1p1n3q/3P2b1/1BP3P1/PP1N1PQP/R1B1R1K1,,,7,35,27,False,202301
202301037659007,35,e1e8,12.0,True,43.0,50.0,4rrk1/5ppp/p1pb4/1p1n3q/3P2b1/1BP3P1/PP1N1PQP/R1B1R1K1,,,7,35,27,False,202301
202301029304147,35,d2e4,2.0,True,139.0,153.0,4rrk1/5ppp/p1pb4/1p1n3q/3P2b1/1BP3P1/PP1N1PQP/R1B1R1K1,,,7,35,27,False,202301
202301013110058,35,e1e8,5.0,True,243.0,234.0,4rrk1/5ppp/p1pb4/1p1n3q/3P2b1/1BP3P1/PP1N1PQP/R1B1R1K1,,,7,35,27,False,202301
202301013797074,35,e1f1,9.0,True,94.0,123.0,4rrk1/5ppp/p1pb4/1p1n3q/3P2b1/1BP3P1/PP1N1PQP/R1B1R1K1,,,7,35,27,False,202301
202301081488860,35,e1e8,3.0,True,244.0,282.0,4rrk1/5ppp/p1pb4/1p1n3q/3P2b1/1BP3P1/PP1N1PQP/R1B1R1K1,,,7,35,27,False,202301
202301081611664,35,e1e4,30.0,True,159.0,200.0,4rrk1/5ppp/p1pb4/1p1n3q/3P2b1/1BP3P1/PP1N1PQP/R1B1R1K1,,,7,35,27,False,202301
202301081659224,35,e1f1,18.0,True,219.0,276.0,4rrk1/5ppp/p1pb4/1p1n3q/3P2b1/1BP3P1/PP1N1PQP/R1B1R1K1,,,7,35,27,False,202301
202301011102692,35,e1e8,5.0,True,149.0,166.0,4rrk1/5ppp/p1pb4/1p1n3q/3P2b1/1BP3P1/PP1N1PQP/R1B1R1K1,,,7,35,27,False,202301
202301011803131,35,e1e4,43.0,True,262.0,264.0,4rrk1/5ppp/p1pb4/1p1n3q/3P2b1/1BP3P1/PP1N1PQP/R1B1R1K1,,,7,35,27,False,202301
202301046632366,35,g2f1,17.0,True,82.0,172.0,4rrk1/5ppp/p1pb4/1p1n3q/3P2b1/1BP3P1/PP1N1PQP/R1B1R1K1,,,7,35,27,False,202301
202301046744911,35,e1e4,3.0,True,48.0,48.0,4rrk1/5ppp/p1pb4/1p1n3q/3P2b1/1BP3P1/PP1N1PQP/R1B1R1K1,,,7,35,27,False,202301
202301046802180,35,g2f1,12.0,True,159.0,158.0,4rrk1/5ppp/p1pb4/1p1n3q/3P2b1/1BP3P1/PP1N1PQP/R1B1R1K1,,,7,35,27,False,202301
202301046954112,35,e1e4,75.0,True,371.0,526.0,4rrk1/5ppp/p1pb4/1p1n3q/3P2b1/1BP3P1/PP1N1PQP/R1B1R1K1,,,7,35,27,False,202301
202301025284279,35,e1f1,3.0,True,28.0,43.0,4rrk1/5ppp/p1pb4/1p1n3q/3P2b1/1BP3P1/PP1N1PQP/R1B1R1K1,,,7,35,27,False,202301
202301025400864,35,e1e8,12.0,True,107.0,121.0,4rrk1/5ppp/p1pb4/1p1n3q/3P2b1/1BP3P1/PP1N1PQP/R1B1R1K1,,,7,35,27,False,202301
202301025565872,35,d2e4,6.0,True,167.0,159.0,4rrk1/5ppp/p1pb4/1p1n3q/3P2b1/1BP3P1/PP1N1PQP/R1B1R1K1,,,7,35,27,False,202301
202301025751372,35,e1e8,27.0,True,140.0,132.0,4rrk1/5ppp/p1pb4/1p1n3q/3P2b1/1BP3P1/PP1N1PQP/R1B1R1K1,,,7,35,27,False,202301
202302093016661,35,d2e4,3.0,True,254.0,127.0,4rrk1/5ppp/p1pb4/1p1n3q/3P2b1/1BP3P1/PP1N1PQP/R1B1R1K1,,,7,35,27,False,202302
202302093199718,35,e1e8,0.0,True,206.0,188.0,4rrk1/5ppp/p1pb4/1p1n3q/3P2b1/1BP3P1/PP1N1PQP/R1B1R1K1,,,7,35,27,False,202302
202302093767338,35,e1e8,1.0,True,599.0,550.0,4rrk1/5ppp/p1pb4/1p1n3q/3P2b1/1BP3P1/PP1N1PQP/R1B1R1K1,,,7,35,27,False,202302
202302070189999,35,e1f1,19.0,True,155.0,195.0,4rrk1/5ppp/p1pb4/1p1n3q/3P2b1/1BP3P1/PP1N1PQP/R1B1R1K1,,,7,35,27,False,202302
202302070276923,35,g1f1,13.0,True,159.0,192.0,4rrk1/5ppp/p1pb4/1p1n3q/3P2b1/1BP3P1/PP1N1PQP/R1B1R1K1,,,7,35,27,False,202302
202302070586266,35,e1e8,37.0,True,105.0,154.0,4rrk1/5ppp/p1pb4/1p1n3q/3P2b1/1BP3P1/PP1N1PQP/R1B1R1K1,,,7,35,27,False,202302
202302070960137,35,e1e4,6.0,True,48.0,50.0,4rrk1/5ppp/p1pb4/1p1n3q/3P2b1/1BP3P1/PP1N1PQP/R1B1R1K1,,,7,35,27,False,202302
202302048201953,35,e1f1,5.0,True,245.0,284.0,4rrk1/5ppp/p1pb4/1p1n3q/3P2b1/1BP3P1/PP1N1PQP/R1B1R1K1,,,7,35,27,False,202302
202302048557044,35,e1e8,18.0,True,108.0,112.0,4rrk1/5ppp/p1pb4/1p1n3q/3P2b1/1BP3P1/PP1N1PQP/R1B1R1K1,,,7,35,27,False,202302
202302077108174,35,e1e8,5.0,True,141.0,162.0,4rrk1/5ppp/p1pb4/1p1n3q/3P2b1/1BP3P1/PP1N1PQP/R1B1R1K1,,,7,35,27,False,202302
202302077260329,35,e1e8,27.0,True,150.0,173.0,4rrk1/5ppp/p1pb4/1p1n3q/3P2b1/1BP3P1/PP1N1PQP/R1B1R1K1,,,7,35,27,False,202302
202302077801155,35,e1e8,24.0,True,123.0,161.0,4rrk1/5ppp/p1pb4/1p1n3q/3P2b1/1BP3P1/PP1N1PQP/R1B1R1K1,,,7,35,27,False,202302
202302077825659,35,e1e4,28.0,True,152.0,165.0,4rrk1/5ppp/p1pb4/1p1n3q/3P2b1/1BP3P1/PP1N1PQP/R1B1R1K1,,,7,35,27,False,202302
202302077875005,35,g1f1,67.0,True,233.0,256.0,4rrk1/5ppp/p1pb4/1p1n3q/3P2b1/1BP3P1/PP1N1PQP/R1B1R1K1,,,7,35,27,False,202302
202302077958972,35,d2e4,1.0,True,562.0,563.0,4rrk1/5ppp/p1pb4/1p1n3q/3P2b1/1BP3P1/PP1N1PQP/R1B1R1K1,,,7,35,27,False,202302
202302035256238,35,e1e8,20.0,True,476.0,547.0,4rrk1/5ppp/p1pb4/1p1n3q/3P2b1/1BP3P1/PP1N1PQP/R1B1R1K1,,,7,35,27,False,202302
202302035257980,35,d2e4,1.0,True,153.0,161.0,4rrk1/5ppp/p1pb4/1p1n3q/3P2b1/1BP3P1/PP1N1PQP/R1B1R1K1,,,7,35,27,False,202302
202302035484415,35,e1f1,20.0,True,129.0,158.0,4rrk1/5ppp/p1pb4/1p1n3q/3P2b1/1BP3P1/PP1N1PQP/R1B1R1K1,,,7,35,27,False,202302
202302035788626,35,g2f1,23.0,True,129.0,167.0,4rrk1/5ppp/p1pb4/1p1n3q/3P2b1/1BP3P1/PP1N1PQP/R1B1R1K1,,,7,35,27,False,202302
202302035868939,35,e1e8,71.0,True,476.0,435.0,4rrk1/5ppp/p1pb4/1p1n3q/3P2b1/1BP3P1/PP1N1PQP/R1B1R1K1,,,7,35,27,False,202302
202302032160605,35,e1e8,22.0,True,385.0,573.0,4rrk1/5ppp/p1pb4/1p1n3q/3P2b1/1BP3P1/PP1N1PQP/R1B1R1K1,,,7,35,27,False,202302
202302032223756,35,e1e4,9.0,True,153.0,152.0,4rrk1/5ppp/p1pb4/1p1n3q/3P2b1/1BP3P1/PP1N1PQP/R1B1R1K1,,,7,35,27,False,202302
202302032751528,35,e1f1,17.0,True,125.0,190.0,4rrk1/5ppp/p1pb4/1p1n3q/3P2b1/1BP3P1/PP1N1PQP/R1B1R1K1,,,7,35,27,False,202302
202302006935511,35,g2f1,32.0,True,82.0,113.0,4rrk1/5ppp/p1pb4/1p1n3q/3P2b1/1BP3P1/PP1N1PQP/R1B1R1K1,,,7,35,27,False,202302
202302087302636,35,e1e8,10.0,True,139.0,162.0,4rrk1/5ppp/p1pb4/1p1n3q/3P2b1/1BP3P1/PP1N1PQP/R1B1R1K1,,,7,35,27,False,202302
202302087511966,35,e1f1,3.0,True,196.0,187.0,4rrk1/5ppp/p1pb4/1p1n3q/3P2b1/1BP3P1/PP1N1PQP/R1B1R1K1,,,7,35,27,False,202302
202302087527376,35,e1f1,20.0,True,31.0,49.0,4rrk1/5ppp/p1pb4/1p1n3q/3P2b1/1BP3P1/PP1N1PQP/R1B1R1K1,,,7,35,27,False,202302
202302087579553,35,g2f1,9.0,True,555.0,563.0,4rrk1/5ppp/p1pb4/1p1n3q/3P2b1/1BP3P1/PP1N1PQP/R1B1R1K1,,,7,35,27,False,202302
202302049084294,35,e1f1,16.0,True,93.0,121.0,4rrk1/5ppp/p1pb4/1p1n3q/3P2b1/1BP3P1/PP1N1PQP/R1B1R1K1,,,7,35,27,False,202302
202302049274908,35,e1e8,2.0,True,181.0,189.0,4rrk1/5ppp/p1pb4/1p1n3q/3P2b1/1BP3P1/PP1N1PQP/R1B1R1K1,,,7,35,27,False,202302
202302049321219,35,e1e8,45.0,True,250.0,265.0,4rrk1/5ppp/p1pb4/1p1n3q/3P2b1/1BP3P1/PP1N1PQP/R1B1R1K1,,,7,35,27,False,202302
202302049347631,35,e1f1,14.0,True,98.0,104.0,4rrk1/5ppp/p1pb4/1p1n3q/3P2b1/1BP3P1/PP1N1PQP/R1B1R1K1,,,7,35,27,False,202302
202302049611905,35,e1e8,3.0,True,457.0,521.0,4rrk1/5ppp/p1pb4/1p1n3q/3P2b1/1BP3P1/PP1N1PQP/R1B1R1K1,,,7,35,27,False,202302
202302001567017,35,e1e4,41.0,True,240.0,239.0,4rrk1/5ppp/p1pb4/1p1n3q/3P2b1/1BP3P1/PP1N1PQP/R1B1R1K1,,,7,35,27,False,202302
202302005304139,35,e1e8,4.0,True,82.0,117.0,4rrk1/5ppp/p1pb4/1p1n3q/3P2b1/1BP3P1/PP1N1PQP/R1B1R1K1,,,7,35,27,False,202302
202302090299243,35,g2f1,152.0,True,294.0,317.0,4rrk1/5ppp/p1pb4/1p1n3q/3P2b1/1BP3P1/PP1N1PQP/R1B1R1K1,,,7,35,27,False,202302
202302090335110,35,e1f1,17.0,True,228.0,275.0,4rrk1/5ppp/p1pb4/1p1n3q/3P2b1/1BP3P1/PP1N1PQP/R1B1R1K1,,,7,35,27,False,202302
202302090780762,35,e1e8,8.0,True,95.0,118.0,4rrk1/5ppp/p1pb4/1p1n3q/3P2b1/1BP3P1/PP1N1PQP/R1B1R1K1,,,7,35,27,False,202302
202302061073562,35,e1e8,14.0,True,236.0,269.0,4rrk1/5ppp/p1pb4/1p1n3q/3P2b1/1BP3P1/PP1N1PQP/R1B1R1K1,,,7,35,27,False,202302
202302061158327,35,e1e8,8.0,True,245.0,277.0,4rrk1/5ppp/p1pb4/1p1n3q/3P2b1/1BP3P1/PP1N1PQP/R1B1R1K1,,,7,35,27,False,202302
202302061533535,35,e1e8,9.0,True,132.0,170.0,4rrk1/5ppp/p1pb4/1p1n3q/3P2b1/1BP3P1/PP1N1PQP/R1B1R1K1,,,7,35,27,False,202302
202302061814819,35,e1e8,51.0,True,283.0,332.0,4rrk1/5ppp/p1pb4/1p1n3q/3P2b1/1BP3P1/PP1N1PQP/R1B1R1K1,,,7,35,27,False,202302
202302057131886,39,e1e4,62.0,True,133.0,191.0,4rrk1/5ppp/p1pb4/1p1n3q/3P2b1/1BP3P1/PP1N1PQP/R1B1R1K1,,,11,35,27,False,202302
202302057492675,35,e1e8,42.0,True,252.0,245.0,4rrk1/5ppp/p1pb4/1p1n3q/3P2b1/1BP3P1/PP1N1PQP/R1B1R1K1,,,7,35,27,False,202302
202302057602366,35,e1e4,16.0,True,171.0,180.0,4rrk1/5ppp/p1pb4/1p1n3q/3P2b1/1BP3P1/PP1N1PQP/R1B1R1K1,,,7,35,27,False,202302
202302057868715,35,e1e8,8.0,True,502.0,561.0,4rrk1/5ppp/p1pb4/1p1n3q/3P2b1/1BP3P1/PP1N1PQP/R1B1R1K1,,,7,35,27,False,202302
202302036601137,35,e1e8,87.0,True,251.0,308.0,4rrk1/5ppp/p1pb4/1p1n3q/3P2b1/1BP3P1/PP1N1PQP/R1B1R1K1,,,7,35,27,False,202302
202302036867707,35,e1e8,12.0,True,42.0,39.0,4rrk1/5ppp/p1pb4/1p1n3q/3P2b1/1BP3P1/PP1N1PQP/R1B1R1K1,,,7,35,27,False,202302
202302036944158,35,d2e4,23.0,True,511.0,515.0,4rrk1/5ppp/p1pb4/1p1n3q/3P2b1/1BP3P1/PP1N1PQP/R1B1R1K1,,,7,35,27,False,202302
202302023029046,35,e1e8,60.0,True,178.0,185.0,4rrk1/5ppp/p1pb4/1p1n3q/3P2b1/1BP3P1/PP1N1PQP/R1B1R1K1,,,7,35,27,False,202302
202302023062070,35,e1e4,7.0,True,37.0,41.0,4rrk1/5ppp/p1pb4/1p1n3q/3P2b1/1BP3P1/PP1N1PQP/R1B1R1K1,,,7,35,27,False,202302
202302023216656,35,e1e4,21.0,True,38.0,47.0,4rrk1/5ppp/p1pb4/1p1n3q/3P2b1/1BP3P1/PP1N1PQP/R1B1R1K1,,,7,35,27,False,202302
202302023221509,35,e1e8,7.0,True,149.0,156.0,4rrk1/5ppp/p1pb4/1p1n3q/3P2b1/1BP3P1/PP1N1PQP/R1B1R1K1,,,7,35,27,False,202302
202302023726928,35,e1e8,3.0,True,261.0,280.0,4rrk1/5ppp/p1pb4/1p1n3q/3P2b1/1BP3P1/PP1N1PQP/R1B1R1K1,,,7,35,27,False,202302
202302085181770,35,g2f1,26.0,True,103.0,122.0,4rrk1/5ppp/p1pb4/1p1n3q/3P2b1/1BP3P1/PP1N1PQP/R1B1R1K1,,,7,35,27,False,202302
202302085338245,35,e1e8,78.0,True,594.0,588.0,4rrk1/5ppp/p1pb4/1p1n3q/3P2b1/1BP3P1/PP1N1PQP/R1B1R1K1,,,7,35,27,False,202302
202302085390629,35,e1e8,18.0,True,238.0,283.0,4rrk1/5ppp/p1pb4/1p1n3q/3P2b1/1BP3P1/PP1N1PQP/R1B1R1K1,,,7,35,27,False,202302
202302085562478,35,e1e8,13.0,True,84.0,123.0,4rrk1/5ppp/p1pb4/1p1n3q/3P2b1/1BP3P1/PP1N1PQP/R1B1R1K1,,,7,35,27,False,202302
202302085834117,35,e1e8,69.0,True,120.0,172.0,4rrk1/5ppp/p1pb4/1p1n3q/3P2b1/1BP3P1/PP1N1PQP/R1B1R1K1,,,7,35,27,False,202302
202302085937970,35,e1e8,18.0,True,153.0,198.0,4rrk1/5ppp/p1pb4/1p1n3q/3P2b1/1BP3P1/PP1N1PQP/R1B1R1K1,,,7,35,27,False,202302
202302009026807,35,g2f1,43.0,True,278.0,315.0,4rrk1/5ppp/p1pb4/1p1n3q/3P2b1/1BP3P1/PP1N1PQP/R1B1R1K1,,,7,35,27,False,202302
202302009557630,37,e1f1,11.0,True,370.0,501.0,4rrk1/5ppp/p1pb4/1p1n3q/3P2b1/1BP3P1/PP1N1PQP/R1B1R1K1,,,7,35,27,False,202302
202302009661058,35,d2e4,11.0,True,284.0,311.0,4rrk1/5ppp/p1pb4/1p1n3q/3P2b1/1BP3P1/PP1N1PQP/R1B1R1K1,,,7,35,27,False,202302
202302009670471,35,e1e8,20.0,True,122.0,118.0,4rrk1/5ppp/p1pb4/1p1n3q/3P2b1/1BP3P1/PP1N1PQP/R1B1R1K1,,,7,35,27,False,202302
202302009670971,35,e1f1,3.0,True,46.0,53.0,4rrk1/5ppp/p1pb4/1p1n3q/3P2b1/1BP3P1/PP1N1PQP/R1B1R1K1,,,7,35,27,False,202302
202302009729783,35,e1f1,74.0,True,1722.0,1564.0,4rrk1/5ppp/p1pb4/1p1n3q/3P2b1/1BP3P1/PP1N1PQP/R1B1R1K1,,,7,35,27,False,202302
202302009992612,35,d2e4,4.0,True,179.0,188.0,4rrk1/5ppp/p1pb4/1p1n3q/3P2b1/1BP3P1/PP1N1PQP/R1B1R1K1,,,7,35,27,False,202302
202302063771768,35,e1e8,30.0,True,206.0,273.0,4rrk1/5ppp/p1pb4/1p1n3q/3P2b1/1BP3P1/PP1N1PQP/R1B1R1K1,,,7,35,27,False,202302
202302063925695,35,e1e8,2.0,True,146.0,179.0,4rrk1/5ppp/p1pb4/1p1n3q/3P2b1/1BP3P1/PP1N1PQP/R1B1R1K1,,,7,35,27,False,202302
202302059873077,35,d2e4,7.0,True,109.0,114.0,4rrk1/5ppp/p1pb4/1p1n3q/3P2b1/1BP3P1/PP1N1PQP/R1B1R1K1,,,7,35,27,False,202302
202302059900475,35,e1e8,49.0,True,165.0,188.0,4rrk1/5ppp/p1pb4/1p1n3q/3P2b1/1BP3P1/PP1N1PQP/R1B1R1K1,,,7,35,27,False,202302
202302059917649,35,e1e8,6.0,True,150.0,164.0,4rrk1/5ppp/p1pb4/1p1n3q/3P2b1/1BP3P1/PP1N1PQP/R1B1R1K1,,,7,35,27,False,202302
202302074326149,35,e1e8,8.0,True,176.0,183.0,4rrk1/5ppp/p1pb4/1p1n3q/3P2b1/1BP3P1/PP1N1PQP/R1B1R1K1,,,7,35,27,False,202302
202302074387394,35,e1e8,5.0,True,175.0,170.0,4rrk1/5ppp/p1pb4/1p1n3q/3P2b1/1BP3P1/PP1N1PQP/R1B1R1K1,,,7,35,27,False,202302
202302040388725,35,e1f1,7.0,True,60.0,151.0,4rrk1/5ppp/p1pb4/1p1n3q/3P2b1/1BP3P1/PP1N1PQP/R1B1R1K1,,,7,35,27,False,202302
202302040525151,35,d2e4,20.0,True,79.0,124.0,4rrk1/5ppp/p1pb4/1p1n3q/3P2b1/1BP3P1/PP1N1PQP/R1B1R1K1,,,7,35,27,False,202302
202302040591339,35,g2f1,116.0,True,704.0,727.0,4rrk1/5ppp/p1pb4/1p1n3q/3P2b1/1BP3P1/PP1N1PQP/R1B1R1K1,,,7,35,27,False,202302
202302040851712,35,e1e8,4.0,True,44.0,53.0,4rrk1/5ppp/p1pb4/1p1n3q/3P2b1/1BP3P1/PP1N1PQP/R1B1R1K1,,,7,35,27,False,202302
202302021137757,35,e1e8,4.0,True,86.0,98.0,4rrk1/5ppp/p1pb4/1p1n3q/3P2b1/1BP3P1/PP1N1PQP/R1B1R1K1,,,7,35,27,False,202302
202302021568463,35,e1f1,29.0,True,82.0,126.0,4rrk1/5ppp/p1pb4/1p1n3q/3P2b1/1BP3P1/PP1N1PQP/R1B1R1K1,,,7,35,27,False,202302
202302062205968,35,d2e4,15.0,True,172.0,182.0,4rrk1/5ppp/p1pb4/1p1n3q/3P2b1/1BP3P1/PP1N1PQP/R1B1R1K1,,,7,35,27,False,202302
202302062459238,35,e1e4,9.0,True,46.0,48.0,4rrk1/5ppp/p1pb4/1p1n3q/3P2b1/1BP3P1/PP1N1PQP/R1B1R1K1,,,7,35,27,False,202302
202302062870970,35,e1e8,1.0,True,111.0,115.0,4rrk1/5ppp/p1pb4/1p1n3q/3P2b1/1BP3P1/PP1N1PQP/R1B1R1K1,,,7,35,27,False,202302
202302022215633,35,d2e4,6.0,True,34.0,55.0,4rrk1/5ppp/p1pb4/1p1n3q/3P2b1/1BP3P1/PP1N1PQP/R1B1R1K1,,,7,35,27,False,202302
202302022678807,35,e1e8,13.0,True,496.0,570.0,4rrk1/5ppp/p1pb4/1p1n3q/3P2b1/1BP3P1/PP1N1PQP/R1B1R1K1,,,7,35,27,False,202302
202302022689674,35,e1f1,70.0,True,220.0,279.0,4rrk1/5ppp/p1pb4/1p1n3q/3P2b1/1BP3P1/PP1N1PQP/R1B1R1K1,,,7,35,27,False,202302
202302042020676,35,e1e8,36.0,True,110.0,124.0,4rrk1/5ppp/p1pb4/1p1n3q/3P2b1/1BP3P1/PP1N1PQP/R1B1R1K1,,,7,35,27,False,202302
202302042225718,35,e1e4,12.0,True,260.0,274.0,4rrk1/5ppp/p1pb4/1p1n3q/3P2b1/1BP3P1/PP1N1PQP/R1B1R1K1,,,7,35,27,False,202302
202302042543644,35,e1e8,364.0,True,903.0,877.0,4rrk1/5ppp/p1pb4/1p1n3q/3P2b1/1BP3P1/PP1N1PQP/R1B1R1K1,,,7,35,27,False,202302
202302038017025,35,e1e8,13.0,True,74.0,127.0,4rrk1/5ppp/p1pb4/1p1n3q/3P2b1/1BP3P1/PP1N1PQP/R1B1R1K1,,,7,35,27,False,202302
202302038126352,35,d2e4,20.0,True,609.0,640.0,4rrk1/5ppp/p1pb4/1p1n3q/3P2b1/1BP3P1/PP1N1PQP/R1B1R1K1,,,7,35,27,False,202302
202302038599837,35,d2e4,10.0,True,280.0,309.0,4rrk1/5ppp/p1pb4/1p1n3q/3P2b1/1BP3P1/PP1N1PQP/R1B1R1K1,,,7,35,27,False,202302
202302039075038,35,e1e8,12.0,True,148.0,160.0,4rrk1/5ppp/p1pb4/1p1n3q/3P2b1/1BP3P1/PP1N1PQP/R1B1R1K1,,,7,35,27,False,202302
202302039107919,35,d2e4,1.0,True,107.0,121.0,4rrk1/5ppp/p1pb4/1p1n3q/3P2b1/1BP3P1/PP1N1PQP/R1B1R1K1,,,7,35,27,False,202302
202302039325574,35,e1e8,8.0,True,165.0,195.0,4rrk1/5ppp/p1pb4/1p1n3q/3P2b1/1BP3P1/PP1N1PQP/R1B1R1K1,,,7,35,27,False,202302
202302039712831,35,e1e8,19.0,True,182.0,176.0,4rrk1/5ppp/p1pb4/1p1n3q/3P2b1/1BP3P1/PP1N1PQP/R1B1R1K1,,,7,35,27,False,202302
202302084148077,35,d2e4,1.0,True,175.0,169.0,4rrk1/5ppp/p1pb4/1p1n3q/3P2b1/1BP3P1/PP1N1PQP/R1B1R1K1,,,7,35,27,False,202302
202302084495369,35,e1e8,22.0,True,103.0,110.0,4rrk1/5ppp/p1pb4/1p1n3q/3P2b1/1BP3P1/PP1N1PQP/R1B1R1K1,,,7,35,27,False,202302
202302080042581,35,e1e8,10.0,True,151.0,161.0,4rrk1/5ppp/p1pb4/1p1n3q/3P2b1/1BP3P1/PP1N1PQP/R1B1R1K1,,,7,35,27,False,202302
202302080432856,35,e1e8,5.0,True,35.0,50.0,4rrk1/5ppp/p1pb4/1p1n3q/3P2b1/1BP3P1/PP1N1PQP/R1B1R1K1,,,7,35,27,False,202302
202302080585142,35,d2e4,20.0,True,166.0,190.0,4rrk1/5ppp/p1pb4/1p1n3q/3P2b1/1BP3P1/PP1N1PQP/R1B1R1K1,,,7,35,27,False,202302
202302051727318,35,e1e8,14.0,True,130.0,161.0,4rrk1/5ppp/p1pb4/1p1n3q/3P2b1/1BP3P1/PP1N1PQP/R1B1R1K1,,,7,35,27,False,202302
202302051735870,35,e1e8,71.0,True,268.0,315.0,4rrk1/5ppp/p1pb4/1p1n3q/3P2b1/1BP3P1/PP1N1PQP/R1B1R1K1,,,7,35,27,False,202302
202302051927976,35,e1f1,11.0,True,129.0,159.0,4rrk1/5ppp/p1pb4/1p1n3q/3P2b1/1BP3P1/PP1N1PQP/R1B1R1K1,,,7,35,27,False,202302
202302051949820,35,e1e8,5.0,True,45.0,45.0,4rrk1/5ppp/p1pb4/1p1n3q/3P2b1/1BP3P1/PP1N1PQP/R1B1R1K1,,,7,35,27,False,202302
202302069052428,35,e1f1,49.0,True,270.0,271.0,4rrk1/5ppp/p1pb4/1p1n3q/3P2b1/1BP3P1/PP1N1PQP/R1B1R1K1,,,7,35,27,False,202302
202302069094574,35,e1e8,5.0,True,48.0,53.0,4rrk1/5ppp/p1pb4/1p1n3q/3P2b1/1BP3P1/PP1N1PQP/R1B1R1K1,,,7,35,27,False,202302
202302069319302,35,e1f1,53.0,True,247.0,317.0,4rrk1/5ppp/p1pb4/1p1n3q/3P2b1/1BP3P1/PP1N1PQP/R1B1R1K1,,,7,35,27,False,202302
202302069321784,35,d2e4,26.0,True,237.0,279.0,4rrk1/5ppp/p1pb4/1p1n3q/3P2b1/1BP3P1/PP1N1PQP/R1B1R1K1,,,7,35,27,False,202302
202302069350034,35,g2f1,10.0,True,108.0,156.0,4rrk1/5ppp/p1pb4/1p1n3q/3P2b1/1BP3P1/PP1N1PQP/R1B1R1K1,,,7,35,27,False,202302
202302003063248,35,e1f1,15.0,True,149.0,181.0,4rrk1/5ppp/p1pb4/1p1n3q/3P2b1/1BP3P1/PP1N1PQP/R1B1R1K1,,,7,35,27,False,202302
202302003773224,35,e1e8,4.0,True,267.0,264.0,4rrk1/5ppp/p1pb4/1p1n3q/3P2b1/1BP3P1/PP1N1PQP/R1B1R1K1,,,7,35,27,False,202302
202302003876586,35,e1e4,30.0,True,214.0,265.0,4rrk1/5ppp/p1pb4/1p1n3q/3P2b1/1BP3P1/PP1N1PQP/R1B1R1K1,,,7,35,27,False,202302
202302055591974,35,e1f1,14.0,True,43.0,49.0,4rrk1/5ppp/p1pb4/1p1n3q/3P2b1/1BP3P1/PP1N1PQP/R1B1R1K1,,,7,35,27,False,202302
202302055842953,35,e1e8,9.0,True,135.0,152.0,4rrk1/5ppp/p1pb4/1p1n3q/3P2b1/1BP3P1/PP1N1PQP/R1B1R1K1,,,7,35,27,False,202302
202302055977985,35,e1e8,55.0,True,475.0,483.0,4rrk1/5ppp/p1pb4/1p1n3q/3P2b1/1BP3P1/PP1N1PQP/R1B1R1K1,,,7,35,27,False,202302
202302020052555,35,g2f1,60.0,True,83.0,117.0,4rrk1/5ppp/p1pb4/1p1n3q/3P2b1/1BP3P1/PP1N1PQP/R1B1R1K1,,,7,35,27,False,202302
202302020447223,35,e1e8,16.0,True,170.0,192.0,4rrk1/5ppp/p1pb4/1p1n3q/3P2b1/1BP3P1/PP1N1PQP/R1B1R1K1,,,7,35,27,False,202302
202302020668306,35,e1e4,30.0,True,153.0,152.0,4rrk1/5ppp/p1pb4/1p1n3q/3P2b1/1BP3P1/PP1N1PQP/R1B1R1K1,,,7,35,27,False,202302
202302004500627,35,e1e8,15.0,True,249.0,282.0,4rrk1/5ppp/p1pb4/1p1n3q/3P2b1/1BP3P1/PP1N1PQP/R1B1R1K1,,,7,35,27,False,202302
202302097038809,35,e1e8,2.0,True,508.0,521.0,4rrk1/5ppp/p1pb4/1p1n3q/3P2b1/1BP3P1/PP1N1PQP/R1B1R1K1,,,7,35,27,False,202302
202302097324094,35,d2e4,1.0,True,36.0,46.0,4rrk1/5ppp/p1pb4/1p1n3q/3P2b1/1BP3P1/PP1N1PQP/R1B1R1K1,,,7,35,27,False,202302
202302097501208,35,e1e4,20.0,True,138.0,167.0,4rrk1/5ppp/p1pb4/1p1n3q/3P2b1/1BP3P1/PP1N1PQP/R1B1R1K1,,,7,35,27,False,202302
202302097548440,35,e1e4,90.0,True,168.0,198.0,4rrk1/5ppp/p1pb4/1p1n3q/3P2b1/1BP3P1/PP1N1PQP/R1B1R1K1,,,7,35,27,False,202302
202302097566189,35,d2e4,68.0,True,494.0,542.0,4rrk1/5ppp/p1pb4/1p1n3q/3P2b1/1BP3P1/PP1N1PQP/R1B1R1K1,,,7,35,27,False,202302
202302097967715,35,e1e8,17.0,True,47.0,87.0,4rrk1/5ppp/p1pb4/1p1n3q/3P2b1/1BP3P1/PP1N1PQP/R1B1R1K1,,,7,35,27,False,202302
202302031776643,35,e1e8,155.0,True,189.0,305.0,4rrk1/5ppp/p1pb4/1p1n3q/3P2b1/1BP3P1/PP1N1PQP/R1B1R1K1,,,7,35,27,False,202302
202302060137708,35,e1e8,2.0,True,45.0,45.0,4rrk1/5ppp/p1pb4/1p1n3q/3P2b1/1BP3P1/PP1N1PQP/R1B1R1K1,,,7,35,27,False,202302
202302056917229,35,e1f1,46.0,True,524.0,577.0,4rrk1/5ppp/p1pb4/1p1n3q/3P2b1/1BP3P1/PP1N1PQP/R1B1R1K1,,,7,35,27,False,202302
202302058162860,35,e1f1,12.0,True,176.0,175.0,4rrk1/5ppp/p1pb4/1p1n3q/3P2b1/1BP3P1/PP1N1PQP/R1B1R1K1,,,7,35,27,False,202302
202302058491531,35,e1f1,18.0,True,229.0,264.0,4rrk1/5ppp/p1pb4/1p1n3q/3P2b1/1BP3P1/PP1N1PQP/R1B1R1K1,,,7,35,27,False,202302
202302058558023,35,e1e8,9.0,True,203.0,251.0,4rrk1/5ppp/p1pb4/1p1n3q/3P2b1/1BP3P1/PP1N1PQP/R1B1R1K1,,,7,35,27,False,202302
202302058587326,35,d2e4,4.0,True,568.0,571.0,4rrk1/5ppp/p1pb4/1p1n3q/3P2b1/1BP3P1/PP1N1PQP/R1B1R1K1,,,7,35,27,False,202302
202302058687988,35,e1e8,51.0,True,532.0,566.0,4rrk1/5ppp/p1pb4/1p1n3q/3P2b1/1BP3P1/PP1N1PQP/R1B1R1K1,,,7,35,27,False,202302
202302068210792,35,e1f1,12.0,True,146.0,162.0,4rrk1/5ppp/p1pb4/1p1n3q/3P2b1/1BP3P1/PP1N1PQP/R1B1R1K1,,,7,35,27,False,202302
202302068263645,35,e1f1,21.0,True,157.0,159.0,4rrk1/5ppp/p1pb4/1p1n3q/3P2b1/1BP3P1/PP1N1PQP/R1B1R1K1,,,7,35,27,False,202302
202302068531430,35,e1e8,17.0,True,175.0,135.0,4rrk1/5ppp/p1pb4/1p1n3q/3P2b1/1BP3P1/PP1N1PQP/R1B1R1K1,,,7,35,27,False,202302
202302068647541,35,e1e8,3.0,True,535.0,500.0,4rrk1/5ppp/p1pb4/1p1n3q/3P2b1/1BP3P1/PP1N1PQP/R1B1R1K1,,,7,35,27,False,202302
202302068812873,35,d2e4,18.0,True,182.0,178.0,4rrk1/5ppp/p1pb4/1p1n3q/3P2b1/1BP3P1/PP1N1PQP/R1B1R1K1,,,7,35,27,False,202302
202302068880341,35,e1e8,3.0,True,201.0,275.0,4rrk1/5ppp/p1pb4/1p1n3q/3P2b1/1BP3P1/PP1N1PQP/R1B1R1K1,,,7,35,27,False,202302
202302012042280,35,e1e8,38.0,True,146.0,193.0,4rrk1/5ppp/p1pb4/1p1n3q/3P2b1/1BP3P1/PP1N1PQP/R1B1R1K1,,,7,35,27,False,202302
202302012168437,35,g2f1,30.0,True,113.0,198.0,4rrk1/5ppp/p1pb4/1p1n3q/3P2b1/1BP3P1/PP1N1PQP/R1B1R1K1,,,7,35,27,False,202302
202302012215916,35,e1e4,45.0,True,144.0,194.0,4rrk1/5ppp/p1pb4/1p1n3q/3P2b1/1BP3P1/PP1N1PQP/R1B1R1K1,,,7,35,27,False,202302
202302012528940,35,e1e8,15.0,True,448.0,416.0,4rrk1/5ppp/p1pb4/1p1n3q/3P2b1/1BP3P1/PP1N1PQP/R1B1R1K1,,,7,35,27,False,202302
202302012795560,35,e1e4,42.0,True,102.0,78.0,4rrk1/5ppp/p1pb4/1p1n3q/3P2b1/1BP3P1/PP1N1PQP/R1B1R1K1,,,7,35,27,False,202302
202302095372059,35,e1e8,6.0,True,41.0,42.0,4rrk1/5ppp/p1pb4/1p1n3q/3P2b1/1BP3P1/PP1N1PQP/R1B1R1K1,,,7,35,27,False,202302
202302095605635,35,d2e4,37.0,True,417.0,434.0,4rrk1/5ppp/p1pb4/1p1n3q/3P2b1/1BP3P1/PP1N1PQP/R1B1R1K1,,,7,35,27,False,202302
202302095898132,35,e1f1,73.0,True,185.0,268.0,4rrk1/5ppp/p1pb4/1p1n3q/3P2b1/1BP3P1/PP1N1PQP/R1B1R1K1,,,7,35,27,False,202302
202302078449334,35,e1e8,26.0,True,273.0,292.0,4rrk1/5ppp/p1pb4/1p1n3q/3P2b1/1BP3P1/PP1N1PQP/R1B1R1K1,,,7,35,27,False,202302
202302027084101,35,d2e4,9.0,True,240.0,272.0,4rrk1/5ppp/p1pb4/1p1n3q/3P2b1/1BP3P1/PP1N1PQP/R1B1R1K1,,,7,35,27,False,202302
202302027324233,35,e1e8,9.0,True,192.0,264.0,4rrk1/5ppp/p1pb4/1p1n3q/3P2b1/1BP3P1/PP1N1PQP/R1B1R1K1,,,7,35,27,False,202302
202302027356064,35,e1e8,12.0,True,176.0,161.0,4rrk1/5ppp/p1pb4/1p1n3q/3P2b1/1BP3P1/PP1N1PQP/R1B1R1K1,,,7,35,27,False,202302
202302027405477,35,e1e8,7.0,True,489.0,556.0,4rrk1/5ppp/p1pb4/1p1n3q/3P2b1/1BP3P1/PP1N1PQP/R1B1R1K1,,,7,35,27,False,202302
202302027528657,35,e1f1,14.0,True,103.0,147.0,4rrk1/5ppp/p1pb4/1p1n3q/3P2b1/1BP3P1/PP1N1PQP/R1B1R1K1,,,7,35,27,False,202302
202302043078741,35,e1e8,26.0,True,174.0,185.0,4rrk1/5ppp/p1pb4/1p1n3q/3P2b1/1BP3P1/PP1N1PQP/R1B1R1K1,,,7,35,27,False,202302
202302050340949,35,e1f1,7.0,True,101.0,90.0,4rrk1/5ppp/p1pb4/1p1n3q/3P2b1/1BP3P1/PP1N1PQP/R1B1R1K1,,,7,35,27,False,202302
202302050391040,35,f2f3,11.0,True,144.0,197.0,4rrk1/5ppp/p1pb4/1p1n3q/3P2b1/1BP3P1/PP1N1PQP/R1B1R1K1,,,7,35,27,False,202302
202302050516407,35,e1e8,44.0,True,259.0,315.0,4rrk1/5ppp/p1pb4/1p1n3q/3P2b1/1BP3P1/PP1N1PQP/R1B1R1K1,,,7,35,27,False,202302
202302050849001,35,e1e8,38.0,True,184.0,160.0,4rrk1/5ppp/p1pb4/1p1n3q/3P2b1/1BP3P1/PP1N1PQP/R1B1R1K1,,,7,35,27,False,202302
202302088529108,35,d2f1,11.0,True,42.0,37.0,4rrk1/5ppp/p1pb4/1p1n3q/3P2b1/1BP3P1/PP1N1PQP/R1B1R1K1,,,7,35,27,False,202302
202302028095766,35,b3d5,1.0,True,36.0,48.0,4rrk1/5ppp/p1pb4/1p1n3q/3P2b1/1BP3P1/PP1N1PQP/R1B1R1K1,,,7,35,27,False,202302
202302028982693,35,e1e8,61.0,True,526.0,587.0,4rrk1/5ppp/p1pb4/1p1n3q/3P2b1/1BP3P1/PP1N1PQP/R1B1R1K1,,,7,35,27,False,202302
202302076983664,35,e1e8,2.0,True,33.0,50.0,4rrk1/5ppp/p1pb4/1p1n3q/3P2b1/1BP3P1/PP1N1PQP/R1B1R1K1,,,7,35,27,False,202302
202302017165614,35,e1e8,6.0,True,266.0,335.0,4rrk1/5ppp/p1pb4/1p1n3q/3P2b1/1BP3P1/PP1N1PQP/R1B1R1K1,,,7,35,27,False,202302
202302017173982,35,g2f1,22.0,True,165.0,191.0,4rrk1/5ppp/p1pb4/1p1n3q/3P2b1/1BP3P1/PP1N1PQP/R1B1R1K1,,,7,35,27,False,202302
202302017244032,35,e1e4,12.0,True,167.0,160.0,4rrk1/5ppp/p1pb4/1p1n3q/3P2b1/1BP3P1/PP1N1PQP/R1B1R1K1,,,7,35,27,False,202302
202302017263967,35,e1f1,9.0,True,99.0,127.0,4rrk1/5ppp/p1pb4/1p1n3q/3P2b1/1BP3P1/PP1N1PQP/R1B1R1K1,,,7,35,27,False,202302
202302017296164,35,e1e4,21.0,True,41.0,53.0,4rrk1/5ppp/p1pb4/1p1n3q/3P2b1/1BP3P1/PP1N1PQP/R1B1R1K1,,,7,35,27,False,202302
202302017388954,35,e1e8,232.0,True,472.0,561.0,4rrk1/5ppp/p1pb4/1p1n3q/3P2b1/1BP3P1/PP1N1PQP/R1B1R1K1,,,7,35,27,False,202302
202302017621718,35,e1e8,22.0,True,77.0,105.0,4rrk1/5ppp/p1pb4/1p1n3q/3P2b1/1BP3P1/PP1N1PQP/R1B1R1K1,,,7,35,27,False,202302
202302017947189,35,g2f1,82.0,True,469.0,619.0,4rrk1/5ppp/p1pb4/1p1n3q/3P2b1/1BP3P1/PP1N1PQP/R1B1R1K1,,,7,35,27,False,202302
202302053287903,35,e1e8,128.0,True,161.0,171.0,4rrk1/5ppp/p1pb4/1p1n3q/3P2b1/1BP3P1/PP1N1PQP/R1B1R1K1,,,7,35,27,False,202302
202302053557409,35,e1e8,48.0,True,68.0,181.0,4rrk1/5ppp/p1pb4/1p1n3q/3P2b1/1BP3P1/PP1N1PQP/R1B1R1K1,,,7,35,27,False,202302
202302053660607,35,d2e4,14.0,True,132.0,173.0,4rrk1/5ppp/p1pb4/1p1n3q/3P2b1/1BP3P1/PP1N1PQP/R1B1R1K1,,,7,35,27,False,202302
202302047281659,35,e1f1,70.0,True,279.0,288.0,4rrk1/5ppp/p1pb4/1p1n3q/3P2b1/1BP3P1/PP1N1PQP/R1B1R1K1,,,7,35,27,False,202302
202302047789549,35,e1f1,15.0,True,263.0,270.0,4rrk1/5ppp/p1pb4/1p1n3q/3P2b1/1BP3P1/PP1N1PQP/R1B1R1K1,,,7,35,27,False,202302
202302047922943,35,e1e8,15.0,True,147.0,197.0,4rrk1/5ppp/p1pb4/1p1n3q/3P2b1/1BP3P1/PP1N1PQP/R1B1R1K1,,,7,35,27,False,202302
202302010387471,35,e1e8,2.0,True,530.0,460.0,4rrk1/5ppp/p1pb4/1p1n3q/3P2b1/1BP3P1/PP1N1PQP/R1B1R1K1,,,7,35,27,False,202302
202302010388605,35,e1e8,61.0,True,171.0,192.0,4rrk1/5ppp/p1pb4/1p1n3q/3P2b1/1BP3P1/PP1N1PQP/R1B1R1K1,,,7,35,27,False,202302
202302010407507,35,e1f1,5.0,True,124.0,166.0,4rrk1/5ppp/p1pb4/1p1n3q/3P2b1/1BP3P1/PP1N1PQP/R1B1R1K1,,,7,35,27,False,202302
202302010650286,35,g2f1,11.0,True,148.0,149.0,4rrk1/5ppp/p1pb4/1p1n3q/3P2b1/1BP3P1/PP1N1PQP/R1B1R1K1,,,7,35,27,False,202302
202302089076893,35,e1e8,49.0,True,121.0,265.0,4rrk1/5ppp/p1pb4/1p1n3q/3P2b1/1BP3P1/PP1N1PQP/R1B1R1K1,,,7,35,27,False,202302
202302089297292,35,d2e4,33.0,True,284.0,319.0,4rrk1/5ppp/p1pb4/1p1n3q/3P2b1/1BP3P1/PP1N1PQP/R1B1R1K1,,,7,35,27,False,202302
202302089362511,35,d2e4,5.0,True,101.0,165.0,4rrk1/5ppp/p1pb4/1p1n3q/3P2b1/1BP3P1/PP1N1PQP/R1B1R1K1,,,7,35,27,False,202302
202302089638087,35,e1f1,4.0,True,145.0,161.0,4rrk1/5ppp/p1pb4/1p1n3q/3P2b1/1BP3P1/PP1N1PQP/R1B1R1K1,,,7,35,27,False,202302
202302089954833,35,e1e8,29.0,True,111.0,186.0,4rrk1/5ppp/p1pb4/1p1n3q/3P2b1/1BP3P1/PP1N1PQP/R1B1R1K1,,,7,35,27,False,202302
202302075703373,35,d2e4,2.0,True,246.0,276.0,4rrk1/5ppp/p1pb4/1p1n3q/3P2b1/1BP3P1/PP1N1PQP/R1B1R1K1,,,7,35,27,False,202302
202302075737982,35,e1e8,92.0,True,385.0,494.0,4rrk1/5ppp/p1pb4/1p1n3q/3P2b1/1BP3P1/PP1N1PQP/R1B1R1K1,,,7,35,27,False,202302
202302096025506,35,e1e8,26.0,True,107.0,97.0,4rrk1/5ppp/p1pb4/1p1n3q/3P2b1/1BP3P1/PP1N1PQP/R1B1R1K1,,,7,35,27,False,202302
202302096095914,35,g2f1,5.0,True,609.0,435.0,4rrk1/5ppp/p1pb4/1p1n3q/3P2b1/1BP3P1/PP1N1PQP/R1B1R1K1,,,7,35,27,False,202302
202302096267964,35,e1e3,115.0,True,284.0,292.0,4rrk1/5ppp/p1pb4/1p1n3q/3P2b1/1BP3P1/PP1N1PQP/R1B1R1K1,,,7,35,27,False,202302
202302096313333,35,e1e8,36.0,True,248.0,300.0,4rrk1/5ppp/p1pb4/1p1n3q/3P2b1/1BP3P1/PP1N1PQP/R1B1R1K1,,,7,35,27,False,202302
202302096338979,35,g2f1,6.0,True,43.0,45.0,4rrk1/5ppp/p1pb4/1p1n3q/3P2b1/1BP3P1/PP1N1PQP/R1B1R1K1,,,7,35,27,False,202302
202302033565316,35,e1f1,16.0,True,257.0,270.0,4rrk1/5ppp/p1pb4/1p1n3q/3P2b1/1BP3P1/PP1N1PQP/R1B1R1K1,,,7,35,27,False,202302
202302033810330,35,e1e8,44.0,True,537.0,583.0,4rrk1/5ppp/p1pb4/1p1n3q/3P2b1/1BP3P1/PP1N1PQP/R1B1R1K1,,,7,35,27,False,202302
202302033883345,35,e1f1,13.0,True,154.0,162.0,4rrk1/5ppp/p1pb4/1p1n3q/3P2b1/1BP3P1/PP1N1PQP/R1B1R1K1,,,7,35,27,False,202302
202302098064374,35,g2f1,97.0,True,458.0,357.0,4rrk1/5ppp/p1pb4/1p1n3q/3P2b1/1BP3P1/PP1N1PQP/R1B1R1K1,,,7,35,27,False,202302
202302098286555,35,d2e4,14.0,True,142.0,164.0,4rrk1/5ppp/p1pb4/1p1n3q/3P2b1/1BP3P1/PP1N1PQP/R1B1R1K1,,,7,35,27,False,202302
202302098626265,35,e1e8,8.0,True,169.0,190.0,4rrk1/5ppp/p1pb4/1p1n3q/3P2b1/1BP3P1/PP1N1PQP/R1B1R1K1,,,7,35,27,False,202302
202302098930343,35,e1f1,19.0,True,241.0,267.0,4rrk1/5ppp/p1pb4/1p1n3q/3P2b1/1BP3P1/PP1N1PQP/R1B1R1K1,,,7,35,27,False,202302
202302086255555,35,d2e4,5.0,True,227.0,529.0,4rrk1/5ppp/p1pb4/1p1n3q/3P2b1/1BP3P1/PP1N1PQP/R1B1R1K1,,,7,35,27,False,202302
202302086560358,35,e1f1,31.0,True,113.0,166.0,4rrk1/5ppp/p1pb4/1p1n3q/3P2b1/1BP3P1/PP1N1PQP/R1B1R1K1,,,7,35,27,False,202302
202302086720325,35,e1e4,26.0,True,186.0,192.0,4rrk1/5ppp/p1pb4/1p1n3q/3P2b1/1BP3P1/PP1N1PQP/R1B1R1K1,,,7,35,27,False,202302
202302086953775,35,e1e8,7.0,True,90.0,119.0,4rrk1/5ppp/p1pb4/1p1n3q/3P2b1/1BP3P1/PP1N1PQP/R1B1R1K1,,,7,35,27,False,202302
202302034320532,39,e1e8,58.0,True,249.0,257.0,4rrk1/5ppp/p1pb4/1p1n3q/3P2b1/1BP3P1/PP1N1PQP/R1B1R1K1,,,11,35,27,False,202302
202302034436281,35,e1f1,10.0,True,151.0,167.0,4rrk1/5ppp/p1pb4/1p1n3q/3P2b1/1BP3P1/PP1N1PQP/R1B1R1K1,,,7,35,27,False,202302
202302094000160,35,d2e4,18.0,True,164.0,186.0,4rrk1/5ppp/p1pb4/1p1n3q/3P2b1/1BP3P1/PP1N1PQP/R1B1R1K1,,,7,35,27,False,202302
202302094342725,35,g2f1,41.0,True,290.0,320.0,4rrk1/5ppp/p1pb4/1p1n3q/3P2b1/1BP3P1/PP1N1PQP/R1B1R1K1,,,7,35,27,False,202302
202302094366046,35,d2e4,9.0,True,220.0,216.0,4rrk1/5ppp/p1pb4/1p1n3q/3P2b1/1BP3P1/PP1N1PQP/R1B1R1K1,,,7,35,27,False,202302
202302092963292,35,e1f1,19.0,True,216.0,201.0,4rrk1/5ppp/p1pb4/1p1n3q/3P2b1/1BP3P1/PP1N1PQP/R1B1R1K1,,,7,35,27,False,202302
202302044422674,35,e1f1,4.0,True,136.0,161.0,4rrk1/5ppp/p1pb4/1p1n3q/3P2b1/1BP3P1/PP1N1PQP/R1B1R1K1,,,7,35,27,False,202302
202302044470067,35,d2e4,29.0,True,495.0,508.0,4rrk1/5ppp/p1pb4/1p1n3q/3P2b1/1BP3P1/PP1N1PQP/R1B1R1K1,,,7,35,27,False,202302
202302054045862,35,e1e8,21.0,True,107.0,143.0,4rrk1/5ppp/p1pb4/1p1n3q/3P2b1/1BP3P1/PP1N1PQP/R1B1R1K1,,,7,35,27,False,202302
202302054177586,35,e1e8,8.0,True,50.0,52.0,4rrk1/5ppp/p1pb4/1p1n3q/3P2b1/1BP3P1/PP1N1PQP/R1B1R1K1,,,7,35,27,False,202302
202302054202167,35,e1e8,126.0,True,416.0,648.0,4rrk1/5ppp/p1pb4/1p1n3q/3P2b1/1BP3P1/PP1N1PQP/R1B1R1K1,,,7,35,27,False,202302
202302016021100,35,e1f1,23.0,True,157.0,187.0,4rrk1/5ppp/p1pb4/1p1n3q/3P2b1/1BP3P1/PP1N1PQP/R1B1R1K1,,,7,35,27,False,202302
202302016468446,35,e1e4,23.0,True,62.0,112.0,4rrk1/5ppp/p1pb4/1p1n3q/3P2b1/1BP3P1/PP1N1PQP/R1B1R1K1,,,7,35,27,False,202302
202302016621042,35,g2f1,27.0,True,436.0,536.0,4rrk1/5ppp/p1pb4/1p1n3q/3P2b1/1BP3P1/PP1N1PQP/R1B1R1K1,,,7,35,27,False,202302
202302072349830,35,e1e8,108.0,True,298.0,327.0,4rrk1/5ppp/p1pb4/1p1n3q/3P2b1/1BP3P1/PP1N1PQP/R1B1R1K1,,,7,35,27,False,202302
202302072509522,35,g1f1,9.0,True,138.0,191.0,4rrk1/5ppp/p1pb4/1p1n3q/3P2b1/1BP3P1/PP1N1PQP/R1B1R1K1,,,7,35,27,False,202302
202302083344464,35,d2e4,31.0,True,170.0,195.0,4rrk1/5ppp/p1pb4/1p1n3q/3P2b1/1BP3P1/PP1N1PQP/R1B1R1K1,,,7,35,27,False,202302
202302083502342,35,e1e8,9.0,True,170.0,192.0,4rrk1/5ppp/p1pb4/1p1n3q/3P2b1/1BP3P1/PP1N1PQP/R1B1R1K1,,,5,35,27,False,202302
202302083945930,35,e1e8,3.0,True,138.0,168.0,4rrk1/5ppp/p1pb4/1p1n3q/3P2b1/1BP3P1/PP1N1PQP/R1B1R1K1,,,7,35,27,False,202302
202302083979486,35,e1e8,26.0,True,253.0,279.0,4rrk1/5ppp/p1pb4/1p1n3q/3P2b1/1BP3P1/PP1N1PQP/R1B1R1K1,,,7,35,27,False,202302
202302030002762,35,e1e8,5.0,True,99.0,181.0,4rrk1/5ppp/p1pb4/1p1n3q/3P2b1/1BP3P1/PP1N1PQP/R1B1R1K1,,,7,35,27,False,202302
202302030017986,35,e1f1,9.0,True,149.0,166.0,4rrk1/5ppp/p1pb4/1p1n3q/3P2b1/1BP3P1/PP1N1PQP/R1B1R1K1,,,7,35,27,False,202302
202302030497508,35,e1e8,37.0,True,275.0,287.0,4rrk1/5ppp/p1pb4/1p1n3q/3P2b1/1BP3P1/PP1N1PQP/R1B1R1K1,,,7,35,27,False,202302
202302030747240,35,e1e8,9.0,True,464.0,553.0,4rrk1/5ppp/p1pb4/1p1n3q/3P2b1/1BP3P1/PP1N1PQP/R1B1R1K1,,,7,35,27,False,202302
202302030751024,37,e1e8,24.0,True,298.0,241.0,4rrk1/5ppp/p1pb4/1p1n3q/3P2b1/1BP3P1/PP1N1PQP/R1B1R1K1,,,7,35,27,False,202302
202302030946384,35,b3d5,12.0,True,139.0,189.0,4rrk1/5ppp/p1pb4/1p1n3q/3P2b1/1BP3P1/PP1N1PQP/R1B1R1K1,,,7,35,27,False,202302
202302030964552,35,g2f1,12.0,True,518.0,605.0,4rrk1/5ppp/p1pb4/1p1n3q/3P2b1/1BP3P1/PP1N1PQP/R1B1R1K1,,,7,35,27,False,202302
202302019068601,35,e1e8,4.0,True,86.0,117.0,4rrk1/5ppp/p1pb4/1p1n3q/3P2b1/1BP3P1/PP1N1PQP/R1B1R1K1,,,7,35,27,False,202302
202302019071422,35,d2e4,8.0,True,173.0,194.0,4rrk1/5ppp/p1pb4/1p1n3q/3P2b1/1BP3P1/PP1N1PQP/R1B1R1K1,,,7,35,27,False,202302
202302073031820,35,e1e8,67.0,True,250.0,278.0,4rrk1/5ppp/p1pb4/1p1n3q/3P2b1/1BP3P1/PP1N1PQP/R1B1R1K1,,,7,35,27,False,202302
202302073476888,35,e1e8,114.0,True,151.0,180.0,4rrk1/5ppp/p1pb4/1p1n3q/3P2b1/1BP3P1/PP1N1PQP/R1B1R1K1,,,7,35,27,False,202302
202302015782347,35,e1f1,14.0,True,138.0,165.0,4rrk1/5ppp/p1pb4/1p1n3q/3P2b1/1BP3P1/PP1N1PQP/R1B1R1K1,,,7,35,27,False,202302
202302015894335,35,e1e8,70.0,True,485.0,556.0,4rrk1/5ppp/p1pb4/1p1n3q/3P2b1/1BP3P1/PP1N1PQP/R1B1R1K1,,,7,35,27,False,202302
202302015918474,35,e1e4,22.0,True,89.0,93.0,4rrk1/5ppp/p1pb4/1p1n3q/3P2b1/1BP3P1/PP1N1PQP/R1B1R1K1,,,7,35,27,False,202302
202302015954026,35,d2e4,5.0,True,233.0,280.0,4rrk1/5ppp/p1pb4/1p1n3q/3P2b1/1BP3P1/PP1N1PQP/R1B1R1K1,,,7,35,27,False,202302
202302067291361,35,e1e8,11.0,True,162.0,153.0,4rrk1/5ppp/p1pb4/1p1n3q/3P2b1/1BP3P1/PP1N1PQP/R1B1R1K1,,,7,35,27,False,202302
202302067691216,35,e1e8,12.0,True,102.0,120.0,4rrk1/5ppp/p1pb4/1p1n3q/3P2b1/1BP3P1/PP1N1PQP/R1B1R1K1,,,7,35,27,False,202302
202302067693408,35,d2e4,11.0,True,48.0,51.0,4rrk1/5ppp/p1pb4/1p1n3q/3P2b1/1BP3P1/PP1N1PQP/R1B1R1K1,,,7,35,27,False,202302
202302026627627,35,e1f1,91.0,True,467.0,565.0,4rrk1/5ppp/p1pb4/1p1n3q/3P2b1/1BP3P1/PP1N1PQP/R1B1R1K1,,,7,35,27,False,202302
202302026748399,35,d2e4,16.0,True,295.0,312.0,4rrk1/5ppp/p1pb4/1p1n3q/3P2b1/1BP3P1/PP1N1PQP/R1B1R1K1,,,7,35,27,False,202302
202302026902185,35,e1e8,9.0,True,889.0,898.0,4rrk1/5ppp/p1pb4/1p1n3q/3P2b1/1BP3P1/PP1N1PQP/R1B1R1K1,,,7,35,27,False,202302
202302079234101,35,e1f1,29.0,True,126.0,186.0,4rrk1/5ppp/p1pb4/1p1n3q/3P2b1/1BP3P1/PP1N1PQP/R1B1R1K1,,,7,35,27,False,202302
202302079487753,35,e1e4,29.0,True,163.0,167.0,4rrk1/5ppp/p1pb4/1p1n3q/3P2b1/1BP3P1/PP1N1PQP/R1B1R1K1,,,7,35,27,False,202302
202302079792941,35,e1e4,44.0,True,158.0,175.0,4rrk1/5ppp/p1pb4/1p1n3q/3P2b1/1BP3P1/PP1N1PQP/R1B1R1K1,,,7,35,27,False,202302
202302079850032,35,d2e4,3.0,True,253.0,264.0,4rrk1/5ppp/p1pb4/1p1n3q/3P2b1/1BP3P1/PP1N1PQP/R1B1R1K1,,,7,35,27,False,202302
202302014071134,35,e1e8,3.0,True,95.0,122.0,4rrk1/5ppp/p1pb4/1p1n3q/3P2b1/1BP3P1/PP1N1PQP/R1B1R1K1,,,7,35,27,False,202302
202302014334984,35,e1e8,56.0,True,587.0,645.0,4rrk1/5ppp/p1pb4/1p1n3q/3P2b1/1BP3P1/PP1N1PQP/R1B1R1K1,,,7,35,27,False,202302
202302007114408,35,e1e8,6.0,True,149.0,161.0,4rrk1/5ppp/p1pb4/1p1n3q/3P2b1/1BP3P1/PP1N1PQP/R1B1R1K1,,,7,35,27,False,202302
202302007170003,35,e1e8,12.0,True,261.0,284.0,4rrk1/5ppp/p1pb4/1p1n3q/3P2b1/1BP3P1/PP1N1PQP/R1B1R1K1,,,7,35,27,False,202302
202302007880426,35,e1e4,62.0,True,238.0,280.0,4rrk1/5ppp/p1pb4/1p1n3q/3P2b1/1BP3P1/PP1N1PQP/R1B1R1K1,,,7,35,27,False,202302
202302024401135,35,d2e4,5.0,True,89.0,116.0,4rrk1/5ppp/p1pb4/1p1n3q/3P2b1/1BP3P1/PP1N1PQP/R1B1R1K1,,,7,35,27,False,202302
202302024413678,35,e1f1,43.0,True,265.0,288.0,4rrk1/5ppp/p1pb4/1p1n3q/3P2b1/1BP3P1/PP1N1PQP/R1B1R1K1,,,7,35,27,False,202302
202302024627503,35,e1e4,14.0,True,137.0,258.0,4rrk1/5ppp/p1pb4/1p1n3q/3P2b1/1BP3P1/PP1N1PQP/R1B1R1K1,,,7,35,27,False,202302
202302024788126,35,d2e4,12.0,True,294.0,327.0,4rrk1/5ppp/p1pb4/1p1n3q/3P2b1/1BP3P1/PP1N1PQP/R1B1R1K1,,,7,35,27,False,202302
202302024926084,35,e1e8,14.0,True,104.0,117.0,4rrk1/5ppp/p1pb4/1p1n3q/3P2b1/1BP3P1/PP1N1PQP/R1B1R1K1,,,7,35,27,False,202302
202302045695043,35,e1e8,30.0,True,219.0,277.0,4rrk1/5ppp/p1pb4/1p1n3q/3P2b1/1BP3P1/PP1N1PQP/R1B1R1K1,,,7,35,27,False,202302
202302052793240,35,e1f1,2.0,True,98.0,121.0,4rrk1/5ppp/p1pb4/1p1n3q/3P2b1/1BP3P1/PP1N1PQP/R1B1R1K1,,,7,35,27,False,202302
202302008258198,35,e1e8,5.0,True,39.0,48.0,4rrk1/5ppp/p1pb4/1p1n3q/3P2b1/1BP3P1/PP1N1PQP/R1B1R1K1,,,7,35,27,False,202302
202302008382881,35,e1e8,11.0,True,141.0,164.0,4rrk1/5ppp/p1pb4/1p1n3q/3P2b1/1BP3P1/PP1N1PQP/R1B1R1K1,,,7,35,27,False,202302
202302066259276,35,e1e8,22.0,True,159.0,155.0,4rrk1/5ppp/p1pb4/1p1n3q/3P2b1/1BP3P1/PP1N1PQP/R1B1R1K1,,,7,35,27,False,202302
202302066297124,35,e1e8,11.0,True,82.0,112.0,4rrk1/5ppp/p1pb4/1p1n3q/3P2b1/1BP3P1/PP1N1PQP/R1B1R1K1,,,7,35,27,False,202302
202302066453625,35,e1e4,19.0,True,145.0,163.0,4rrk1/5ppp/p1pb4/1p1n3q/3P2b1/1BP3P1/PP1N1PQP/R1B1R1K1,,,7,35,27,False,202302
202302064867108,35,g2f1,21.0,True,163.0,198.0,4rrk1/5ppp/p1pb4/1p1n3q/3P2b1/1BP3P1/PP1N1PQP/R1B1R1K1,,,7,35,27,False,202302
202302041061134,35,e1e8,14.0,True,127.0,155.0,4rrk1/5ppp/p1pb4/1p1n3q/3P2b1/1BP3P1/PP1N1PQP/R1B1R1K1,,,7,35,27,False,202302
202302041326771,35,e1e4,22.0,True,527.0,572.0,4rrk1/5ppp/p1pb4/1p1n3q/3P2b1/1BP3P1/PP1N1PQP/R1B1R1K1,,,7,35,27,False,202302
202302041411255,35,d2e4,30.0,True,255.0,274.0,4rrk1/5ppp/p1pb4/1p1n3q/3P2b1/1BP3P1/PP1N1PQP/R1B1R1K1,,,7,35,27,False,202302
202302041610008,35,e1e8,62.0,True,453.0,587.0,4rrk1/5ppp/p1pb4/1p1n3q/3P2b1/1BP3P1/PP1N1PQP/R1B1R1K1,,,7,35,27,False,202302
202302041738621,35,g2f1,18.0,True,93.0,118.0,4rrk1/5ppp/p1pb4/1p1n3q/3P2b1/1BP3P1/PP1N1PQP/R1B1R1K1,,,7,35,27,False,202302
202302037181486,35,d2e4,14.0,True,261.0,280.0,4rrk1/5ppp/p1pb4/1p1n3q/3P2b1/1BP3P1/PP1N1PQP/R1B1R1K1,,,7,35,27,False,202302
202302037508219,35,e1f1,12.0,True,251.0,307.0,4rrk1/5ppp/p1pb4/1p1n3q/3P2b1/1BP3P1/PP1N1PQP/R1B1R1K1,,,7,35,27,False,202302
202302037927982,35,e1e8,2.0,True,325.0,327.0,4rrk1/5ppp/p1pb4/1p1n3q/3P2b1/1BP3P1/PP1N1PQP/R1B1R1K1,,,7,35,27,False,202302
202302029079049,35,e1e4,8.0,True,41.0,56.0,4rrk1/5ppp/p1pb4/1p1n3q/3P2b1/1BP3P1/PP1N1PQP/R1B1R1K1,,,7,35,27,False,202302
202302029777380,35,d2e4,2.0,True,39.0,44.0,4rrk1/5ppp/p1pb4/1p1n3q/3P2b1/1BP3P1/PP1N1PQP/R1B1R1K1,,,7,35,27,False,202302
202302091068836,35,e1e8,29.0,True,89.0,119.0,4rrk1/5ppp/p1pb4/1p1n3q/3P2b1/1BP3P1/PP1N1PQP/R1B1R1K1,,,7,35,27,False,202302
202302091087421,35,e1e8,2.0,True,121.0,162.0,4rrk1/5ppp/p1pb4/1p1n3q/3P2b1/1BP3P1/PP1N1PQP/R1B1R1K1,,,7,35,27,False,202302
202302091510983,35,g2f1,17.0,True,154.0,100.0,4rrk1/5ppp/p1pb4/1p1n3q/3P2b1/1BP3P1/PP1N1PQP/R1B1R1K1,,,7,35,27,False,202302
202302013036707,35,e1e8,28.0,True,188.0,169.0,4rrk1/5ppp/p1pb4/1p1n3q/3P2b1/1BP3P1/PP1N1PQP/R1B1R1K1,,,7,35,27,False,202302
202302013043853,35,e1f1,14.0,True,76.0,89.0,4rrk1/5ppp/p1pb4/1p1n3q/3P2b1/1BP3P1/PP1N1PQP/R1B1R1K1,,,7,35,27,False,202302
202302013420635,35,e1e8,11.0,True,101.0,122.0,4rrk1/5ppp/p1pb4/1p1n3q/3P2b1/1BP3P1/PP1N1PQP/R1B1R1K1,,,7,35,27,False,202302
202302013507277,35,e1e8,150.0,True,810.0,987.0,4rrk1/5ppp/p1pb4/1p1n3q/3P2b1/1BP3P1/PP1N1PQP/R1B1R1K1,,,7,35,27,False,202302
202302081508897,35,e1e8,14.0,True,248.0,242.0,4rrk1/5ppp/p1pb4/1p1n3q/3P2b1/1BP3P1/PP1N1PQP/R1B1R1K1,,,7,35,27,False,202302
202302011056692,35,e1f1,40.0,True,107.0,180.0,4rrk1/5ppp/p1pb4/1p1n3q/3P2b1/1BP3P1/PP1N1PQP/R1B1R1K1,,,7,35,27,False,202302
202302011174021,35,e1e4,18.0,True,551.0,567.0,4rrk1/5ppp/p1pb4/1p1n3q/3P2b1/1BP3P1/PP1N1PQP/R1B1R1K1,,,7,35,27,False,202302
202302011514682,35,e1f1,9.0,True,118.0,92.0,4rrk1/5ppp/p1pb4/1p1n3q/3P2b1/1BP3P1/PP1N1PQP/R1B1R1K1,,,7,35,27,False,202302
202302011620689,35,e1e8,12.0,True,245.0,281.0,4rrk1/5ppp/p1pb4/1p1n3q/3P2b1/1BP3P1/PP1N1PQP/R1B1R1K1,,,7,35,27,False,202302
202302046203903,35,e1e8,9.0,True,46.0,51.0,4rrk1/5ppp/p1pb4/1p1n3q/3P2b1/1BP3P1/PP1N1PQP/R1B1R1K1,,,7,35,27,False,202302
202302025644410,35,e1f1,35.0,True,184.0,179.0,4rrk1/5ppp/p1pb4/1p1n3q/3P2b1/1BP3P1/PP1N1PQP/R1B1R1K1,,,7,35,27,False,202302
202303093776182,35,e1f1,63.0,True,195.0,309.0,4rrk1/5ppp/p1pb4/1p1n3q/3P2b1/1BP3P1/PP1N1PQP/R1B1R1K1,,,7,35,27,False,202303
202303093910079,35,e1e4,30.0,True,133.0,161.0,4rrk1/5ppp/p1pb4/1p1n3q/3P2b1/1BP3P1/PP1N1PQP/R1B1R1K1,,,7,35,27,False,202303
202303070651562,35,e1e8,49.0,True,146.0,147.0,4rrk1/5ppp/p1pb4/1p1n3q/3P2b1/1BP3P1/PP1N1PQP/R1B1R1K1,,,7,35,27,False,202303
202303070767328,35,e1e8,36.0,True,1644.0,1713.0,4rrk1/5ppp/p1pb4/1p1n3q/3P2b1/1BP3P1/PP1N1PQP/R1B1R1K1,,,7,35,27,False,202303
202303048210728,35,e1f1,109.0,True,310.0,316.0,4rrk1/5ppp/p1pb4/1p1n3q/3P2b1/1BP3P1/PP1N1PQP/R1B1R1K1,,,7,35,27,False,202303
202303048476732,35,e1f1,17.0,True,140.0,151.0,4rrk1/5ppp/p1pb4/1p1n3q/3P2b1/1BP3P1/PP1N1PQP/R1B1R1K1,,,7,35,27,False,202303
202303048693780,35,g2f1,18.0,True,143.0,170.0,4rrk1/5ppp/p1pb4/1p1n3q/3P2b1/1BP3P1/PP1N1PQP/R1B1R1K1,,,7,35,27,False,202303
202303048839215,35,e1f1,29.0,True,161.0,157.0,4rrk1/5ppp/p1pb4/1p1n3q/3P2b1/1BP3P1/PP1N1PQP/R1B1R1K1,,,7,35,27,False,202303
202303048875015,35,e1e8,37.0,True,109.0,175.0,4rrk1/5ppp/p1pb4/1p1n3q/3P2b1/1BP3P1/PP1N1PQP/R1B1R1K1,,,7,35,27,False,202303
202303048904536,35,e1f1,11.0,True,68.0,119.0,4rrk1/5ppp/p1pb4/1p1n3q/3P2b1/1BP3P1/PP1N1PQP/R1B1R1K1,,,7,35,27,False,202303
202303048912949,35,e1e8,16.0,True,237.0,304.0,4rrk1/5ppp/p1pb4/1p1n3q/3P2b1/1BP3P1/PP1N1PQP/R1B1R1K1,,,7,35,27,False,202303
202303035722366,37,e1e8,4.0,True,84.0,94.0,4rrk1/5ppp/p1pb4/1p1n3q/3P2b1/1BP3P1/PP1N1PQP/R1B1R1K1,,,7,35,27,False,202303
202303032195040,35,e1e8,42.0,True,103.0,117.0,4rrk1/5ppp/p1pb4/1p1n3q/3P2b1/1BP3P1/PP1N1PQP/R1B1R1K1,,,7,35,27,False,202303
202303032273902,35,e1e8,8.0,True,251.0,306.0,4rrk1/5ppp/p1pb4/1p1n3q/3P2b1/1BP3P1/PP1N1PQP/R1B1R1K1,,,7,35,27,False,202303
202303032285368,35,e1e8,8.0,True,135.0,162.0,4rrk1/5ppp/p1pb4/1p1n3q/3P2b1/1BP3P1/PP1N1PQP/R1B1R1K1,,,7,35,27,False,202303
202303032756224,35,e1e8,29.0,True,207.0,279.0,4rrk1/5ppp/p1pb4/1p1n3q/3P2b1/1BP3P1/PP1N1PQP/R1B1R1K1,,,7,35,27,False,202303
202303006395467,35,e1e8,92.0,True,136.0,176.0,4rrk1/5ppp/p1pb4/1p1n3q/3P2b1/1BP3P1/PP1N1PQP/R1B1R1K1,,,7,35,27,False,202303
202303006917909,35,e1e8,24.0,True,167.0,179.0,4rrk1/5ppp/p1pb4/1p1n3q/3P2b1/1BP3P1/PP1N1PQP/R1B1R1K1,,,7,35,27,False,202303
202303006967434,35,e1e8,14.0,True,305.0,326.0,4rrk1/5ppp/p1pb4/1p1n3q/3P2b1/1BP3P1/PP1N1PQP/R1B1R1K1,,,7,35,27,False,202303
202303087913605,35,e1e8,37.0,True,156.0,189.0,4rrk1/5ppp/p1pb4/1p1n3q/3P2b1/1BP3P1/PP1N1PQP/R1B1R1K1,,,7,35,27,False,202303
202303106474399,35,e1f1,3.0,True,30.0,48.0,4rrk1/5ppp/p1pb4/1p1n3q/3P2b1/1BP3P1/PP1N1PQP/R1B1R1K1,,,7,35,27,False,202303
202303106626223,35,e1e8,14.0,True,171.0,196.0,4rrk1/5ppp/p1pb4/1p1n3q/3P2b1/1BP3P1/PP1N1PQP/R1B1R1K1,,,7,35,27,False,202303
202303106755845,35,e1f1,40.0,True,67.0,125.0,4rrk1/5ppp/p1pb4/1p1n3q/3P2b1/1BP3P1/PP1N1PQP/R1B1R1K1,,,7,35,27,False,202303
202303065573950,35,e1e8,9.0,True,86.0,99.0,4rrk1/5ppp/p1pb4/1p1n3q/3P2b1/1BP3P1/PP1N1PQP/R1B1R1K1,,,7,35,27,False,202303
202303049186678,35,e1e4,20.0,True,74.0,96.0,4rrk1/5ppp/p1pb4/1p1n3q/3P2b1/1BP3P1/PP1N1PQP/R1B1R1K1,,,7,35,27,False,202303
202303049416989,35,d2e4,57.0,True,185.0,272.0,4rrk1/5ppp/p1pb4/1p1n3q/3P2b1/1BP3P1/PP1N1PQP/R1B1R1K1,,,7,35,27,False,202303
202303001017803,35,e1e4,24.0,True,160.0,167.0,4rrk1/5ppp/p1pb4/1p1n3q/3P2b1/1BP3P1/PP1N1PQP/R1B1R1K1,,,7,35,27,False,202303
202303001401638,35,d2e4,3.0,True,28.0,44.0,4rrk1/5ppp/p1pb4/1p1n3q/3P2b1/1BP3P1/PP1N1PQP/R1B1R1K1,,,7,35,27,False,202303
202303001757940,35,e1e4,79.0,True,355.0,429.0,4rrk1/5ppp/p1pb4/1p1n3q/3P2b1/1BP3P1/PP1N1PQP/R1B1R1K1,,,7,35,27,False,202303
202303005130361,35,d2e4,2.0,True,524.0,515.0,4rrk1/5ppp/p1pb4/1p1n3q/3P2b1/1BP3P1/PP1N1PQP/R1B1R1K1,,,7,35,27,False,202303
202303090122402,35,d2e4,2.0,True,47.0,36.0,4rrk1/5ppp/p1pb4/1p1n3q/3P2b1/1BP3P1/PP1N1PQP/R1B1R1K1,,,7,35,27,False,202303
202303090299948,35,d2e4,1.0,True,21.0,50.0,4rrk1/5ppp/p1pb4/1p1n3q/3P2b1/1BP3P1/PP1N1PQP/R1B1R1K1,,,7,35,27,False,202303
202303090570186,35,e1f1,17.0,True,245.0,274.0,4rrk1/5ppp/p1pb4/1p1n3q/3P2b1/1BP3P1/PP1N1PQP/R1B1R1K1,,,7,35,27,False,202303
202303061454967,35,e1e8,8.0,True,98.0,118.0,4rrk1/5ppp/p1pb4/1p1n3q/3P2b1/1BP3P1/PP1N1PQP/R1B1R1K1,,,7,35,27,False,202303
202303061521976,35,e1e8,4.0,True,294.0,242.0,4rrk1/5ppp/p1pb4/1p1n3q/3P2b1/1BP3P1/PP1N1PQP/R1B1R1K1,,,7,35,27,False,202303
202303057075796,35,e1e4,44.0,True,129.0,190.0,4rrk1/5ppp/p1pb4/1p1n3q/3P2b1/1BP3P1/PP1N1PQP/R1B1R1K1,,,7,35,27,False,202303
202303057237528,35,e1f1,8.0,True,121.0,195.0,4rrk1/5ppp/p1pb4/1p1n3q/3P2b1/1BP3P1/PP1N1PQP/R1B1R1K1,,,7,35,27,False,202303
202303057628280,35,g1f1,73.0,True,217.0,320.0,4rrk1/5ppp/p1pb4/1p1n3q/3P2b1/1BP3P1/PP1N1PQP/R1B1R1K1,,,7,35,27,False,202303
202303036124913,35,d2e4,14.0,True,148.0,137.0,4rrk1/5ppp/p1pb4/1p1n3q/3P2b1/1BP3P1/PP1N1PQP/R1B1R1K1,,,7,35,27,False,202303
202303023090900,35,e1e8,3.0,True,42.0,29.0,4rrk1/5ppp/p1pb4/1p1n3q/3P2b1/1BP3P1/PP1N1PQP/R1B1R1K1,,,7,35,27,False,202303
202303023243622,35,e1f1,23.0,True,94.0,105.0,4rrk1/5ppp/p1pb4/1p1n3q/3P2b1/1BP3P1/PP1N1PQP/R1B1R1K1,,,7,35,27,False,202303
202303023380669,35,e1e8,17.0,True,551.0,581.0,4rrk1/5ppp/p1pb4/1p1n3q/3P2b1/1BP3P1/PP1N1PQP/R1B1R1K1,,,7,35,27,False,202303
202303023659519,35,d2e4,5.0,True,242.0,274.0,4rrk1/5ppp/p1pb4/1p1n3q/3P2b1/1BP3P1/PP1N1PQP/R1B1R1K1,,,7,35,27,False,202303
202303023722452,35,g2f1,5.0,True,149.0,135.0,4rrk1/5ppp/p1pb4/1p1n3q/3P2b1/1BP3P1/PP1N1PQP/R1B1R1K1,,,7,35,27,False,202303
202303023902178,37,e1e4,46.0,True,147.0,177.0,4rrk1/5ppp/p1pb4/1p1n3q/3P2b1/1BP3P1/PP1N1PQP/R1B1R1K1,,,7,35,27,False,202303
202303085029730,35,e1e8,21.0,True,90.0,145.0,4rrk1/5ppp/p1pb4/1p1n3q/3P2b1/1BP3P1/PP1N1PQP/R1B1R1K1,,,7,35,27,False,202303
202303085078499,35,d2e4,145.0,True,763.0,970.0,4rrk1/5ppp/p1pb4/1p1n3q/3P2b1/1BP3P1/PP1N1PQP/R1B1R1K1,,,7,35,27,False,202303
202303085286295,35,g1f1,10.0,True,36.0,47.0,4rrk1/5ppp/p1pb4/1p1n3q/3P2b1/1BP3P1/PP1N1PQP/R1B1R1K1,,,7,35,27,False,202303
202303085330787,35,g2f1,60.0,True,279.0,281.0,4rrk1/5ppp/p1pb4/1p1n3q/3P2b1/1BP3P1/PP1N1PQP/R1B1R1K1,,,7,35,27,False,202303
202303085881286,35,e1e8,14.0,True,86.0,162.0,4rrk1/5ppp/p1pb4/1p1n3q/3P2b1/1BP3P1/PP1N1PQP/R1B1R1K1,,,7,35,27,False,202303
202303009320617,35,d2e4,15.0,True,213.0,285.0,4rrk1/5ppp/p1pb4/1p1n3q/3P2b1/1BP3P1/PP1N1PQP/R1B1R1K1,,,7,35,27,False,202303
202303009377467,35,e1f1,59.0,True,133.0,203.0,4rrk1/5ppp/p1pb4/1p1n3q/3P2b1/1BP3P1/PP1N1PQP/R1B1R1K1,,,7,35,27,False,202303
202303009676790,35,e1e8,6.0,True,42.0,50.0,4rrk1/5ppp/p1pb4/1p1n3q/3P2b1/1BP3P1/PP1N1PQP/R1B1R1K1,,,7,35,27,False,202303
202303009863747,35,e1e8,44.0,True,151.0,196.0,4rrk1/5ppp/p1pb4/1p1n3q/3P2b1/1BP3P1/PP1N1PQP/R1B1R1K1,,,7,35,27,False,202303
202303063180632,35,e1e8,54.0,True,134.0,161.0,4rrk1/5ppp/p1pb4/1p1n3q/3P2b1/1BP3P1/PP1N1PQP/R1B1R1K1,,,7,35,27,False,202303
202303063240084,35,e1e8,3.0,True,76.0,107.0,4rrk1/5ppp/p1pb4/1p1n3q/3P2b1/1BP3P1/PP1N1PQP/R1B1R1K1,,,7,35,27,False,202303
202303063451219,35,d2e4,7.0,True,36.0,52.0,4rrk1/5ppp/p1pb4/1p1n3q/3P2b1/1BP3P1/PP1N1PQP/R1B1R1K1,,,7,35,27,False,202303
202303063976554,35,e1e8,14.0,True,161.0,167.0,4rrk1/5ppp/p1pb4/1p1n3q/3P2b1/1BP3P1/PP1N1PQP/R1B1R1K1,,,7,35,27,False,202303
202303059482824,35,e1e8,18.0,True,237.0,238.0,4rrk1/5ppp/p1pb4/1p1n3q/3P2b1/1BP3P1/PP1N1PQP/R1B1R1K1,,,7,35,27,False,202303
202303074000366,35,e1e8,4.0,True,48.0,53.0,4rrk1/5ppp/p1pb4/1p1n3q/3P2b1/1BP3P1/PP1N1PQP/R1B1R1K1,,,7,35,27,False,202303
202303074038526,35,e1e8,18.0,True,260.0,283.0,4rrk1/5ppp/p1pb4/1p1n3q/3P2b1/1BP3P1/PP1N1PQP/R1B1R1K1,,,7,35,27,False,202303
202303074345111,35,e1e8,30.0,True,123.0,157.0,4rrk1/5ppp/p1pb4/1p1n3q/3P2b1/1BP3P1/PP1N1PQP/R1B1R1K1,,,7,35,27,False,202303
202303074450396,35,e1f1,71.0,True,140.0,179.0,4rrk1/5ppp/p1pb4/1p1n3q/3P2b1/1BP3P1/PP1N1PQP/R1B1R1K1,,,7,35,27,False,202303
202303074750652,35,g1f1,25.0,True,123.0,158.0,4rrk1/5ppp/p1pb4/1p1n3q/3P2b1/1BP3P1/PP1N1PQP/R1B1R1K1,,,7,35,27,False,202303
202303074751462,35,d2e4,2.0,True,42.0,52.0,4rrk1/5ppp/p1pb4/1p1n3q/3P2b1/1BP3P1/PP1N1PQP/R1B1R1K1,,,7,35,27,False,202303
202303074880443,35,e1e4,25.0,True,258.0,286.0,4rrk1/5ppp/p1pb4/1p1n3q/3P2b1/1BP3P1/PP1N1PQP/R1B1R1K1,,,7,35,27,False,202303
202303101072039,35,e1e8,24.0,True,199.0,263.0,4rrk1/5ppp/p1pb4/1p1n3q/3P2b1/1BP3P1/PP1N1PQP/R1B1R1K1,,,7,35,27,False,202303
202303101891434,35,d2e4,20.0,True,164.0,156.0,4rrk1/5ppp/p1pb4/1p1n3q/3P2b1/1BP3P1/PP1N1PQP/R1B1R1K1,,,7,35,27,False,202303
202303040058835,35,e1f1,26.0,True,103.0,121.0,4rrk1/5ppp/p1pb4/1p1n3q/3P2b1/1BP3P1/PP1N1PQP/R1B1R1K1,,,7,35,27,False,202303
202303040212400,35,g2f1,25.0,True,159.0,160.0,4rrk1/5ppp/p1pb4/1p1n3q/3P2b1/1BP3P1/PP1N1PQP/R1B1R1K1,,,7,35,27,False,202303
202303040312472,35,d2e4,3.0,True,107.0,120.0,4rrk1/5ppp/p1pb4/1p1n3q/3P2b1/1BP3P1/PP1N1PQP/R1B1R1K1,,,7,35,27,False,202303
202303040754934,35,e1e8,26.0,True,486.0,566.0,4rrk1/5ppp/p1pb4/1p1n3q/3P2b1/1BP3P1/PP1N1PQP/R1B1R1K1,,,7,35,27,False,202303
202303021063186,35,e1f1,86.0,True,266.0,299.0,4rrk1/5ppp/p1pb4/1p1n3q/3P2b1/1BP3P1/PP1N1PQP/R1B1R1K1,,,7,35,27,False,202303
202303021504255,35,e1e8,10.0,True,246.0,253.0,4rrk1/5ppp/p1pb4/1p1n3q/3P2b1/1BP3P1/PP1N1PQP/R1B1R1K1,,,7,35,27,False,202303
202303021907886,35,d2e4,9.0,True,122.0,140.0,4rrk1/5ppp/p1pb4/1p1n3q/3P2b1/1BP3P1/PP1N1PQP/R1B1R1K1,,,7,35,27,False,202303
202303021942959,35,d2e4,16.0,True,181.0,159.0,4rrk1/5ppp/p1pb4/1p1n3q/3P2b1/1BP3P1/PP1N1PQP/R1B1R1K1,,,7,35,27,False,202303
202303062255425,35,g2f1,59.0,True,307.0,295.0,4rrk1/5ppp/p1pb4/1p1n3q/3P2b1/1BP3P1/PP1N1PQP/R1B1R1K1,,,7,35,27,False,202303
202303108716024,35,e1e8,27.0,True,536.0,566.0,4rrk1/5ppp/p1pb4/1p1n3q/3P2b1/1BP3P1/PP1N1PQP/R1B1R1K1,,,7,35,27,False,202303
202303022803193,35,e1e8,19.0,True,94.0,108.0,4rrk1/5ppp/p1pb4/1p1n3q/3P2b1/1BP3P1/PP1N1PQP/R1B1R1K1,,,7,35,27,False,202303
202303042000591,35,e1f1,23.0,True,237.0,264.0,4rrk1/5ppp/p1pb4/1p1n3q/3P2b1/1BP3P1/PP1N1PQP/R1B1R1K1,,,7,35,27,False,202303
202303042124615,35,e1e8,7.0,True,537.0,553.0,4rrk1/5ppp/p1pb4/1p1n3q/3P2b1/1BP3P1/PP1N1PQP/R1B1R1K1,,,7,35,27,False,202303
202303042344801,35,e1f1,28.0,True,265.0,262.0,4rrk1/5ppp/p1pb4/1p1n3q/3P2b1/1BP3P1/PP1N1PQP/R1B1R1K1,,,7,35,27,False,202303
202303042498367,35,e1e4,15.0,True,135.0,150.0,4rrk1/5ppp/p1pb4/1p1n3q/3P2b1/1BP3P1/PP1N1PQP/R1B1R1K1,,,7,35,27,False,202303
202303042526681,35,e1e2,8.0,True,76.0,119.0,4rrk1/5ppp/p1pb4/1p1n3q/3P2b1/1BP3P1/PP1N1PQP/R1B1R1K1,,,7,35,27,False,202303
202303042982808,35,e1e8,3.0,True,282.0,267.0,4rrk1/5ppp/p1pb4/1p1n3q/3P2b1/1BP3P1/PP1N1PQP/R1B1R1K1,,,7,35,27,False,202303
202303038050219,35,e1e8,220.0,True,2352.0,2867.0,4rrk1/5ppp/p1pb4/1p1n3q/3P2b1/1BP3P1/PP1N1PQP/R1B1R1K1,,,7,35,27,False,202303
202303038545310,35,e1e8,12.0,True,173.0,180.0,4rrk1/5ppp/p1pb4/1p1n3q/3P2b1/1BP3P1/PP1N1PQP/R1B1R1K1,,,7,35,27,False,202303
202303038652331,35,e1e8,12.0,True,156.0,192.0,4rrk1/5ppp/p1pb4/1p1n3q/3P2b1/1BP3P1/PP1N1PQP/R1B1R1K1,,,7,35,27,False,202303
202303038680461,35,e1e8,15.0,True,110.0,87.0,4rrk1/5ppp/p1pb4/1p1n3q/3P2b1/1BP3P1/PP1N1PQP/R1B1R1K1,,,7,35,27,False,202303
202303039927498,35,e1f1,23.0,True,153.0,166.0,4rrk1/5ppp/p1pb4/1p1n3q/3P2b1/1BP3P1/PP1N1PQP/R1B1R1K1,,,7,35,27,False,202303
202303084640848,35,e1e8,83.0,True,258.0,272.0,4rrk1/5ppp/p1pb4/1p1n3q/3P2b1/1BP3P1/PP1N1PQP/R1B1R1K1,,,7,35,27,False,202303
202303084810073,35,d2e4,24.0,True,190.0,239.0,4rrk1/5ppp/p1pb4/1p1n3q/3P2b1/1BP3P1/PP1N1PQP/R1B1R1K1,,,7,35,27,False,202303
202303080077094,35,e1e8,54.0,True,143.0,165.0,4rrk1/5ppp/p1pb4/1p1n3q/3P2b1/1BP3P1/PP1N1PQP/R1B1R1K1,,,7,35,27,False,202303
202303080939159,35,e1e4,18.0,True,162.0,160.0,4rrk1/5ppp/p1pb4/1p1n3q/3P2b1/1BP3P1/PP1N1PQP/R1B1R1K1,,,7,35,27,False,202303
202303051686108,35,e1e4,44.0,True,553.0,574.0,4rrk1/5ppp/p1pb4/1p1n3q/3P2b1/1BP3P1/PP1N1PQP/R1B1R1K1,,,7,35,27,False,202303
202303069284603,35,b3d5,20.0,True,96.0,109.0,4rrk1/5ppp/p1pb4/1p1n3q/3P2b1/1BP3P1/PP1N1PQP/R1B1R1K1,,,7,35,27,False,202303
202303069308051,35,e1f1,2.0,True,44.0,49.0,4rrk1/5ppp/p1pb4/1p1n3q/3P2b1/1BP3P1/PP1N1PQP/R1B1R1K1,,,7,35,27,False,202303
202303069763007,35,e1e8,16.0,True,176.0,149.0,4rrk1/5ppp/p1pb4/1p1n3q/3P2b1/1BP3P1/PP1N1PQP/R1B1R1K1,,,7,35,27,False,202303
202303069871493,35,e1e8,89.0,True,556.0,480.0,4rrk1/5ppp/p1pb4/1p1n3q/3P2b1/1BP3P1/PP1N1PQP/R1B1R1K1,,,7,35,27,False,202303
202303082225929,35,e1f1,15.0,True,518.0,572.0,4rrk1/5ppp/p1pb4/1p1n3q/3P2b1/1BP3P1/PP1N1PQP/R1B1R1K1,,,7,35,27,False,202303
202303082346977,35,e1e3,7.0,True,141.0,167.0,4rrk1/5ppp/p1pb4/1p1n3q/3P2b1/1BP3P1/PP1N1PQP/R1B1R1K1,,,7,35,27,False,202303
202303003031750,35,e1e8,49.0,True,170.0,169.0,4rrk1/5ppp/p1pb4/1p1n3q/3P2b1/1BP3P1/PP1N1PQP/R1B1R1K1,,,7,35,27,False,202303
202303003280280,35,g2f1,16.0,True,83.0,96.0,4rrk1/5ppp/p1pb4/1p1n3q/3P2b1/1BP3P1/PP1N1PQP/R1B1R1K1,,,7,35,27,False,202303
202303055094545,35,e1e8,11.0,True,48.0,48.0,4rrk1/5ppp/p1pb4/1p1n3q/3P2b1/1BP3P1/PP1N1PQP/R1B1R1K1,,,7,35,27,False,202303
202303055105781,35,d2e4,6.0,True,37.0,49.0,4rrk1/5ppp/p1pb4/1p1n3q/3P2b1/1BP3P1/PP1N1PQP/R1B1R1K1,,,7,35,27,False,202303
202303055267594,35,e1f1,22.0,True,132.0,150.0,4rrk1/5ppp/p1pb4/1p1n3q/3P2b1/1BP3P1/PP1N1PQP/R1B1R1K1,,,7,35,27,False,202303
202303055331745,35,e1e8,5.0,True,125.0,156.0,4rrk1/5ppp/p1pb4/1p1n3q/3P2b1/1BP3P1/PP1N1PQP/R1B1R1K1,,,7,35,27,False,202303
202303055710728,35,e1e8,30.0,True,139.0,165.0,4rrk1/5ppp/p1pb4/1p1n3q/3P2b1/1BP3P1/PP1N1PQP/R1B1R1K1,,,7,35,27,False,202303
202303020078421,35,e1e8,8.0,True,121.0,149.0,4rrk1/5ppp/p1pb4/1p1n3q/3P2b1/1BP3P1/PP1N1PQP/R1B1R1K1,,,7,35,27,False,202303
202303020693632,35,d2e4,3.0,True,122.0,154.0,4rrk1/5ppp/p1pb4/1p1n3q/3P2b1/1BP3P1/PP1N1PQP/R1B1R1K1,,,7,35,27,False,202303
202303020915851,35,e1f1,15.0,True,151.0,159.0,4rrk1/5ppp/p1pb4/1p1n3q/3P2b1/1BP3P1/PP1N1PQP/R1B1R1K1,,,7,35,27,False,202303
202303020916275,35,g2f1,53.0,True,536.0,488.0,4rrk1/5ppp/p1pb4/1p1n3q/3P2b1/1BP3P1/PP1N1PQP/R1B1R1K1,,,7,35,27,False,202303
202303097073226,35,e1e8,21.0,True,143.0,162.0,4rrk1/5ppp/p1pb4/1p1n3q/3P2b1/1BP3P1/PP1N1PQP/R1B1R1K1,,,7,35,27,False,202303
202303031447058,35,e1e4,35.0,True,128.0,188.0,4rrk1/5ppp/p1pb4/1p1n3q/3P2b1/1BP3P1/PP1N1PQP/R1B1R1K1,,,7,35,27,False,202303
202303031482899,35,d2e4,4.0,True,136.0,161.0,4rrk1/5ppp/p1pb4/1p1n3q/3P2b1/1BP3P1/PP1N1PQP/R1B1R1K1,,,7,35,27,False,202303
202303031623048,35,d2e4,10.0,True,167.0,198.0,4rrk1/5ppp/p1pb4/1p1n3q/3P2b1/1BP3P1/PP1N1PQP/R1B1R1K1,,,7,35,27,False,202303
202303060244073,35,e1e8,24.0,True,115.0,149.0,4rrk1/5ppp/p1pb4/1p1n3q/3P2b1/1BP3P1/PP1N1PQP/R1B1R1K1,,,7,35,27,False,202303
202303060932502,35,e1e8,397.0,True,707.0,861.0,4rrk1/5ppp/p1pb4/1p1n3q/3P2b1/1BP3P1/PP1N1PQP/R1B1R1K1,,,7,35,27,False,202303
202303060990872,35,d2e4,8.0,True,225.0,268.0,4rrk1/5ppp/p1pb4/1p1n3q/3P2b1/1BP3P1/PP1N1PQP/R1B1R1K1,,,7,35,27,False,202303
202303056677269,35,g2f1,23.0,True,237.0,270.0,4rrk1/5ppp/p1pb4/1p1n3q/3P2b1/1BP3P1/PP1N1PQP/R1B1R1K1,,,7,35,27,False,202303
202303056714180,35,e1e8,22.0,True,628.0,570.0,4rrk1/5ppp/p1pb4/1p1n3q/3P2b1/1BP3P1/PP1N1PQP/R1B1R1K1,,,7,35,27,False,202303
202303056970148,35,e1e8,34.0,True,140.0,139.0,4rrk1/5ppp/p1pb4/1p1n3q/3P2b1/1BP3P1/PP1N1PQP/R1B1R1K1,,,7,35,27,False,202303
202303058145908,35,e1e8,6.0,True,159.0,183.0,4rrk1/5ppp/p1pb4/1p1n3q/3P2b1/1BP3P1/PP1N1PQP/R1B1R1K1,,,7,35,27,False,202303
202303058602785,35,e1e8,80.0,True,521.0,560.0,4rrk1/5ppp/p1pb4/1p1n3q/3P2b1/1BP3P1/PP1N1PQP/R1B1R1K1,,,7,35,27,False,202303
202303058607640,35,e1e8,17.0,True,113.0,142.0,4rrk1/5ppp/p1pb4/1p1n3q/3P2b1/1BP3P1/PP1N1PQP/R1B1R1K1,,,5,35,27,False,202303
202303058724988,35,g2f1,39.0,True,493.0,547.0,4rrk1/5ppp/p1pb4/1p1n3q/3P2b1/1BP3P1/PP1N1PQP/R1B1R1K1,,,7,35,27,False,202303
202303068347643,35,e1f1,6.0,True,130.0,144.0,4rrk1/5ppp/p1pb4/1p1n3q/3P2b1/1BP3P1/PP1N1PQP/R1B1R1K1,,,7,35,27,False,202303
202303068520727,35,e1e8,16.0,True,132.0,133.0,4rrk1/5ppp/p1pb4/1p1n3q/3P2b1/1BP3P1/PP1N1PQP/R1B1R1K1,,,7,35,27,False,202303
202303012527122,35,e1e8,5.0,True,37.0,41.0,4rrk1/5ppp/p1pb4/1p1n3q/3P2b1/1BP3P1/PP1N1PQP/R1B1R1K1,,,7,35,27,False,202303
202303012847976,35,g2f1,42.0,True,521.0,572.0,4rrk1/5ppp/p1pb4/1p1n3q/3P2b1/1BP3P1/PP1N1PQP/R1B1R1K1,,,7,35,27,False,202303
202303095082002,35,e1e8,16.0,True,53.0,120.0,4rrk1/5ppp/p1pb4/1p1n3q/3P2b1/1BP3P1/PP1N1PQP/R1B1R1K1,,,7,35,27,False,202303
202303095290899,35,d2e4,25.0,True,115.0,157.0,4rrk1/5ppp/p1pb4/1p1n3q/3P2b1/1BP3P1/PP1N1PQP/R1B1R1K1,,,7,35,27,False,202303
202303095452535,35,e1e8,11.0,True,94.0,110.0,4rrk1/5ppp/p1pb4/1p1n3q/3P2b1/1BP3P1/PP1N1PQP/R1B1R1K1,,,7,35,27,False,202303
202303095487452,35,d2e4,105.0,True,292.0,304.0,4rrk1/5ppp/p1pb4/1p1n3q/3P2b1/1BP3P1/PP1N1PQP/R1B1R1K1,,,7,35,27,False,202303
202303095603741,35,e1e8,2.0,True,250.0,269.0,4rrk1/5ppp/p1pb4/1p1n3q/3P2b1/1BP3P1/PP1N1PQP/R1B1R1K1,,,7,35,27,False,202303
202303078248742,35,d2e4,8.0,True,77.0,119.0,4rrk1/5ppp/p1pb4/1p1n3q/3P2b1/1BP3P1/PP1N1PQP/R1B1R1K1,,,7,35,27,False,202303
202303078393619,35,d2e4,5.0,True,39.0,66.0,4rrk1/5ppp/p1pb4/1p1n3q/3P2b1/1BP3P1/PP1N1PQP/R1B1R1K1,,,7,35,27,False,202303
202303027456893,35,e1e8,4.0,True,154.0,181.0,4rrk1/5ppp/p1pb4/1p1n3q/3P2b1/1BP3P1/PP1N1PQP/R1B1R1K1,,,7,35,27,False,202303
202303027784430,35,d2e4,38.0,True,142.0,184.0,4rrk1/5ppp/p1pb4/1p1n3q/3P2b1/1BP3P1/PP1N1PQP/R1B1R1K1,,,7,35,27,False,202303
202303043136189,35,e1f1,42.0,True,179.0,182.0,4rrk1/5ppp/p1pb4/1p1n3q/3P2b1/1BP3P1/PP1N1PQP/R1B1R1K1,,,7,35,27,False,202303
202303043907337,35,e1e8,55.0,True,1611.0,1622.0,4rrk1/5ppp/p1pb4/1p1n3q/3P2b1/1BP3P1/PP1N1PQP/R1B1R1K1,,,7,35,27,False,202303
202303043916807,35,d2e4,4.0,True,85.0,118.0,4rrk1/5ppp/p1pb4/1p1n3q/3P2b1/1BP3P1/PP1N1PQP/R1B1R1K1,,,7,35,27,False,202303
202303050169719,35,e1e8,1.0,True,38.0,49.0,4rrk1/5ppp/p1pb4/1p1n3q/3P2b1/1BP3P1/PP1N1PQP/R1B1R1K1,,,7,35,27,False,202303
202303050836226,35,e1e4,42.0,True,85.0,109.0,4rrk1/5ppp/p1pb4/1p1n3q/3P2b1/1BP3P1/PP1N1PQP/R1B1R1K1,,,7,35,27,False,202303
202303050882930,35,e1e8,4.0,True,70.0,113.0,4rrk1/5ppp/p1pb4/1p1n3q/3P2b1/1BP3P1/PP1N1PQP/R1B1R1K1,,,7,35,27,False,202303
202303088342335,35,d2e4,4.0,True,41.0,48.0,4rrk1/5ppp/p1pb4/1p1n3q/3P2b1/1BP3P1/PP1N1PQP/R1B1R1K1,,,7,35,27,False,202303
202303088417328,35,e1e4,54.0,True,440.0,532.0,4rrk1/5ppp/p1pb4/1p1n3q/3P2b1/1BP3P1/PP1N1PQP/R1B1R1K1,,,7,35,27,False,202303
202303088480360,35,g2f1,4.0,True,172.0,177.0,4rrk1/5ppp/p1pb4/1p1n3q/3P2b1/1BP3P1/PP1N1PQP/R1B1R1K1,,,7,35,27,False,202303
202303088695620,35,d2e4,2.0,True,21.0,53.0,4rrk1/5ppp/p1pb4/1p1n3q/3P2b1/1BP3P1/PP1N1PQP/R1B1R1K1,,,7,35,27,False,202303
202303088927496,35,e1e8,4.0,True,62.0,114.0,4rrk1/5ppp/p1pb4/1p1n3q/3P2b1/1BP3P1/PP1N1PQP/R1B1R1K1,,,7,35,27,False,202303
202303028915608,35,e1e8,53.0,True,173.0,185.0,4rrk1/5ppp/p1pb4/1p1n3q/3P2b1/1BP3P1/PP1N1PQP/R1B1R1K1,,,7,35,27,False,202303
202303100569411,35,d2e4,8.0,True,129.0,155.0,4rrk1/5ppp/p1pb4/1p1n3q/3P2b1/1BP3P1/PP1N1PQP/R1B1R1K1,,,7,35,27,False,202303
202303100715852,35,e1e8,21.0,True,104.0,124.0,4rrk1/5ppp/p1pb4/1p1n3q/3P2b1/1BP3P1/PP1N1PQP/R1B1R1K1,,,7,35,27,False,202303
202303071701156,35,g2f1,6.0,True,171.0,184.0,4rrk1/5ppp/p1pb4/1p1n3q/3P2b1/1BP3P1/PP1N1PQP/R1B1R1K1,,,7,35,27,False,202303
202303076106071,35,e1e8,10.0,True,141.0,162.0,4rrk1/5ppp/p1pb4/1p1n3q/3P2b1/1BP3P1/PP1N1PQP/R1B1R1K1,,,7,35,27,False,202303
202303017398171,35,e1e8,17.0,True,143.0,164.0,4rrk1/5ppp/p1pb4/1p1n3q/3P2b1/1BP3P1/PP1N1PQP/R1B1R1K1,,,7,35,27,False,202303
202303017431204,35,e1f1,32.0,True,35.0,163.0,4rrk1/5ppp/p1pb4/1p1n3q/3P2b1/1BP3P1/PP1N1PQP/R1B1R1K1,,,7,35,27,False,202303
202303017435205,35,e1f1,11.0,True,119.0,167.0,4rrk1/5ppp/p1pb4/1p1n3q/3P2b1/1BP3P1/PP1N1PQP/R1B1R1K1,,,7,35,27,False,202303
202303017690563,35,e1e4,75.0,True,157.0,301.0,4rrk1/5ppp/p1pb4/1p1n3q/3P2b1/1BP3P1/PP1N1PQP/R1B1R1K1,,,7,35,27,False,202303
202303053241516,35,e1f1,52.0,True,125.0,105.0,4rrk1/5ppp/p1pb4/1p1n3q/3P2b1/1BP3P1/PP1N1PQP/R1B1R1K1,,,7,35,27,False,202303
202303053463893,35,d2e4,2.0,True,146.0,165.0,4rrk1/5ppp/p1pb4/1p1n3q/3P2b1/1BP3P1/PP1N1PQP/R1B1R1K1,,,7,35,27,False,202303
202303010294808,35,e1e8,2.0,True,47.0,49.0,4rrk1/5ppp/p1pb4/1p1n3q/3P2b1/1BP3P1/PP1N1PQP/R1B1R1K1,,,7,35,27,False,202303
202303010947779,35,e1e8,3.0,True,101.0,112.0,4rrk1/5ppp/p1pb4/1p1n3q/3P2b1/1BP3P1/PP1N1PQP/R1B1R1K1,,,7,35,27,False,202303
202303089688549,35,e1f1,52.0,True,264.0,308.0,4rrk1/5ppp/p1pb4/1p1n3q/3P2b1/1BP3P1/PP1N1PQP/R1B1R1K1,,,7,35,27,False,202303
202303089799486,35,e1e8,40.0,True,101.0,112.0,4rrk1/5ppp/p1pb4/1p1n3q/3P2b1/1BP3P1/PP1N1PQP/R1B1R1K1,,,7,35,27,False,202303
202303089827383,35,e1e4,22.0,True,105.0,155.0,4rrk1/5ppp/p1pb4/1p1n3q/3P2b1/1BP3P1/PP1N1PQP/R1B1R1K1,,,5,35,27,False,202303
202303089878201,35,e1e8,5.0,True,529.0,494.0,4rrk1/5ppp/p1pb4/1p1n3q/3P2b1/1BP3P1/PP1N1PQP/R1B1R1K1,,,7,35,27,False,202303
202303075119505,35,e1e8,7.0,True,156.0,191.0,4rrk1/5ppp/p1pb4/1p1n3q/3P2b1/1BP3P1/PP1N1PQP/R1B1R1K1,,,7,35,27,False,202303
202303075571335,35,e1e8,59.0,True,166.0,187.0,4rrk1/5ppp/p1pb4/1p1n3q/3P2b1/1BP3P1/PP1N1PQP/R1B1R1K1,,,7,35,27,False,202303
202303096054912,35,e1f1,5.0,True,75.0,101.0,4rrk1/5ppp/p1pb4/1p1n3q/3P2b1/1BP3P1/PP1N1PQP/R1B1R1K1,,,7,35,27,False,202303
202303105002821,35,e1e4,14.0,True,223.0,260.0,4rrk1/5ppp/p1pb4/1p1n3q/3P2b1/1BP3P1/PP1N1PQP/R1B1R1K1,,,7,35,27,False,202303
202303105039759,35,e1e8,170.0,True,481.0,221.0,4rrk1/5ppp/p1pb4/1p1n3q/3P2b1/1BP3P1/PP1N1PQP/R1B1R1K1,,,7,35,27,False,202303
202303105597613,35,e1e8,47.0,True,119.0,158.0,4rrk1/5ppp/p1pb4/1p1n3q/3P2b1/1BP3P1/PP1N1PQP/R1B1R1K1,,,7,35,27,False,202303
202303105635446,35,e1e8,13.0,True,102.0,119.0,4rrk1/5ppp/p1pb4/1p1n3q/3P2b1/1BP3P1/PP1N1PQP/R1B1R1K1,,,7,35,27,False,202303
202303033397331,35,e1f1,30.0,True,154.0,195.0,4rrk1/5ppp/p1pb4/1p1n3q/3P2b1/1BP3P1/PP1N1PQP/R1B1R1K1,,,7,35,27,False,202303
202303098088310,35,d2e4,12.0,True,151.0,161.0,4rrk1/5ppp/p1pb4/1p1n3q/3P2b1/1BP3P1/PP1N1PQP/R1B1R1K1,,,7,35,27,False,202303
202303098810601,35,d2e4,85.0,True,431.0,560.0,4rrk1/5ppp/p1pb4/1p1n3q/3P2b1/1BP3P1/PP1N1PQP/R1B1R1K1,,,7,35,27,False,202303
202303098818685,35,e1e8,16.0,True,254.0,219.0,4rrk1/5ppp/p1pb4/1p1n3q/3P2b1/1BP3P1/PP1N1PQP/R1B1R1K1,,,7,35,27,False,202303
202303086303243,35,d2e4,3.0,True,50.0,50.0,4rrk1/5ppp/p1pb4/1p1n3q/3P2b1/1BP3P1/PP1N1PQP/R1B1R1K1,,,7,35,27,False,202303
202303086371544,35,e1e8,46.0,True,243.0,255.0,4rrk1/5ppp/p1pb4/1p1n3q/3P2b1/1BP3P1/PP1N1PQP/R1B1R1K1,,,7,35,27,False,202303
202303086452937,35,g2f1,12.0,True,105.0,124.0,4rrk1/5ppp/p1pb4/1p1n3q/3P2b1/1BP3P1/PP1N1PQP/R1B1R1K1,,,7,35,27,False,202303
202303086858430,35,d2e4,42.0,True,617.0,597.0,4rrk1/5ppp/p1pb4/1p1n3q/3P2b1/1BP3P1/PP1N1PQP/R1B1R1K1,,,7,35,27,False,202303
202303086976092,35,g2f1,34.0,True,117.0,156.0,4rrk1/5ppp/p1pb4/1p1n3q/3P2b1/1BP3P1/PP1N1PQP/R1B1R1K1,,,7,35,27,False,202303
202303034148518,35,e1e8,8.0,True,262.0,280.0,4rrk1/5ppp/p1pb4/1p1n3q/3P2b1/1BP3P1/PP1N1PQP/R1B1R1K1,,,7,35,27,False,202303
202303034217389,35,e1e8,4.0,True,513.0,596.0,4rrk1/5ppp/p1pb4/1p1n3q/3P2b1/1BP3P1/PP1N1PQP/R1B1R1K1,,,7,35,27,False,202303
202303094048773,35,g2f1,17.0,True,168.0,195.0,4rrk1/5ppp/p1pb4/1p1n3q/3P2b1/1BP3P1/PP1N1PQP/R1B1R1K1,,,7,35,27,False,202303
202303094589271,35,d2e4,48.0,True,153.0,178.0,4rrk1/5ppp/p1pb4/1p1n3q/3P2b1/1BP3P1/PP1N1PQP/R1B1R1K1,,,7,35,27,False,202303
202303094747863,35,e1f1,7.0,True,40.0,49.0,4rrk1/5ppp/p1pb4/1p1n3q/3P2b1/1BP3P1/PP1N1PQP/R1B1R1K1,,,7,35,27,False,202303
202303104179735,35,d2e4,2.0,True,39.0,47.0,4rrk1/5ppp/p1pb4/1p1n3q/3P2b1/1BP3P1/PP1N1PQP/R1B1R1K1,,,7,35,27,False,202303
202303044278127,35,e1e8,25.0,True,285.0,318.0,4rrk1/5ppp/p1pb4/1p1n3q/3P2b1/1BP3P1/PP1N1PQP/R1B1R1K1,,,7,35,27,False,202303
202303044372952,35,e1e8,39.0,True,257.0,243.0,4rrk1/5ppp/p1pb4/1p1n3q/3P2b1/1BP3P1/PP1N1PQP/R1B1R1K1,,,5,35,27,False,202303
202303044580115,35,e1e3,26.0,True,235.0,298.0,4rrk1/5ppp/p1pb4/1p1n3q/3P2b1/1BP3P1/PP1N1PQP/R1B1R1K1,,,7,35,27,False,202303
202303044807090,35,e1e8,86.0,True,305.0,336.0,4rrk1/5ppp/p1pb4/1p1n3q/3P2b1/1BP3P1/PP1N1PQP/R1B1R1K1,,,7,35,27,False,202303
202303044982107,35,e1e8,13.0,True,527.0,583.0,4rrk1/5ppp/p1pb4/1p1n3q/3P2b1/1BP3P1/PP1N1PQP/R1B1R1K1,,,7,35,27,False,202303
202303018188001,35,d2e4,12.0,True,119.0,152.0,4rrk1/5ppp/p1pb4/1p1n3q/3P2b1/1BP3P1/PP1N1PQP/R1B1R1K1,,,7,35,27,False,202303
202303018345000,35,e1f1,12.0,True,142.0,169.0,4rrk1/5ppp/p1pb4/1p1n3q/3P2b1/1BP3P1/PP1N1PQP/R1B1R1K1,,,7,35,27,False,202303
202303018373641,35,e1e8,10.0,True,578.0,643.0,4rrk1/5ppp/p1pb4/1p1n3q/3P2b1/1BP3P1/PP1N1PQP/R1B1R1K1,,,7,35,27,False,202303
202303018523430,35,e1e8,12.0,True,158.0,167.0,4rrk1/5ppp/p1pb4/1p1n3q/3P2b1/1BP3P1/PP1N1PQP/R1B1R1K1,,,7,35,27,False,202303
202303018841295,35,e1f1,39.0,True,144.0,158.0,4rrk1/5ppp/p1pb4/1p1n3q/3P2b1/1BP3P1/PP1N1PQP/R1B1R1K1,,,7,35,27,False,202303
202303099074434,35,e1f1,11.0,True,143.0,161.0,4rrk1/5ppp/p1pb4/1p1n3q/3P2b1/1BP3P1/PP1N1PQP/R1B1R1K1,,,7,35,27,False,202303
202303099125147,35,e1e8,44.0,True,249.0,233.0,4rrk1/5ppp/p1pb4/1p1n3q/3P2b1/1BP3P1/PP1N1PQP/R1B1R1K1,,,7,35,27,False,202303
202303099189236,35,d2e4,3.0,True,49.0,52.0,4rrk1/5ppp/p1pb4/1p1n3q/3P2b1/1BP3P1/PP1N1PQP/R1B1R1K1,,,7,35,27,False,202303
202303099751071,35,e1e4,7.0,True,181.0,197.0,4rrk1/5ppp/p1pb4/1p1n3q/3P2b1/1BP3P1/PP1N1PQP/R1B1R1K1,,,7,35,27,False,202303
202303054701488,35,e1e4,64.0,True,207.0,285.0,4rrk1/5ppp/p1pb4/1p1n3q/3P2b1/1BP3P1/PP1N1PQP/R1B1R1K1,,,7,35,27,False,202303
202303054753385,35,e1e8,5.0,True,267.0,282.0,4rrk1/5ppp/p1pb4/1p1n3q/3P2b1/1BP3P1/PP1N1PQP/R1B1R1K1,,,7,35,27,False,202303
202303016068908,35,d2e4,258.0,True,790.0,957.0,4rrk1/5ppp/p1pb4/1p1n3q/3P2b1/1BP3P1/PP1N1PQP/R1B1R1K1,,,7,35,27,False,202303
202303016230446,35,e1f1,8.0,True,132.0,165.0,4rrk1/5ppp/p1pb4/1p1n3q/3P2b1/1BP3P1/PP1N1PQP/R1B1R1K1,,,7,35,27,False,202303
202303016430595,35,e1e8,2.0,True,257.0,276.0,4rrk1/5ppp/p1pb4/1p1n3q/3P2b1/1BP3P1/PP1N1PQP/R1B1R1K1,,,7,35,27,False,202303
202303016975338,35,e1e8,14.0,True,251.0,313.0,4rrk1/5ppp/p1pb4/1p1n3q/3P2b1/1BP3P1/PP1N1PQP/R1B1R1K1,,,7,35,27,False,202303
202303072124282,35,g2f1,9.0,True,158.0,179.0,4rrk1/5ppp/p1pb4/1p1n3q/3P2b1/1BP3P1/PP1N1PQP/R1B1R1K1,,,7,35,27,False,202303
202303072219150,35,e1e8,16.0,True,268.0,326.0,4rrk1/5ppp/p1pb4/1p1n3q/3P2b1/1BP3P1/PP1N1PQP/R1B1R1K1,,,7,35,27,False,202303
202303072598437,35,e1e8,10.0,True,167.0,195.0,4rrk1/5ppp/p1pb4/1p1n3q/3P2b1/1BP3P1/PP1N1PQP/R1B1R1K1,,,7,35,27,False,202303
202303083336199,35,e1f1,14.0,True,163.0,190.0,4rrk1/5ppp/p1pb4/1p1n3q/3P2b1/1BP3P1/PP1N1PQP/R1B1R1K1,,,7,35,27,False,202303
202303083562149,35,e1e8,50.0,True,511.0,609.0,4rrk1/5ppp/p1pb4/1p1n3q/3P2b1/1BP3P1/PP1N1PQP/R1B1R1K1,,,7,35,27,False,202303
202303083653023,39,d2e4,1.0,True,41.0,41.0,4rrk1/5ppp/p1pb4/1p1n3q/3P2b1/1BP3P1/PP1N1PQP/R1B1R1K1,,,9,35,27,False,202303
202303030146925,35,f2f3,48.0,True,121.0,155.0,4rrk1/5ppp/p1pb4/1p1n3q/3P2b1/1BP3P1/PP1N1PQP/R1B1R1K1,,,7,35,27,False,202303
202303030573127,37,d2e4,16.0,True,713.0,945.0,4rrk1/5ppp/p1pb4/1p1n3q/3P2b1/1BP3P1/PP1N1PQP/R1B1R1K1,,,9,35,27,False,202303
202303030616943,35,e1e8,3.0,True,158.0,193.0,4rrk1/5ppp/p1pb4/1p1n3q/3P2b1/1BP3P1/PP1N1PQP/R1B1R1K1,,,7,35,27,False,202303
202303030647632,35,e1f1,22.0,True,554.0,567.0,4rrk1/5ppp/p1pb4/1p1n3q/3P2b1/1BP3P1/PP1N1PQP/R1B1R1K1,,,7,35,27,False,202303
202303030754877,35,e1e8,2.0,True,102.0,123.0,4rrk1/5ppp/p1pb4/1p1n3q/3P2b1/1BP3P1/PP1N1PQP/R1B1R1K1,,,7,35,27,False,202303
202303019355036,35,g2f1,14.0,True,85.0,122.0,4rrk1/5ppp/p1pb4/1p1n3q/3P2b1/1BP3P1/PP1N1PQP/R1B1R1K1,,,7,35,27,False,202303
202303019541464,35,e1e8,15.0,True,171.0,187.0,4rrk1/5ppp/p1pb4/1p1n3q/3P2b1/1BP3P1/PP1N1PQP/R1B1R1K1,,,7,35,27,False,202303
202303102131238,35,e1f1,32.0,True,233.0,303.0,4rrk1/5ppp/p1pb4/1p1n3q/3P2b1/1BP3P1/PP1N1PQP/R1B1R1K1,,,7,35,27,False,202303
202303102455882,35,e1e4,12.0,True,151.0,147.0,4rrk1/5ppp/p1pb4/1p1n3q/3P2b1/1BP3P1/PP1N1PQP/R1B1R1K1,,,7,35,27,False,202303
202303073496459,35,e1e8,41.0,True,161.0,185.0,4rrk1/5ppp/p1pb4/1p1n3q/3P2b1/1BP3P1/PP1N1PQP/R1B1R1K1,,,7,35,27,False,202303
202303073527669,35,e1f1,7.0,True,49.0,52.0,4rrk1/5ppp/p1pb4/1p1n3q/3P2b1/1BP3P1/PP1N1PQP/R1B1R1K1,,,7,35,27,False,202303
202303015105412,35,d2e4,82.0,True,566.0,538.0,4rrk1/5ppp/p1pb4/1p1n3q/3P2b1/1BP3P1/PP1N1PQP/R1B1R1K1,,,7,35,27,False,202303
202303015208849,35,e1f1,29.0,True,138.0,271.0,4rrk1/5ppp/p1pb4/1p1n3q/3P2b1/1BP3P1/PP1N1PQP/R1B1R1K1,,,7,35,27,False,202303
202303015214700,35,e1e8,91.0,True,152.0,170.0,4rrk1/5ppp/p1pb4/1p1n3q/3P2b1/1BP3P1/PP1N1PQP/R1B1R1K1,,,7,35,27,False,202303
202303015248792,35,e1f1,15.0,True,115.0,168.0,4rrk1/5ppp/p1pb4/1p1n3q/3P2b1/1BP3P1/PP1N1PQP/R1B1R1K1,,,7,35,27,False,202303
202303067336696,35,e1e8,18.0,True,108.0,190.0,4rrk1/5ppp/p1pb4/1p1n3q/3P2b1/1BP3P1/PP1N1PQP/R1B1R1K1,,,7,35,27,False,202303
202303067365551,35,e1f1,46.0,True,570.0,618.0,4rrk1/5ppp/p1pb4/1p1n3q/3P2b1/1BP3P1/PP1N1PQP/R1B1R1K1,,,7,35,27,False,202303
202303067946356,35,d2e4,7.0,True,56.0,51.0,4rrk1/5ppp/p1pb4/1p1n3q/3P2b1/1BP3P1/PP1N1PQP/R1B1R1K1,,,7,35,27,False,202303
202303026473747,35,e1e8,5.0,True,108.0,158.0,4rrk1/5ppp/p1pb4/1p1n3q/3P2b1/1BP3P1/PP1N1PQP/R1B1R1K1,,,7,35,27,False,202303
202303026473932,35,e1e8,77.0,True,582.0,658.0,4rrk1/5ppp/p1pb4/1p1n3q/3P2b1/1BP3P1/PP1N1PQP/R1B1R1K1,,,7,35,27,False,202303
202303026495928,35,g1f1,13.0,True,150.0,169.0,4rrk1/5ppp/p1pb4/1p1n3q/3P2b1/1BP3P1/PP1N1PQP/R1B1R1K1,,,7,35,27,False,202303
202303026647829,35,b3d5,24.0,True,92.0,122.0,4rrk1/5ppp/p1pb4/1p1n3q/3P2b1/1BP3P1/PP1N1PQP/R1B1R1K1,,,7,35,27,False,202303
202303026768942,35,g2f1,5.0,True,67.0,206.0,4rrk1/5ppp/p1pb4/1p1n3q/3P2b1/1BP3P1/PP1N1PQP/R1B1R1K1,,,7,35,27,False,202303
202303107000559,35,e1e8,38.0,True,519.0,569.0,4rrk1/5ppp/p1pb4/1p1n3q/3P2b1/1BP3P1/PP1N1PQP/R1B1R1K1,,,7,35,27,False,202303
202303107343354,35,e1e8,64.0,True,483.0,524.0,4rrk1/5ppp/p1pb4/1p1n3q/3P2b1/1BP3P1/PP1N1PQP/R1B1R1K1,,,7,35,27,False,202303
202303107346861,35,e1e8,43.0,True,260.0,304.0,4rrk1/5ppp/p1pb4/1p1n3q/3P2b1/1BP3P1/PP1N1PQP/R1B1R1K1,,,7,35,27,False,202303
202303107409410,35,g2f1,16.0,True,105.0,112.0,4rrk1/5ppp/p1pb4/1p1n3q/3P2b1/1BP3P1/PP1N1PQP/R1B1R1K1,,,7,35,27,False,202303
202303107748306,35,d2e4,48.0,True,211.0,283.0,4rrk1/5ppp/p1pb4/1p1n3q/3P2b1/1BP3P1/PP1N1PQP/R1B1R1K1,,,7,35,27,False,202303
202303079446751,35,e1f1,24.0,True,153.0,147.0,4rrk1/5ppp/p1pb4/1p1n3q/3P2b1/1BP3P1/PP1N1PQP/R1B1R1K1,,,7,35,27,False,202303
202303007430364,35,d2e4,3.0,True,58.0,65.0,4rrk1/5ppp/p1pb4/1p1n3q/3P2b1/1BP3P1/PP1N1PQP/R1B1R1K1,,,7,35,27,False,202303
202303024494380,35,d2e4,2.0,True,106.0,193.0,4rrk1/5ppp/p1pb4/1p1n3q/3P2b1/1BP3P1/PP1N1PQP/R1B1R1K1,,,7,35,27,False,202303
202303024503334,37,e1e8,10.0,True,61.0,109.0,4rrk1/5ppp/p1pb4/1p1n3q/3P2b1/1BP3P1/PP1N1PQP/R1B1R1K1,,,9,35,27,False,202303
202303024554288,35,e1e8,20.0,True,129.0,164.0,4rrk1/5ppp/p1pb4/1p1n3q/3P2b1/1BP3P1/PP1N1PQP/R1B1R1K1,,,7,35,27,False,202303
202303024600188,35,d2e4,29.0,True,267.0,276.0,4rrk1/5ppp/p1pb4/1p1n3q/3P2b1/1BP3P1/PP1N1PQP/R1B1R1K1,,,7,35,27,False,202303
202303024687553,35,e1e8,11.0,True,116.0,156.0,4rrk1/5ppp/p1pb4/1p1n3q/3P2b1/1BP3P1/PP1N1PQP/R1B1R1K1,,,7,35,27,False,202303
202303024746905,35,e1e8,34.0,True,143.0,158.0,4rrk1/5ppp/p1pb4/1p1n3q/3P2b1/1BP3P1/PP1N1PQP/R1B1R1K1,,,7,35,27,False,202303
202303045121114,35,e1e8,0.0,True,558.0,503.0,4rrk1/5ppp/p1pb4/1p1n3q/3P2b1/1BP3P1/PP1N1PQP/R1B1R1K1,,,7,35,27,False,202303
202303045342368,35,g2f1,19.0,True,114.0,106.0,4rrk1/5ppp/p1pb4/1p1n3q/3P2b1/1BP3P1/PP1N1PQP/R1B1R1K1,,,7,35,27,False,202303
202303045464639,35,e1f1,77.0,True,196.0,239.0,4rrk1/5ppp/p1pb4/1p1n3q/3P2b1/1BP3P1/PP1N1PQP/R1B1R1K1,,,5,35,27,False,202303
202303045958085,35,e1e8,6.0,True,42.0,53.0,4rrk1/5ppp/p1pb4/1p1n3q/3P2b1/1BP3P1/PP1N1PQP/R1B1R1K1,,,7,35,27,False,202303
202303052771616,35,e1e8,10.0,True,121.0,279.0,4rrk1/5ppp/p1pb4/1p1n3q/3P2b1/1BP3P1/PP1N1PQP/R1B1R1K1,,,7,35,27,False,202303
202303052920281,35,d2e4,2.0,True,127.0,70.0,4rrk1/5ppp/p1pb4/1p1n3q/3P2b1/1BP3P1/PP1N1PQP/R1B1R1K1,,,7,35,27,False,202303
202303066141208,35,d2e4,9.0,True,155.0,164.0,4rrk1/5ppp/p1pb4/1p1n3q/3P2b1/1BP3P1/PP1N1PQP/R1B1R1K1,,,7,35,27,False,202303
202303066780187,35,e1e4,5.0,True,183.0,197.0,4rrk1/5ppp/p1pb4/1p1n3q/3P2b1/1BP3P1/PP1N1PQP/R1B1R1K1,,,7,35,27,False,202303
202303041259511,35,e1f1,2.0,True,45.0,55.0,4rrk1/5ppp/p1pb4/1p1n3q/3P2b1/1BP3P1/PP1N1PQP/R1B1R1K1,,,7,35,27,False,202303
202303041743149,35,d2e4,11.0,True,96.0,98.0,4rrk1/5ppp/p1pb4/1p1n3q/3P2b1/1BP3P1/PP1N1PQP/R1B1R1K1,,,7,35,27,False,202303
202303037096242,35,e1e8,4.0,True,135.0,153.0,4rrk1/5ppp/p1pb4/1p1n3q/3P2b1/1BP3P1/PP1N1PQP/R1B1R1K1,,,7,35,27,False,202303
202303037155904,35,e1e8,8.0,True,41.0,49.0,4rrk1/5ppp/p1pb4/1p1n3q/3P2b1/1BP3P1/PP1N1PQP/R1B1R1K1,,,7,35,27,False,202303
202303037661122,35,e1f1,11.0,True,151.0,169.0,4rrk1/5ppp/p1pb4/1p1n3q/3P2b1/1BP3P1/PP1N1PQP/R1B1R1K1,,,7,35,27,False,202303
202303109084115,35,e1f1,10.0,True,157.0,180.0,4rrk1/5ppp/p1pb4/1p1n3q/3P2b1/1BP3P1/PP1N1PQP/R1B1R1K1,,,7,35,27,False,202303
202303013347565,35,d2e4,64.0,True,505.0,632.0,4rrk1/5ppp/p1pb4/1p1n3q/3P2b1/1BP3P1/PP1N1PQP/R1B1R1K1,,,7,35,27,False,202303
202303013473721,35,e1e8,20.0,True,78.0,119.0,4rrk1/5ppp/p1pb4/1p1n3q/3P2b1/1BP3P1/PP1N1PQP/R1B1R1K1,,,7,35,27,False,202303
202303013612656,35,e1e8,21.0,True,97.0,116.0,4rrk1/5ppp/p1pb4/1p1n3q/3P2b1/1BP3P1/PP1N1PQP/R1B1R1K1,,,7,35,27,False,202303
202303013661750,35,e1f1,10.0,True,90.0,119.0,4rrk1/5ppp/p1pb4/1p1n3q/3P2b1/1BP3P1/PP1N1PQP/R1B1R1K1,,,7,35,27,False,202303
202303013926353,35,e1f1,24.0,True,532.0,576.0,4rrk1/5ppp/p1pb4/1p1n3q/3P2b1/1BP3P1/PP1N1PQP/R1B1R1K1,,,7,35,27,False,202303
202303081211237,35,e1f1,57.0,True,162.0,160.0,4rrk1/5ppp/p1pb4/1p1n3q/3P2b1/1BP3P1/PP1N1PQP/R1B1R1K1,,,7,35,27,False,202303
202303081886489,35,e1e4,34.0,True,140.0,187.0,4rrk1/5ppp/p1pb4/1p1n3q/3P2b1/1BP3P1/PP1N1PQP/R1B1R1K1,,,7,35,27,False,202303
202303011193775,35,e1e8,3.0,True,76.0,110.0,4rrk1/5ppp/p1pb4/1p1n3q/3P2b1/1BP3P1/PP1N1PQP/R1B1R1K1,,,7,35,27,False,202303
202303046099055,35,e1e8,150.0,True,866.0,964.0,4rrk1/5ppp/p1pb4/1p1n3q/3P2b1/1BP3P1/PP1N1PQP/R1B1R1K1,,,7,35,27,False,202303
202303046510069,35,e1e8,23.0,True,155.0,180.0,4rrk1/5ppp/p1pb4/1p1n3q/3P2b1/1BP3P1/PP1N1PQP/R1B1R1K1,,,7,35,27,False,202303
202303046537062,35,d2e4,29.0,True,163.0,194.0,4rrk1/5ppp/p1pb4/1p1n3q/3P2b1/1BP3P1/PP1N1PQP/R1B1R1K1,,,7,35,27,False,202303
202303025048333,35,g2f1,7.0,True,123.0,123.0,4rrk1/5ppp/p1pb4/1p1n3q/3P2b1/1BP3P1/PP1N1PQP/R1B1R1K1,,,7,35,27,False,202303
202303025112825,35,e1e8,124.0,True,163.0,173.0,4rrk1/5ppp/p1pb4/1p1n3q/3P2b1/1BP3P1/PP1N1PQP/R1B1R1K1,,,7,35,27,False,202303
202303025121599,35,e1f1,6.0,True,80.0,111.0,4rrk1/5ppp/p1pb4/1p1n3q/3P2b1/1BP3P1/PP1N1PQP/R1B1R1K1,,,7,35,27,False,202303
202303025464301,35,g2f1,13.0,True,241.0,266.0,4rrk1/5ppp/p1pb4/1p1n3q/3P2b1/1BP3P1/PP1N1PQP/R1B1R1K1,,,7,35,27,False,202303
202304093038903,35,e1e8,9.0,True,12.0,148.0,4rrk1/5ppp/p1pb4/1p1n3q/3P2b1/1BP3P1/PP1N1PQP/R1B1R1K1,,,7,35,27,False,202304
202304093097610,35,e1e4,48.0,True,249.0,281.0,4rrk1/5ppp/p1pb4/1p1n3q/3P2b1/1BP3P1/PP1N1PQP/R1B1R1K1,,,7,35,27,False,202304
202304093721165,35,e1f1,18.0,True,130.0,169.0,4rrk1/5ppp/p1pb4/1p1n3q/3P2b1/1BP3P1/PP1N1PQP/R1B1R1K1,,,7,35,27,False,202304
202304070689580,35,e1e8,15.0,True,149.0,145.0,4rrk1/5ppp/p1pb4/1p1n3q/3P2b1/1BP3P1/PP1N1PQP/R1B1R1K1,,,7,35,27,False,202304
202304070777730,35,e1e8,20.0,True,83.0,158.0,4rrk1/5ppp/p1pb4/1p1n3q/3P2b1/1BP3P1/PP1N1PQP/R1B1R1K1,,,7,35,27,False,202304
202304070900226,35,e1e8,4.0,True,31.0,40.0,4rrk1/5ppp/p1pb4/1p1n3q/3P2b1/1BP3P1/PP1N1PQP/R1B1R1K1,,,7,35,27,False,202304
202304048297476,35,d2e4,10.0,True,107.0,200.0,4rrk1/5ppp/p1pb4/1p1n3q/3P2b1/1BP3P1/PP1N1PQP/R1B1R1K1,,,7,35,27,False,202304
202304048514409,35,e1e8,21.0,True,152.0,165.0,4rrk1/5ppp/p1pb4/1p1n3q/3P2b1/1BP3P1/PP1N1PQP/R1B1R1K1,,,7,35,27,False,202304
202304048709709,35,d2e4,21.0,True,143.0,165.0,4rrk1/5ppp/p1pb4/1p1n3q/3P2b1/1BP3P1/PP1N1PQP/R1B1R1K1,,,7,35,27,False,202304
202304048817190,35,e1e8,12.0,True,529.0,570.0,4rrk1/5ppp/p1pb4/1p1n3q/3P2b1/1BP3P1/PP1N1PQP/R1B1R1K1,,,7,35,27,False,202304
202304077177538,35,e1e8,13.0,True,173.0,194.0,4rrk1/5ppp/p1pb4/1p1n3q/3P2b1/1BP3P1/PP1N1PQP/R1B1R1K1,,,7,35,27,False,202304
202304077194854,35,e1f1,34.0,True,160.0,170.0,4rrk1/5ppp/p1pb4/1p1n3q/3P2b1/1BP3P1/PP1N1PQP/R1B1R1K1,,,7,35,27,False,202304
202304077346813,35,e1e8,22.0,True,171.0,193.0,4rrk1/5ppp/p1pb4/1p1n3q/3P2b1/1BP3P1/PP1N1PQP/R1B1R1K1,,,7,35,27,False,202304
202304077825996,35,e1e8,12.0,True,124.0,177.0,4rrk1/5ppp/p1pb4/1p1n3q/3P2b1/1BP3P1/PP1N1PQP/R1B1R1K1,,,7,35,27,False,202304
202304077908610,35,e1f1,73.0,True,235.0,273.0,4rrk1/5ppp/p1pb4/1p1n3q/3P2b1/1BP3P1/PP1N1PQP/R1B1R1K1,,,7,35,27,False,202304
202304077939174,35,e1e7,60.0,True,135.0,170.0,4rrk1/5ppp/p1pb4/1p1n3q/3P2b1/1BP3P1/PP1N1PQP/R1B1R1K1,,,7,35,27,False,202304
202304035090302,35,e1e4,10.0,True,255.0,226.0,4rrk1/5ppp/p1pb4/1p1n3q/3P2b1/1BP3P1/PP1N1PQP/R1B1R1K1,,,7,35,27,False,202304
202304035275645,35,e1e8,2.0,True,527.0,540.0,4rrk1/5ppp/p1pb4/1p1n3q/3P2b1/1BP3P1/PP1N1PQP/R1B1R1K1,,,7,35,27,False,202304
202304035499346,35,d2e4,4.0,True,99.0,101.0,4rrk1/5ppp/p1pb4/1p1n3q/3P2b1/1BP3P1/PP1N1PQP/R1B1R1K1,,,7,35,27,False,202304
202304035508072,35,e1e8,35.0,True,120.0,192.0,4rrk1/5ppp/p1pb4/1p1n3q/3P2b1/1BP3P1/PP1N1PQP/R1B1R1K1,,,7,35,27,False,202304
202304035606136,35,d2e4,74.0,True,134.0,145.0,4rrk1/5ppp/p1pb4/1p1n3q/3P2b1/1BP3P1/PP1N1PQP/R1B1R1K1,,,3,35,27,False,202304
202304032326469,35,e1e8,39.0,True,179.0,177.0,4rrk1/5ppp/p1pb4/1p1n3q/3P2b1/1BP3P1/PP1N1PQP/R1B1R1K1,,,3,35,27,False,202304
202304032444106,35,e1e4,31.0,True,273.0,316.0,4rrk1/5ppp/p1pb4/1p1n3q/3P2b1/1BP3P1/PP1N1PQP/R1B1R1K1,,,7,35,27,False,202304
202304032499585,35,e1e8,32.0,True,125.0,142.0,4rrk1/5ppp/p1pb4/1p1n3q/3P2b1/1BP3P1/PP1N1PQP/R1B1R1K1,,,7,35,27,False,202304
202304032587324,35,e1e8,13.0,True,37.0,46.0,4rrk1/5ppp/p1pb4/1p1n3q/3P2b1/1BP3P1/PP1N1PQP/R1B1R1K1,,,7,35,27,False,202304
202304032838630,35,e1e8,13.0,True,122.0,182.0,4rrk1/5ppp/p1pb4/1p1n3q/3P2b1/1BP3P1/PP1N1PQP/R1B1R1K1,,,7,35,27,False,202304
202304006461119,35,g2f1,32.0,True,604.0,588.0,4rrk1/5ppp/p1pb4/1p1n3q/3P2b1/1BP3P1/PP1N1PQP/R1B1R1K1,,,7,35,27,False,202304
202304006640423,35,d2e4,4.0,True,260.0,264.0,4rrk1/5ppp/p1pb4/1p1n3q/3P2b1/1BP3P1/PP1N1PQP/R1B1R1K1,,,7,35,27,False,202304
202304006655766,35,d2e4,2.0,True,41.0,47.0,4rrk1/5ppp/p1pb4/1p1n3q/3P2b1/1BP3P1/PP1N1PQP/R1B1R1K1,,,7,35,27,False,202304
202304006822162,35,e1f1,6.0,True,30.0,43.0,4rrk1/5ppp/p1pb4/1p1n3q/3P2b1/1BP3P1/PP1N1PQP/R1B1R1K1,,,7,35,27,False,202304
202304087307622,35,d2e4,6.0,True,106.0,168.0,4rrk1/5ppp/p1pb4/1p1n3q/3P2b1/1BP3P1/PP1N1PQP/R1B1R1K1,,,7,35,27,False,202304
202304087402895,35,e1e8,35.0,True,147.0,166.0,4rrk1/5ppp/p1pb4/1p1n3q/3P2b1/1BP3P1/PP1N1PQP/R1B1R1K1,,,7,35,27,False,202304
202304087686159,35,e1e8,11.0,True,138.0,105.0,4rrk1/5ppp/p1pb4/1p1n3q/3P2b1/1BP3P1/PP1N1PQP/R1B1R1K1,,,7,35,27,False,202304
202304087864384,35,e1e8,4.0,True,136.0,135.0,4rrk1/5ppp/p1pb4/1p1n3q/3P2b1/1BP3P1/PP1N1PQP/R1B1R1K1,,,7,35,27,False,202304
202304087864676,35,d2e4,8.0,True,50.0,45.0,4rrk1/5ppp/p1pb4/1p1n3q/3P2b1/1BP3P1/PP1N1PQP/R1B1R1K1,,,7,35,27,False,202304
202304065324610,35,e1e8,5.0,True,40.0,46.0,4rrk1/5ppp/p1pb4/1p1n3q/3P2b1/1BP3P1/PP1N1PQP/R1B1R1K1,,,7,35,27,False,202304
202304049309589,35,e1e8,51.0,True,549.0,583.0,4rrk1/5ppp/p1pb4/1p1n3q/3P2b1/1BP3P1/PP1N1PQP/R1B1R1K1,,,7,35,27,False,202304
202304001015668,35,e1f1,16.0,True,169.0,195.0,4rrk1/5ppp/p1pb4/1p1n3q/3P2b1/1BP3P1/PP1N1PQP/R1B1R1K1,,,7,35,27,False,202304
202304001171987,35,g1f1,33.0,True,138.0,197.0,4rrk1/5ppp/p1pb4/1p1n3q/3P2b1/1BP3P1/PP1N1PQP/R1B1R1K1,,,7,35,27,False,202304
202304001207280,35,e1e8,14.0,True,51.0,145.0,4rrk1/5ppp/p1pb4/1p1n3q/3P2b1/1BP3P1/PP1N1PQP/R1B1R1K1,,,7,35,27,False,202304
202304001737352,41,d2e4,13.0,True,124.0,145.0,4rrk1/5ppp/p1pb4/1p1n3q/3P2b1/1BP3P1/PP1N1PQP/R1B1R1K1,,,7,35,27,False,202304
202304090108795,35,e1e4,110.0,True,423.0,494.0,4rrk1/5ppp/p1pb4/1p1n3q/3P2b1/1BP3P1/PP1N1PQP/R1B1R1K1,,,7,35,27,False,202304
202304090492845,35,e1e8,14.0,True,109.0,120.0,4rrk1/5ppp/p1pb4/1p1n3q/3P2b1/1BP3P1/PP1N1PQP/R1B1R1K1,,,7,35,27,False,202304
202304061042727,35,e1f1,43.0,True,104.0,115.0,4rrk1/5ppp/p1pb4/1p1n3q/3P2b1/1BP3P1/PP1N1PQP/R1B1R1K1,,,7,35,27,False,202304
202304057403644,35,e1e8,102.0,True,180.0,190.0,4rrk1/5ppp/p1pb4/1p1n3q/3P2b1/1BP3P1/PP1N1PQP/R1B1R1K1,,,7,35,27,False,202304
202304057534839,35,g2f1,15.0,True,28.0,46.0,4rrk1/5ppp/p1pb4/1p1n3q/3P2b1/1BP3P1/PP1N1PQP/R1B1R1K1,,,7,35,27,False,202304
202304057728174,35,e1e8,50.0,True,73.0,122.0,4rrk1/5ppp/p1pb4/1p1n3q/3P2b1/1BP3P1/PP1N1PQP/R1B1R1K1,,,7,35,27,False,202304
202304057808065,35,e1e8,52.0,True,222.0,251.0,4rrk1/5ppp/p1pb4/1p1n3q/3P2b1/1BP3P1/PP1N1PQP/R1B1R1K1,,,7,35,27,False,202304
202304036117972,35,e1e8,12.0,True,104.0,118.0,4rrk1/5ppp/p1pb4/1p1n3q/3P2b1/1BP3P1/PP1N1PQP/R1B1R1K1,,,7,35,27,False,202304
202304036626821,37,e1e8,21.0,True,44.0,48.0,4rrk1/5ppp/p1pb4/1p1n3q/3P2b1/1BP3P1/PP1N1PQP/R1B1R1K1,,,7,35,27,False,202304
202304036805757,35,e1e8,8.0,True,242.0,270.0,4rrk1/5ppp/p1pb4/1p1n3q/3P2b1/1BP3P1/PP1N1PQP/R1B1R1K1,,,7,35,27,False,202304
202304036840390,35,e1f1,16.0,True,204.0,275.0,4rrk1/5ppp/p1pb4/1p1n3q/3P2b1/1BP3P1/PP1N1PQP/R1B1R1K1,,,7,35,27,False,202304
202304023631369,35,b3d5,34.0,True,306.0,316.0,4rrk1/5ppp/p1pb4/1p1n3q/3P2b1/1BP3P1/PP1N1PQP/R1B1R1K1,,,7,35,27,False,202304
202304085099557,35,e1e8,18.0,True,103.0,157.0,4rrk1/5ppp/p1pb4/1p1n3q/3P2b1/1BP3P1/PP1N1PQP/R1B1R1K1,,,7,35,27,False,202304
202304085120477,35,e1e8,4.0,True,101.0,116.0,4rrk1/5ppp/p1pb4/1p1n3q/3P2b1/1BP3P1/PP1N1PQP/R1B1R1K1,,,7,35,27,False,202304
202304009150086,35,d2e4,6.0,True,155.0,141.0,4rrk1/5ppp/p1pb4/1p1n3q/3P2b1/1BP3P1/PP1N1PQP/R1B1R1K1,,,7,35,27,False,202304
202304009308433,35,e1e8,17.0,True,83.0,100.0,4rrk1/5ppp/p1pb4/1p1n3q/3P2b1/1BP3P1/PP1N1PQP/R1B1R1K1,,,7,35,27,False,202304
202304009543681,35,g2f1,22.0,True,116.0,157.0,4rrk1/5ppp/p1pb4/1p1n3q/3P2b1/1BP3P1/PP1N1PQP/R1B1R1K1,,,7,35,27,False,202304
202304009543681,39,g2f1,2.0,True,92.0,139.0,4rrk1/5ppp/p1pb4/1p1n3q/3P2b1/1BP3P1/PP1N1PQP/R1B1R1K1,,,11,35,27,False,202304
202304009925246,35,d2e4,10.0,True,189.0,196.0,4rrk1/5ppp/p1pb4/1p1n3q/3P2b1/1BP3P1/PP1N1PQP/R1B1R1K1,,,7,35,27,False,202304
202304063056894,35,e1e8,5.0,True,265.0,255.0,4rrk1/5ppp/p1pb4/1p1n3q/3P2b1/1BP3P1/PP1N1PQP/R1B1R1K1,,,7,35,27,False,202304
202304063786666,35,e1e8,15.0,True,829.0,959.0,4rrk1/5ppp/p1pb4/1p1n3q/3P2b1/1BP3P1/PP1N1PQP/R1B1R1K1,,,7,35,27,False,202304
202304063934119,35,e1f1,87.0,True,264.0,305.0,4rrk1/5ppp/p1pb4/1p1n3q/3P2b1/1BP3P1/PP1N1PQP/R1B1R1K1,,,7,35,27,False,202304
202304063975206,35,e1e4,37.0,True,1202.0,1774.0,4rrk1/5ppp/p1pb4/1p1n3q/3P2b1/1BP3P1/PP1N1PQP/R1B1R1K1,,,7,35,27,False,202304
202304059154261,35,e1e8,34.0,True,152.0,163.0,4rrk1/5ppp/p1pb4/1p1n3q/3P2b1/1BP3P1/PP1N1PQP/R1B1R1K1,,,7,35,27,False,202304
202304059853633,35,g2f1,11.0,True,102.0,126.0,4rrk1/5ppp/p1pb4/1p1n3q/3P2b1/1BP3P1/PP1N1PQP/R1B1R1K1,,,7,35,27,False,202304
202304059865889,35,d2e4,23.0,True,132.0,155.0,4rrk1/5ppp/p1pb4/1p1n3q/3P2b1/1BP3P1/PP1N1PQP/R1B1R1K1,,,7,35,27,False,202304
202304074052052,35,e1e8,24.0,True,272.0,201.0,4rrk1/5ppp/p1pb4/1p1n3q/3P2b1/1BP3P1/PP1N1PQP/R1B1R1K1,,,7,35,27,False,202304
202304074440439,35,e1e8,10.0,True,87.0,83.0,4rrk1/5ppp/p1pb4/1p1n3q/3P2b1/1BP3P1/PP1N1PQP/R1B1R1K1,,,7,35,27,False,202304
202304074457796,35,g2f1,18.0,True,142.0,172.0,4rrk1/5ppp/p1pb4/1p1n3q/3P2b1/1BP3P1/PP1N1PQP/R1B1R1K1,,,7,35,27,False,202304
202304074809276,35,g2f1,38.0,True,187.0,189.0,4rrk1/5ppp/p1pb4/1p1n3q/3P2b1/1BP3P1/PP1N1PQP/R1B1R1K1,,,7,35,27,False,202304
202304074920762,35,e1e8,18.0,True,111.0,122.0,4rrk1/5ppp/p1pb4/1p1n3q/3P2b1/1BP3P1/PP1N1PQP/R1B1R1K1,,,7,35,27,False,202304
202304101408709,35,d2e4,10.0,True,133.0,160.0,4rrk1/5ppp/p1pb4/1p1n3q/3P2b1/1BP3P1/PP1N1PQP/R1B1R1K1,,,7,35,27,False,202304
202304101531668,35,g2f1,5.0,True,155.0,185.0,4rrk1/5ppp/p1pb4/1p1n3q/3P2b1/1BP3P1/PP1N1PQP/R1B1R1K1,,,7,35,27,False,202304
202304101623199,35,g2f1,26.0,True,134.0,160.0,4rrk1/5ppp/p1pb4/1p1n3q/3P2b1/1BP3P1/PP1N1PQP/R1B1R1K1,,,7,35,27,False,202304
202304101664222,35,d2e4,11.0,True,50.0,49.0,4rrk1/5ppp/p1pb4/1p1n3q/3P2b1/1BP3P1/PP1N1PQP/R1B1R1K1,,,7,35,27,False,202304
202304101931727,35,e1e8,2.0,True,183.0,193.0,4rrk1/5ppp/p1pb4/1p1n3q/3P2b1/1BP3P1/PP1N1PQP/R1B1R1K1,,,7,35,27,False,202304
202304040247814,35,d2e4,3.0,True,97.0,115.0,4rrk1/5ppp/p1pb4/1p1n3q/3P2b1/1BP3P1/PP1N1PQP/R1B1R1K1,,,7,35,27,False,202304
202304040588691,35,e1e4,39.0,True,59.0,104.0,4rrk1/5ppp/p1pb4/1p1n3q/3P2b1/1BP3P1/PP1N1PQP/R1B1R1K1,,,7,35,27,False,202304
202304040620700,35,g2f1,17.0,True,431.0,535.0,4rrk1/5ppp/p1pb4/1p1n3q/3P2b1/1BP3P1/PP1N1PQP/R1B1R1K1,,,7,35,27,False,202304
202304040650086,35,g2f1,65.0,True,265.0,279.0,4rrk1/5ppp/p1pb4/1p1n3q/3P2b1/1BP3P1/PP1N1PQP/R1B1R1K1,,,7,35,27,False,202304
202304040747779,35,e1e8,6.0,True,304.0,320.0,4rrk1/5ppp/p1pb4/1p1n3q/3P2b1/1BP3P1/PP1N1PQP/R1B1R1K1,,,7,35,27,False,202304
202304040933622,35,e1e8,7.0,True,9.0,256.0,4rrk1/5ppp/p1pb4/1p1n3q/3P2b1/1BP3P1/PP1N1PQP/R1B1R1K1,,,7,35,27,False,202304
202304021810868,35,e1e8,178.0,True,256.0,302.0,4rrk1/5ppp/p1pb4/1p1n3q/3P2b1/1BP3P1/PP1N1PQP/R1B1R1K1,,,7,35,27,False,202304
202304062007234,35,d2e4,7.0,True,243.0,277.0,4rrk1/5ppp/p1pb4/1p1n3q/3P2b1/1BP3P1/PP1N1PQP/R1B1R1K1,,,7,35,27,False,202304
202304062510900,35,e1e8,3.0,True,169.0,178.0,4rrk1/5ppp/p1pb4/1p1n3q/3P2b1/1BP3P1/PP1N1PQP/R1B1R1K1,,,7,35,27,False,202304
202304022053814,35,e1f1,11.0,True,1625.0,1567.0,4rrk1/5ppp/p1pb4/1p1n3q/3P2b1/1BP3P1/PP1N1PQP/R1B1R1K1,,,7,35,27,False,202304
202304022151421,35,e1e8,26.0,True,1729.0,1667.0,4rrk1/5ppp/p1pb4/1p1n3q/3P2b1/1BP3P1/PP1N1PQP/R1B1R1K1,,,7,35,27,False,202304
202304022163862,35,e1e8,136.0,True,255.0,296.0,4rrk1/5ppp/p1pb4/1p1n3q/3P2b1/1BP3P1/PP1N1PQP/R1B1R1K1,,,7,35,27,False,202304
202304022576734,35,e1f1,16.0,True,165.0,182.0,4rrk1/5ppp/p1pb4/1p1n3q/3P2b1/1BP3P1/PP1N1PQP/R1B1R1K1,,,7,35,27,False,202304
202304022620376,35,e1f1,3.0,True,145.0,166.0,4rrk1/5ppp/p1pb4/1p1n3q/3P2b1/1BP3P1/PP1N1PQP/R1B1R1K1,,,7,35,27,False,202304
202304042295934,35,g2f1,13.0,True,140.0,143.0,4rrk1/5ppp/p1pb4/1p1n3q/3P2b1/1BP3P1/PP1N1PQP/R1B1R1K1,,,7,35,27,False,202304
202304042361523,35,e1f1,17.0,True,113.0,159.0,4rrk1/5ppp/p1pb4/1p1n3q/3P2b1/1BP3P1/PP1N1PQP/R1B1R1K1,,,7,35,27,False,202304
202304042411537,35,e1e4,148.0,True,534.0,448.0,4rrk1/5ppp/p1pb4/1p1n3q/3P2b1/1BP3P1/PP1N1PQP/R1B1R1K1,,,7,35,27,False,202304
202304042622249,35,g1f1,10.0,True,252.0,273.0,4rrk1/5ppp/p1pb4/1p1n3q/3P2b1/1BP3P1/PP1N1PQP/R1B1R1K1,,,7,35,27,False,202304
202304038311064,35,e1e4,49.0,True,522.0,576.0,4rrk1/5ppp/p1pb4/1p1n3q/3P2b1/1BP3P1/PP1N1PQP/R1B1R1K1,,,7,35,27,False,202304
202304038342996,35,e1e8,8.0,True,305.0,307.0,4rrk1/5ppp/p1pb4/1p1n3q/3P2b1/1BP3P1/PP1N1PQP/R1B1R1K1,,,7,35,27,False,202304
202304039023199,35,e1e4,63.0,True,265.0,281.0,4rrk1/5ppp/p1pb4/1p1n3q/3P2b1/1BP3P1/PP1N1PQP/R1B1R1K1,,,7,35,27,False,202304
202304039234703,35,e1f1,68.0,True,396.0,541.0,4rrk1/5ppp/p1pb4/1p1n3q/3P2b1/1BP3P1/PP1N1PQP/R1B1R1K1,,,7,35,27,False,202304
202304039482419,35,e1e8,24.0,True,147.0,138.0,4rrk1/5ppp/p1pb4/1p1n3q/3P2b1/1BP3P1/PP1N1PQP/R1B1R1K1,,,7,35,27,False,202304
202304084071658,35,e1e3,37.0,True,237.0,328.0,4rrk1/5ppp/p1pb4/1p1n3q/3P2b1/1BP3P1/PP1N1PQP/R1B1R1K1,,,7,35,27,False,202304
202304084178788,35,e1e8,2.0,True,242.0,257.0,4rrk1/5ppp/p1pb4/1p1n3q/3P2b1/1BP3P1/PP1N1PQP/R1B1R1K1,,,7,35,27,False,202304
202304084899609,35,e1e8,3.0,True,122.0,140.0,4rrk1/5ppp/p1pb4/1p1n3q/3P2b1/1BP3P1/PP1N1PQP/R1B1R1K1,,,7,35,27,False,202304
202304080443605,35,d2e4,4.0,True,36.0,43.0,4rrk1/5ppp/p1pb4/1p1n3q/3P2b1/1BP3P1/PP1N1PQP/R1B1R1K1,,,7,35,27,False,202304
202304080665902,35,e1f1,7.0,True,152.0,164.0,4rrk1/5ppp/p1pb4/1p1n3q/3P2b1/1BP3P1/PP1N1PQP/R1B1R1K1,,,7,35,27,False,202304
202304080704530,35,e1e8,17.0,True,411.0,533.0,4rrk1/5ppp/p1pb4/1p1n3q/3P2b1/1BP3P1/PP1N1PQP/R1B1R1K1,,,7,35,27,False,202304
202304080895982,35,e1e8,12.0,True,123.0,158.0,4rrk1/5ppp/p1pb4/1p1n3q/3P2b1/1BP3P1/PP1N1PQP/R1B1R1K1,,,7,35,27,False,202304
202304051150580,35,e1f1,9.0,True,93.0,100.0,4rrk1/5ppp/p1pb4/1p1n3q/3P2b1/1BP3P1/PP1N1PQP/R1B1R1K1,,,7,35,27,False,202304
202304051180747,35,d2e4,33.0,True,243.0,267.0,4rrk1/5ppp/p1pb4/1p1n3q/3P2b1/1BP3P1/PP1N1PQP/R1B1R1K1,,,7,35,27,False,202304
202304051306944,35,d2e4,63.0,True,168.0,194.0,4rrk1/5ppp/p1pb4/1p1n3q/3P2b1/1BP3P1/PP1N1PQP/R1B1R1K1,,,7,35,27,False,202304
202304051412991,35,d2e4,9.0,True,100.0,105.0,4rrk1/5ppp/p1pb4/1p1n3q/3P2b1/1BP3P1/PP1N1PQP/R1B1R1K1,,,7,35,27,False,202304
202304051605180,35,e1e4,48.0,True,252.0,254.0,4rrk1/5ppp/p1pb4/1p1n3q/3P2b1/1BP3P1/PP1N1PQP/R1B1R1K1,,,7,35,27,False,202304
202304051953784,35,e1e8,3.0,True,172.0,173.0,4rrk1/5ppp/p1pb4/1p1n3q/3P2b1/1BP3P1/PP1N1PQP/R1B1R1K1,,,7,35,27,False,202304
202304069432676,35,e1e4,30.0,True,242.0,279.0,4rrk1/5ppp/p1pb4/1p1n3q/3P2b1/1BP3P1/PP1N1PQP/R1B1R1K1,,,7,35,27,False,202304
202304069935805,35,e1f1,11.0,True,149.0,157.0,4rrk1/5ppp/p1pb4/1p1n3q/3P2b1/1BP3P1/PP1N1PQP/R1B1R1K1,,,7,35,27,False,202304
202304082833308,35,e1f1,11.0,True,172.0,194.0,4rrk1/5ppp/p1pb4/1p1n3q/3P2b1/1BP3P1/PP1N1PQP/R1B1R1K1,,,7,35,27,False,202304
202304082981264,35,d2e4,22.0,True,141.0,139.0,4rrk1/5ppp/p1pb4/1p1n3q/3P2b1/1BP3P1/PP1N1PQP/R1B1R1K1,,,7,35,27,False,202304
202304003110610,35,b3d5,11.0,True,213.0,209.0,4rrk1/5ppp/p1pb4/1p1n3q/3P2b1/1BP3P1/PP1N1PQP/R1B1R1K1,,,7,35,27,False,202304
202304003244905,35,e1f1,8.0,True,158.0,179.0,4rrk1/5ppp/p1pb4/1p1n3q/3P2b1/1BP3P1/PP1N1PQP/R1B1R1K1,,,7,35,27,False,202304
202304003257225,35,e1f1,25.0,True,60.0,185.0,4rrk1/5ppp/p1pb4/1p1n3q/3P2b1/1BP3P1/PP1N1PQP/R1B1R1K1,,,7,35,27,False,202304
202304003523708,35,e1e8,22.0,True,502.0,505.0,4rrk1/5ppp/p1pb4/1p1n3q/3P2b1/1BP3P1/PP1N1PQP/R1B1R1K1,,,7,35,27,False,202304
202304055284882,35,e1e8,1.0,True,142.0,164.0,4rrk1/5ppp/p1pb4/1p1n3q/3P2b1/1BP3P1/PP1N1PQP/R1B1R1K1,,,7,35,27,False,202304
202304020095344,35,e1e8,21.0,True,520.0,684.0,4rrk1/5ppp/p1pb4/1p1n3q/3P2b1/1BP3P1/PP1N1PQP/R1B1R1K1,,,7,35,27,False,202304
202304020241528,35,e1e8,46.0,True,140.0,164.0,4rrk1/5ppp/p1pb4/1p1n3q/3P2b1/1BP3P1/PP1N1PQP/R1B1R1K1,,,7,35,27,False,202304
202304020356221,35,e1e8,6.0,True,175.0,191.0,4rrk1/5ppp/p1pb4/1p1n3q/3P2b1/1BP3P1/PP1N1PQP/R1B1R1K1,,,7,35,27,False,202304
202304020409278,35,e1e8,20.0,True,165.0,163.0,4rrk1/5ppp/p1pb4/1p1n3q/3P2b1/1BP3P1/PP1N1PQP/R1B1R1K1,,,7,35,27,False,202304
202304020503711,35,g1f1,9.0,True,82.0,109.0,4rrk1/5ppp/p1pb4/1p1n3q/3P2b1/1BP3P1/PP1N1PQP/R1B1R1K1,,,7,35,27,False,202304
202304004527106,35,d2e4,2.0,True,40.0,46.0,4rrk1/5ppp/p1pb4/1p1n3q/3P2b1/1BP3P1/PP1N1PQP/R1B1R1K1,,,7,35,27,False,202304
202304004532921,35,d2e4,46.0,True,187.0,305.0,4rrk1/5ppp/p1pb4/1p1n3q/3P2b1/1BP3P1/PP1N1PQP/R1B1R1K1,,,7,35,27,False,202304
202304004540342,35,e1e8,15.0,True,540.0,547.0,4rrk1/5ppp/p1pb4/1p1n3q/3P2b1/1BP3P1/PP1N1PQP/R1B1R1K1,,,7,35,27,False,202304
202304097246701,35,e1e8,27.0,True,168.0,197.0,4rrk1/5ppp/p1pb4/1p1n3q/3P2b1/1BP3P1/PP1N1PQP/R1B1R1K1,,,7,35,27,False,202304
202304097306600,35,e1f1,3.0,True,251.0,284.0,4rrk1/5ppp/p1pb4/1p1n3q/3P2b1/1BP3P1/PP1N1PQP/R1B1R1K1,,,7,35,27,False,202304
202304097383435,35,e1e8,18.0,True,259.0,271.0,4rrk1/5ppp/p1pb4/1p1n3q/3P2b1/1BP3P1/PP1N1PQP/R1B1R1K1,,,7,35,27,False,202304
202304097937436,35,e1e8,8.0,True,38.0,53.0,4rrk1/5ppp/p1pb4/1p1n3q/3P2b1/1BP3P1/PP1N1PQP/R1B1R1K1,,,7,35,27,False,202304
202304097950161,35,e1e8,45.0,True,136.0,152.0,4rrk1/5ppp/p1pb4/1p1n3q/3P2b1/1BP3P1/PP1N1PQP/R1B1R1K1,,,7,35,27,False,202304
202304031053745,35,e1e8,17.0,True,43.0,48.0,4rrk1/5ppp/p1pb4/1p1n3q/3P2b1/1BP3P1/PP1N1PQP/R1B1R1K1,,,7,35,27,False,202304
202304060254118,35,e1e8,14.0,True,171.0,188.0,4rrk1/5ppp/p1pb4/1p1n3q/3P2b1/1BP3P1/PP1N1PQP/R1B1R1K1,,,7,35,27,False,202304
202304060444234,35,e1f1,40.0,True,159.0,162.0,4rrk1/5ppp/p1pb4/1p1n3q/3P2b1/1BP3P1/PP1N1PQP/R1B1R1K1,,,7,35,27,False,202304
202304060502739,35,d2e4,4.0,True,131.0,165.0,4rrk1/5ppp/p1pb4/1p1n3q/3P2b1/1BP3P1/PP1N1PQP/R1B1R1K1,,,7,35,27,False,202304
202304060514858,35,e1f1,16.0,True,138.0,166.0,4rrk1/5ppp/p1pb4/1p1n3q/3P2b1/1BP3P1/PP1N1PQP/R1B1R1K1,,,7,35,27,False,202304
202304060548544,35,e1e8,3.0,True,18.0,24.0,4rrk1/5ppp/p1pb4/1p1n3q/3P2b1/1BP3P1/PP1N1PQP/R1B1R1K1,,,7,35,27,False,202304
202304060827914,35,e1f1,36.0,True,158.0,191.0,4rrk1/5ppp/p1pb4/1p1n3q/3P2b1/1BP3P1/PP1N1PQP/R1B1R1K1,,,7,35,27,False,202304
202304060842166,35,e1e4,5.0,True,146.0,157.0,4rrk1/5ppp/p1pb4/1p1n3q/3P2b1/1BP3P1/PP1N1PQP/R1B1R1K1,,,7,35,27,False,202304
202304056178640,35,e1e8,1.0,True,134.0,166.0,4rrk1/5ppp/p1pb4/1p1n3q/3P2b1/1BP3P1/PP1N1PQP/R1B1R1K1,,,7,35,27,False,202304
202304056185379,35,d2e4,9.0,True,315.0,273.0,4rrk1/5ppp/p1pb4/1p1n3q/3P2b1/1BP3P1/PP1N1PQP/R1B1R1K1,,,7,35,27,False,202304
202304056608972,35,e1e4,23.0,True,163.0,158.0,4rrk1/5ppp/p1pb4/1p1n3q/3P2b1/1BP3P1/PP1N1PQP/R1B1R1K1,,,7,35,27,False,202304
202304058034704,35,e1e8,36.0,True,173.0,193.0,4rrk1/5ppp/p1pb4/1p1n3q/3P2b1/1BP3P1/PP1N1PQP/R1B1R1K1,,,7,35,27,False,202304
202304058126369,35,e1e3,135.0,True,514.0,574.0,4rrk1/5ppp/p1pb4/1p1n3q/3P2b1/1BP3P1/PP1N1PQP/R1B1R1K1,,,7,35,27,False,202304
202304058151593,35,e1f1,26.0,True,166.0,197.0,4rrk1/5ppp/p1pb4/1p1n3q/3P2b1/1BP3P1/PP1N1PQP/R1B1R1K1,,,7,35,27,False,202304
202304058194297,35,e1e8,95.0,True,233.0,258.0,4rrk1/5ppp/p1pb4/1p1n3q/3P2b1/1BP3P1/PP1N1PQP/R1B1R1K1,,,7,35,27,False,202304
202304058358591,35,e1e8,9.0,True,39.0,50.0,4rrk1/5ppp/p1pb4/1p1n3q/3P2b1/1BP3P1/PP1N1PQP/R1B1R1K1,,,7,35,27,False,202304
202304068104035,35,e1e8,8.0,True,437.0,541.0,4rrk1/5ppp/p1pb4/1p1n3q/3P2b1/1BP3P1/PP1N1PQP/R1B1R1K1,,,7,35,27,False,202304
202304068329736,35,g2f1,10.0,True,111.0,133.0,4rrk1/5ppp/p1pb4/1p1n3q/3P2b1/1BP3P1/PP1N1PQP/R1B1R1K1,,,7,35,27,False,202304
202304068393296,35,e1e8,3.0,True,39.0,51.0,4rrk1/5ppp/p1pb4/1p1n3q/3P2b1/1BP3P1/PP1N1PQP/R1B1R1K1,,,7,35,27,False,202304
202304012411647,35,e1e8,11.0,True,139.0,153.0,4rrk1/5ppp/p1pb4/1p1n3q/3P2b1/1BP3P1/PP1N1PQP/R1B1R1K1,,,7,35,27,False,202304
202304095149952,35,d2e4,18.0,True,101.0,147.0,4rrk1/5ppp/p1pb4/1p1n3q/3P2b1/1BP3P1/PP1N1PQP/R1B1R1K1,,,7,35,27,False,202304
202304095335790,35,e1e8,34.0,True,169.0,198.0,4rrk1/5ppp/p1pb4/1p1n3q/3P2b1/1BP3P1/PP1N1PQP/R1B1R1K1,,,7,35,27,False,202304
202304095752135,35,e1e8,78.0,True,515.0,572.0,4rrk1/5ppp/p1pb4/1p1n3q/3P2b1/1BP3P1/PP1N1PQP/R1B1R1K1,,,7,35,27,False,202304
202304095852234,35,e1e8,14.0,True,170.0,119.0,4rrk1/5ppp/p1pb4/1p1n3q/3P2b1/1BP3P1/PP1N1PQP/R1B1R1K1,,,7,35,27,False,202304
202304078352926,35,e1e8,37.0,True,145.0,194.0,4rrk1/5ppp/p1pb4/1p1n3q/3P2b1/1BP3P1/PP1N1PQP/R1B1R1K1,,,7,35,27,False,202304
202304078527114,35,e1e8,14.0,True,168.0,159.0,4rrk1/5ppp/p1pb4/1p1n3q/3P2b1/1BP3P1/PP1N1PQP/R1B1R1K1,,,7,35,27,False,202304
202304078567557,35,e1e8,9.0,True,133.0,170.0,4rrk1/5ppp/p1pb4/1p1n3q/3P2b1/1BP3P1/PP1N1PQP/R1B1R1K1,,,7,35,27,False,202304
202304078657400,35,d2e4,43.0,True,248.0,329.0,4rrk1/5ppp/p1pb4/1p1n3q/3P2b1/1BP3P1/PP1N1PQP/R1B1R1K1,,,7,35,27,False,202304
202304078705428,35,e1e8,14.0,True,104.0,110.0,4rrk1/5ppp/p1pb4/1p1n3q/3P2b1/1BP3P1/PP1N1PQP/R1B1R1K1,,,7,35,27,False,202304
202304027021095,35,d2e4,2.0,True,48.0,55.0,4rrk1/5ppp/p1pb4/1p1n3q/3P2b1/1BP3P1/PP1N1PQP/R1B1R1K1,,,7,35,27,False,202304
202304027155833,35,e1e8,6.0,True,151.0,156.0,4rrk1/5ppp/p1pb4/1p1n3q/3P2b1/1BP3P1/PP1N1PQP/R1B1R1K1,,,7,35,27,False,202304
202304027212181,35,d2e4,2.0,True,129.0,133.0,4rrk1/5ppp/p1pb4/1p1n3q/3P2b1/1BP3P1/PP1N1PQP/R1B1R1K1,,,7,35,27,False,202304
202304027226056,35,g1f1,28.0,True,275.0,283.0,4rrk1/5ppp/p1pb4/1p1n3q/3P2b1/1BP3P1/PP1N1PQP/R1B1R1K1,,,7,35,27,False,202304
202304027565379,35,e1e8,5.0,True,112.0,123.0,4rrk1/5ppp/p1pb4/1p1n3q/3P2b1/1BP3P1/PP1N1PQP/R1B1R1K1,,,7,35,27,False,202304
202304043488459,35,d2e4,6.0,True,122.0,143.0,4rrk1/5ppp/p1pb4/1p1n3q/3P2b1/1BP3P1/PP1N1PQP/R1B1R1K1,,,5,35,27,False,202304
202304050273910,37,g2f1,13.0,True,135.0,144.0,4rrk1/5ppp/p1pb4/1p1n3q/3P2b1/1BP3P1/PP1N1PQP/R1B1R1K1,,,9,35,27,False,202304
202304050385065,35,e1e8,15.0,True,181.0,168.0,4rrk1/5ppp/p1pb4/1p1n3q/3P2b1/1BP3P1/PP1N1PQP/R1B1R1K1,,,7,35,27,False,202304
202304088283644,35,e1e8,6.0,True,92.0,161.0,4rrk1/5ppp/p1pb4/1p1n3q/3P2b1/1BP3P1/PP1N1PQP/R1B1R1K1,,,7,35,27,False,202304
202304088432428,35,e1e4,44.0,True,240.0,276.0,4rrk1/5ppp/p1pb4/1p1n3q/3P2b1/1BP3P1/PP1N1PQP/R1B1R1K1,,,5,35,27,False,202304
202304088475409,35,d2e4,39.0,True,294.0,317.0,4rrk1/5ppp/p1pb4/1p1n3q/3P2b1/1BP3P1/PP1N1PQP/R1B1R1K1,,,7,35,27,False,202304
202304088699210,35,e1e8,43.0,True,100.0,184.0,4rrk1/5ppp/p1pb4/1p1n3q/3P2b1/1BP3P1/PP1N1PQP/R1B1R1K1,,,7,35,27,False,202304
202304088916863,35,e1e4,42.0,True,122.0,185.0,4rrk1/5ppp/p1pb4/1p1n3q/3P2b1/1BP3P1/PP1N1PQP/R1B1R1K1,,,7,35,27,False,202304
202304028296762,35,e1e8,25.0,True,158.0,186.0,4rrk1/5ppp/p1pb4/1p1n3q/3P2b1/1BP3P1/PP1N1PQP/R1B1R1K1,,,7,35,27,False,202304
202304028735003,35,e1f1,19.0,True,270.0,273.0,4rrk1/5ppp/p1pb4/1p1n3q/3P2b1/1BP3P1/PP1N1PQP/R1B1R1K1,,,7,35,27,False,202304
202304100239640,35,e1f1,100.0,True,270.0,330.0,4rrk1/5ppp/p1pb4/1p1n3q/3P2b1/1BP3P1/PP1N1PQP/R1B1R1K1,,,7,35,27,False,202304
202304100880403,35,e1e8,65.0,True,483.0,580.0,4rrk1/5ppp/p1pb4/1p1n3q/3P2b1/1BP3P1/PP1N1PQP/R1B1R1K1,,,7,35,27,False,202304
202304071342369,35,e1e8,78.0,True,139.0,194.0,4rrk1/5ppp/p1pb4/1p1n3q/3P2b1/1BP3P1/PP1N1PQP/R1B1R1K1,,,7,35,27,False,202304
202304071428983,35,e1e4,28.0,True,176.0,189.0,4rrk1/5ppp/p1pb4/1p1n3q/3P2b1/1BP3P1/PP1N1PQP/R1B1R1K1,,,7,35,27,False,202304
202304071476098,35,e1e8,22.0,True,160.0,188.0,4rrk1/5ppp/p1pb4/1p1n3q/3P2b1/1BP3P1/PP1N1PQP/R1B1R1K1,,,7,35,27,False,202304
202304071646713,35,e1e8,19.0,True,83.0,120.0,4rrk1/5ppp/p1pb4/1p1n3q/3P2b1/1BP3P1/PP1N1PQP/R1B1R1K1,,,7,35,27,False,202304
202304076001248,35,e1e8,21.0,True,154.0,169.0,4rrk1/5ppp/p1pb4/1p1n3q/3P2b1/1BP3P1/PP1N1PQP/R1B1R1K1,,,7,35,27,False,202304
202304076087578,35,g2f1,40.0,True,283.0,560.0,4rrk1/5ppp/p1pb4/1p1n3q/3P2b1/1BP3P1/PP1N1PQP/R1B1R1K1,,,7,35,27,False,202304
202304076105989,35,g2f1,44.0,True,160.0,156.0,4rrk1/5ppp/p1pb4/1p1n3q/3P2b1/1BP3P1/PP1N1PQP/R1B1R1K1,,,7,35,27,False,202304
202304076155654,35,e1e4,114.0,True,167.0,151.0,4rrk1/5ppp/p1pb4/1p1n3q/3P2b1/1BP3P1/PP1N1PQP/R1B1R1K1,,,7,35,27,False,202304
202304076499230,35,e1e8,5.0,True,299.0,319.0,4rrk1/5ppp/p1pb4/1p1n3q/3P2b1/1BP3P1/PP1N1PQP/R1B1R1K1,,,7,35,27,False,202304
202304076965700,35,d2e4,0.0,True,157.0,168.0,4rrk1/5ppp/p1pb4/1p1n3q/3P2b1/1BP3P1/PP1N1PQP/R1B1R1K1,,,7,35,27,False,202304
202304017426819,35,e1e8,28.0,True,180.0,170.0,4rrk1/5ppp/p1pb4/1p1n3q/3P2b1/1BP3P1/PP1N1PQP/R1B1R1K1,,,7,35,27,False,202304
202304017430892,35,e1e8,9.0,True,270.0,326.0,4rrk1/5ppp/p1pb4/1p1n3q/3P2b1/1BP3P1/PP1N1PQP/R1B1R1K1,,,7,35,27,False,202304
202304017615147,35,e1f1,25.0,True,154.0,182.0,4rrk1/5ppp/p1pb4/1p1n3q/3P2b1/1BP3P1/PP1N1PQP/R1B1R1K1,,,7,35,27,False,202304
202304017720156,35,e1f1,37.0,True,265.0,326.0,4rrk1/5ppp/p1pb4/1p1n3q/3P2b1/1BP3P1/PP1N1PQP/R1B1R1K1,,,7,35,27,False,202304
202304017878835,35,e1e8,8.0,True,141.0,163.0,4rrk1/5ppp/p1pb4/1p1n3q/3P2b1/1BP3P1/PP1N1PQP/R1B1R1K1,,,7,35,27,False,202304
202304053014364,35,e1f1,1.0,True,148.0,164.0,4rrk1/5ppp/p1pb4/1p1n3q/3P2b1/1BP3P1/PP1N1PQP/R1B1R1K1,,,7,35,27,False,202304
202304053139500,35,e1e8,43.0,True,257.0,272.0,4rrk1/5ppp/p1pb4/1p1n3q/3P2b1/1BP3P1/PP1N1PQP/R1B1R1K1,,,7,35,27,False,202304
202304053316089,35,e1e8,29.0,True,140.0,160.0,4rrk1/5ppp/p1pb4/1p1n3q/3P2b1/1BP3P1/PP1N1PQP/R1B1R1K1,,,7,35,27,False,202304
202304047349047,35,e1e8,48.0,True,270.0,313.0,4rrk1/5ppp/p1pb4/1p1n3q/3P2b1/1BP3P1/PP1N1PQP/R1B1R1K1,,,7,35,27,False,202304
202304047440530,35,e1f1,18.0,True,141.0,148.0,4rrk1/5ppp/p1pb4/1p1n3q/3P2b1/1BP3P1/PP1N1PQP/R1B1R1K1,,,7,35,27,False,202304
202304010942976,35,e1e8,12.0,True,699.0,722.0,4rrk1/5ppp/p1pb4/1p1n3q/3P2b1/1BP3P1/PP1N1PQP/R1B1R1K1,,,7,35,27,False,202304
202304089647659,35,e1e8,2.0,True,36.0,52.0,4rrk1/5ppp/p1pb4/1p1n3q/3P2b1/1BP3P1/PP1N1PQP/R1B1R1K1,,,7,35,27,False,202304
202304089804930,35,d2e4,9.0,True,109.0,114.0,4rrk1/5ppp/p1pb4/1p1n3q/3P2b1/1BP3P1/PP1N1PQP/R1B1R1K1,,,7,35,27,False,202304
202304089821817,35,e1e8,31.0,True,98.0,104.0,4rrk1/5ppp/p1pb4/1p1n3q/3P2b1/1BP3P1/PP1N1PQP/R1B1R1K1,,,7,35,27,False,202304
202304089979967,35,e1e8,52.0,True,161.0,196.0,4rrk1/5ppp/p1pb4/1p1n3q/3P2b1/1BP3P1/PP1N1PQP/R1B1R1K1,,,7,35,27,False,202304
202304075638688,35,e1e8,12.0,True,236.0,261.0,4rrk1/5ppp/p1pb4/1p1n3q/3P2b1/1BP3P1/PP1N1PQP/R1B1R1K1,,,7,35,27,False,202304
202304075873437,35,e1f1,112.0,True,479.0,447.0,4rrk1/5ppp/p1pb4/1p1n3q/3P2b1/1BP3P1/PP1N1PQP/R1B1R1K1,,,7,35,27,False,202304
202304096395586,35,e1e8,10.0,True,83.0,118.0,4rrk1/5ppp/p1pb4/1p1n3q/3P2b1/1BP3P1/PP1N1PQP/R1B1R1K1,,,7,35,27,False,202304
202304096472549,35,e1e8,11.0,True,148.0,274.0,4rrk1/5ppp/p1pb4/1p1n3q/3P2b1/1BP3P1/PP1N1PQP/R1B1R1K1,,,7,35,27,False,202304
202304096765365,35,e1f1,12.0,True,48.0,59.0,4rrk1/5ppp/p1pb4/1p1n3q/3P2b1/1BP3P1/PP1N1PQP/R1B1R1K1,,,7,35,27,False,202304
202304033837307,35,e1f1,14.0,True,255.0,238.0,4rrk1/5ppp/p1pb4/1p1n3q/3P2b1/1BP3P1/PP1N1PQP/R1B1R1K1,,,7,35,27,False,202304
202304098054636,35,e1e8,65.0,True,203.0,284.0,4rrk1/5ppp/p1pb4/1p1n3q/3P2b1/1BP3P1/PP1N1PQP/R1B1R1K1,,,7,35,27,False,202304
202304098225775,35,b3d5,10.0,True,249.0,277.0,4rrk1/5ppp/p1pb4/1p1n3q/3P2b1/1BP3P1/PP1N1PQP/R1B1R1K1,,,7,35,27,False,202304
202304098582999,35,e1e8,3.0,True,74.0,162.0,4rrk1/5ppp/p1pb4/1p1n3q/3P2b1/1BP3P1/PP1N1PQP/R1B1R1K1,,,7,35,27,False,202304
202304098824960,35,e1e8,21.0,True,170.0,190.0,4rrk1/5ppp/p1pb4/1p1n3q/3P2b1/1BP3P1/PP1N1PQP/R1B1R1K1,,,7,35,27,False,202304
202304098909762,35,e1e8,3.0,True,254.0,256.0,4rrk1/5ppp/p1pb4/1p1n3q/3P2b1/1BP3P1/PP1N1PQP/R1B1R1K1,,,7,35,27,False,202304
202304086013167,37,d2e4,5.0,True,156.0,152.0,4rrk1/5ppp/p1pb4/1p1n3q/3P2b1/1BP3P1/PP1N1PQP/R1B1R1K1,,,7,35,27,False,202304
202304086305980,35,d2e4,4.0,True,98.0,117.0,4rrk1/5ppp/p1pb4/1p1n3q/3P2b1/1BP3P1/PP1N1PQP/R1B1R1K1,,,7,35,27,False,202304
202304086535840,35,e1e8,24.0,True,171.0,185.0,4rrk1/5ppp/p1pb4/1p1n3q/3P2b1/1BP3P1/PP1N1PQP/R1B1R1K1,,,7,35,27,False,202304
202304086869015,35,e1e8,6.0,True,137.0,153.0,4rrk1/5ppp/p1pb4/1p1n3q/3P2b1/1BP3P1/PP1N1PQP/R1B1R1K1,,,7,35,27,False,202304
202304086970168,35,e1e8,21.0,True,122.0,20.0,4rrk1/5ppp/p1pb4/1p1n3q/3P2b1/1BP3P1/PP1N1PQP/R1B1R1K1,,,7,35,27,False,202304
202304094096289,35,e1e8,10.0,True,139.0,162.0,4rrk1/5ppp/p1pb4/1p1n3q/3P2b1/1BP3P1/PP1N1PQP/R1B1R1K1,,,7,35,27,False,202304
202304094252737,35,d2e4,9.0,True,248.0,218.0,4rrk1/5ppp/p1pb4/1p1n3q/3P2b1/1BP3P1/PP1N1PQP/R1B1R1K1,,,7,35,27,False,202304
202304094464557,35,e1f1,30.0,True,136.0,195.0,4rrk1/5ppp/p1pb4/1p1n3q/3P2b1/1BP3P1/PP1N1PQP/R1B1R1K1,,,7,35,27,False,202304
202304094662919,35,g1f1,24.0,True,76.0,111.0,4rrk1/5ppp/p1pb4/1p1n3q/3P2b1/1BP3P1/PP1N1PQP/R1B1R1K1,,,7,35,27,False,202304
202304094757306,35,d2e4,4.0,True,41.0,47.0,4rrk1/5ppp/p1pb4/1p1n3q/3P2b1/1BP3P1/PP1N1PQP/R1B1R1K1,,,7,35,27,False,202304
202304092256134,35,e1e8,75.0,True,164.0,151.0,4rrk1/5ppp/p1pb4/1p1n3q/3P2b1/1BP3P1/PP1N1PQP/R1B1R1K1,,,7,35,27,False,202304
202304092268862,35,e1e8,20.0,True,152.0,181.0,4rrk1/5ppp/p1pb4/1p1n3q/3P2b1/1BP3P1/PP1N1PQP/R1B1R1K1,,,7,35,27,False,202304
202304092404810,35,e1f1,9.0,True,136.0,161.0,4rrk1/5ppp/p1pb4/1p1n3q/3P2b1/1BP3P1/PP1N1PQP/R1B1R1K1,,,7,35,27,False,202304
202304092772305,35,g2f1,77.0,True,96.0,122.0,4rrk1/5ppp/p1pb4/1p1n3q/3P2b1/1BP3P1/PP1N1PQP/R1B1R1K1,,,7,35,27,False,202304
202304044278104,35,e1f1,36.0,True,527.0,578.0,4rrk1/5ppp/p1pb4/1p1n3q/3P2b1/1BP3P1/PP1N1PQP/R1B1R1K1,,,7,35,27,False,202304
202304044772573,35,e1e8,44.0,True,118.0,161.0,4rrk1/5ppp/p1pb4/1p1n3q/3P2b1/1BP3P1/PP1N1PQP/R1B1R1K1,,,7,35,27,False,202304
202304018142302,35,e1e8,5.0,True,131.0,131.0,4rrk1/5ppp/p1pb4/1p1n3q/3P2b1/1BP3P1/PP1N1PQP/R1B1R1K1,,,7,35,27,False,202304
202304018532830,35,e1f1,24.0,True,140.0,154.0,4rrk1/5ppp/p1pb4/1p1n3q/3P2b1/1BP3P1/PP1N1PQP/R1B1R1K1,,,7,35,27,False,202304
202304099362583,35,e1f1,75.0,True,123.0,168.0,4rrk1/5ppp/p1pb4/1p1n3q/3P2b1/1BP3P1/PP1N1PQP/R1B1R1K1,,,7,35,27,False,202304
202304054113285,35,e1f1,63.0,True,143.0,147.0,4rrk1/5ppp/p1pb4/1p1n3q/3P2b1/1BP3P1/PP1N1PQP/R1B1R1K1,,,7,35,27,False,202304
202304054464805,35,e1e8,6.0,True,259.0,279.0,4rrk1/5ppp/p1pb4/1p1n3q/3P2b1/1BP3P1/PP1N1PQP/R1B1R1K1,,,7,35,27,False,202304
202304054893303,35,e1e8,11.0,True,162.0,166.0,4rrk1/5ppp/p1pb4/1p1n3q/3P2b1/1BP3P1/PP1N1PQP/R1B1R1K1,,,7,35,27,False,202304
202304016283693,35,e1e8,15.0,True,246.0,282.0,4rrk1/5ppp/p1pb4/1p1n3q/3P2b1/1BP3P1/PP1N1PQP/R1B1R1K1,,,7,35,27,False,202304
202304016532550,35,g2f1,38.0,True,623.0,648.0,4rrk1/5ppp/p1pb4/1p1n3q/3P2b1/1BP3P1/PP1N1PQP/R1B1R1K1,,,7,35,27,False,202304
202304072154831,35,e1e8,33.0,True,301.0,283.0,4rrk1/5ppp/p1pb4/1p1n3q/3P2b1/1BP3P1/PP1N1PQP/R1B1R1K1,,,7,35,27,False,202304
202304072165976,35,f2f3,11.0,True,31.0,51.0,4rrk1/5ppp/p1pb4/1p1n3q/3P2b1/1BP3P1/PP1N1PQP/R1B1R1K1,,,7,35,27,False,202304
202304083507048,35,e1e4,26.0,True,121.0,149.0,4rrk1/5ppp/p1pb4/1p1n3q/3P2b1/1BP3P1/PP1N1PQP/R1B1R1K1,,,7,35,27,False,202304
202304083727016,35,b3d5,14.0,True,239.0,280.0,4rrk1/5ppp/p1pb4/1p1n3q/3P2b1/1BP3P1/PP1N1PQP/R1B1R1K1,,,7,35,27,False,202304
202304030094891,35,e1e8,350.0,True,1397.0,1637.0,4rrk1/5ppp/p1pb4/1p1n3q/3P2b1/1BP3P1/PP1N1PQP/R1B1R1K1,,,7,35,27,False,202304
202304030341156,35,e1e8,10.0,True,242.0,246.0,4rrk1/5ppp/p1pb4/1p1n3q/3P2b1/1BP3P1/PP1N1PQP/R1B1R1K1,,,7,35,27,False,202304
202304030563612,35,d2e4,13.0,True,140.0,191.0,4rrk1/5ppp/p1pb4/1p1n3q/3P2b1/1BP3P1/PP1N1PQP/R1B1R1K1,,,7,35,27,False,202304
202304030858700,35,d2e4,11.0,True,225.0,308.0,4rrk1/5ppp/p1pb4/1p1n3q/3P2b1/1BP3P1/PP1N1PQP/R1B1R1K1,,,7,35,27,False,202304
202304019443568,35,g2f1,8.0,True,165.0,156.0,4rrk1/5ppp/p1pb4/1p1n3q/3P2b1/1BP3P1/PP1N1PQP/R1B1R1K1,,,7,35,27,False,202304
202304019588721,35,g2f1,34.0,True,200.0,285.0,4rrk1/5ppp/p1pb4/1p1n3q/3P2b1/1BP3P1/PP1N1PQP/R1B1R1K1,,,7,35,27,False,202304
202304019615845,35,e1f1,61.0,True,148.0,184.0,4rrk1/5ppp/p1pb4/1p1n3q/3P2b1/1BP3P1/PP1N1PQP/R1B1R1K1,,,7,35,27,False,202304
202304019615845,39,e1e8,31.0,True,86.0,169.0,4rrk1/5ppp/p1pb4/1p1n3q/3P2b1/1BP3P1/PP1N1PQP/R1B1R1K1,,,11,35,27,False,202304
202304019647373,35,e1e8,101.0,True,535.0,546.0,4rrk1/5ppp/p1pb4/1p1n3q/3P2b1/1BP3P1/PP1N1PQP/R1B1R1K1,,,7,35,27,False,202304
202304102354450,35,e1e8,29.0,True,129.0,160.0,4rrk1/5ppp/p1pb4/1p1n3q/3P2b1/1BP3P1/PP1N1PQP/R1B1R1K1,,,7,35,27,False,202304
202304102638104,35,d2e4,19.0,True,138.0,155.0,4rrk1/5ppp/p1pb4/1p1n3q/3P2b1/1BP3P1/PP1N1PQP/R1B1R1K1,,,7,35,27,False,202304
202304073998854,35,e1e4,107.0,True,542.0,457.0,4rrk1/5ppp/p1pb4/1p1n3q/3P2b1/1BP3P1/PP1N1PQP/R1B1R1K1,,,7,35,27,False,202304
202304073999846,35,e1e8,1.0,True,46.0,54.0,4rrk1/5ppp/p1pb4/1p1n3q/3P2b1/1BP3P1/PP1N1PQP/R1B1R1K1,,,7,35,27,False,202304
202304015308614,35,e1f1,8.0,True,160.0,167.0,4rrk1/5ppp/p1pb4/1p1n3q/3P2b1/1BP3P1/PP1N1PQP/R1B1R1K1,,,7,35,27,False,202304
202304015370988,35,e1e8,4.0,True,110.0,169.0,4rrk1/5ppp/p1pb4/1p1n3q/3P2b1/1BP3P1/PP1N1PQP/R1B1R1K1,,,7,35,27,False,202304
202304015575855,35,d2f3,153.0,True,908.0,950.0,4rrk1/5ppp/p1pb4/1p1n3q/3P2b1/1BP3P1/PP1N1PQP/R1B1R1K1,,,7,35,27,False,202304
202304015896763,35,e1f1,46.0,True,436.0,445.0,4rrk1/5ppp/p1pb4/1p1n3q/3P2b1/1BP3P1/PP1N1PQP/R1B1R1K1,,,7,35,27,False,202304
202304067440971,35,e1f1,125.0,True,227.0,285.0,4rrk1/5ppp/p1pb4/1p1n3q/3P2b1/1BP3P1/PP1N1PQP/R1B1R1K1,,,7,35,27,False,202304
202304067606616,35,d2e4,56.0,True,519.0,561.0,4rrk1/5ppp/p1pb4/1p1n3q/3P2b1/1BP3P1/PP1N1PQP/R1B1R1K1,,,7,35,27,False,202304
202304067611186,35,e1f1,130.0,True,232.0,307.0,4rrk1/5ppp/p1pb4/1p1n3q/3P2b1/1BP3P1/PP1N1PQP/R1B1R1K1,,,7,35,27,False,202304
202304026035144,35,e1e8,9.0,True,269.0,281.0,4rrk1/5ppp/p1pb4/1p1n3q/3P2b1/1BP3P1/PP1N1PQP/R1B1R1K1,,,7,35,27,False,202304
202304026275155,35,e1e8,9.0,True,617.0,638.0,4rrk1/5ppp/p1pb4/1p1n3q/3P2b1/1BP3P1/PP1N1PQP/R1B1R1K1,,,7,35,27,False,202304
202304026369549,35,e1e8,19.0,True,128.0,154.0,4rrk1/5ppp/p1pb4/1p1n3q/3P2b1/1BP3P1/PP1N1PQP/R1B1R1K1,,,7,35,27,False,202304
202304026528159,35,e1e8,6.0,True,272.0,279.0,4rrk1/5ppp/p1pb4/1p1n3q/3P2b1/1BP3P1/PP1N1PQP/R1B1R1K1,,,7,35,27,False,202304
202304026870224,35,e1e8,29.0,True,190.0,197.0,4rrk1/5ppp/p1pb4/1p1n3q/3P2b1/1BP3P1/PP1N1PQP/R1B1R1K1,,,7,35,27,False,202304
202304079214033,35,g1f1,17.0,True,137.0,153.0,4rrk1/5ppp/p1pb4/1p1n3q/3P2b1/1BP3P1/PP1N1PQP/R1B1R1K1,,,7,35,27,False,202304
202304079253507,35,e1e8,110.0,True,980.0,986.0,4rrk1/5ppp/p1pb4/1p1n3q/3P2b1/1BP3P1/PP1N1PQP/R1B1R1K1,,,7,35,27,False,202304
202304079507398,35,e1f1,26.0,True,124.0,159.0,4rrk1/5ppp/p1pb4/1p1n3q/3P2b1/1BP3P1/PP1N1PQP/R1B1R1K1,,,7,35,27,False,202304
202304079602761,35,e1e8,8.0,True,127.0,184.0,4rrk1/5ppp/p1pb4/1p1n3q/3P2b1/1BP3P1/PP1N1PQP/R1B1R1K1,,,7,35,27,False,202304
202304079639848,35,e1e8,11.0,True,40.0,113.0,4rrk1/5ppp/p1pb4/1p1n3q/3P2b1/1BP3P1/PP1N1PQP/R1B1R1K1,,,7,35,27,False,202304
202304079759323,35,e1e8,4.0,True,258.0,258.0,4rrk1/5ppp/p1pb4/1p1n3q/3P2b1/1BP3P1/PP1N1PQP/R1B1R1K1,,,7,35,27,False,202304
202304002413560,35,e1f1,33.0,True,103.0,157.0,4rrk1/5ppp/p1pb4/1p1n3q/3P2b1/1BP3P1/PP1N1PQP/R1B1R1K1,,,7,35,27,False,202304
202304002645859,35,e1e8,1.0,True,89.0,112.0,4rrk1/5ppp/p1pb4/1p1n3q/3P2b1/1BP3P1/PP1N1PQP/R1B1R1K1,,,7,35,27,False,202304
202304014018568,35,e1f1,4.0,True,187.0,194.0,4rrk1/5ppp/p1pb4/1p1n3q/3P2b1/1BP3P1/PP1N1PQP/R1B1R1K1,,,7,35,27,False,202304
202304014193379,35,e1e8,97.0,True,628.0,641.0,4rrk1/5ppp/p1pb4/1p1n3q/3P2b1/1BP3P1/PP1N1PQP/R1B1R1K1,,,7,35,27,False,202304
202304014778737,35,e1e8,160.0,True,450.0,542.0,4rrk1/5ppp/p1pb4/1p1n3q/3P2b1/1BP3P1/PP1N1PQP/R1B1R1K1,,,7,35,27,False,202304
202304007516544,35,d2e4,18.0,True,143.0,154.0,4rrk1/5ppp/p1pb4/1p1n3q/3P2b1/1BP3P1/PP1N1PQP/R1B1R1K1,,,7,35,27,False,202304
202304007844034,35,d2e4,2.0,True,44.0,54.0,4rrk1/5ppp/p1pb4/1p1n3q/3P2b1/1BP3P1/PP1N1PQP/R1B1R1K1,,,7,35,27,False,202304
202304007901651,35,e1e8,10.0,True,123.0,125.0,4rrk1/5ppp/p1pb4/1p1n3q/3P2b1/1BP3P1/PP1N1PQP/R1B1R1K1,,,7,35,27,False,202304
202304024021472,35,g1f1,88.0,True,479.0,553.0,4rrk1/5ppp/p1pb4/1p1n3q/3P2b1/1BP3P1/PP1N1PQP/R1B1R1K1,,,7,35,27,False,202304
202304045487774,35,e1e8,39.0,True,143.0,251.0,4rrk1/5ppp/p1pb4/1p1n3q/3P2b1/1BP3P1/PP1N1PQP/R1B1R1K1,,,7,35,27,False,202304
202304045987640,35,e1e4,14.0,True,78.0,47.0,4rrk1/5ppp/p1pb4/1p1n3q/3P2b1/1BP3P1/PP1N1PQP/R1B1R1K1,,,7,35,27,False,202304
202304052006804,35,d2e4,11.0,True,153.0,158.0,4rrk1/5ppp/p1pb4/1p1n3q/3P2b1/1BP3P1/PP1N1PQP/R1B1R1K1,,,7,35,27,False,202304
202304052142802,35,e1e8,11.0,True,183.0,314.0,4rrk1/5ppp/p1pb4/1p1n3q/3P2b1/1BP3P1/PP1N1PQP/R1B1R1K1,,,7,35,27,False,202304
202304052220293,35,e1e8,21.0,True,156.0,139.0,4rrk1/5ppp/p1pb4/1p1n3q/3P2b1/1BP3P1/PP1N1PQP/R1B1R1K1,,,7,35,27,False,202304
202304052598242,35,e1e8,17.0,True,244.0,278.0,4rrk1/5ppp/p1pb4/1p1n3q/3P2b1/1BP3P1/PP1N1PQP/R1B1R1K1,,,7,35,27,False,202304
202304008853447,35,e1f1,4.0,True,547.0,542.0,4rrk1/5ppp/p1pb4/1p1n3q/3P2b1/1BP3P1/PP1N1PQP/R1B1R1K1,,,7,35,27,False,202304
202304066573133,35,e1e8,27.0,True,256.0,324.0,4rrk1/5ppp/p1pb4/1p1n3q/3P2b1/1BP3P1/PP1N1PQP/R1B1R1K1,,,7,35,27,False,202304
202304066937790,35,e1f1,10.0,True,145.0,158.0,4rrk1/5ppp/p1pb4/1p1n3q/3P2b1/1BP3P1/PP1N1PQP/R1B1R1K1,,,7,35,27,False,202304
202304064038679,35,e1f1,37.0,True,709.0,751.0,4rrk1/5ppp/p1pb4/1p1n3q/3P2b1/1BP3P1/PP1N1PQP/R1B1R1K1,,,7,35,27,False,202304
202304064038679,43,e1f1,4.0,True,659.0,525.0,4rrk1/5ppp/p1pb4/1p1n3q/3P2b1/1BP3P1/PP1N1PQP/R1B1R1K1,,,15,35,27,False,202304
202304064307955,35,e1e4,22.0,True,262.0,299.0,4rrk1/5ppp/p1pb4/1p1n3q/3P2b1/1BP3P1/PP1N1PQP/R1B1R1K1,,,7,35,27,False,202304
202304064382267,35,e1e8,13.0,True,162.0,162.0,4rrk1/5ppp/p1pb4/1p1n3q/3P2b1/1BP3P1/PP1N1PQP/R1B1R1K1,,,7,35,27,False,202304
202304041802595,35,e1e8,8.0,True,309.0,328.0,4rrk1/5ppp/p1pb4/1p1n3q/3P2b1/1BP3P1/PP1N1PQP/R1B1R1K1,,,7,35,27,False,202304
202304037120307,35,d2e4,6.0,True,39.0,32.0,4rrk1/5ppp/p1pb4/1p1n3q/3P2b1/1BP3P1/PP1N1PQP/R1B1R1K1,,,7,35,27,False,202304
202304037489474,35,e1e8,9.0,True,88.0,117.0,4rrk1/5ppp/p1pb4/1p1n3q/3P2b1/1BP3P1/PP1N1PQP/R1B1R1K1,,,7,35,27,False,202304
202304037565176,35,e1e8,7.0,True,144.0,168.0,4rrk1/5ppp/p1pb4/1p1n3q/3P2b1/1BP3P1/PP1N1PQP/R1B1R1K1,,,7,35,27,False,202304
202304091554156,35,d2e4,25.0,True,67.0,107.0,4rrk1/5ppp/p1pb4/1p1n3q/3P2b1/1BP3P1/PP1N1PQP/R1B1R1K1,,,7,35,27,False,202304
202304091587355,35,e1e8,8.0,True,608.0,624.0,4rrk1/5ppp/p1pb4/1p1n3q/3P2b1/1BP3P1/PP1N1PQP/R1B1R1K1,,,7,35,27,False,202304
202304091728805,35,e1f1,17.0,True,126.0,141.0,4rrk1/5ppp/p1pb4/1p1n3q/3P2b1/1BP3P1/PP1N1PQP/R1B1R1K1,,,7,35,27,False,202304
202304091760373,35,e1e4,28.0,True,159.0,160.0,4rrk1/5ppp/p1pb4/1p1n3q/3P2b1/1BP3P1/PP1N1PQP/R1B1R1K1,,,7,35,27,False,202304
202304091792089,35,e1e8,29.0,True,167.0,173.0,4rrk1/5ppp/p1pb4/1p1n3q/3P2b1/1BP3P1/PP1N1PQP/R1B1R1K1,,,7,35,27,False,202304
202304091883953,35,e1e8,15.0,True,482.0,647.0,4rrk1/5ppp/p1pb4/1p1n3q/3P2b1/1BP3P1/PP1N1PQP/R1B1R1K1,,,7,35,27,False,202304
202304013679166,35,e1e8,5.0,True,130.0,193.0,4rrk1/5ppp/p1pb4/1p1n3q/3P2b1/1BP3P1/PP1N1PQP/R1B1R1K1,,,7,35,27,False,202304
202304013819511,35,e1e8,2.0,True,173.0,175.0,4rrk1/5ppp/p1pb4/1p1n3q/3P2b1/1BP3P1/PP1N1PQP/R1B1R1K1,,,7,35,27,False,202304
202304081151804,35,e1f1,15.0,True,66.0,162.0,4rrk1/5ppp/p1pb4/1p1n3q/3P2b1/1BP3P1/PP1N1PQP/R1B1R1K1,,,7,35,27,False,202304
202304081151804,39,e1e8,6.0,True,46.0,151.0,4rrk1/5ppp/p1pb4/1p1n3q/3P2b1/1BP3P1/PP1N1PQP/R1B1R1K1,,,11,35,27,False,202304
202304081375436,35,e1e8,41.0,True,247.0,268.0,4rrk1/5ppp/p1pb4/1p1n3q/3P2b1/1BP3P1/PP1N1PQP/R1B1R1K1,,,7,35,27,False,202304
202304081487771,35,d2e4,4.0,True,113.0,154.0,4rrk1/5ppp/p1pb4/1p1n3q/3P2b1/1BP3P1/PP1N1PQP/R1B1R1K1,,,7,35,27,False,202304
202304011087798,35,e1e8,5.0,True,145.0,199.0,4rrk1/5ppp/p1pb4/1p1n3q/3P2b1/1BP3P1/PP1N1PQP/R1B1R1K1,,,7,35,27,False,202304
202304011374336,35,e1e4,24.0,True,148.0,180.0,4rrk1/5ppp/p1pb4/1p1n3q/3P2b1/1BP3P1/PP1N1PQP/R1B1R1K1,,,7,35,27,False,202304
202304011410549,35,d2e4,39.0,True,170.0,197.0,4rrk1/5ppp/p1pb4/1p1n3q/3P2b1/1BP3P1/PP1N1PQP/R1B1R1K1,,,7,35,27,False,202304
202304046064555,35,e1f1,18.0,True,161.0,175.0,4rrk1/5ppp/p1pb4/1p1n3q/3P2b1/1BP3P1/PP1N1PQP/R1B1R1K1,,,7,35,27,False,202304
202304046155544,35,e1e4,41.0,True,99.0,158.0,4rrk1/5ppp/p1pb4/1p1n3q/3P2b1/1BP3P1/PP1N1PQP/R1B1R1K1,,,7,35,27,False,202304
202304046733375,35,e1e8,58.0,True,294.0,225.0,4rrk1/5ppp/p1pb4/1p1n3q/3P2b1/1BP3P1/PP1N1PQP/R1B1R1K1,,,7,35,27,False,202304
202304025067334,35,e1f1,37.0,True,151.0,143.0,4rrk1/5ppp/p1pb4/1p1n3q/3P2b1/1BP3P1/PP1N1PQP/R1B1R1K1,,,7,35,27,False,202304
202304025497588,35,e1f1,18.0,True,539.0,565.0,4rrk1/5ppp/p1pb4/1p1n3q/3P2b1/1BP3P1/PP1N1PQP/R1B1R1K1,,,7,35,27,False,202304
202304025675825,35,e1e4,145.0,True,437.0,948.0,4rrk1/5ppp/p1pb4/1p1n3q/3P2b1/1BP3P1/PP1N1PQP/R1B1R1K1,,,7,35,27,False,202304
202304025681901,35,e1f1,2.0,True,46.0,56.0,4rrk1/5ppp/p1pb4/1p1n3q/3P2b1/1BP3P1/PP1N1PQP/R1B1R1K1,,,7,35,27,False,202304
202304025714190,35,e1e8,0.0,True,52.0,54.0,4rrk1/5ppp/p1pb4/1p1n3q/3P2b1/1BP3P1/PP1N1PQP/R1B1R1K1,,,7,35,27,False,202304
202305093250461,35,e1e8,28.0,True,293.0,201.0,4rrk1/5ppp/p1pb4/1p1n3q/3P2b1/1BP3P1/PP1N1PQP/R1B1R1K1,,,7,35,27,False,202305
202305093273401,35,d2e4,1.0,True,195.0,193.0,4rrk1/5ppp/p1pb4/1p1n3q/3P2b1/1BP3P1/PP1N1PQP/R1B1R1K1,,,7,35,27,False,202305
202305093287328,35,d2e4,6.0,True,34.0,51.0,4rrk1/5ppp/p1pb4/1p1n3q/3P2b1/1BP3P1/PP1N1PQP/R1B1R1K1,,,7,35,27,False,202305
202305093777215,35,d2e4,3.0,True,64.0,157.0,4rrk1/5ppp/p1pb4/1p1n3q/3P2b1/1BP3P1/PP1N1PQP/R1B1R1K1,,,7,35,27,False,202305
202305070269625,35,e1e4,86.0,True,537.0,568.0,4rrk1/5ppp/p1pb4/1p1n3q/3P2b1/1BP3P1/PP1N1PQP/R1B1R1K1,,,7,35,27,False,202305
202305070782912,35,e1e8,19.0,True,118.0,156.0,4rrk1/5ppp/p1pb4/1p1n3q/3P2b1/1BP3P1/PP1N1PQP/R1B1R1K1,,,7,35,27,False,202305
202305070952233,35,e1f1,3.0,True,43.0,53.0,4rrk1/5ppp/p1pb4/1p1n3q/3P2b1/1BP3P1/PP1N1PQP/R1B1R1K1,,,7,35,27,False,202305
202305048877241,35,e1e4,48.0,True,98.0,117.0,4rrk1/5ppp/p1pb4/1p1n3q/3P2b1/1BP3P1/PP1N1PQP/R1B1R1K1,,,7,35,27,False,202305
202305048909406,35,e1e8,19.0,True,518.0,568.0,4rrk1/5ppp/p1pb4/1p1n3q/3P2b1/1BP3P1/PP1N1PQP/R1B1R1K1,,,7,35,27,False,202305
202305077219113,35,e1e4,60.0,True,272.0,280.0,4rrk1/5ppp/p1pb4/1p1n3q/3P2b1/1BP3P1/PP1N1PQP/R1B1R1K1,,,7,35,27,False,202305
202305077364670,35,e1e8,3.0,True,59.0,116.0,4rrk1/5ppp/p1pb4/1p1n3q/3P2b1/1BP3P1/PP1N1PQP/R1B1R1K1,,,7,35,27,False,202305
202305077565190,35,f2f3,1.0,True,67.0,155.0,4rrk1/5ppp/p1pb4/1p1n3q/3P2b1/1BP3P1/PP1N1PQP/R1B1R1K1,,,7,35,27,False,202305
202305077624543,35,e1e8,28.0,True,262.0,323.0,4rrk1/5ppp/p1pb4/1p1n3q/3P2b1/1BP3P1/PP1N1PQP/R1B1R1K1,,,7,35,27,False,202305
202305035286379,39,e1e8,15.0,True,63.0,87.0,4rrk1/5ppp/p1pb4/1p1n3q/3P2b1/1BP3P1/PP1N1PQP/R1B1R1K1,,,11,35,27,False,202305
202305035481663,35,e1f1,38.0,True,495.0,584.0,4rrk1/5ppp/p1pb4/1p1n3q/3P2b1/1BP3P1/PP1N1PQP/R1B1R1K1,,,7,35,27,False,202305
202305032480346,35,e1e8,36.0,True,157.0,190.0,4rrk1/5ppp/p1pb4/1p1n3q/3P2b1/1BP3P1/PP1N1PQP/R1B1R1K1,,,7,35,27,False,202305
202305032670390,35,d2e4,6.0,True,45.0,50.0,4rrk1/5ppp/p1pb4/1p1n3q/3P2b1/1BP3P1/PP1N1PQP/R1B1R1K1,,,7,35,27,False,202305
202305032840655,35,e1e8,3.0,True,139.0,160.0,4rrk1/5ppp/p1pb4/1p1n3q/3P2b1/1BP3P1/PP1N1PQP/R1B1R1K1,,,7,35,27,False,202305
202305006301566,35,e1e4,26.0,True,179.0,203.0,4rrk1/5ppp/p1pb4/1p1n3q/3P2b1/1BP3P1/PP1N1PQP/R1B1R1K1,,,7,35,27,False,202305
202305006400916,35,d2e4,12.0,True,153.0,181.0,4rrk1/5ppp/p1pb4/1p1n3q/3P2b1/1BP3P1/PP1N1PQP/R1B1R1K1,,,7,35,27,False,202305
202305006538157,35,e1e8,5.0,True,110.0,122.0,4rrk1/5ppp/p1pb4/1p1n3q/3P2b1/1BP3P1/PP1N1PQP/R1B1R1K1,,,7,35,27,False,202305
202305006580810,35,e1e8,3.0,True,79.0,64.0,4rrk1/5ppp/p1pb4/1p1n3q/3P2b1/1BP3P1/PP1N1PQP/R1B1R1K1,,,7,35,27,False,202305
202305006858503,35,e1e8,21.0,True,145.0,145.0,4rrk1/5ppp/p1pb4/1p1n3q/3P2b1/1BP3P1/PP1N1PQP/R1B1R1K1,,,7,35,27,False,202305
202305087287728,35,d2e4,11.0,True,173.0,187.0,4rrk1/5ppp/p1pb4/1p1n3q/3P2b1/1BP3P1/PP1N1PQP/R1B1R1K1,,,7,35,27,False,202305
202305087302938,35,e1e8,2.0,True,151.0,190.0,4rrk1/5ppp/p1pb4/1p1n3q/3P2b1/1BP3P1/PP1N1PQP/R1B1R1K1,,,7,35,27,False,202305
202305087395622,35,e1e8,36.0,True,164.0,174.0,4rrk1/5ppp/p1pb4/1p1n3q/3P2b1/1BP3P1/PP1N1PQP/R1B1R1K1,,,7,35,27,False,202305
202305087764785,35,g2f1,45.0,True,251.0,280.0,4rrk1/5ppp/p1pb4/1p1n3q/3P2b1/1BP3P1/PP1N1PQP/R1B1R1K1,,,7,35,27,False,202305
202305049060238,35,e1e8,11.0,True,74.0,47.0,4rrk1/5ppp/p1pb4/1p1n3q/3P2b1/1BP3P1/PP1N1PQP/R1B1R1K1,,,7,35,27,False,202305
202305049609848,35,e1e4,15.0,True,153.0,163.0,4rrk1/5ppp/p1pb4/1p1n3q/3P2b1/1BP3P1/PP1N1PQP/R1B1R1K1,,,7,35,27,False,202305
202305049759627,35,d2e4,4.0,True,165.0,198.0,4rrk1/5ppp/p1pb4/1p1n3q/3P2b1/1BP3P1/PP1N1PQP/R1B1R1K1,,,7,35,27,False,202305
202305001100642,35,g2f1,19.0,True,145.0,166.0,4rrk1/5ppp/p1pb4/1p1n3q/3P2b1/1BP3P1/PP1N1PQP/R1B1R1K1,,,7,35,27,False,202305
202305001314357,35,d2e4,43.0,True,1760.0,1775.0,4rrk1/5ppp/p1pb4/1p1n3q/3P2b1/1BP3P1/PP1N1PQP/R1B1R1K1,,,7,35,27,False,202305
202305005169469,35,e1e8,6.0,True,182.0,193.0,4rrk1/5ppp/p1pb4/1p1n3q/3P2b1/1BP3P1/PP1N1PQP/R1B1R1K1,,,7,35,27,False,202305
202305005238300,35,e1e8,8.0,True,127.0,179.0,4rrk1/5ppp/p1pb4/1p1n3q/3P2b1/1BP3P1/PP1N1PQP/R1B1R1K1,,,7,35,27,False,202305
202305005779618,35,e1e8,69.0,True,565.0,541.0,4rrk1/5ppp/p1pb4/1p1n3q/3P2b1/1BP3P1/PP1N1PQP/R1B1R1K1,,,7,35,27,False,202305
202305005871092,35,g2f1,21.0,True,156.0,135.0,4rrk1/5ppp/p1pb4/1p1n3q/3P2b1/1BP3P1/PP1N1PQP/R1B1R1K1,,,7,35,27,False,202305
202305090041322,35,e1e8,33.0,True,100.0,154.0,4rrk1/5ppp/p1pb4/1p1n3q/3P2b1/1BP3P1/PP1N1PQP/R1B1R1K1,,,7,35,27,False,202305
202305090281845,35,e1e8,56.0,True,186.0,245.0,4rrk1/5ppp/p1pb4/1p1n3q/3P2b1/1BP3P1/PP1N1PQP/R1B1R1K1,,,7,35,27,False,202305
202305061077257,35,d2e4,3.0,True,118.0,145.0,4rrk1/5ppp/p1pb4/1p1n3q/3P2b1/1BP3P1/PP1N1PQP/R1B1R1K1,,,7,35,27,False,202305
202305057067618,35,e1e4,94.0,True,531.0,578.0,4rrk1/5ppp/p1pb4/1p1n3q/3P2b1/1BP3P1/PP1N1PQP/R1B1R1K1,,,7,35,27,False,202305
202305057758916,35,e1e8,13.0,True,58.0,176.0,4rrk1/5ppp/p1pb4/1p1n3q/3P2b1/1BP3P1/PP1N1PQP/R1B1R1K1,,,7,35,27,False,202305
202305057772370,35,e1f1,2.0,True,43.0,50.0,4rrk1/5ppp/p1pb4/1p1n3q/3P2b1/1BP3P1/PP1N1PQP/R1B1R1K1,,,7,35,27,False,202305
202305036368588,35,d2e4,1.0,True,88.0,105.0,4rrk1/5ppp/p1pb4/1p1n3q/3P2b1/1BP3P1/PP1N1PQP/R1B1R1K1,,,7,35,27,False,202305
202305036606628,35,d2e4,20.0,True,121.0,145.0,4rrk1/5ppp/p1pb4/1p1n3q/3P2b1/1BP3P1/PP1N1PQP/R1B1R1K1,,,7,35,27,False,202305
202305036930022,35,e1f1,51.0,True,167.0,143.0,4rrk1/5ppp/p1pb4/1p1n3q/3P2b1/1BP3P1/PP1N1PQP/R1B1R1K1,,,7,35,27,False,202305
202305023159047,35,e1e8,4.0,True,152.0,167.0,4rrk1/5ppp/p1pb4/1p1n3q/3P2b1/1BP3P1/PP1N1PQP/R1B1R1K1,,,7,35,27,False,202305
202305023314178,35,g2f1,10.0,True,44.0,47.0,4rrk1/5ppp/p1pb4/1p1n3q/3P2b1/1BP3P1/PP1N1PQP/R1B1R1K1,,,7,35,27,False,202305
202305023329172,35,e1e8,0.0,True,178.0,151.0,4rrk1/5ppp/p1pb4/1p1n3q/3P2b1/1BP3P1/PP1N1PQP/R1B1R1K1,,,7,35,27,False,202305
202305023599260,35,e1f1,9.0,True,149.0,162.0,4rrk1/5ppp/p1pb4/1p1n3q/3P2b1/1BP3P1/PP1N1PQP/R1B1R1K1,,,7,35,27,False,202305
202305085397759,35,e1f1,73.0,True,538.0,541.0,4rrk1/5ppp/p1pb4/1p1n3q/3P2b1/1BP3P1/PP1N1PQP/R1B1R1K1,,,7,35,27,False,202305
202305009397857,35,g2f1,26.0,True,227.0,277.0,4rrk1/5ppp/p1pb4/1p1n3q/3P2b1/1BP3P1/PP1N1PQP/R1B1R1K1,,,7,35,27,False,202305
202305009498875,35,e1e8,40.0,True,200.0,298.0,4rrk1/5ppp/p1pb4/1p1n3q/3P2b1/1BP3P1/PP1N1PQP/R1B1R1K1,,,7,35,27,False,202305
202305009893778,35,e1e8,25.0,True,142.0,163.0,4rrk1/5ppp/p1pb4/1p1n3q/3P2b1/1BP3P1/PP1N1PQP/R1B1R1K1,,,7,35,27,False,202305
202305063007057,35,e1e8,19.0,True,91.0,115.0,4rrk1/5ppp/p1pb4/1p1n3q/3P2b1/1BP3P1/PP1N1PQP/R1B1R1K1,,,7,35,27,False,202305
202305063588104,35,e1e8,24.0,True,201.0,289.0,4rrk1/5ppp/p1pb4/1p1n3q/3P2b1/1BP3P1/PP1N1PQP/R1B1R1K1,,,7,35,27,False,202305
202305063723337,35,d2e4,9.0,True,242.0,269.0,4rrk1/5ppp/p1pb4/1p1n3q/3P2b1/1BP3P1/PP1N1PQP/R1B1R1K1,,,7,35,27,False,202305
202305063801637,35,e1f1,20.0,True,46.0,55.0,4rrk1/5ppp/p1pb4/1p1n3q/3P2b1/1BP3P1/PP1N1PQP/R1B1R1K1,,,7,35,27,False,202305
202305059090144,35,e1e8,22.0,True,164.0,191.0,4rrk1/5ppp/p1pb4/1p1n3q/3P2b1/1BP3P1/PP1N1PQP/R1B1R1K1,,,7,35,27,False,202305
202305059192533,35,e1e8,6.0,True,125.0,160.0,4rrk1/5ppp/p1pb4/1p1n3q/3P2b1/1BP3P1/PP1N1PQP/R1B1R1K1,,,7,35,27,False,202305
202305059219134,35,d2e4,3.0,True,33.0,47.0,4rrk1/5ppp/p1pb4/1p1n3q/3P2b1/1BP3P1/PP1N1PQP/R1B1R1K1,,,7,35,27,False,202305
202305059331663,35,e1e8,5.0,True,45.0,53.0,4rrk1/5ppp/p1pb4/1p1n3q/3P2b1/1BP3P1/PP1N1PQP/R1B1R1K1,,,7,35,27,False,202305
202305059947525,35,d2e4,3.0,True,133.0,141.0,4rrk1/5ppp/p1pb4/1p1n3q/3P2b1/1BP3P1/PP1N1PQP/R1B1R1K1,,,5,35,27,False,202305
202305074026691,35,e1e8,4.0,True,263.0,225.0,4rrk1/5ppp/p1pb4/1p1n3q/3P2b1/1BP3P1/PP1N1PQP/R1B1R1K1,,,7,35,27,False,202305
202305074026945,35,d2e4,2.0,True,156.0,150.0,4rrk1/5ppp/p1pb4/1p1n3q/3P2b1/1BP3P1/PP1N1PQP/R1B1R1K1,,,7,35,27,False,202305
202305074394835,35,e1f1,9.0,True,40.0,53.0,4rrk1/5ppp/p1pb4/1p1n3q/3P2b1/1BP3P1/PP1N1PQP/R1B1R1K1,,,7,35,27,False,202305
202305074427220,35,d2e4,6.0,True,217.0,278.0,4rrk1/5ppp/p1pb4/1p1n3q/3P2b1/1BP3P1/PP1N1PQP/R1B1R1K1,,,7,35,27,False,202305
202305101137333,35,e1f1,31.0,True,70.0,119.0,4rrk1/5ppp/p1pb4/1p1n3q/3P2b1/1BP3P1/PP1N1PQP/R1B1R1K1,,,7,35,27,False,202305
202305101357811,35,e1e8,21.0,True,129.0,151.0,4rrk1/5ppp/p1pb4/1p1n3q/3P2b1/1BP3P1/PP1N1PQP/R1B1R1K1,,,7,35,27,False,202305
202305040016818,35,e1e8,52.0,True,710.0,605.0,4rrk1/5ppp/p1pb4/1p1n3q/3P2b1/1BP3P1/PP1N1PQP/R1B1R1K1,,,7,35,27,False,202305
202305040107429,35,e1f1,9.0,True,247.0,241.0,4rrk1/5ppp/p1pb4/1p1n3q/3P2b1/1BP3P1/PP1N1PQP/R1B1R1K1,,,7,35,27,False,202305
202305040169603,35,d2e4,2.0,True,96.0,103.0,4rrk1/5ppp/p1pb4/1p1n3q/3P2b1/1BP3P1/PP1N1PQP/R1B1R1K1,,,7,35,27,False,202305
202305040353335,35,e1f1,22.0,True,557.0,608.0,4rrk1/5ppp/p1pb4/1p1n3q/3P2b1/1BP3P1/PP1N1PQP/R1B1R1K1,,,7,35,27,False,202305
202305040509577,35,e1e8,4.0,True,539.0,577.0,4rrk1/5ppp/p1pb4/1p1n3q/3P2b1/1BP3P1/PP1N1PQP/R1B1R1K1,,,7,35,27,False,202305
202305021075698,35,e1f1,2.0,True,111.0,144.0,4rrk1/5ppp/p1pb4/1p1n3q/3P2b1/1BP3P1/PP1N1PQP/R1B1R1K1,,,7,35,27,False,202305
202305021110566,35,e1e8,1.0,True,38.0,52.0,4rrk1/5ppp/p1pb4/1p1n3q/3P2b1/1BP3P1/PP1N1PQP/R1B1R1K1,,,7,35,27,False,202305
202305021564415,35,g2f1,55.0,True,165.0,193.0,4rrk1/5ppp/p1pb4/1p1n3q/3P2b1/1BP3P1/PP1N1PQP/R1B1R1K1,,,7,35,27,False,202305
202305021951260,35,e1e8,73.0,True,120.0,195.0,4rrk1/5ppp/p1pb4/1p1n3q/3P2b1/1BP3P1/PP1N1PQP/R1B1R1K1,,,7,35,27,False,202305
202305062511335,35,e1f1,2.0,True,258.0,265.0,4rrk1/5ppp/p1pb4/1p1n3q/3P2b1/1BP3P1/PP1N1PQP/R1B1R1K1,,,7,35,27,False,202305
202305062992746,35,e1e8,3.0,True,116.0,121.0,4rrk1/5ppp/p1pb4/1p1n3q/3P2b1/1BP3P1/PP1N1PQP/R1B1R1K1,,,7,35,27,False,202305
202305022146414,35,e1e4,31.0,True,524.0,597.0,4rrk1/5ppp/p1pb4/1p1n3q/3P2b1/1BP3P1/PP1N1PQP/R1B1R1K1,,,7,35,27,False,202305
202305042306895,35,e1e8,13.0,True,158.0,175.0,4rrk1/5ppp/p1pb4/1p1n3q/3P2b1/1BP3P1/PP1N1PQP/R1B1R1K1,,,7,35,27,False,202305
202305042769937,35,g2f1,51.0,True,237.0,319.0,4rrk1/5ppp/p1pb4/1p1n3q/3P2b1/1BP3P1/PP1N1PQP/R1B1R1K1,,,7,35,27,False,202305
202305038110219,35,e1f1,56.0,True,169.0,186.0,4rrk1/5ppp/p1pb4/1p1n3q/3P2b1/1BP3P1/PP1N1PQP/R1B1R1K1,,,7,35,27,False,202305
202305038369094,35,d2e4,17.0,True,488.0,550.0,4rrk1/5ppp/p1pb4/1p1n3q/3P2b1/1BP3P1/PP1N1PQP/R1B1R1K1,,,7,35,27,False,202305
202305038422049,35,e1e8,54.0,True,169.0,171.0,4rrk1/5ppp/p1pb4/1p1n3q/3P2b1/1BP3P1/PP1N1PQP/R1B1R1K1,,,7,35,27,False,202305
202305038521330,35,g2f1,45.0,True,902.0,991.0,4rrk1/5ppp/p1pb4/1p1n3q/3P2b1/1BP3P1/PP1N1PQP/R1B1R1K1,,,7,35,27,False,202305
202305038860799,35,e1e8,100.0,True,240.0,323.0,4rrk1/5ppp/p1pb4/1p1n3q/3P2b1/1BP3P1/PP1N1PQP/R1B1R1K1,,,7,35,27,False,202305
202305039112950,35,e1f1,24.0,True,109.0,162.0,4rrk1/5ppp/p1pb4/1p1n3q/3P2b1/1BP3P1/PP1N1PQP/R1B1R1K1,,,7,35,27,False,202305
202305039280730,35,g2f1,6.0,True,111.0,118.0,4rrk1/5ppp/p1pb4/1p1n3q/3P2b1/1BP3P1/PP1N1PQP/R1B1R1K1,,,7,35,27,False,202305
202305039794217,35,e1f1,16.0,True,540.0,549.0,4rrk1/5ppp/p1pb4/1p1n3q/3P2b1/1BP3P1/PP1N1PQP/R1B1R1K1,,,7,35,27,False,202305
202305084273459,35,e1e8,11.0,True,139.0,163.0,4rrk1/5ppp/p1pb4/1p1n3q/3P2b1/1BP3P1/PP1N1PQP/R1B1R1K1,,,7,35,27,False,202305
202305084822200,35,e1e4,55.0,True,188.0,357.0,4rrk1/5ppp/p1pb4/1p1n3q/3P2b1/1BP3P1/PP1N1PQP/R1B1R1K1,,,7,35,27,False,202305
202305084932458,35,e1e8,14.0,True,248.0,288.0,4rrk1/5ppp/p1pb4/1p1n3q/3P2b1/1BP3P1/PP1N1PQP/R1B1R1K1,,,7,35,27,False,202305
202305080505328,35,e1e8,4.0,True,33.0,51.0,4rrk1/5ppp/p1pb4/1p1n3q/3P2b1/1BP3P1/PP1N1PQP/R1B1R1K1,,,7,35,27,False,202305
202305051691095,35,e1f1,44.0,True,159.0,137.0,4rrk1/5ppp/p1pb4/1p1n3q/3P2b1/1BP3P1/PP1N1PQP/R1B1R1K1,,,7,35,27,False,202305
202305069077011,35,e1f1,60.0,True,475.0,575.0,4rrk1/5ppp/p1pb4/1p1n3q/3P2b1/1BP3P1/PP1N1PQP/R1B1R1K1,,,7,35,27,False,202305
202305069109173,35,e1e8,16.0,True,70.0,187.0,4rrk1/5ppp/p1pb4/1p1n3q/3P2b1/1BP3P1/PP1N1PQP/R1B1R1K1,,,7,35,27,False,202305
202305069130961,35,e1e8,24.0,True,69.0,194.0,4rrk1/5ppp/p1pb4/1p1n3q/3P2b1/1BP3P1/PP1N1PQP/R1B1R1K1,,,7,35,27,False,202305
202305069368065,35,d2e4,13.0,True,173.0,188.0,4rrk1/5ppp/p1pb4/1p1n3q/3P2b1/1BP3P1/PP1N1PQP/R1B1R1K1,,,7,35,27,False,202305
202305069391883,35,e1e5,8.0,True,153.0,190.0,4rrk1/5ppp/p1pb4/1p1n3q/3P2b1/1BP3P1/PP1N1PQP/R1B1R1K1,,,7,35,27,False,202305
202305069509107,35,d2e4,13.0,True,166.0,192.0,4rrk1/5ppp/p1pb4/1p1n3q/3P2b1/1BP3P1/PP1N1PQP/R1B1R1K1,,,7,35,27,False,202305
202305069818230,35,d2e4,27.0,True,255.0,286.0,4rrk1/5ppp/p1pb4/1p1n3q/3P2b1/1BP3P1/PP1N1PQP/R1B1R1K1,,,7,35,27,False,202305
202305082220902,35,e1f1,9.0,True,34.0,45.0,4rrk1/5ppp/p1pb4/1p1n3q/3P2b1/1BP3P1/PP1N1PQP/R1B1R1K1,,,7,35,27,False,202305
202305082235149,35,e1f1,41.0,True,1109.0,913.0,4rrk1/5ppp/p1pb4/1p1n3q/3P2b1/1BP3P1/PP1N1PQP/R1B1R1K1,,,7,35,27,False,202305
202305082246856,35,d2e4,11.0,True,143.0,137.0,4rrk1/5ppp/p1pb4/1p1n3q/3P2b1/1BP3P1/PP1N1PQP/R1B1R1K1,,,7,35,27,False,202305
202305082292482,35,e1f1,53.0,True,128.0,165.0,4rrk1/5ppp/p1pb4/1p1n3q/3P2b1/1BP3P1/PP1N1PQP/R1B1R1K1,,,7,35,27,False,202305
202305003022523,35,e1e8,17.0,True,207.0,273.0,4rrk1/5ppp/p1pb4/1p1n3q/3P2b1/1BP3P1/PP1N1PQP/R1B1R1K1,,,7,35,27,False,202305
202305003679285,35,d2e4,2.0,True,83.0,118.0,4rrk1/5ppp/p1pb4/1p1n3q/3P2b1/1BP3P1/PP1N1PQP/R1B1R1K1,,,7,35,27,False,202305
202305003958365,35,e1e8,8.0,True,875.0,788.0,4rrk1/5ppp/p1pb4/1p1n3q/3P2b1/1BP3P1/PP1N1PQP/R1B1R1K1,,,7,35,27,False,202305
202305003966823,35,e1e8,62.0,True,185.0,183.0,4rrk1/5ppp/p1pb4/1p1n3q/3P2b1/1BP3P1/PP1N1PQP/R1B1R1K1,,,7,35,27,False,202305
202305055140836,35,e1e8,104.0,True,261.0,36.0,4rrk1/5ppp/p1pb4/1p1n3q/3P2b1/1BP3P1/PP1N1PQP/R1B1R1K1,,,7,35,27,False,202305
202305055292335,35,e1e8,33.0,True,157.0,148.0,4rrk1/5ppp/p1pb4/1p1n3q/3P2b1/1BP3P1/PP1N1PQP/R1B1R1K1,,,7,35,27,False,202305
202305055980871,35,d2e4,11.0,True,116.0,140.0,4rrk1/5ppp/p1pb4/1p1n3q/3P2b1/1BP3P1/PP1N1PQP/R1B1R1K1,,,7,35,27,False,202305
202305020633420,35,e1e8,3.0,True,102.0,182.0,4rrk1/5ppp/p1pb4/1p1n3q/3P2b1/1BP3P1/PP1N1PQP/R1B1R1K1,,,7,35,27,False,202305
202305020765539,35,e1e8,2.0,True,147.0,123.0,4rrk1/5ppp/p1pb4/1p1n3q/3P2b1/1BP3P1/PP1N1PQP/R1B1R1K1,,,7,35,27,False,202305
202305020805510,35,e1e8,41.0,True,163.0,183.0,4rrk1/5ppp/p1pb4/1p1n3q/3P2b1/1BP3P1/PP1N1PQP/R1B1R1K1,,,7,35,27,False,202305
202305020856764,35,e1e8,38.0,True,99.0,159.0,4rrk1/5ppp/p1pb4/1p1n3q/3P2b1/1BP3P1/PP1N1PQP/R1B1R1K1,,,7,35,27,False,202305
202305004954245,35,e1e4,42.0,True,251.0,265.0,4rrk1/5ppp/p1pb4/1p1n3q/3P2b1/1BP3P1/PP1N1PQP/R1B1R1K1,,,7,35,27,False,202305
202305097464142,35,e1e8,31.0,True,247.0,310.0,4rrk1/5ppp/p1pb4/1p1n3q/3P2b1/1BP3P1/PP1N1PQP/R1B1R1K1,,,5,35,27,False,202305
202305097479584,35,e1e8,3.0,True,34.0,52.0,4rrk1/5ppp/p1pb4/1p1n3q/3P2b1/1BP3P1/PP1N1PQP/R1B1R1K1,,,7,35,27,False,202305
202305097524294,35,e1f1,41.0,True,105.0,113.0,4rrk1/5ppp/p1pb4/1p1n3q/3P2b1/1BP3P1/PP1N1PQP/R1B1R1K1,,,7,35,27,False,202305
202305097942269,37,e1e4,13.0,True,58.0,143.0,4rrk1/5ppp/p1pb4/1p1n3q/3P2b1/1BP3P1/PP1N1PQP/R1B1R1K1,,,7,35,27,False,202305
202305031332139,35,e1e8,14.0,True,68.0,114.0,4rrk1/5ppp/p1pb4/1p1n3q/3P2b1/1BP3P1/PP1N1PQP/R1B1R1K1,,,7,35,27,False,202305
202305031644995,35,g2f1,77.0,True,511.0,519.0,4rrk1/5ppp/p1pb4/1p1n3q/3P2b1/1BP3P1/PP1N1PQP/R1B1R1K1,,,7,35,27,False,202305
202305031775918,35,d2e4,89.0,True,678.0,1018.0,4rrk1/5ppp/p1pb4/1p1n3q/3P2b1/1BP3P1/PP1N1PQP/R1B1R1K1,,,7,35,27,False,202305
202305031901319,35,e1f1,20.0,True,496.0,566.0,4rrk1/5ppp/p1pb4/1p1n3q/3P2b1/1BP3P1/PP1N1PQP/R1B1R1K1,,,7,35,27,False,202305
202305060350048,35,e1e8,8.0,True,157.0,164.0,4rrk1/5ppp/p1pb4/1p1n3q/3P2b1/1BP3P1/PP1N1PQP/R1B1R1K1,,,7,35,27,False,202305
202305060354320,35,e1f1,4.0,True,166.0,166.0,4rrk1/5ppp/p1pb4/1p1n3q/3P2b1/1BP3P1/PP1N1PQP/R1B1R1K1,,,7,35,27,False,202305
202305060693669,35,e1e8,30.0,True,256.0,121.0,4rrk1/5ppp/p1pb4/1p1n3q/3P2b1/1BP3P1/PP1N1PQP/R1B1R1K1,,,7,35,27,False,202305
202305056042586,35,e1e8,51.0,True,583.0,507.0,4rrk1/5ppp/p1pb4/1p1n3q/3P2b1/1BP3P1/PP1N1PQP/R1B1R1K1,,,7,35,27,False,202305
202305056494254,35,e1e8,6.0,True,40.0,47.0,4rrk1/5ppp/p1pb4/1p1n3q/3P2b1/1BP3P1/PP1N1PQP/R1B1R1K1,,,7,35,27,False,202305
202305058328657,35,e1e8,11.0,True,122.0,164.0,4rrk1/5ppp/p1pb4/1p1n3q/3P2b1/1BP3P1/PP1N1PQP/R1B1R1K1,,,7,35,27,False,202305
202305068406584,35,e1f1,54.0,True,118.0,130.0,4rrk1/5ppp/p1pb4/1p1n3q/3P2b1/1BP3P1/PP1N1PQP/R1B1R1K1,,,7,35,27,False,202305
202305068687185,35,e1f1,24.0,True,163.0,178.0,4rrk1/5ppp/p1pb4/1p1n3q/3P2b1/1BP3P1/PP1N1PQP/R1B1R1K1,,,5,35,27,False,202305
202305068687185,39,e1f1,50.0,True,125.0,73.0,4rrk1/5ppp/p1pb4/1p1n3q/3P2b1/1BP3P1/PP1N1PQP/R1B1R1K1,,,9,35,27,False,202305
202305012047978,35,g2f1,33.0,True,131.0,156.0,4rrk1/5ppp/p1pb4/1p1n3q/3P2b1/1BP3P1/PP1N1PQP/R1B1R1K1,,,7,35,27,False,202305
202305012798801,35,d2e4,28.0,True,212.0,269.0,4rrk1/5ppp/p1pb4/1p1n3q/3P2b1/1BP3P1/PP1N1PQP/R1B1R1K1,,,7,35,27,False,202305
202305012860829,35,e1e8,18.0,True,957.0,923.0,4rrk1/5ppp/p1pb4/1p1n3q/3P2b1/1BP3P1/PP1N1PQP/R1B1R1K1,,,7,35,27,False,202305
202305095115746,35,g2f1,12.0,True,42.0,51.0,4rrk1/5ppp/p1pb4/1p1n3q/3P2b1/1BP3P1/PP1N1PQP/R1B1R1K1,,,7,35,27,False,202305
202305095299965,35,e1e8,21.0,True,187.0,198.0,4rrk1/5ppp/p1pb4/1p1n3q/3P2b1/1BP3P1/PP1N1PQP/R1B1R1K1,,,7,35,27,False,202305
202305095784421,35,e1e8,8.0,True,158.0,159.0,4rrk1/5ppp/p1pb4/1p1n3q/3P2b1/1BP3P1/PP1N1PQP/R1B1R1K1,,,7,35,27,False,202305
202305095901612,35,e1e8,45.0,True,478.0,534.0,4rrk1/5ppp/p1pb4/1p1n3q/3P2b1/1BP3P1/PP1N1PQP/R1B1R1K1,,,7,35,27,False,202305
202305078139684,35,e1e8,18.0,True,162.0,159.0,4rrk1/5ppp/p1pb4/1p1n3q/3P2b1/1BP3P1/PP1N1PQP/R1B1R1K1,,,7,35,27,False,202305
202305078976178,35,e1f1,25.0,True,142.0,157.0,4rrk1/5ppp/p1pb4/1p1n3q/3P2b1/1BP3P1/PP1N1PQP/R1B1R1K1,,,7,35,27,False,202305
202305027338877,35,g2f1,6.0,True,43.0,39.0,4rrk1/5ppp/p1pb4/1p1n3q/3P2b1/1BP3P1/PP1N1PQP/R1B1R1K1,,,7,35,27,False,202305
202305027479518,35,e1e8,49.0,True,144.0,157.0,4rrk1/5ppp/p1pb4/1p1n3q/3P2b1/1BP3P1/PP1N1PQP/R1B1R1K1,,,7,35,27,False,202305
202305027638592,35,e1e8,2.0,True,44.0,53.0,4rrk1/5ppp/p1pb4/1p1n3q/3P2b1/1BP3P1/PP1N1PQP/R1B1R1K1,,,7,35,27,False,202305
202305027805858,35,d2e4,4.0,True,98.0,109.0,4rrk1/5ppp/p1pb4/1p1n3q/3P2b1/1BP3P1/PP1N1PQP/R1B1R1K1,,,7,35,27,False,202305
202305043517084,35,h2h4,8.0,True,151.0,156.0,4rrk1/5ppp/p1pb4/1p1n3q/3P2b1/1BP3P1/PP1N1PQP/R1B1R1K1,,,7,35,27,False,202305
202305043656090,35,e1f1,3.0,True,258.0,278.0,4rrk1/5ppp/p1pb4/1p1n3q/3P2b1/1BP3P1/PP1N1PQP/R1B1R1K1,,,7,35,27,False,202305
202305050014574,35,g2f1,36.0,True,255.0,249.0,4rrk1/5ppp/p1pb4/1p1n3q/3P2b1/1BP3P1/PP1N1PQP/R1B1R1K1,,,7,35,27,False,202305
202305050192407,35,e1e8,1.0,True,154.0,151.0,4rrk1/5ppp/p1pb4/1p1n3q/3P2b1/1BP3P1/PP1N1PQP/R1B1R1K1,,,7,35,27,False,202305
202305050585465,35,d2e4,1.0,True,530.0,589.0,4rrk1/5ppp/p1pb4/1p1n3q/3P2b1/1BP3P1/PP1N1PQP/R1B1R1K1,,,7,35,27,False,202305
202305050975793,35,e1e8,9.0,True,887.0,930.0,4rrk1/5ppp/p1pb4/1p1n3q/3P2b1/1BP3P1/PP1N1PQP/R1B1R1K1,,,7,35,27,False,202305
202305088043222,35,e1e8,20.0,True,150.0,185.0,4rrk1/5ppp/p1pb4/1p1n3q/3P2b1/1BP3P1/PP1N1PQP/R1B1R1K1,,,7,35,27,False,202305
202305088976705,35,e1f1,14.0,True,247.0,276.0,4rrk1/5ppp/p1pb4/1p1n3q/3P2b1/1BP3P1/PP1N1PQP/R1B1R1K1,,,7,35,27,False,202305
202305088976705,39,e1f1,10.0,True,223.0,242.0,4rrk1/5ppp/p1pb4/1p1n3q/3P2b1/1BP3P1/PP1N1PQP/R1B1R1K1,,,11,35,27,False,202305
202305028035548,37,e1f1,62.0,True,123.0,177.0,4rrk1/5ppp/p1pb4/1p1n3q/3P2b1/1BP3P1/PP1N1PQP/R1B1R1K1,,,7,35,27,False,202305
202305028220029,35,d2e4,13.0,True,120.0,163.0,4rrk1/5ppp/p1pb4/1p1n3q/3P2b1/1BP3P1/PP1N1PQP/R1B1R1K1,,,7,35,27,False,202305
202305028477066,35,e1f1,15.0,True,147.0,165.0,4rrk1/5ppp/p1pb4/1p1n3q/3P2b1/1BP3P1/PP1N1PQP/R1B1R1K1,,,7,35,27,False,202305
202305028561015,35,e1e8,3.0,True,25.0,38.0,4rrk1/5ppp/p1pb4/1p1n3q/3P2b1/1BP3P1/PP1N1PQP/R1B1R1K1,,,7,35,27,False,202305
202305028781065,35,e1e8,30.0,True,300.0,308.0,4rrk1/5ppp/p1pb4/1p1n3q/3P2b1/1BP3P1/PP1N1PQP/R1B1R1K1,,,7,35,27,False,202305
202305100075712,35,e1e8,23.0,True,71.0,107.0,4rrk1/5ppp/p1pb4/1p1n3q/3P2b1/1BP3P1/PP1N1PQP/R1B1R1K1,,,7,35,27,False,202305
202305100619398,35,e1f1,18.0,True,174.0,199.0,4rrk1/5ppp/p1pb4/1p1n3q/3P2b1/1BP3P1/PP1N1PQP/R1B1R1K1,,,7,35,27,False,202305
202305071603508,35,d2e4,54.0,True,107.0,120.0,4rrk1/5ppp/p1pb4/1p1n3q/3P2b1/1BP3P1/PP1N1PQP/R1B1R1K1,,,7,35,27,False,202305
202305071959532,35,e1f1,3.0,True,36.0,44.0,4rrk1/5ppp/p1pb4/1p1n3q/3P2b1/1BP3P1/PP1N1PQP/R1B1R1K1,,,7,35,27,False,202305
202305076760079,35,e1e8,57.0,True,589.0,591.0,4rrk1/5ppp/p1pb4/1p1n3q/3P2b1/1BP3P1/PP1N1PQP/R1B1R1K1,,,7,35,27,False,202305
202305076803849,35,e1e8,18.0,True,263.0,283.0,4rrk1/5ppp/p1pb4/1p1n3q/3P2b1/1BP3P1/PP1N1PQP/R1B1R1K1,,,7,35,27,False,202305
202305017404158,35,e1f1,214.0,True,1302.0,579.0,4rrk1/5ppp/p1pb4/1p1n3q/3P2b1/1BP3P1/PP1N1PQP/R1B1R1K1,,,7,35,27,False,202305
202305017823872,35,e1e8,53.0,True,222.0,261.0,4rrk1/5ppp/p1pb4/1p1n3q/3P2b1/1BP3P1/PP1N1PQP/R1B1R1K1,,,7,35,27,False,202305
202305053499907,35,e1e8,29.0,True,180.0,196.0,4rrk1/5ppp/p1pb4/1p1n3q/3P2b1/1BP3P1/PP1N1PQP/R1B1R1K1,,,7,35,27,False,202305
202305053976135,35,e1e8,20.0,True,546.0,563.0,4rrk1/5ppp/p1pb4/1p1n3q/3P2b1/1BP3P1/PP1N1PQP/R1B1R1K1,,,7,35,27,False,202305
202305047465014,35,g2f1,15.0,True,123.0,106.0,4rrk1/5ppp/p1pb4/1p1n3q/3P2b1/1BP3P1/PP1N1PQP/R1B1R1K1,,,7,35,27,False,202305
202305047621543,35,e1e4,4.0,True,568.0,576.0,4rrk1/5ppp/p1pb4/1p1n3q/3P2b1/1BP3P1/PP1N1PQP/R1B1R1K1,,,7,35,27,False,202305
202305047810630,39,d2e4,2.0,True,81.0,115.0,4rrk1/5ppp/p1pb4/1p1n3q/3P2b1/1BP3P1/PP1N1PQP/R1B1R1K1,,,11,35,27,False,202305
202305047874614,35,e1e8,32.0,True,219.0,275.0,4rrk1/5ppp/p1pb4/1p1n3q/3P2b1/1BP3P1/PP1N1PQP/R1B1R1K1,,,7,35,27,False,202305
202305010288312,35,e1e8,5.0,True,150.0,152.0,4rrk1/5ppp/p1pb4/1p1n3q/3P2b1/1BP3P1/PP1N1PQP/R1B1R1K1,,,7,35,27,False,202305
202305010717628,35,e1e8,53.0,True,538.0,643.0,4rrk1/5ppp/p1pb4/1p1n3q/3P2b1/1BP3P1/PP1N1PQP/R1B1R1K1,,,7,35,27,False,202305
202305010763030,35,g2f1,55.0,True,500.0,541.0,4rrk1/5ppp/p1pb4/1p1n3q/3P2b1/1BP3P1/PP1N1PQP/R1B1R1K1,,,7,35,27,False,202305
202305010939969,35,d2e4,5.0,True,86.0,141.0,4rrk1/5ppp/p1pb4/1p1n3q/3P2b1/1BP3P1/PP1N1PQP/R1B1R1K1,,,7,35,27,False,202305
202305089151575,35,e1e8,3.0,True,46.0,43.0,4rrk1/5ppp/p1pb4/1p1n3q/3P2b1/1BP3P1/PP1N1PQP/R1B1R1K1,,,7,35,27,False,202305
202305089171594,35,e1e3,14.0,True,35.0,36.0,4rrk1/5ppp/p1pb4/1p1n3q/3P2b1/1BP3P1/PP1N1PQP/R1B1R1K1,,,5,35,27,False,202305
202305089542883,35,d2e4,15.0,True,189.0,197.0,4rrk1/5ppp/p1pb4/1p1n3q/3P2b1/1BP3P1/PP1N1PQP/R1B1R1K1,,,7,35,27,False,202305
202305089584429,35,e1e8,7.0,True,135.0,160.0,4rrk1/5ppp/p1pb4/1p1n3q/3P2b1/1BP3P1/PP1N1PQP/R1B1R1K1,,,7,35,27,False,202305
202305075542985,35,e1e8,7.0,True,158.0,163.0,4rrk1/5ppp/p1pb4/1p1n3q/3P2b1/1BP3P1/PP1N1PQP/R1B1R1K1,,,7,35,27,False,202305
202305075638508,35,e1e8,3.0,True,276.0,245.0,4rrk1/5ppp/p1pb4/1p1n3q/3P2b1/1BP3P1/PP1N1PQP/R1B1R1K1,,,7,35,27,False,202305
202305075818786,35,e1e8,3.0,True,138.0,186.0,4rrk1/5ppp/p1pb4/1p1n3q/3P2b1/1BP3P1/PP1N1PQP/R1B1R1K1,,,7,35,27,False,202305
202305096996163,35,e1e8,39.0,True,283.0,332.0,4rrk1/5ppp/p1pb4/1p1n3q/3P2b1/1BP3P1/PP1N1PQP/R1B1R1K1,,,7,35,27,False,202305
202305103917091,35,e1f1,7.0,True,111.0,190.0,4rrk1/5ppp/p1pb4/1p1n3q/3P2b1/1BP3P1/PP1N1PQP/R1B1R1K1,,,7,35,27,False,202305
202305033436364,35,e1f1,22.0,True,243.0,201.0,4rrk1/5ppp/p1pb4/1p1n3q/3P2b1/1BP3P1/PP1N1PQP/R1B1R1K1,,,7,35,27,False,202305
202305086085024,35,e1e4,7.0,True,156.0,146.0,4rrk1/5ppp/p1pb4/1p1n3q/3P2b1/1BP3P1/PP1N1PQP/R1B1R1K1,,,7,35,27,False,202305
202305086822376,35,e1e4,15.0,True,248.0,305.0,4rrk1/5ppp/p1pb4/1p1n3q/3P2b1/1BP3P1/PP1N1PQP/R1B1R1K1,,,7,35,27,False,202305
202305034364042,35,e1e8,12.0,True,476.0,522.0,4rrk1/5ppp/p1pb4/1p1n3q/3P2b1/1BP3P1/PP1N1PQP/R1B1R1K1,,,7,35,27,False,202305
202305034505988,35,d2e4,5.0,True,93.0,154.0,4rrk1/5ppp/p1pb4/1p1n3q/3P2b1/1BP3P1/PP1N1PQP/R1B1R1K1,,,7,35,27,False,202305
202305094252302,35,e1e8,31.0,True,574.0,632.0,4rrk1/5ppp/p1pb4/1p1n3q/3P2b1/1BP3P1/PP1N1PQP/R1B1R1K1,,,7,35,27,False,202305
202305094391616,35,e1e8,10.0,True,187.0,194.0,4rrk1/5ppp/p1pb4/1p1n3q/3P2b1/1BP3P1/PP1N1PQP/R1B1R1K1,,,7,35,27,False,202305
202305094452501,35,e1e4,23.0,True,183.0,167.0,4rrk1/5ppp/p1pb4/1p1n3q/3P2b1/1BP3P1/PP1N1PQP/R1B1R1K1,,,7,35,27,False,202305
202305094925734,35,d2e4,16.0,True,103.0,113.0,4rrk1/5ppp/p1pb4/1p1n3q/3P2b1/1BP3P1/PP1N1PQP/R1B1R1K1,,,7,35,27,False,202305
202305094974057,35,e1e8,25.0,True,245.0,317.0,4rrk1/5ppp/p1pb4/1p1n3q/3P2b1/1BP3P1/PP1N1PQP/R1B1R1K1,,,7,35,27,False,202305
202305104110020,35,d2e4,4.0,True,92.0,125.0,4rrk1/5ppp/p1pb4/1p1n3q/3P2b1/1BP3P1/PP1N1PQP/R1B1R1K1,,,7,35,27,False,202305
202305104228623,35,e1e4,7.0,True,152.0,167.0,4rrk1/5ppp/p1pb4/1p1n3q/3P2b1/1BP3P1/PP1N1PQP/R1B1R1K1,,,7,35,27,False,202305
202305104554949,35,e1e4,37.0,True,139.0,185.0,4rrk1/5ppp/p1pb4/1p1n3q/3P2b1/1BP3P1/PP1N1PQP/R1B1R1K1,,,7,35,27,False,202305
202305092992342,35,d2e4,4.0,True,99.0,100.0,4rrk1/5ppp/p1pb4/1p1n3q/3P2b1/1BP3P1/PP1N1PQP/R1B1R1K1,,,7,35,27,False,202305
202305044112974,35,e1e8,2.0,True,45.0,44.0,4rrk1/5ppp/p1pb4/1p1n3q/3P2b1/1BP3P1/PP1N1PQP/R1B1R1K1,,,7,35,27,False,202305
202305044908899,35,g2f1,50.0,True,133.0,163.0,4rrk1/5ppp/p1pb4/1p1n3q/3P2b1/1BP3P1/PP1N1PQP/R1B1R1K1,,,7,35,27,False,202305
202305018036689,35,e1e8,8.0,True,162.0,191.0,4rrk1/5ppp/p1pb4/1p1n3q/3P2b1/1BP3P1/PP1N1PQP/R1B1R1K1,,,7,35,27,False,202305
202305018049346,35,e1f1,65.0,True,246.0,283.0,4rrk1/5ppp/p1pb4/1p1n3q/3P2b1/1BP3P1/PP1N1PQP/R1B1R1K1,,,7,35,27,False,202305
202305018550734,35,e1e8,51.0,True,915.0,989.0,4rrk1/5ppp/p1pb4/1p1n3q/3P2b1/1BP3P1/PP1N1PQP/R1B1R1K1,,,7,35,27,False,202305
202305018645255,35,e1e8,8.0,True,141.0,117.0,4rrk1/5ppp/p1pb4/1p1n3q/3P2b1/1BP3P1/PP1N1PQP/R1B1R1K1,,,7,35,27,False,202305
202305099003571,35,e1e8,4.0,True,160.0,181.0,4rrk1/5ppp/p1pb4/1p1n3q/3P2b1/1BP3P1/PP1N1PQP/R1B1R1K1,,,7,35,27,False,202305
202305099142213,35,e1f1,25.0,True,154.0,177.0,4rrk1/5ppp/p1pb4/1p1n3q/3P2b1/1BP3P1/PP1N1PQP/R1B1R1K1,,,7,35,27,False,202305
202305099589296,35,e1e8,12.0,True,136.0,172.0,4rrk1/5ppp/p1pb4/1p1n3q/3P2b1/1BP3P1/PP1N1PQP/R1B1R1K1,,,7,35,27,False,202305
202305016009604,35,e1e4,15.0,True,149.0,157.0,4rrk1/5ppp/p1pb4/1p1n3q/3P2b1/1BP3P1/PP1N1PQP/R1B1R1K1,,,7,35,27,False,202305
202305016311765,35,e1f1,56.0,True,177.0,181.0,4rrk1/5ppp/p1pb4/1p1n3q/3P2b1/1BP3P1/PP1N1PQP/R1B1R1K1,,,7,35,27,False,202305
202305016534045,35,e1e4,50.0,True,470.0,544.0,4rrk1/5ppp/p1pb4/1p1n3q/3P2b1/1BP3P1/PP1N1PQP/R1B1R1K1,,,7,35,27,False,202305
202305016634666,35,d2e4,104.0,True,490.0,551.0,4rrk1/5ppp/p1pb4/1p1n3q/3P2b1/1BP3P1/PP1N1PQP/R1B1R1K1,,,7,35,27,False,202305
202305072125392,35,e1e8,30.0,True,246.0,286.0,4rrk1/5ppp/p1pb4/1p1n3q/3P2b1/1BP3P1/PP1N1PQP/R1B1R1K1,,,7,35,27,False,202305
202305072132967,35,e1e4,17.0,True,152.0,167.0,4rrk1/5ppp/p1pb4/1p1n3q/3P2b1/1BP3P1/PP1N1PQP/R1B1R1K1,,,7,35,27,False,202305
202305072324143,37,d2e4,7.0,True,45.0,94.0,4rrk1/5ppp/p1pb4/1p1n3q/3P2b1/1BP3P1/PP1N1PQP/R1B1R1K1,,,7,35,27,False,202305
202305072658390,35,e1e3,15.0,True,214.0,259.0,4rrk1/5ppp/p1pb4/1p1n3q/3P2b1/1BP3P1/PP1N1PQP/R1B1R1K1,,,5,35,27,False,202305
202305072746921,35,e1e8,23.0,True,215.0,289.0,4rrk1/5ppp/p1pb4/1p1n3q/3P2b1/1BP3P1/PP1N1PQP/R1B1R1K1,,,7,35,27,False,202305
202305083022632,35,e1f1,6.0,True,193.0,193.0,4rrk1/5ppp/p1pb4/1p1n3q/3P2b1/1BP3P1/PP1N1PQP/R1B1R1K1,,,7,35,27,False,202305
202305083558962,35,e1e8,7.0,True,207.0,272.0,4rrk1/5ppp/p1pb4/1p1n3q/3P2b1/1BP3P1/PP1N1PQP/R1B1R1K1,,,7,35,27,False,202305
202305083784844,35,e1e8,12.0,True,61.0,62.0,4rrk1/5ppp/p1pb4/1p1n3q/3P2b1/1BP3P1/PP1N1PQP/R1B1R1K1,,,7,35,27,False,202305
202305030844948,35,e1e8,19.0,True,90.0,114.0,4rrk1/5ppp/p1pb4/1p1n3q/3P2b1/1BP3P1/PP1N1PQP/R1B1R1K1,,,7,35,27,False,202305
202305019259992,35,e1e8,20.0,True,935.0,970.0,4rrk1/5ppp/p1pb4/1p1n3q/3P2b1/1BP3P1/PP1N1PQP/R1B1R1K1,,,7,35,27,False,202305
202305019673039,35,e1e8,26.0,True,95.0,113.0,4rrk1/5ppp/p1pb4/1p1n3q/3P2b1/1BP3P1/PP1N1PQP/R1B1R1K1,,,7,35,27,False,202305
202305019704428,35,d2e4,6.0,True,131.0,161.0,4rrk1/5ppp/p1pb4/1p1n3q/3P2b1/1BP3P1/PP1N1PQP/R1B1R1K1,,,7,35,27,False,202305
202305019717438,35,e1e8,11.0,True,106.0,119.0,4rrk1/5ppp/p1pb4/1p1n3q/3P2b1/1BP3P1/PP1N1PQP/R1B1R1K1,,,7,35,27,False,202305
202305102115700,35,e1e8,6.0,True,44.0,46.0,4rrk1/5ppp/p1pb4/1p1n3q/3P2b1/1BP3P1/PP1N1PQP/R1B1R1K1,,,7,35,27,False,202305
202305102357698,35,g2f1,13.0,True,144.0,165.0,4rrk1/5ppp/p1pb4/1p1n3q/3P2b1/1BP3P1/PP1N1PQP/R1B1R1K1,,,7,35,27,False,202305
202305102513667,35,e1e4,97.0,True,302.0,322.0,4rrk1/5ppp/p1pb4/1p1n3q/3P2b1/1BP3P1/PP1N1PQP/R1B1R1K1,,,7,35,27,False,202305
202305102951582,35,e1e8,13.0,True,34.0,49.0,4rrk1/5ppp/p1pb4/1p1n3q/3P2b1/1BP3P1/PP1N1PQP/R1B1R1K1,,,7,35,27,False,202305
202305073213659,35,e1e8,13.0,True,487.0,567.0,4rrk1/5ppp/p1pb4/1p1n3q/3P2b1/1BP3P1/PP1N1PQP/R1B1R1K1,,,7,35,27,False,202305
202305073436905,35,e1e8,24.0,True,570.0,628.0,4rrk1/5ppp/p1pb4/1p1n3q/3P2b1/1BP3P1/PP1N1PQP/R1B1R1K1,,,7,35,27,False,202305
202305073609493,35,d2e4,4.0,True,135.0,163.0,4rrk1/5ppp/p1pb4/1p1n3q/3P2b1/1BP3P1/PP1N1PQP/R1B1R1K1,,,7,35,27,False,202305
202305067023024,35,e1e4,108.0,True,254.0,275.0,4rrk1/5ppp/p1pb4/1p1n3q/3P2b1/1BP3P1/PP1N1PQP/R1B1R1K1,,,7,35,27,False,202305
202305067055123,35,e1f1,5.0,True,149.0,163.0,4rrk1/5ppp/p1pb4/1p1n3q/3P2b1/1BP3P1/PP1N1PQP/R1B1R1K1,,,7,35,27,False,202305
202305067159924,35,e1e8,3.0,True,158.0,154.0,4rrk1/5ppp/p1pb4/1p1n3q/3P2b1/1BP3P1/PP1N1PQP/R1B1R1K1,,,7,35,27,False,202305
202305067442514,35,e1e8,5.0,True,603.0,629.0,4rrk1/5ppp/p1pb4/1p1n3q/3P2b1/1BP3P1/PP1N1PQP/R1B1R1K1,,,7,35,27,False,202305
202305067576023,35,e1e8,2.0,True,40.0,49.0,4rrk1/5ppp/p1pb4/1p1n3q/3P2b1/1BP3P1/PP1N1PQP/R1B1R1K1,,,7,35,27,False,202305
202305067670737,35,e1f1,23.0,True,306.0,311.0,4rrk1/5ppp/p1pb4/1p1n3q/3P2b1/1BP3P1/PP1N1PQP/R1B1R1K1,,,7,35,27,False,202305
202305067848972,35,g1f1,50.0,True,409.0,554.0,4rrk1/5ppp/p1pb4/1p1n3q/3P2b1/1BP3P1/PP1N1PQP/R1B1R1K1,,,7,35,27,False,202305
202305067945793,35,e1e8,15.0,True,28.0,48.0,4rrk1/5ppp/p1pb4/1p1n3q/3P2b1/1BP3P1/PP1N1PQP/R1B1R1K1,,,7,35,27,False,202305
202305026095040,35,d2e4,1.0,True,147.0,164.0,4rrk1/5ppp/p1pb4/1p1n3q/3P2b1/1BP3P1/PP1N1PQP/R1B1R1K1,,,7,35,27,False,202305
202305026095521,35,d2e4,9.0,True,194.0,319.0,4rrk1/5ppp/p1pb4/1p1n3q/3P2b1/1BP3P1/PP1N1PQP/R1B1R1K1,,,7,35,27,False,202305
202305026223564,35,e1e8,12.0,True,61.0,108.0,4rrk1/5ppp/p1pb4/1p1n3q/3P2b1/1BP3P1/PP1N1PQP/R1B1R1K1,,,7,35,27,False,202305
202305026264963,35,e1e8,50.0,True,413.0,452.0,4rrk1/5ppp/p1pb4/1p1n3q/3P2b1/1BP3P1/PP1N1PQP/R1B1R1K1,,,7,35,27,False,202305
202305026953815,35,e1e8,12.0,True,35.0,164.0,4rrk1/5ppp/p1pb4/1p1n3q/3P2b1/1BP3P1/PP1N1PQP/R1B1R1K1,,,7,35,27,False,202305
202305079089895,35,e1e4,44.0,True,231.0,273.0,4rrk1/5ppp/p1pb4/1p1n3q/3P2b1/1BP3P1/PP1N1PQP/R1B1R1K1,,,7,35,27,False,202305
202305079620324,35,e1f1,53.0,True,91.0,116.0,4rrk1/5ppp/p1pb4/1p1n3q/3P2b1/1BP3P1/PP1N1PQP/R1B1R1K1,,,7,35,27,False,202305
202305002118582,35,d2e4,13.0,True,134.0,182.0,4rrk1/5ppp/p1pb4/1p1n3q/3P2b1/1BP3P1/PP1N1PQP/R1B1R1K1,,,7,35,27,False,202305
202305002394257,35,e1f1,15.0,True,137.0,190.0,4rrk1/5ppp/p1pb4/1p1n3q/3P2b1/1BP3P1/PP1N1PQP/R1B1R1K1,,,7,35,27,False,202305
202305014126415,35,d2e4,3.0,True,255.0,255.0,4rrk1/5ppp/p1pb4/1p1n3q/3P2b1/1BP3P1/PP1N1PQP/R1B1R1K1,,,7,35,27,False,202305
202305014693162,35,e1e8,15.0,True,77.0,116.0,4rrk1/5ppp/p1pb4/1p1n3q/3P2b1/1BP3P1/PP1N1PQP/R1B1R1K1,,,7,35,27,False,202305
202305007488369,35,e1e8,6.0,True,898.0,778.0,4rrk1/5ppp/p1pb4/1p1n3q/3P2b1/1BP3P1/PP1N1PQP/R1B1R1K1,,,7,35,27,False,202305
202305007530208,35,e1e8,107.0,True,370.0,547.0,4rrk1/5ppp/p1pb4/1p1n3q/3P2b1/1BP3P1/PP1N1PQP/R1B1R1K1,,,7,35,27,False,202305
202305007729212,35,d2e4,6.0,True,73.0,191.0,4rrk1/5ppp/p1pb4/1p1n3q/3P2b1/1BP3P1/PP1N1PQP/R1B1R1K1,,,7,35,27,False,202305
202305007992969,35,d2e4,12.0,True,245.0,275.0,4rrk1/5ppp/p1pb4/1p1n3q/3P2b1/1BP3P1/PP1N1PQP/R1B1R1K1,,,7,35,27,False,202305
202305024951673,35,e1e8,4.0,True,134.0,160.0,4rrk1/5ppp/p1pb4/1p1n3q/3P2b1/1BP3P1/PP1N1PQP/R1B1R1K1,,,7,35,27,False,202305
202305045334726,35,e1f1,52.0,True,295.0,281.0,4rrk1/5ppp/p1pb4/1p1n3q/3P2b1/1BP3P1/PP1N1PQP/R1B1R1K1,,,7,35,27,False,202305
202305045610130,35,e1e8,12.0,True,141.0,203.0,4rrk1/5ppp/p1pb4/1p1n3q/3P2b1/1BP3P1/PP1N1PQP/R1B1R1K1,,,7,35,27,False,202305
202305045633609,35,e1e8,61.0,True,106.0,169.0,4rrk1/5ppp/p1pb4/1p1n3q/3P2b1/1BP3P1/PP1N1PQP/R1B1R1K1,,,7,35,27,False,202305
202305045894800,35,e1e8,6.0,True,47.0,40.0,4rrk1/5ppp/p1pb4/1p1n3q/3P2b1/1BP3P1/PP1N1PQP/R1B1R1K1,,,7,35,27,False,202305
202305052124643,35,e1e3,13.0,True,27.0,47.0,4rrk1/5ppp/p1pb4/1p1n3q/3P2b1/1BP3P1/PP1N1PQP/R1B1R1K1,,,7,35,27,False,202305
202305052619659,35,e1e8,22.0,True,128.0,160.0,4rrk1/5ppp/p1pb4/1p1n3q/3P2b1/1BP3P1/PP1N1PQP/R1B1R1K1,,,7,35,27,False,202305
202305052685550,35,e1e8,9.0,True,134.0,167.0,4rrk1/5ppp/p1pb4/1p1n3q/3P2b1/1BP3P1/PP1N1PQP/R1B1R1K1,,,7,35,27,False,202305
202305008073718,35,e1e4,24.0,True,151.0,153.0,4rrk1/5ppp/p1pb4/1p1n3q/3P2b1/1BP3P1/PP1N1PQP/R1B1R1K1,,,7,35,27,False,202305
202305008200299,35,e1e4,19.0,True,157.0,144.0,4rrk1/5ppp/p1pb4/1p1n3q/3P2b1/1BP3P1/PP1N1PQP/R1B1R1K1,,,7,35,27,False,202305
202305008259557,35,e1e8,,True,,,4rrk1/5ppp/p1pb4/1p1n3q/3P2b1/1BP3P1/PP1N1PQP/R1B1R1K1,,,7,35,27,False,202305
202305008421655,35,e1e8,5.0,True,166.0,178.0,4rrk1/5ppp/p1pb4/1p1n3q/3P2b1/1BP3P1/PP1N1PQP/R1B1R1K1,,,7,35,27,False,202305
202305008549087,35,e1e4,29.0,True,139.0,195.0,4rrk1/5ppp/p1pb4/1p1n3q/3P2b1/1BP3P1/PP1N1PQP/R1B1R1K1,,,7,35,27,False,202305
202305008771226,35,e1e8,5.0,True,59.0,160.0,4rrk1/5ppp/p1pb4/1p1n3q/3P2b1/1BP3P1/PP1N1PQP/R1B1R1K1,,,7,35,27,False,202305
202305008988819,35,e1e8,15.0,True,171.0,182.0,4rrk1/5ppp/p1pb4/1p1n3q/3P2b1/1BP3P1/PP1N1PQP/R1B1R1K1,,,7,35,27,False,202305
202305066113929,35,e1e8,51.0,True,171.0,171.0,4rrk1/5ppp/p1pb4/1p1n3q/3P2b1/1BP3P1/PP1N1PQP/R1B1R1K1,,,7,35,27,False,202305
202305066383192,35,e1e4,50.0,True,581.0,646.0,4rrk1/5ppp/p1pb4/1p1n3q/3P2b1/1BP3P1/PP1N1PQP/R1B1R1K1,,,7,35,27,False,202305
202305066513457,35,d2e4,1.0,True,160.0,159.0,4rrk1/5ppp/p1pb4/1p1n3q/3P2b1/1BP3P1/PP1N1PQP/R1B1R1K1,,,7,35,27,False,202305
202305066821500,35,e1f1,49.0,True,131.0,181.0,4rrk1/5ppp/p1pb4/1p1n3q/3P2b1/1BP3P1/PP1N1PQP/R1B1R1K1,,,7,35,27,False,202305
202305066997540,35,d2e4,6.0,True,183.0,172.0,4rrk1/5ppp/p1pb4/1p1n3q/3P2b1/1BP3P1/PP1N1PQP/R1B1R1K1,,,7,35,27,False,202305
202305064181295,35,e1e8,9.0,True,107.0,154.0,4rrk1/5ppp/p1pb4/1p1n3q/3P2b1/1BP3P1/PP1N1PQP/R1B1R1K1,,,7,35,27,False,202305
202305064358433,35,d2e4,60.0,True,154.0,169.0,4rrk1/5ppp/p1pb4/1p1n3q/3P2b1/1BP3P1/PP1N1PQP/R1B1R1K1,,,7,35,27,False,202305
202305064633868,35,e1f1,53.0,True,520.0,388.0,4rrk1/5ppp/p1pb4/1p1n3q/3P2b1/1BP3P1/PP1N1PQP/R1B1R1K1,,,7,35,27,False,202305
202305064890235,35,e1e8,5.0,True,82.0,112.0,4rrk1/5ppp/p1pb4/1p1n3q/3P2b1/1BP3P1/PP1N1PQP/R1B1R1K1,,,7,35,27,False,202305
202305064890987,35,e1e4,5.0,True,48.0,53.0,4rrk1/5ppp/p1pb4/1p1n3q/3P2b1/1BP3P1/PP1N1PQP/R1B1R1K1,,,7,35,27,False,202305
202305041025777,35,e1e8,38.0,True,1119.0,880.0,4rrk1/5ppp/p1pb4/1p1n3q/3P2b1/1BP3P1/PP1N1PQP/R1B1R1K1,,,7,35,27,False,202305
202305041287936,35,e1e8,8.0,True,137.0,109.0,4rrk1/5ppp/p1pb4/1p1n3q/3P2b1/1BP3P1/PP1N1PQP/R1B1R1K1,,,7,35,27,False,202305
202305041296934,35,e1e8,31.0,True,158.0,171.0,4rrk1/5ppp/p1pb4/1p1n3q/3P2b1/1BP3P1/PP1N1PQP/R1B1R1K1,,,7,35,27,False,202305
202305041713097,35,e1d1,9.0,True,45.0,41.0,4rrk1/5ppp/p1pb4/1p1n3q/3P2b1/1BP3P1/PP1N1PQP/R1B1R1K1,,,7,35,27,False,202305
202305037001200,35,e1e4,167.0,True,493.0,541.0,4rrk1/5ppp/p1pb4/1p1n3q/3P2b1/1BP3P1/PP1N1PQP/R1B1R1K1,,,7,35,27,False,202305
202305037056835,35,e1e8,3.0,True,136.0,180.0,4rrk1/5ppp/p1pb4/1p1n3q/3P2b1/1BP3P1/PP1N1PQP/R1B1R1K1,,,7,35,27,False,202305
202305037718870,35,d2e4,3.0,True,159.0,190.0,4rrk1/5ppp/p1pb4/1p1n3q/3P2b1/1BP3P1/PP1N1PQP/R1B1R1K1,,,7,35,27,False,202305
202305037790026,35,e1e4,7.0,True,157.0,166.0,4rrk1/5ppp/p1pb4/1p1n3q/3P2b1/1BP3P1/PP1N1PQP/R1B1R1K1,,,7,35,27,False,202305
202305091517191,35,e1e8,90.0,True,110.0,126.0,4rrk1/5ppp/p1pb4/1p1n3q/3P2b1/1BP3P1/PP1N1PQP/R1B1R1K1,,,7,35,27,False,202305
202305091670846,35,e1e8,3.0,True,157.0,172.0,4rrk1/5ppp/p1pb4/1p1n3q/3P2b1/1BP3P1/PP1N1PQP/R1B1R1K1,,,7,35,27,False,202305
202305013105240,35,e1e8,4.0,True,260.0,330.0,4rrk1/5ppp/p1pb4/1p1n3q/3P2b1/1BP3P1/PP1N1PQP/R1B1R1K1,,,7,35,27,False,202305
202305013176370,35,e1e8,22.0,True,144.0,154.0,4rrk1/5ppp/p1pb4/1p1n3q/3P2b1/1BP3P1/PP1N1PQP/R1B1R1K1,,,7,35,27,False,202305
202305013361646,35,e1e4,18.0,True,37.0,55.0,4rrk1/5ppp/p1pb4/1p1n3q/3P2b1/1BP3P1/PP1N1PQP/R1B1R1K1,,,7,35,27,False,202305
202305013931606,35,e1e8,16.0,True,253.0,222.0,4rrk1/5ppp/p1pb4/1p1n3q/3P2b1/1BP3P1/PP1N1PQP/R1B1R1K1,,,7,35,27,False,202305
202305081455194,35,e1f1,12.0,True,144.0,196.0,4rrk1/5ppp/p1pb4/1p1n3q/3P2b1/1BP3P1/PP1N1PQP/R1B1R1K1,,,7,35,27,False,202305
202305011449723,35,e1e8,43.0,True,150.0,163.0,4rrk1/5ppp/p1pb4/1p1n3q/3P2b1/1BP3P1/PP1N1PQP/R1B1R1K1,,,7,35,27,False,202305
202305011638652,35,g2f1,108.0,True,470.0,540.0,4rrk1/5ppp/p1pb4/1p1n3q/3P2b1/1BP3P1/PP1N1PQP/R1B1R1K1,,,7,35,27,False,202305
202305046049858,35,e1e8,214.0,True,391.0,560.0,4rrk1/5ppp/p1pb4/1p1n3q/3P2b1/1BP3P1/PP1N1PQP/R1B1R1K1,,,7,35,27,False,202305
202305046316592,35,f2f3,13.0,True,86.0,110.0,4rrk1/5ppp/p1pb4/1p1n3q/3P2b1/1BP3P1/PP1N1PQP/R1B1R1K1,,,7,35,27,False,202305
202305046386033,35,e1e4,12.0,True,110.0,140.0,4rrk1/5ppp/p1pb4/1p1n3q/3P2b1/1BP3P1/PP1N1PQP/R1B1R1K1,,,7,35,27,False,202305
202305046400131,35,e1e8,3.0,True,84.0,91.0,4rrk1/5ppp/p1pb4/1p1n3q/3P2b1/1BP3P1/PP1N1PQP/R1B1R1K1,,,7,35,27,False,202305
202305046883187,35,d2e4,18.0,True,156.0,160.0,4rrk1/5ppp/p1pb4/1p1n3q/3P2b1/1BP3P1/PP1N1PQP/R1B1R1K1,,,7,35,27,False,202305
202305046948802,35,e1e4,39.0,True,489.0,564.0,4rrk1/5ppp/p1pb4/1p1n3q/3P2b1/1BP3P1/PP1N1PQP/R1B1R1K1,,,7,35,27,False,202305
202305025144627,35,d2e4,11.0,True,169.0,176.0,4rrk1/5ppp/p1pb4/1p1n3q/3P2b1/1BP3P1/PP1N1PQP/R1B1R1K1,,,7,35,27,False,202305
202305025342021,35,e1e8,36.0,True,187.0,145.0,4rrk1/5ppp/p1pb4/1p1n3q/3P2b1/1BP3P1/PP1N1PQP/R1B1R1K1,,,7,35,27,False,202305
202305025592419,35,d2e4,8.0,True,154.0,182.0,4rrk1/5ppp/p1pb4/1p1n3q/3P2b1/1BP3P1/PP1N1PQP/R1B1R1K1,,,7,35,27,False,202305
202305025703510,35,g1f1,6.0,True,271.0,258.0,4rrk1/5ppp/p1pb4/1p1n3q/3P2b1/1BP3P1/PP1N1PQP/R1B1R1K1,,,7,35,27,False,202305
202305025724947,35,e1e8,43.0,True,187.0,280.0,4rrk1/5ppp/p1pb4/1p1n3q/3P2b1/1BP3P1/PP1N1PQP/R1B1R1K1,,,7,35,27,False,202305
202305025745248,35,e1f1,11.0,True,113.0,76.0,4rrk1/5ppp/p1pb4/1p1n3q/3P2b1/1BP3P1/PP1N1PQP/R1B1R1K1,,,7,35,27,False,202305
202305025860669,35,d2e4,9.0,True,138.0,168.0,4rrk1/5ppp/p1pb4/1p1n3q/3P2b1/1BP3P1/PP1N1PQP/R1B1R1K1,,,7,35,27,False,202305
202306093128069,35,d2e4,11.0,True,237.0,268.0,4rrk1/5ppp/p1pb4/1p1n3q/3P2b1/1BP3P1/PP1N1PQP/R1B1R1K1,,,7,35,27,False,202306
202306093658190,35,e1e8,3.0,True,89.0,155.0,4rrk1/5ppp/p1pb4/1p1n3q/3P2b1/1BP3P1/PP1N1PQP/R1B1R1K1,,,7,35,27,False,202306
202306070895347,35,e1e8,23.0,True,405.0,459.0,4rrk1/5ppp/p1pb4/1p1n3q/3P2b1/1BP3P1/PP1N1PQP/R1B1R1K1,,,7,35,27,False,202306
202306077115621,35,e1e8,23.0,True,114.0,155.0,4rrk1/5ppp/p1pb4/1p1n3q/3P2b1/1BP3P1/PP1N1PQP/R1B1R1K1,,,7,35,27,False,202306
202306077462933,35,d2e4,33.0,True,173.0,122.0,4rrk1/5ppp/p1pb4/1p1n3q/3P2b1/1BP3P1/PP1N1PQP/R1B1R1K1,,,7,35,27,False,202306
202306077579227,35,e1e8,8.0,True,181.0,175.0,4rrk1/5ppp/p1pb4/1p1n3q/3P2b1/1BP3P1/PP1N1PQP/R1B1R1K1,,,7,35,27,False,202306
202306077644511,35,e1e8,3.0,True,208.0,236.0,4rrk1/5ppp/p1pb4/1p1n3q/3P2b1/1BP3P1/PP1N1PQP/R1B1R1K1,,,7,35,27,False,202306
202306077874493,35,h2h4,6.0,True,171.0,174.0,4rrk1/5ppp/p1pb4/1p1n3q/3P2b1/1BP3P1/PP1N1PQP/R1B1R1K1,,,7,35,27,False,202306
202306035346588,35,e1e8,3.0,True,555.0,568.0,4rrk1/5ppp/p1pb4/1p1n3q/3P2b1/1BP3P1/PP1N1PQP/R1B1R1K1,,,7,35,27,False,202306
202306035391970,35,e1e8,10.0,True,285.0,323.0,4rrk1/5ppp/p1pb4/1p1n3q/3P2b1/1BP3P1/PP1N1PQP/R1B1R1K1,,,7,35,27,False,202306
202306035439485,35,e1e4,34.0,True,157.0,184.0,4rrk1/5ppp/p1pb4/1p1n3q/3P2b1/1BP3P1/PP1N1PQP/R1B1R1K1,,,7,35,27,False,202306
202306035604406,35,e1e8,13.0,True,168.0,181.0,4rrk1/5ppp/p1pb4/1p1n3q/3P2b1/1BP3P1/PP1N1PQP/R1B1R1K1,,,7,35,27,False,202306
202306035690465,35,e1f1,,True,,,4rrk1/5ppp/p1pb4/1p1n3q/3P2b1/1BP3P1/PP1N1PQP/R1B1R1K1,,,7,35,27,False,202306
202306035866725,35,e1f1,6.0,True,135.0,164.0,4rrk1/5ppp/p1pb4/1p1n3q/3P2b1/1BP3P1/PP1N1PQP/R1B1R1K1,,,7,35,27,False,202306
202306032338418,35,e1e8,16.0,True,253.0,279.0,4rrk1/5ppp/p1pb4/1p1n3q/3P2b1/1BP3P1/PP1N1PQP/R1B1R1K1,,,7,35,27,False,202306
202306032545739,35,e1e8,58.0,True,295.0,331.0,4rrk1/5ppp/p1pb4/1p1n3q/3P2b1/1BP3P1/PP1N1PQP/R1B1R1K1,,,7,35,27,False,202306
202306006126139,35,e1e8,8.0,True,183.0,201.0,4rrk1/5ppp/p1pb4/1p1n3q/3P2b1/1BP3P1/PP1N1PQP/R1B1R1K1,,,7,35,27,False,202306
202306006217110,35,e1e8,53.0,True,188.0,188.0,4rrk1/5ppp/p1pb4/1p1n3q/3P2b1/1BP3P1/PP1N1PQP/R1B1R1K1,,,7,35,27,False,202306
202306006539018,35,e1e8,74.0,True,171.0,197.0,4rrk1/5ppp/p1pb4/1p1n3q/3P2b1/1BP3P1/PP1N1PQP/R1B1R1K1,,,7,35,27,False,202306
202306006565926,35,e1e8,4.0,True,141.0,175.0,4rrk1/5ppp/p1pb4/1p1n3q/3P2b1/1BP3P1/PP1N1PQP/R1B1R1K1,,,7,35,27,False,202306
202306087284763,35,e1e4,9.0,True,70.0,164.0,4rrk1/5ppp/p1pb4/1p1n3q/3P2b1/1BP3P1/PP1N1PQP/R1B1R1K1,,,7,35,27,False,202306
202306087416668,35,d2e4,11.0,True,185.0,259.0,4rrk1/5ppp/p1pb4/1p1n3q/3P2b1/1BP3P1/PP1N1PQP/R1B1R1K1,,,7,35,27,False,202306
202306087698785,35,g2f1,58.0,True,519.0,656.0,4rrk1/5ppp/p1pb4/1p1n3q/3P2b1/1BP3P1/PP1N1PQP/R1B1R1K1,,,7,35,27,False,202306
202306087807340,35,e1e8,12.0,True,152.0,164.0,4rrk1/5ppp/p1pb4/1p1n3q/3P2b1/1BP3P1/PP1N1PQP/R1B1R1K1,,,7,35,27,False,202306
202306087864165,35,d2e4,23.0,True,236.0,306.0,4rrk1/5ppp/p1pb4/1p1n3q/3P2b1/1BP3P1/PP1N1PQP/R1B1R1K1,,,7,35,27,False,202306
202306065097767,35,e1e4,16.0,True,568.0,519.0,4rrk1/5ppp/p1pb4/1p1n3q/3P2b1/1BP3P1/PP1N1PQP/R1B1R1K1,,,7,35,27,False,202306
202306065158843,35,e1e8,37.0,True,105.0,119.0,4rrk1/5ppp/p1pb4/1p1n3q/3P2b1/1BP3P1/PP1N1PQP/R1B1R1K1,,,7,35,27,False,202306
202306065203776,35,f2f3,2.0,True,177.0,196.0,4rrk1/5ppp/p1pb4/1p1n3q/3P2b1/1BP3P1/PP1N1PQP/R1B1R1K1,,,7,35,27,False,202306
202306065233294,35,e1e8,18.0,True,138.0,119.0,4rrk1/5ppp/p1pb4/1p1n3q/3P2b1/1BP3P1/PP1N1PQP/R1B1R1K1,,,7,35,27,False,202306
202306065331939,35,e1e8,6.0,True,287.0,296.0,4rrk1/5ppp/p1pb4/1p1n3q/3P2b1/1BP3P1/PP1N1PQP/R1B1R1K1,,,7,35,27,False,202306
202306065378726,35,e1e4,54.0,True,272.0,308.0,4rrk1/5ppp/p1pb4/1p1n3q/3P2b1/1BP3P1/PP1N1PQP/R1B1R1K1,,,7,35,27,False,202306
202306065455082,35,e1e8,14.0,True,170.0,179.0,4rrk1/5ppp/p1pb4/1p1n3q/3P2b1/1BP3P1/PP1N1PQP/R1B1R1K1,,,7,35,27,False,202306
202306065634709,35,e1e4,23.0,True,141.0,153.0,4rrk1/5ppp/p1pb4/1p1n3q/3P2b1/1BP3P1/PP1N1PQP/R1B1R1K1,,,7,35,27,False,202306
202306065912840,35,e1e8,6.0,True,175.0,166.0,4rrk1/5ppp/p1pb4/1p1n3q/3P2b1/1BP3P1/PP1N1PQP/R1B1R1K1,,,7,35,27,False,202306
202306049762918,35,d2e4,47.0,True,1726.0,1693.0,4rrk1/5ppp/p1pb4/1p1n3q/3P2b1/1BP3P1/PP1N1PQP/R1B1R1K1,,,7,35,27,False,202306
202306001031060,35,e1e8,8.0,True,39.0,37.0,4rrk1/5ppp/p1pb4/1p1n3q/3P2b1/1BP3P1/PP1N1PQP/R1B1R1K1,,,7,35,27,False,202306
202306001231384,35,e1e8,17.0,True,553.0,572.0,4rrk1/5ppp/p1pb4/1p1n3q/3P2b1/1BP3P1/PP1N1PQP/R1B1R1K1,,,7,35,27,False,202306
202306001479727,35,e1f1,36.0,True,145.0,166.0,4rrk1/5ppp/p1pb4/1p1n3q/3P2b1/1BP3P1/PP1N1PQP/R1B1R1K1,,,7,35,27,False,202306
202306001703763,35,d2e4,5.0,True,228.0,271.0,4rrk1/5ppp/p1pb4/1p1n3q/3P2b1/1BP3P1/PP1N1PQP/R1B1R1K1,,,7,35,27,False,202306
202306005169207,35,e1e8,11.0,True,39.0,50.0,4rrk1/5ppp/p1pb4/1p1n3q/3P2b1/1BP3P1/PP1N1PQP/R1B1R1K1,,,7,35,27,False,202306
202306005361716,35,d2e4,8.0,True,521.0,526.0,4rrk1/5ppp/p1pb4/1p1n3q/3P2b1/1BP3P1/PP1N1PQP/R1B1R1K1,,,7,35,27,False,202306
202306005695428,35,e1f1,53.0,True,154.0,154.0,4rrk1/5ppp/p1pb4/1p1n3q/3P2b1/1BP3P1/PP1N1PQP/R1B1R1K1,,,7,35,27,False,202306
202306005855112,35,e1e8,16.0,True,174.0,198.0,4rrk1/5ppp/p1pb4/1p1n3q/3P2b1/1BP3P1/PP1N1PQP/R1B1R1K1,,,7,35,27,False,202306
202306090060209,35,e1e8,33.0,True,517.0,612.0,4rrk1/5ppp/p1pb4/1p1n3q/3P2b1/1BP3P1/PP1N1PQP/R1B1R1K1,,,7,35,27,False,202306
202306090249360,35,e1f1,6.0,True,261.0,255.0,4rrk1/5ppp/p1pb4/1p1n3q/3P2b1/1BP3P1/PP1N1PQP/R1B1R1K1,,,7,35,27,False,202306
202306090818223,35,d2e4,7.0,True,227.0,269.0,4rrk1/5ppp/p1pb4/1p1n3q/3P2b1/1BP3P1/PP1N1PQP/R1B1R1K1,,,7,35,27,False,202306
202306061245155,35,e1e8,27.0,True,489.0,527.0,4rrk1/5ppp/p1pb4/1p1n3q/3P2b1/1BP3P1/PP1N1PQP/R1B1R1K1,,,7,35,27,False,202306
202306061304781,35,e1e8,2.0,True,159.0,191.0,4rrk1/5ppp/p1pb4/1p1n3q/3P2b1/1BP3P1/PP1N1PQP/R1B1R1K1,,,7,35,27,False,202306
202306061363407,35,e1e8,57.0,True,250.0,311.0,4rrk1/5ppp/p1pb4/1p1n3q/3P2b1/1BP3P1/PP1N1PQP/R1B1R1K1,,,7,35,27,False,202306
202306061480879,35,g2f1,10.0,True,261.0,281.0,4rrk1/5ppp/p1pb4/1p1n3q/3P2b1/1BP3P1/PP1N1PQP/R1B1R1K1,,,7,35,27,False,202306
202306061584349,35,e1e8,6.0,True,66.0,117.0,4rrk1/5ppp/p1pb4/1p1n3q/3P2b1/1BP3P1/PP1N1PQP/R1B1R1K1,,,7,35,27,False,202306
202306061638075,35,f2f3,11.0,True,157.0,152.0,4rrk1/5ppp/p1pb4/1p1n3q/3P2b1/1BP3P1/PP1N1PQP/R1B1R1K1,,,7,35,27,False,202306
202306061898634,35,e1e8,6.0,True,26.0,46.0,4rrk1/5ppp/p1pb4/1p1n3q/3P2b1/1BP3P1/PP1N1PQP/R1B1R1K1,,,7,35,27,False,202306
202306061984717,35,e1f1,41.0,True,178.0,132.0,4rrk1/5ppp/p1pb4/1p1n3q/3P2b1/1BP3P1/PP1N1PQP/R1B1R1K1,,,7,35,27,False,202306
202306057153192,35,g2f1,22.0,True,442.0,626.0,4rrk1/5ppp/p1pb4/1p1n3q/3P2b1/1BP3P1/PP1N1PQP/R1B1R1K1,,,7,35,27,False,202306
202306036427177,35,e1e8,18.0,True,210.0,314.0,4rrk1/5ppp/p1pb4/1p1n3q/3P2b1/1BP3P1/PP1N1PQP/R1B1R1K1,,,7,35,27,False,202306
202306036478645,35,e1e8,2.0,True,149.0,169.0,4rrk1/5ppp/p1pb4/1p1n3q/3P2b1/1BP3P1/PP1N1PQP/R1B1R1K1,,,7,35,27,False,202306
202306036481598,35,d2e4,20.0,True,194.0,258.0,4rrk1/5ppp/p1pb4/1p1n3q/3P2b1/1BP3P1/PP1N1PQP/R1B1R1K1,,,7,35,27,False,202306
202306023099425,35,e1e8,15.0,True,145.0,121.0,4rrk1/5ppp/p1pb4/1p1n3q/3P2b1/1BP3P1/PP1N1PQP/R1B1R1K1,,,7,35,27,False,202306
202306023712889,35,e1e4,37.0,True,154.0,172.0,4rrk1/5ppp/p1pb4/1p1n3q/3P2b1/1BP3P1/PP1N1PQP/R1B1R1K1,,,7,35,27,False,202306
202306023889153,35,e1e8,46.0,True,277.0,324.0,4rrk1/5ppp/p1pb4/1p1n3q/3P2b1/1BP3P1/PP1N1PQP/R1B1R1K1,,,7,35,27,False,202306
202306023996331,35,b3d5,38.0,True,145.0,173.0,4rrk1/5ppp/p1pb4/1p1n3q/3P2b1/1BP3P1/PP1N1PQP/R1B1R1K1,,,7,35,27,False,202306
202306085438835,35,e1f1,27.0,True,150.0,161.0,4rrk1/5ppp/p1pb4/1p1n3q/3P2b1/1BP3P1/PP1N1PQP/R1B1R1K1,,,7,35,27,False,202306
202306085484607,35,e1e8,5.0,True,137.0,165.0,4rrk1/5ppp/p1pb4/1p1n3q/3P2b1/1BP3P1/PP1N1PQP/R1B1R1K1,,,7,35,27,False,202306
202306009196389,35,d2e4,38.0,True,171.0,173.0,4rrk1/5ppp/p1pb4/1p1n3q/3P2b1/1BP3P1/PP1N1PQP/R1B1R1K1,,,7,35,27,False,202306
202306063039580,35,e1e8,39.0,True,157.0,170.0,4rrk1/5ppp/p1pb4/1p1n3q/3P2b1/1BP3P1/PP1N1PQP/R1B1R1K1,,,7,35,27,False,202306
202306063143544,35,e1e8,22.0,True,233.0,230.0,4rrk1/5ppp/p1pb4/1p1n3q/3P2b1/1BP3P1/PP1N1PQP/R1B1R1K1,,,7,35,27,False,202306
202306063654465,35,e1e8,13.0,True,242.0,274.0,4rrk1/5ppp/p1pb4/1p1n3q/3P2b1/1BP3P1/PP1N1PQP/R1B1R1K1,,,7,35,27,False,202306
202306063677058,35,e1e4,28.0,True,189.0,179.0,4rrk1/5ppp/p1pb4/1p1n3q/3P2b1/1BP3P1/PP1N1PQP/R1B1R1K1,,,7,35,27,False,202306
202306063763758,35,e1e4,2.0,True,186.0,181.0,4rrk1/5ppp/p1pb4/1p1n3q/3P2b1/1BP3P1/PP1N1PQP/R1B1R1K1,,,7,35,27,False,202306
202306063913553,35,e1e8,7.0,True,178.0,197.0,4rrk1/5ppp/p1pb4/1p1n3q/3P2b1/1BP3P1/PP1N1PQP/R1B1R1K1,,,7,35,27,False,202306
202306059519082,35,e1e8,7.0,True,559.0,644.0,4rrk1/5ppp/p1pb4/1p1n3q/3P2b1/1BP3P1/PP1N1PQP/R1B1R1K1,,,7,35,27,False,202306
202306059591450,35,d2e4,8.0,True,147.0,162.0,4rrk1/5ppp/p1pb4/1p1n3q/3P2b1/1BP3P1/PP1N1PQP/R1B1R1K1,,,7,35,27,False,202306
202306074141476,35,e1e8,9.0,True,176.0,201.0,4rrk1/5ppp/p1pb4/1p1n3q/3P2b1/1BP3P1/PP1N1PQP/R1B1R1K1,,,7,35,27,False,202306
202306074545855,35,e1f1,28.0,True,130.0,196.0,4rrk1/5ppp/p1pb4/1p1n3q/3P2b1/1BP3P1/PP1N1PQP/R1B1R1K1,,,7,35,27,False,202306
202306074561890,39,e1e4,32.0,True,146.0,162.0,4rrk1/5ppp/p1pb4/1p1n3q/3P2b1/1BP3P1/PP1N1PQP/R1B1R1K1,,,11,35,27,False,202306
202306074655986,35,e1e8,11.0,True,101.0,192.0,4rrk1/5ppp/p1pb4/1p1n3q/3P2b1/1BP3P1/PP1N1PQP/R1B1R1K1,,,7,35,27,False,202306
202306074724708,35,e1e8,32.0,True,163.0,173.0,4rrk1/5ppp/p1pb4/1p1n3q/3P2b1/1BP3P1/PP1N1PQP/R1B1R1K1,,,7,35,27,False,202306
202306040545683,35,b3d1,8.0,True,97.0,105.0,4rrk1/5ppp/p1pb4/1p1n3q/3P2b1/1BP3P1/PP1N1PQP/R1B1R1K1,,,7,35,27,False,202306
202306040771197,35,d2e4,11.0,True,260.0,273.0,4rrk1/5ppp/p1pb4/1p1n3q/3P2b1/1BP3P1/PP1N1PQP/R1B1R1K1,,,7,35,27,False,202306
202306040819987,35,d2e4,8.0,True,95.0,109.0,4rrk1/5ppp/p1pb4/1p1n3q/3P2b1/1BP3P1/PP1N1PQP/R1B1R1K1,,,7,35,27,False,202306
202306040978039,35,d2e4,1.0,True,43.0,51.0,4rrk1/5ppp/p1pb4/1p1n3q/3P2b1/1BP3P1/PP1N1PQP/R1B1R1K1,,,7,35,27,False,202306
202306021255548,35,g2f1,17.0,True,24.0,50.0,4rrk1/5ppp/p1pb4/1p1n3q/3P2b1/1BP3P1/PP1N1PQP/R1B1R1K1,,,7,35,27,False,202306
202306021326654,35,e1f1,26.0,True,254.0,300.0,4rrk1/5ppp/p1pb4/1p1n3q/3P2b1/1BP3P1/PP1N1PQP/R1B1R1K1,,,7,35,27,False,202306
202306021866700,35,e1e4,29.0,True,274.0,269.0,4rrk1/5ppp/p1pb4/1p1n3q/3P2b1/1BP3P1/PP1N1PQP/R1B1R1K1,,,7,35,27,False,202306
202306062336309,35,g2f1,6.0,True,155.0,164.0,4rrk1/5ppp/p1pb4/1p1n3q/3P2b1/1BP3P1/PP1N1PQP/R1B1R1K1,,,7,35,27,False,202306
202306062644380,35,e1e8,53.0,True,154.0,190.0,4rrk1/5ppp/p1pb4/1p1n3q/3P2b1/1BP3P1/PP1N1PQP/R1B1R1K1,,,7,35,27,False,202306
202306062835581,35,d2e4,5.0,True,127.0,155.0,4rrk1/5ppp/p1pb4/1p1n3q/3P2b1/1BP3P1/PP1N1PQP/R1B1R1K1,,,7,35,27,False,202306
202306062999970,35,e1e8,27.0,True,82.0,115.0,4rrk1/5ppp/p1pb4/1p1n3q/3P2b1/1BP3P1/PP1N1PQP/R1B1R1K1,,,7,35,27,False,202306
202306022745567,35,d2e4,9.0,True,106.0,113.0,4rrk1/5ppp/p1pb4/1p1n3q/3P2b1/1BP3P1/PP1N1PQP/R1B1R1K1,,,7,35,27,False,202306
202306042275152,35,e1f1,52.0,True,90.0,103.0,4rrk1/5ppp/p1pb4/1p1n3q/3P2b1/1BP3P1/PP1N1PQP/R1B1R1K1,,,7,35,27,False,202306
202306039024804,35,e1e8,5.0,True,46.0,47.0,4rrk1/5ppp/p1pb4/1p1n3q/3P2b1/1BP3P1/PP1N1PQP/R1B1R1K1,,,7,35,27,False,202306
202306039281082,35,g2f1,19.0,True,114.0,155.0,4rrk1/5ppp/p1pb4/1p1n3q/3P2b1/1BP3P1/PP1N1PQP/R1B1R1K1,,,7,35,27,False,202306
202306084770069,37,e1e8,102.0,True,492.0,579.0,4rrk1/5ppp/p1pb4/1p1n3q/3P2b1/1BP3P1/PP1N1PQP/R1B1R1K1,,,7,35,27,False,202306
202306084804048,35,e1e8,34.0,True,129.0,191.0,4rrk1/5ppp/p1pb4/1p1n3q/3P2b1/1BP3P1/PP1N1PQP/R1B1R1K1,,,7,35,27,False,202306
202306080405052,35,e1e8,15.0,True,197.0,186.0,4rrk1/5ppp/p1pb4/1p1n3q/3P2b1/1BP3P1/PP1N1PQP/R1B1R1K1,,,5,35,27,False,202306
202306051460261,35,e1f1,50.0,True,585.0,528.0,4rrk1/5ppp/p1pb4/1p1n3q/3P2b1/1BP3P1/PP1N1PQP/R1B1R1K1,,,7,35,27,False,202306
202306051822188,35,e1e4,101.0,True,116.0,170.0,4rrk1/5ppp/p1pb4/1p1n3q/3P2b1/1BP3P1/PP1N1PQP/R1B1R1K1,,,7,35,27,False,202306
202306069672183,35,e1e8,66.0,True,835.0,997.0,4rrk1/5ppp/p1pb4/1p1n3q/3P2b1/1BP3P1/PP1N1PQP/R1B1R1K1,,,7,35,27,False,202306
202306069704775,35,e1e4,13.0,True,146.0,152.0,4rrk1/5ppp/p1pb4/1p1n3q/3P2b1/1BP3P1/PP1N1PQP/R1B1R1K1,,,7,35,27,False,202306
202306082004372,35,e1f1,17.0,True,116.0,168.0,4rrk1/5ppp/p1pb4/1p1n3q/3P2b1/1BP3P1/PP1N1PQP/R1B1R1K1,,,7,35,27,False,202306
202306082258423,35,e1e8,3.0,True,154.0,152.0,4rrk1/5ppp/p1pb4/1p1n3q/3P2b1/1BP3P1/PP1N1PQP/R1B1R1K1,,,7,35,27,False,202306
202306082573742,35,e1e8,25.0,True,129.0,129.0,4rrk1/5ppp/p1pb4/1p1n3q/3P2b1/1BP3P1/PP1N1PQP/R1B1R1K1,,,7,35,27,False,202306
202306082785186,35,e1e3,15.0,True,134.0,159.0,4rrk1/5ppp/p1pb4/1p1n3q/3P2b1/1BP3P1/PP1N1PQP/R1B1R1K1,,,7,35,27,False,202306
202306003201018,35,e1e8,7.0,True,134.0,187.0,4rrk1/5ppp/p1pb4/1p1n3q/3P2b1/1BP3P1/PP1N1PQP/R1B1R1K1,,,7,35,27,False,202306
202306003331756,35,e1e4,27.0,True,144.0,159.0,4rrk1/5ppp/p1pb4/1p1n3q/3P2b1/1BP3P1/PP1N1PQP/R1B1R1K1,,,7,35,27,False,202306
202306003537610,35,e1e4,15.0,True,258.0,277.0,4rrk1/5ppp/p1pb4/1p1n3q/3P2b1/1BP3P1/PP1N1PQP/R1B1R1K1,,,7,35,27,False,202306
202306055297494,35,e1e8,1.0,True,82.0,118.0,4rrk1/5ppp/p1pb4/1p1n3q/3P2b1/1BP3P1/PP1N1PQP/R1B1R1K1,,,7,35,27,False,202306
202306055409914,35,g2f1,5.0,True,41.0,49.0,4rrk1/5ppp/p1pb4/1p1n3q/3P2b1/1BP3P1/PP1N1PQP/R1B1R1K1,,,7,35,27,False,202306
202306055467692,35,e1e8,69.0,True,117.0,157.0,4rrk1/5ppp/p1pb4/1p1n3q/3P2b1/1BP3P1/PP1N1PQP/R1B1R1K1,,,3,35,27,False,202306
202306055556757,35,g2f1,26.0,True,242.0,282.0,4rrk1/5ppp/p1pb4/1p1n3q/3P2b1/1BP3P1/PP1N1PQP/R1B1R1K1,,,7,35,27,False,202306
202306055805495,35,e1f1,11.0,True,144.0,164.0,4rrk1/5ppp/p1pb4/1p1n3q/3P2b1/1BP3P1/PP1N1PQP/R1B1R1K1,,,7,35,27,False,202306
202306020652768,35,e1e7,2.0,True,241.0,284.0,4rrk1/5ppp/p1pb4/1p1n3q/3P2b1/1BP3P1/PP1N1PQP/R1B1R1K1,,,7,35,27,False,202306
202306020741149,35,e1e8,4.0,True,50.0,101.0,4rrk1/5ppp/p1pb4/1p1n3q/3P2b1/1BP3P1/PP1N1PQP/R1B1R1K1,,,7,35,27,False,202306
202306020902080,35,e1f1,7.0,True,34.0,40.0,4rrk1/5ppp/p1pb4/1p1n3q/3P2b1/1BP3P1/PP1N1PQP/R1B1R1K1,,,7,35,27,False,202306
202306020930021,35,g2f1,15.0,True,549.0,587.0,4rrk1/5ppp/p1pb4/1p1n3q/3P2b1/1BP3P1/PP1N1PQP/R1B1R1K1,,,7,35,27,False,202306
202306004345016,35,e1e8,59.0,True,171.0,154.0,4rrk1/5ppp/p1pb4/1p1n3q/3P2b1/1BP3P1/PP1N1PQP/R1B1R1K1,,,7,35,27,False,202306
202306004540645,35,e1f1,11.0,True,127.0,160.0,4rrk1/5ppp/p1pb4/1p1n3q/3P2b1/1BP3P1/PP1N1PQP/R1B1R1K1,,,7,35,27,False,202306
202306004593043,35,e1e8,57.0,True,523.0,544.0,4rrk1/5ppp/p1pb4/1p1n3q/3P2b1/1BP3P1/PP1N1PQP/R1B1R1K1,,,7,35,27,False,202306
202306004710412,35,e1e8,0.0,True,11.0,27.0,4rrk1/5ppp/p1pb4/1p1n3q/3P2b1/1BP3P1/PP1N1PQP/R1B1R1K1,,,7,35,27,False,202306
202306004784110,35,e1f1,151.0,True,560.0,560.0,4rrk1/5ppp/p1pb4/1p1n3q/3P2b1/1BP3P1/PP1N1PQP/R1B1R1K1,,,7,35,27,False,202306
202306097575162,35,e1e8,19.0,True,499.0,548.0,4rrk1/5ppp/p1pb4/1p1n3q/3P2b1/1BP3P1/PP1N1PQP/R1B1R1K1,,,7,35,27,False,202306
202306031672643,35,e1e8,15.0,True,134.0,162.0,4rrk1/5ppp/p1pb4/1p1n3q/3P2b1/1BP3P1/PP1N1PQP/R1B1R1K1,,,7,35,27,False,202306
202306060298145,35,e1e8,50.0,True,1853.0,1488.0,4rrk1/5ppp/p1pb4/1p1n3q/3P2b1/1BP3P1/PP1N1PQP/R1B1R1K1,,,7,35,27,False,202306
202306060526950,35,e1e8,53.0,True,178.0,189.0,4rrk1/5ppp/p1pb4/1p1n3q/3P2b1/1BP3P1/PP1N1PQP/R1B1R1K1,,,7,35,27,False,202306
202306060680256,35,e1e8,3.0,True,157.0,163.0,4rrk1/5ppp/p1pb4/1p1n3q/3P2b1/1BP3P1/PP1N1PQP/R1B1R1K1,,,7,35,27,False,202306
202306060919055,35,e1f1,12.0,True,176.0,190.0,4rrk1/5ppp/p1pb4/1p1n3q/3P2b1/1BP3P1/PP1N1PQP/R1B1R1K1,,,7,35,27,False,202306
202306056178715,35,e1e8,8.0,True,34.0,51.0,4rrk1/5ppp/p1pb4/1p1n3q/3P2b1/1BP3P1/PP1N1PQP/R1B1R1K1,,,7,35,27,False,202306
202306056224508,35,e1e8,9.0,True,84.0,109.0,4rrk1/5ppp/p1pb4/1p1n3q/3P2b1/1BP3P1/PP1N1PQP/R1B1R1K1,,,7,35,27,False,202306
202306056689825,35,e1f1,24.0,True,150.0,116.0,4rrk1/5ppp/p1pb4/1p1n3q/3P2b1/1BP3P1/PP1N1PQP/R1B1R1K1,,,7,35,27,False,202306
202306056849266,35,g2f1,3.0,True,41.0,54.0,4rrk1/5ppp/p1pb4/1p1n3q/3P2b1/1BP3P1/PP1N1PQP/R1B1R1K1,,,7,35,27,False,202306
202306058364193,35,e1e3,49.0,True,71.0,118.0,4rrk1/5ppp/p1pb4/1p1n3q/3P2b1/1BP3P1/PP1N1PQP/R1B1R1K1,,,7,35,27,False,202306
202306058366255,35,d2e4,42.0,True,101.0,124.0,4rrk1/5ppp/p1pb4/1p1n3q/3P2b1/1BP3P1/PP1N1PQP/R1B1R1K1,,,7,35,27,False,202306
202306058696078,35,d2e4,10.0,True,248.0,269.0,4rrk1/5ppp/p1pb4/1p1n3q/3P2b1/1BP3P1/PP1N1PQP/R1B1R1K1,,,7,35,27,False,202306
202306068055497,35,e1e8,8.0,True,971.0,997.0,4rrk1/5ppp/p1pb4/1p1n3q/3P2b1/1BP3P1/PP1N1PQP/R1B1R1K1,,,7,35,27,False,202306
202306068070131,35,e1e8,6.0,True,103.0,115.0,4rrk1/5ppp/p1pb4/1p1n3q/3P2b1/1BP3P1/PP1N1PQP/R1B1R1K1,,,7,35,27,False,202306
202306068177686,35,e1e8,6.0,True,45.0,46.0,4rrk1/5ppp/p1pb4/1p1n3q/3P2b1/1BP3P1/PP1N1PQP/R1B1R1K1,,,7,35,27,False,202306
202306068287757,35,d2e4,10.0,True,97.0,114.0,4rrk1/5ppp/p1pb4/1p1n3q/3P2b1/1BP3P1/PP1N1PQP/R1B1R1K1,,,7,35,27,False,202306
202306068821042,35,g2f1,8.0,True,158.0,145.0,4rrk1/5ppp/p1pb4/1p1n3q/3P2b1/1BP3P1/PP1N1PQP/R1B1R1K1,,,7,35,27,False,202306
202306068821042,39,e1f1,19.0,True,147.0,99.0,4rrk1/5ppp/p1pb4/1p1n3q/3P2b1/1BP3P1/PP1N1PQP/R1B1R1K1,,,11,35,27,False,202306
202306012185296,35,g2f1,55.0,True,91.0,185.0,4rrk1/5ppp/p1pb4/1p1n3q/3P2b1/1BP3P1/PP1N1PQP/R1B1R1K1,,,7,35,27,False,202306
202306095303846,35,e1e8,3.0,True,139.0,163.0,4rrk1/5ppp/p1pb4/1p1n3q/3P2b1/1BP3P1/PP1N1PQP/R1B1R1K1,,,7,35,27,False,202306
202306095590947,35,e1d1,3.0,True,153.0,177.0,4rrk1/5ppp/p1pb4/1p1n3q/3P2b1/1BP3P1/PP1N1PQP/R1B1R1K1,,,7,35,27,False,202306
202306095986535,35,e1e8,17.0,True,529.0,581.0,4rrk1/5ppp/p1pb4/1p1n3q/3P2b1/1BP3P1/PP1N1PQP/R1B1R1K1,,,7,35,27,False,202306
202306078149685,35,e1e8,6.0,True,107.0,112.0,4rrk1/5ppp/p1pb4/1p1n3q/3P2b1/1BP3P1/PP1N1PQP/R1B1R1K1,,,7,35,27,False,202306
202306027223916,35,e1e8,2.0,True,239.0,270.0,4rrk1/5ppp/p1pb4/1p1n3q/3P2b1/1BP3P1/PP1N1PQP/R1B1R1K1,,,7,35,27,False,202306
202306027348612,35,e1f1,6.0,True,160.0,171.0,4rrk1/5ppp/p1pb4/1p1n3q/3P2b1/1BP3P1/PP1N1PQP/R1B1R1K1,,,7,35,27,False,202306
202306027594929,35,e1e8,14.0,True,102.0,115.0,4rrk1/5ppp/p1pb4/1p1n3q/3P2b1/1BP3P1/PP1N1PQP/R1B1R1K1,,,7,35,27,False,202306
202306027837063,35,e1e8,13.0,True,164.0,196.0,4rrk1/5ppp/p1pb4/1p1n3q/3P2b1/1BP3P1/PP1N1PQP/R1B1R1K1,,,7,35,27,False,202306
202306043013474,35,e1f1,40.0,True,199.0,261.0,4rrk1/5ppp/p1pb4/1p1n3q/3P2b1/1BP3P1/PP1N1PQP/R1B1R1K1,,,7,35,27,False,202306
202306043179731,35,d2e4,19.0,True,257.0,326.0,4rrk1/5ppp/p1pb4/1p1n3q/3P2b1/1BP3P1/PP1N1PQP/R1B1R1K1,,,7,35,27,False,202306
202306043515964,35,g1f1,28.0,True,212.0,246.0,4rrk1/5ppp/p1pb4/1p1n3q/3P2b1/1BP3P1/PP1N1PQP/R1B1R1K1,,,7,35,27,False,202306
202306050408989,35,e1e8,45.0,True,235.0,290.0,4rrk1/5ppp/p1pb4/1p1n3q/3P2b1/1BP3P1/PP1N1PQP/R1B1R1K1,,,7,35,27,False,202306
202306050409507,35,e1e8,3.0,True,50.0,45.0,4rrk1/5ppp/p1pb4/1p1n3q/3P2b1/1BP3P1/PP1N1PQP/R1B1R1K1,,,7,35,27,False,202306
202306050770606,35,e1e8,40.0,True,141.0,165.0,4rrk1/5ppp/p1pb4/1p1n3q/3P2b1/1BP3P1/PP1N1PQP/R1B1R1K1,,,7,35,27,False,202306
202306088469251,35,e1e8,5.0,True,519.0,566.0,4rrk1/5ppp/p1pb4/1p1n3q/3P2b1/1BP3P1/PP1N1PQP/R1B1R1K1,,,7,35,27,False,202306
202306088606974,35,e1e8,1.0,True,107.0,112.0,4rrk1/5ppp/p1pb4/1p1n3q/3P2b1/1BP3P1/PP1N1PQP/R1B1R1K1,,,7,35,27,False,202306
202306088881240,35,e1f1,6.0,True,256.0,265.0,4rrk1/5ppp/p1pb4/1p1n3q/3P2b1/1BP3P1/PP1N1PQP/R1B1R1K1,,,7,35,27,False,202306
202306028048840,35,e1f1,9.0,True,158.0,159.0,4rrk1/5ppp/p1pb4/1p1n3q/3P2b1/1BP3P1/PP1N1PQP/R1B1R1K1,,,7,35,27,False,202306
202306028418606,35,e1e8,25.0,True,225.0,278.0,4rrk1/5ppp/p1pb4/1p1n3q/3P2b1/1BP3P1/PP1N1PQP/R1B1R1K1,,,7,35,27,False,202306
202306028656560,35,e1e8,6.0,True,170.0,195.0,4rrk1/5ppp/p1pb4/1p1n3q/3P2b1/1BP3P1/PP1N1PQP/R1B1R1K1,,,7,35,27,False,202306
202306028907539,35,e1f1,16.0,True,154.0,168.0,4rrk1/5ppp/p1pb4/1p1n3q/3P2b1/1BP3P1/PP1N1PQP/R1B1R1K1,,,7,35,27,False,202306
202306028908464,35,g2f1,43.0,True,225.0,361.0,4rrk1/5ppp/p1pb4/1p1n3q/3P2b1/1BP3P1/PP1N1PQP/R1B1R1K1,,,7,35,27,False,202306
202306028996295,35,d2e4,9.0,True,137.0,178.0,4rrk1/5ppp/p1pb4/1p1n3q/3P2b1/1BP3P1/PP1N1PQP/R1B1R1K1,,,7,35,27,False,202306
202306071427494,35,g2f1,200.0,True,1612.0,1772.0,4rrk1/5ppp/p1pb4/1p1n3q/3P2b1/1BP3P1/PP1N1PQP/R1B1R1K1,,,7,35,27,False,202306
202306071916919,35,e1e8,22.0,True,136.0,187.0,4rrk1/5ppp/p1pb4/1p1n3q/3P2b1/1BP3P1/PP1N1PQP/R1B1R1K1,,,7,35,27,False,202306
202306076218106,35,e1e4,19.0,True,237.0,279.0,4rrk1/5ppp/p1pb4/1p1n3q/3P2b1/1BP3P1/PP1N1PQP/R1B1R1K1,,,7,35,27,False,202306
202306076343154,35,e1e8,7.0,True,126.0,168.0,4rrk1/5ppp/p1pb4/1p1n3q/3P2b1/1BP3P1/PP1N1PQP/R1B1R1K1,,,7,35,27,False,202306
202306076432783,35,d2e4,85.0,True,529.0,541.0,4rrk1/5ppp/p1pb4/1p1n3q/3P2b1/1BP3P1/PP1N1PQP/R1B1R1K1,,,7,35,27,False,202306
202306076458119,35,e1f1,6.0,True,489.0,511.0,4rrk1/5ppp/p1pb4/1p1n3q/3P2b1/1BP3P1/PP1N1PQP/R1B1R1K1,,,7,35,27,False,202306
202306017084732,35,e1e4,43.0,True,139.0,153.0,4rrk1/5ppp/p1pb4/1p1n3q/3P2b1/1BP3P1/PP1N1PQP/R1B1R1K1,,,7,35,27,False,202306
202306017454965,35,d2e4,26.0,True,142.0,247.0,4rrk1/5ppp/p1pb4/1p1n3q/3P2b1/1BP3P1/PP1N1PQP/R1B1R1K1,,,7,35,27,False,202306
202306017601660,35,d2e4,261.0,True,288.0,546.0,4rrk1/5ppp/p1pb4/1p1n3q/3P2b1/1BP3P1/PP1N1PQP/R1B1R1K1,,,7,35,27,False,202306
202306053060871,35,e1e8,67.0,True,101.0,112.0,4rrk1/5ppp/p1pb4/1p1n3q/3P2b1/1BP3P1/PP1N1PQP/R1B1R1K1,,,7,35,27,False,202306
202306053243934,35,e1e4,87.0,True,144.0,171.0,4rrk1/5ppp/p1pb4/1p1n3q/3P2b1/1BP3P1/PP1N1PQP/R1B1R1K1,,,7,35,27,False,202306
202306053543409,35,g2f1,64.0,True,222.0,289.0,4rrk1/5ppp/p1pb4/1p1n3q/3P2b1/1BP3P1/PP1N1PQP/R1B1R1K1,,,7,35,27,False,202306
202306047064524,35,d2e4,16.0,True,57.0,107.0,4rrk1/5ppp/p1pb4/1p1n3q/3P2b1/1BP3P1/PP1N1PQP/R1B1R1K1,,,7,35,27,False,202306
202306047324105,35,e1e8,27.0,True,473.0,545.0,4rrk1/5ppp/p1pb4/1p1n3q/3P2b1/1BP3P1/PP1N1PQP/R1B1R1K1,,,7,35,27,False,202306
202306047492927,35,e1e8,4.0,True,85.0,212.0,4rrk1/5ppp/p1pb4/1p1n3q/3P2b1/1BP3P1/PP1N1PQP/R1B1R1K1,,,7,35,27,False,202306
202306047534039,35,e1e8,43.0,True,207.0,297.0,4rrk1/5ppp/p1pb4/1p1n3q/3P2b1/1BP3P1/PP1N1PQP/R1B1R1K1,,,7,35,27,False,202306
202306010545903,35,e1e8,83.0,True,148.0,188.0,4rrk1/5ppp/p1pb4/1p1n3q/3P2b1/1BP3P1/PP1N1PQP/R1B1R1K1,,,7,35,27,False,202306
202306010693487,35,e1e8,2.0,True,50.0,62.0,4rrk1/5ppp/p1pb4/1p1n3q/3P2b1/1BP3P1/PP1N1PQP/R1B1R1K1,,,7,35,27,False,202306
202306010862448,35,e1e4,19.0,True,129.0,181.0,4rrk1/5ppp/p1pb4/1p1n3q/3P2b1/1BP3P1/PP1N1PQP/R1B1R1K1,,,7,35,27,False,202306
202306089265640,35,e1f1,16.0,True,121.0,164.0,4rrk1/5ppp/p1pb4/1p1n3q/3P2b1/1BP3P1/PP1N1PQP/R1B1R1K1,,,7,35,27,False,202306
202306089269203,35,e1e8,9.0,True,75.0,119.0,4rrk1/5ppp/p1pb4/1p1n3q/3P2b1/1BP3P1/PP1N1PQP/R1B1R1K1,,,7,35,27,False,202306
202306089692305,35,e1e8,11.0,True,147.0,167.0,4rrk1/5ppp/p1pb4/1p1n3q/3P2b1/1BP3P1/PP1N1PQP/R1B1R1K1,,,7,35,27,False,202306
202306089786881,35,e1e8,16.0,True,156.0,147.0,4rrk1/5ppp/p1pb4/1p1n3q/3P2b1/1BP3P1/PP1N1PQP/R1B1R1K1,,,7,35,27,False,202306
202306075066103,35,e1f1,13.0,True,161.0,167.0,4rrk1/5ppp/p1pb4/1p1n3q/3P2b1/1BP3P1/PP1N1PQP/R1B1R1K1,,,7,35,27,False,202306
202306075383719,35,e1e8,12.0,True,39.0,50.0,4rrk1/5ppp/p1pb4/1p1n3q/3P2b1/1BP3P1/PP1N1PQP/R1B1R1K1,,,7,35,27,False,202306
202306075482825,35,b3d5,37.0,True,136.0,164.0,4rrk1/5ppp/p1pb4/1p1n3q/3P2b1/1BP3P1/PP1N1PQP/R1B1R1K1,,,7,35,27,False,202306
202306075644063,35,e1e8,21.0,True,281.0,304.0,4rrk1/5ppp/p1pb4/1p1n3q/3P2b1/1BP3P1/PP1N1PQP/R1B1R1K1,,,7,35,27,False,202306
202306075658767,35,b3d5,2.0,True,74.0,88.0,4rrk1/5ppp/p1pb4/1p1n3q/3P2b1/1BP3P1/PP1N1PQP/R1B1R1K1,,,7,35,27,False,202306
202306075683590,35,e1f1,10.0,True,151.0,141.0,4rrk1/5ppp/p1pb4/1p1n3q/3P2b1/1BP3P1/PP1N1PQP/R1B1R1K1,,,7,35,27,False,202306
202306096071940,35,g2f1,50.0,True,174.0,199.0,4rrk1/5ppp/p1pb4/1p1n3q/3P2b1/1BP3P1/PP1N1PQP/R1B1R1K1,,,7,35,27,False,202306
202306096380781,35,e1e8,7.0,True,74.0,80.0,4rrk1/5ppp/p1pb4/1p1n3q/3P2b1/1BP3P1/PP1N1PQP/R1B1R1K1,,,5,35,27,False,202306
202306096393220,35,g2f1,32.0,True,87.0,122.0,4rrk1/5ppp/p1pb4/1p1n3q/3P2b1/1BP3P1/PP1N1PQP/R1B1R1K1,,,7,35,27,False,202306
202306096628317,37,d2e4,3.0,True,251.0,266.0,4rrk1/5ppp/p1pb4/1p1n3q/3P2b1/1BP3P1/PP1N1PQP/R1B1R1K1,,,7,35,27,False,202306
202306033714078,35,e1f1,46.0,True,265.0,322.0,4rrk1/5ppp/p1pb4/1p1n3q/3P2b1/1BP3P1/PP1N1PQP/R1B1R1K1,,,7,35,27,False,202306
202306033795761,35,d2e4,6.0,True,141.0,199.0,4rrk1/5ppp/p1pb4/1p1n3q/3P2b1/1BP3P1/PP1N1PQP/R1B1R1K1,,,7,35,27,False,202306
202306033925432,35,e1e8,7.0,True,517.0,559.0,4rrk1/5ppp/p1pb4/1p1n3q/3P2b1/1BP3P1/PP1N1PQP/R1B1R1K1,,,7,35,27,False,202306
202306033974747,35,e1e8,10.0,True,147.0,196.0,4rrk1/5ppp/p1pb4/1p1n3q/3P2b1/1BP3P1/PP1N1PQP/R1B1R1K1,,,7,35,27,False,202306
202306086092614,35,e1e8,9.0,True,169.0,186.0,4rrk1/5ppp/p1pb4/1p1n3q/3P2b1/1BP3P1/PP1N1PQP/R1B1R1K1,,,7,35,27,False,202306
202306086178346,35,e1e4,0.0,True,39.0,55.0,4rrk1/5ppp/p1pb4/1p1n3q/3P2b1/1BP3P1/PP1N1PQP/R1B1R1K1,,,7,35,27,False,202306
202306086361158,35,e1e8,35.0,True,147.0,169.0,4rrk1/5ppp/p1pb4/1p1n3q/3P2b1/1BP3P1/PP1N1PQP/R1B1R1K1,,,7,35,27,False,202306
202306086569924,35,e1e8,2.0,True,49.0,51.0,4rrk1/5ppp/p1pb4/1p1n3q/3P2b1/1BP3P1/PP1N1PQP/R1B1R1K1,,,7,35,27,False,202306
202306086677887,35,e1e8,37.0,True,504.0,452.0,4rrk1/5ppp/p1pb4/1p1n3q/3P2b1/1BP3P1/PP1N1PQP/R1B1R1K1,,,7,35,27,False,202306
202306086790738,35,e1e8,2.0,True,147.0,175.0,4rrk1/5ppp/p1pb4/1p1n3q/3P2b1/1BP3P1/PP1N1PQP/R1B1R1K1,,,7,35,27,False,202306
202306086849422,35,e1e8,3.0,True,23.0,64.0,4rrk1/5ppp/p1pb4/1p1n3q/3P2b1/1BP3P1/PP1N1PQP/R1B1R1K1,,,7,35,27,False,202306
202306034071599,35,e1e8,11.0,True,267.0,239.0,4rrk1/5ppp/p1pb4/1p1n3q/3P2b1/1BP3P1/PP1N1PQP/R1B1R1K1,,,7,35,27,False,202306
202306034084788,35,e1e4,71.0,True,245.0,254.0,4rrk1/5ppp/p1pb4/1p1n3q/3P2b1/1BP3P1/PP1N1PQP/R1B1R1K1,,,7,35,27,False,202306
202306034353554,35,e1e4,19.0,True,145.0,191.0,4rrk1/5ppp/p1pb4/1p1n3q/3P2b1/1BP3P1/PP1N1PQP/R1B1R1K1,,,7,35,27,False,202306
202306034475548,35,e1f1,36.0,True,115.0,125.0,4rrk1/5ppp/p1pb4/1p1n3q/3P2b1/1BP3P1/PP1N1PQP/R1B1R1K1,,,7,35,27,False,202306
202306034642096,35,g2f1,10.0,True,46.0,54.0,4rrk1/5ppp/p1pb4/1p1n3q/3P2b1/1BP3P1/PP1N1PQP/R1B1R1K1,,,7,35,27,False,202306
202306034913163,39,e1d1,207.0,True,382.0,622.0,4rrk1/5ppp/p1pb4/1p1n3q/3P2b1/1BP3P1/PP1N1PQP/R1B1R1K1,,,11,35,27,False,202306
202306092242385,35,e1e8,2.0,True,132.0,157.0,4rrk1/5ppp/p1pb4/1p1n3q/3P2b1/1BP3P1/PP1N1PQP/R1B1R1K1,,,7,35,27,False,202306
202306044358372,35,e1e8,94.0,True,255.0,288.0,4rrk1/5ppp/p1pb4/1p1n3q/3P2b1/1BP3P1/PP1N1PQP/R1B1R1K1,,,7,35,27,False,202306
202306018194243,35,e1f1,63.0,True,520.0,382.0,4rrk1/5ppp/p1pb4/1p1n3q/3P2b1/1BP3P1/PP1N1PQP/R1B1R1K1,,,7,35,27,False,202306
202306018246463,35,e1e8,24.0,True,153.0,182.0,4rrk1/5ppp/p1pb4/1p1n3q/3P2b1/1BP3P1/PP1N1PQP/R1B1R1K1,,,7,35,27,False,202306
202306018861886,35,b3d5,2.0,True,35.0,51.0,4rrk1/5ppp/p1pb4/1p1n3q/3P2b1/1BP3P1/PP1N1PQP/R1B1R1K1,,,7,35,27,False,202306
202306054152990,35,e1e8,7.0,True,566.0,574.0,4rrk1/5ppp/p1pb4/1p1n3q/3P2b1/1BP3P1/PP1N1PQP/R1B1R1K1,,,7,35,27,False,202306
202306054222453,35,e1e8,9.0,True,117.0,133.0,4rrk1/5ppp/p1pb4/1p1n3q/3P2b1/1BP3P1/PP1N1PQP/R1B1R1K1,,,7,35,27,False,202306
202306054500373,35,e1e3,39.0,True,267.0,264.0,4rrk1/5ppp/p1pb4/1p1n3q/3P2b1/1BP3P1/PP1N1PQP/R1B1R1K1,,,7,35,27,False,202306
202306054684774,35,e1e8,44.0,True,180.0,187.0,4rrk1/5ppp/p1pb4/1p1n3q/3P2b1/1BP3P1/PP1N1PQP/R1B1R1K1,,,7,35,27,False,202306
202306054728478,35,e1e8,30.0,True,534.0,558.0,4rrk1/5ppp/p1pb4/1p1n3q/3P2b1/1BP3P1/PP1N1PQP/R1B1R1K1,,,7,35,27,False,202306
202306054955556,35,e1e8,3.0,True,552.0,571.0,4rrk1/5ppp/p1pb4/1p1n3q/3P2b1/1BP3P1/PP1N1PQP/R1B1R1K1,,,7,35,27,False,202306
202306016050190,35,e1f1,10.0,True,127.0,192.0,4rrk1/5ppp/p1pb4/1p1n3q/3P2b1/1BP3P1/PP1N1PQP/R1B1R1K1,,,7,35,27,False,202306
202306016058736,35,e1e8,15.0,True,345.0,395.0,4rrk1/5ppp/p1pb4/1p1n3q/3P2b1/1BP3P1/PP1N1PQP/R1B1R1K1,,,7,35,27,False,202306
202306016482205,35,g2f1,15.0,True,143.0,167.0,4rrk1/5ppp/p1pb4/1p1n3q/3P2b1/1BP3P1/PP1N1PQP/R1B1R1K1,,,7,35,27,False,202306
202306016667599,35,d2e4,28.0,True,253.0,317.0,4rrk1/5ppp/p1pb4/1p1n3q/3P2b1/1BP3P1/PP1N1PQP/R1B1R1K1,,,7,35,27,False,202306
202306016919568,35,e1e4,66.0,True,252.0,238.0,4rrk1/5ppp/p1pb4/1p1n3q/3P2b1/1BP3P1/PP1N1PQP/R1B1R1K1,,,7,35,27,False,202306
202306083649500,35,e1e8,15.0,True,146.0,167.0,4rrk1/5ppp/p1pb4/1p1n3q/3P2b1/1BP3P1/PP1N1PQP/R1B1R1K1,,,7,35,27,False,202306
202306030423315,35,e1e8,3.0,True,44.0,42.0,4rrk1/5ppp/p1pb4/1p1n3q/3P2b1/1BP3P1/PP1N1PQP/R1B1R1K1,,,7,35,27,False,202306
202306030481913,35,e1e8,6.0,True,172.0,179.0,4rrk1/5ppp/p1pb4/1p1n3q/3P2b1/1BP3P1/PP1N1PQP/R1B1R1K1,,,7,35,27,False,202306
202306030744269,35,d2e4,10.0,True,177.0,173.0,4rrk1/5ppp/p1pb4/1p1n3q/3P2b1/1BP3P1/PP1N1PQP/R1B1R1K1,,,7,35,27,False,202306
202306030774439,35,e1e8,10.0,True,140.0,139.0,4rrk1/5ppp/p1pb4/1p1n3q/3P2b1/1BP3P1/PP1N1PQP/R1B1R1K1,,,7,35,27,False,202306
202306019649856,35,e1e4,408.0,True,572.0,502.0,4rrk1/5ppp/p1pb4/1p1n3q/3P2b1/1BP3P1/PP1N1PQP/R1B1R1K1,,,7,35,27,False,202306
202306019668840,35,e1e8,51.0,True,177.0,197.0,4rrk1/5ppp/p1pb4/1p1n3q/3P2b1/1BP3P1/PP1N1PQP/R1B1R1K1,,,7,35,27,False,202306
202306019827441,35,e1e8,23.0,True,100.0,117.0,4rrk1/5ppp/p1pb4/1p1n3q/3P2b1/1BP3P1/PP1N1PQP/R1B1R1K1,,,7,35,27,False,202306
202306019980320,35,d2e4,12.0,True,139.0,77.0,4rrk1/5ppp/p1pb4/1p1n3q/3P2b1/1BP3P1/PP1N1PQP/R1B1R1K1,,,5,35,27,False,202306
202306019987952,35,e1e8,45.0,True,91.0,196.0,4rrk1/5ppp/p1pb4/1p1n3q/3P2b1/1BP3P1/PP1N1PQP/R1B1R1K1,,,7,35,27,False,202306
202306073679473,35,e1e4,64.0,True,153.0,185.0,4rrk1/5ppp/p1pb4/1p1n3q/3P2b1/1BP3P1/PP1N1PQP/R1B1R1K1,,,7,35,27,False,202306
202306073944101,35,g2f1,6.0,True,184.0,200.0,4rrk1/5ppp/p1pb4/1p1n3q/3P2b1/1BP3P1/PP1N1PQP/R1B1R1K1,,,7,35,27,False,202306
202306015195429,35,d2e4,6.0,True,107.0,112.0,4rrk1/5ppp/p1pb4/1p1n3q/3P2b1/1BP3P1/PP1N1PQP/R1B1R1K1,,,7,35,27,False,202306
202306015240394,39,d2e4,11.0,True,133.0,156.0,4rrk1/5ppp/p1pb4/1p1n3q/3P2b1/1BP3P1/PP1N1PQP/R1B1R1K1,,,11,35,27,False,202306
202306015302480,35,d2e4,33.0,True,247.0,270.0,4rrk1/5ppp/p1pb4/1p1n3q/3P2b1/1BP3P1/PP1N1PQP/R1B1R1K1,,,7,35,27,False,202306
202306015476843,35,e1e8,4.0,True,125.0,133.0,4rrk1/5ppp/p1pb4/1p1n3q/3P2b1/1BP3P1/PP1N1PQP/R1B1R1K1,,,7,35,27,False,202306
202306015757634,35,e1e8,8.0,True,166.0,196.0,4rrk1/5ppp/p1pb4/1p1n3q/3P2b1/1BP3P1/PP1N1PQP/R1B1R1K1,,,7,35,27,False,202306
202306015815728,35,d2e4,6.0,True,182.0,197.0,4rrk1/5ppp/p1pb4/1p1n3q/3P2b1/1BP3P1/PP1N1PQP/R1B1R1K1,,,7,35,27,False,202306
202306015917608,35,d2e4,21.0,True,524.0,455.0,4rrk1/5ppp/p1pb4/1p1n3q/3P2b1/1BP3P1/PP1N1PQP/R1B1R1K1,,,7,35,27,False,202306
202306067752375,35,e1e8,4.0,True,151.0,186.0,4rrk1/5ppp/p1pb4/1p1n3q/3P2b1/1BP3P1/PP1N1PQP/R1B1R1K1,,,7,35,27,False,202306
202306067957541,35,e1e8,9.0,True,964.0,474.0,4rrk1/5ppp/p1pb4/1p1n3q/3P2b1/1BP3P1/PP1N1PQP/R1B1R1K1,,,7,35,27,False,202306
202306026018155,35,e1e4,13.0,True,630.0,652.0,4rrk1/5ppp/p1pb4/1p1n3q/3P2b1/1BP3P1/PP1N1PQP/R1B1R1K1,,,7,35,27,False,202306
202306026327073,35,g2f1,148.0,True,1520.0,1654.0,4rrk1/5ppp/p1pb4/1p1n3q/3P2b1/1BP3P1/PP1N1PQP/R1B1R1K1,,,7,35,27,False,202306
202306026638421,35,e1e8,52.0,True,546.0,582.0,4rrk1/5ppp/p1pb4/1p1n3q/3P2b1/1BP3P1/PP1N1PQP/R1B1R1K1,,,7,35,27,False,202306
202306026700822,35,e1e4,56.0,True,561.0,465.0,4rrk1/5ppp/p1pb4/1p1n3q/3P2b1/1BP3P1/PP1N1PQP/R1B1R1K1,,,7,35,27,False,202306
202306026793010,35,e1e8,12.0,True,275.0,316.0,4rrk1/5ppp/p1pb4/1p1n3q/3P2b1/1BP3P1/PP1N1PQP/R1B1R1K1,,,7,35,27,False,202306
202306079001403,35,g2f1,19.0,True,149.0,157.0,4rrk1/5ppp/p1pb4/1p1n3q/3P2b1/1BP3P1/PP1N1PQP/R1B1R1K1,,,7,35,27,False,202306
202306079379667,35,e1e8,33.0,True,306.0,314.0,4rrk1/5ppp/p1pb4/1p1n3q/3P2b1/1BP3P1/PP1N1PQP/R1B1R1K1,,,7,35,27,False,202306
202306079753073,35,e1e4,38.0,True,783.0,890.0,4rrk1/5ppp/p1pb4/1p1n3q/3P2b1/1BP3P1/PP1N1PQP/R1B1R1K1,,,7,35,27,False,202306
202306002035022,35,e1e4,26.0,True,181.0,189.0,4rrk1/5ppp/p1pb4/1p1n3q/3P2b1/1BP3P1/PP1N1PQP/R1B1R1K1,,,7,35,27,False,202306
202306002141504,35,d2e4,3.0,True,44.0,49.0,4rrk1/5ppp/p1pb4/1p1n3q/3P2b1/1BP3P1/PP1N1PQP/R1B1R1K1,,,7,35,27,False,202306
202306002406589,35,e1f1,2.0,True,153.0,158.0,4rrk1/5ppp/p1pb4/1p1n3q/3P2b1/1BP3P1/PP1N1PQP/R1B1R1K1,,,7,35,27,False,202306
202306002438421,35,e1e8,62.0,True,581.0,568.0,4rrk1/5ppp/p1pb4/1p1n3q/3P2b1/1BP3P1/PP1N1PQP/R1B1R1K1,,,7,35,27,False,202306
202306014515952,35,e1e8,3.0,True,265.0,263.0,4rrk1/5ppp/p1pb4/1p1n3q/3P2b1/1BP3P1/PP1N1PQP/R1B1R1K1,,,7,35,27,False,202306
202306014547308,35,d2e4,2.0,True,144.0,168.0,4rrk1/5ppp/p1pb4/1p1n3q/3P2b1/1BP3P1/PP1N1PQP/R1B1R1K1,,,7,35,27,False,202306
202306014721604,35,g2f1,95.0,True,940.0,994.0,4rrk1/5ppp/p1pb4/1p1n3q/3P2b1/1BP3P1/PP1N1PQP/R1B1R1K1,,,7,35,27,False,202306
202306014921738,35,e1e8,2.0,True,45.0,49.0,4rrk1/5ppp/p1pb4/1p1n3q/3P2b1/1BP3P1/PP1N1PQP/R1B1R1K1,,,7,35,27,False,202306
202306014945720,35,b3d5,2.0,True,43.0,47.0,4rrk1/5ppp/p1pb4/1p1n3q/3P2b1/1BP3P1/PP1N1PQP/R1B1R1K1,,,7,35,27,False,202306
202306007028433,35,e1e8,34.0,True,157.0,165.0,4rrk1/5ppp/p1pb4/1p1n3q/3P2b1/1BP3P1/PP1N1PQP/R1B1R1K1,,,7,35,27,False,202306
202306024069685,35,e1e8,16.0,True,289.0,326.0,4rrk1/5ppp/p1pb4/1p1n3q/3P2b1/1BP3P1/PP1N1PQP/R1B1R1K1,,,7,35,27,False,202306
202306024768692,35,e1e8,15.0,True,166.0,188.0,4rrk1/5ppp/p1pb4/1p1n3q/3P2b1/1BP3P1/PP1N1PQP/R1B1R1K1,,,7,35,27,False,202306
202306024983506,35,e1e4,90.0,True,230.0,287.0,4rrk1/5ppp/p1pb4/1p1n3q/3P2b1/1BP3P1/PP1N1PQP/R1B1R1K1,,,7,35,27,False,202306
202306045070569,35,e1e8,11.0,True,161.0,179.0,4rrk1/5ppp/p1pb4/1p1n3q/3P2b1/1BP3P1/PP1N1PQP/R1B1R1K1,,,7,35,27,False,202306
202306045265153,35,e1e8,35.0,True,74.0,94.0,4rrk1/5ppp/p1pb4/1p1n3q/3P2b1/1BP3P1/PP1N1PQP/R1B1R1K1,,,7,35,27,False,202306
202306045500090,35,e1f1,54.0,True,132.0,321.0,4rrk1/5ppp/p1pb4/1p1n3q/3P2b1/1BP3P1/PP1N1PQP/R1B1R1K1,,,5,35,27,False,202306
202306045980672,35,g2f1,14.0,True,44.0,50.0,4rrk1/5ppp/p1pb4/1p1n3q/3P2b1/1BP3P1/PP1N1PQP/R1B1R1K1,,,7,35,27,False,202306
202306052518687,35,e1f1,26.0,True,146.0,160.0,4rrk1/5ppp/p1pb4/1p1n3q/3P2b1/1BP3P1/PP1N1PQP/R1B1R1K1,,,7,35,27,False,202306
202306008101261,35,e1e4,44.0,True,138.0,142.0,4rrk1/5ppp/p1pb4/1p1n3q/3P2b1/1BP3P1/PP1N1PQP/R1B1R1K1,,,7,35,27,False,202306
202306008281740,35,e1e8,3.0,True,82.0,108.0,4rrk1/5ppp/p1pb4/1p1n3q/3P2b1/1BP3P1/PP1N1PQP/R1B1R1K1,,,7,35,27,False,202306
202306008291464,35,d2e4,20.0,True,86.0,163.0,4rrk1/5ppp/p1pb4/1p1n3q/3P2b1/1BP3P1/PP1N1PQP/R1B1R1K1,,,7,35,27,False,202306
202306008362355,35,d2e4,2.0,True,154.0,163.0,4rrk1/5ppp/p1pb4/1p1n3q/3P2b1/1BP3P1/PP1N1PQP/R1B1R1K1,,,7,35,27,False,202306
202306008371536,35,e1e8,40.0,True,141.0,168.0,4rrk1/5ppp/p1pb4/1p1n3q/3P2b1/1BP3P1/PP1N1PQP/R1B1R1K1,,,7,35,27,False,202306
202306008553948,35,d2e4,14.0,True,134.0,195.0,4rrk1/5ppp/p1pb4/1p1n3q/3P2b1/1BP3P1/PP1N1PQP/R1B1R1K1,,,7,35,27,False,202306
202306008740682,35,g2f1,48.0,True,598.0,468.0,4rrk1/5ppp/p1pb4/1p1n3q/3P2b1/1BP3P1/PP1N1PQP/R1B1R1K1,,,7,35,27,False,202306
202306008899854,35,d2e4,7.0,True,152.0,167.0,4rrk1/5ppp/p1pb4/1p1n3q/3P2b1/1BP3P1/PP1N1PQP/R1B1R1K1,,,7,35,27,False,202306
202306066473834,35,d2e4,1.0,True,158.0,172.0,4rrk1/5ppp/p1pb4/1p1n3q/3P2b1/1BP3P1/PP1N1PQP/R1B1R1K1,,,7,35,27,False,202306
202306066745466,35,d2e4,10.0,True,136.0,181.0,4rrk1/5ppp/p1pb4/1p1n3q/3P2b1/1BP3P1/PP1N1PQP/R1B1R1K1,,,7,35,27,False,202306
202306066760812,35,d2e4,7.0,True,105.0,105.0,4rrk1/5ppp/p1pb4/1p1n3q/3P2b1/1BP3P1/PP1N1PQP/R1B1R1K1,,,7,35,27,False,202306
202306064118530,35,e1f1,8.0,True,143.0,149.0,4rrk1/5ppp/p1pb4/1p1n3q/3P2b1/1BP3P1/PP1N1PQP/R1B1R1K1,,,7,35,27,False,202306
202306041369136,35,g2f1,8.0,True,137.0,168.0,4rrk1/5ppp/p1pb4/1p1n3q/3P2b1/1BP3P1/PP1N1PQP/R1B1R1K1,,,7,35,27,False,202306
202306041954611,35,e1e8,46.0,True,484.0,530.0,4rrk1/5ppp/p1pb4/1p1n3q/3P2b1/1BP3P1/PP1N1PQP/R1B1R1K1,,,5,35,27,False,202306
202306029220168,35,e1e4,16.0,True,145.0,149.0,4rrk1/5ppp/p1pb4/1p1n3q/3P2b1/1BP3P1/PP1N1PQP/R1B1R1K1,,,7,35,27,False,202306
202306029431011,35,e1e4,2.0,True,51.0,52.0,4rrk1/5ppp/p1pb4/1p1n3q/3P2b1/1BP3P1/PP1N1PQP/R1B1R1K1,,,7,35,27,False,202306
202306029569556,35,e1e8,23.0,True,156.0,168.0,4rrk1/5ppp/p1pb4/1p1n3q/3P2b1/1BP3P1/PP1N1PQP/R1B1R1K1,,,7,35,27,False,202306
202306029935511,35,e1e8,2.0,True,257.0,254.0,4rrk1/5ppp/p1pb4/1p1n3q/3P2b1/1BP3P1/PP1N1PQP/R1B1R1K1,,,7,35,27,False,202306
202306029942667,35,e1e8,25.0,True,119.0,189.0,4rrk1/5ppp/p1pb4/1p1n3q/3P2b1/1BP3P1/PP1N1PQP/R1B1R1K1,,,7,35,27,False,202306
202306013308170,35,e1e8,21.0,True,156.0,185.0,4rrk1/5ppp/p1pb4/1p1n3q/3P2b1/1BP3P1/PP1N1PQP/R1B1R1K1,,,7,35,27,False,202306
202306013529697,35,e1e8,142.0,True,460.0,578.0,4rrk1/5ppp/p1pb4/1p1n3q/3P2b1/1BP3P1/PP1N1PQP/R1B1R1K1,,,7,35,27,False,202306
202306013856717,35,d2e4,3.0,True,48.0,43.0,4rrk1/5ppp/p1pb4/1p1n3q/3P2b1/1BP3P1/PP1N1PQP/R1B1R1K1,,,7,35,27,False,202306
202306013903541,35,e1e8,20.0,True,241.0,287.0,4rrk1/5ppp/p1pb4/1p1n3q/3P2b1/1BP3P1/PP1N1PQP/R1B1R1K1,,,7,35,27,False,202306
202306081132744,35,e1e8,14.0,True,201.0,299.0,4rrk1/5ppp/p1pb4/1p1n3q/3P2b1/1BP3P1/PP1N1PQP/R1B1R1K1,,,7,35,27,False,202306
202306081959926,35,e1e8,7.0,True,101.0,181.0,4rrk1/5ppp/p1pb4/1p1n3q/3P2b1/1BP3P1/PP1N1PQP/R1B1R1K1,,,7,35,27,False,202306
202306011043524,35,d2e4,56.0,True,915.0,969.0,4rrk1/5ppp/p1pb4/1p1n3q/3P2b1/1BP3P1/PP1N1PQP/R1B1R1K1,,,7,35,27,False,202306
202306011075147,35,e1e4,27.0,True,140.0,156.0,4rrk1/5ppp/p1pb4/1p1n3q/3P2b1/1BP3P1/PP1N1PQP/R1B1R1K1,,,7,35,27,False,202306
202306011718062,35,e1e8,36.0,True,251.0,266.0,4rrk1/5ppp/p1pb4/1p1n3q/3P2b1/1BP3P1/PP1N1PQP/R1B1R1K1,,,7,35,27,False,202306
202306011761254,35,e1f1,9.0,True,159.0,172.0,4rrk1/5ppp/p1pb4/1p1n3q/3P2b1/1BP3P1/PP1N1PQP/R1B1R1K1,,,7,35,27,False,202306
202306011841890,35,e1e8,53.0,True,243.0,327.0,4rrk1/5ppp/p1pb4/1p1n3q/3P2b1/1BP3P1/PP1N1PQP/R1B1R1K1,,,7,35,27,False,202306
202306046206782,35,e1e8,228.0,True,994.0,962.0,4rrk1/5ppp/p1pb4/1p1n3q/3P2b1/1BP3P1/PP1N1PQP/R1B1R1K1,,,7,35,27,False,202306
202306046319443,35,d2e4,9.0,True,196.0,304.0,4rrk1/5ppp/p1pb4/1p1n3q/3P2b1/1BP3P1/PP1N1PQP/R1B1R1K1,,,7,35,27,False,202306
202306046600792,35,d2e4,84.0,True,472.0,566.0,4rrk1/5ppp/p1pb4/1p1n3q/3P2b1/1BP3P1/PP1N1PQP/R1B1R1K1,,,7,35,27,False,202306
202306025955466,35,e1e8,15.0,True,169.0,196.0,4rrk1/5ppp/p1pb4/1p1n3q/3P2b1/1BP3P1/PP1N1PQP/R1B1R1K1,,,7,35,27,False,202306
202307093386451,35,e1e8,8.0,True,144.0,167.0,4rrk1/5ppp/p1pb4/1p1n3q/3P2b1/1BP3P1/PP1N1PQP/R1B1R1K1,,,7,35,27,False,202307
202307093551298,35,e1f1,2.0,True,188.0,180.0,4rrk1/5ppp/p1pb4/1p1n3q/3P2b1/1BP3P1/PP1N1PQP/R1B1R1K1,,,7,35,27,False,202307
202307093768541,35,e1f1,25.0,True,137.0,125.0,4rrk1/5ppp/p1pb4/1p1n3q/3P2b1/1BP3P1/PP1N1PQP/R1B1R1K1,,,7,35,27,False,202307
202307093805079,37,e1e8,17.0,True,204.0,278.0,4rrk1/5ppp/p1pb4/1p1n3q/3P2b1/1BP3P1/PP1N1PQP/R1B1R1K1,,,9,35,27,False,202307
202307070073609,35,d2e4,9.0,True,526.0,546.0,4rrk1/5ppp/p1pb4/1p1n3q/3P2b1/1BP3P1/PP1N1PQP/R1B1R1K1,,,7,35,27,False,202307
202307070437438,35,e1e8,6.0,True,132.0,138.0,4rrk1/5ppp/p1pb4/1p1n3q/3P2b1/1BP3P1/PP1N1PQP/R1B1R1K1,,,7,35,27,False,202307
202307070548337,35,e1e8,17.0,True,95.0,94.0,4rrk1/5ppp/p1pb4/1p1n3q/3P2b1/1BP3P1/PP1N1PQP/R1B1R1K1,,,7,35,27,False,202307
202307070848492,35,e1e8,16.0,True,118.0,182.0,4rrk1/5ppp/p1pb4/1p1n3q/3P2b1/1BP3P1/PP1N1PQP/R1B1R1K1,,,7,35,27,False,202307
202307048290203,35,e1e8,17.0,True,146.0,183.0,4rrk1/5ppp/p1pb4/1p1n3q/3P2b1/1BP3P1/PP1N1PQP/R1B1R1K1,,,7,35,27,False,202307
202307048377583,35,e1f1,17.0,True,437.0,571.0,4rrk1/5ppp/p1pb4/1p1n3q/3P2b1/1BP3P1/PP1N1PQP/R1B1R1K1,,,7,35,27,False,202307
202307035141740,35,e1e8,20.0,True,145.0,169.0,4rrk1/5ppp/p1pb4/1p1n3q/3P2b1/1BP3P1/PP1N1PQP/R1B1R1K1,,,7,35,27,False,202307
202307035990834,35,e1e8,123.0,True,574.0,576.0,4rrk1/5ppp/p1pb4/1p1n3q/3P2b1/1BP3P1/PP1N1PQP/R1B1R1K1,,,7,35,27,False,202307
202307032748080,35,g1f1,17.0,True,151.0,170.0,4rrk1/5ppp/p1pb4/1p1n3q/3P2b1/1BP3P1/PP1N1PQP/R1B1R1K1,,,7,35,27,False,202307
202307032930244,35,d2e4,35.0,True,558.0,576.0,4rrk1/5ppp/p1pb4/1p1n3q/3P2b1/1BP3P1/PP1N1PQP/R1B1R1K1,,,7,35,27,False,202307
202307032986072,35,e1f1,11.0,True,250.0,285.0,4rrk1/5ppp/p1pb4/1p1n3q/3P2b1/1BP3P1/PP1N1PQP/R1B1R1K1,,,7,35,27,False,202307
202307006394714,35,e1f1,7.0,True,90.0,120.0,4rrk1/5ppp/p1pb4/1p1n3q/3P2b1/1BP3P1/PP1N1PQP/R1B1R1K1,,,7,35,27,False,202307
202307087279827,35,e1e4,12.0,True,87.0,110.0,4rrk1/5ppp/p1pb4/1p1n3q/3P2b1/1BP3P1/PP1N1PQP/R1B1R1K1,,,7,35,27,False,202307
202307087537117,35,e1f1,4.0,True,169.0,173.0,4rrk1/5ppp/p1pb4/1p1n3q/3P2b1/1BP3P1/PP1N1PQP/R1B1R1K1,,,7,35,27,False,202307
202307087672411,35,e1e8,27.0,True,102.0,145.0,4rrk1/5ppp/p1pb4/1p1n3q/3P2b1/1BP3P1/PP1N1PQP/R1B1R1K1,,,7,35,27,False,202307
202307087927408,35,e1f1,31.0,True,91.0,115.0,4rrk1/5ppp/p1pb4/1p1n3q/3P2b1/1BP3P1/PP1N1PQP/R1B1R1K1,,,7,35,27,False,202307
202307087959034,35,e1f1,10.0,True,173.0,186.0,4rrk1/5ppp/p1pb4/1p1n3q/3P2b1/1BP3P1/PP1N1PQP/R1B1R1K1,,,7,35,27,False,202307
202307065441709,35,e1e8,30.0,True,233.0,530.0,4rrk1/5ppp/p1pb4/1p1n3q/3P2b1/1BP3P1/PP1N1PQP/R1B1R1K1,,,7,35,27,False,202307
202307065758722,35,e1e8,20.0,True,132.0,111.0,4rrk1/5ppp/p1pb4/1p1n3q/3P2b1/1BP3P1/PP1N1PQP/R1B1R1K1,,,7,35,27,False,202307
202307065787401,35,d2e4,5.0,True,99.0,115.0,4rrk1/5ppp/p1pb4/1p1n3q/3P2b1/1BP3P1/PP1N1PQP/R1B1R1K1,,,7,35,27,False,202307
202307065871434,35,e1e8,31.0,True,142.0,126.0,4rrk1/5ppp/p1pb4/1p1n3q/3P2b1/1BP3P1/PP1N1PQP/R1B1R1K1,,,7,35,27,False,202307
202307049220948,35,e1e8,5.0,True,150.0,161.0,4rrk1/5ppp/p1pb4/1p1n3q/3P2b1/1BP3P1/PP1N1PQP/R1B1R1K1,,,7,35,27,False,202307
202307049968292,35,e1f1,376.0,True,1568.0,1903.0,4rrk1/5ppp/p1pb4/1p1n3q/3P2b1/1BP3P1/PP1N1PQP/R1B1R1K1,,,7,35,27,False,202307
202307049998214,35,d2e4,1.0,True,257.0,274.0,4rrk1/5ppp/p1pb4/1p1n3q/3P2b1/1BP3P1/PP1N1PQP/R1B1R1K1,,,7,35,27,False,202307
202307001469348,35,e1e8,23.0,True,119.0,146.0,4rrk1/5ppp/p1pb4/1p1n3q/3P2b1/1BP3P1/PP1N1PQP/R1B1R1K1,,,7,35,27,False,202307
202307001793425,35,g2f1,16.0,True,108.0,94.0,4rrk1/5ppp/p1pb4/1p1n3q/3P2b1/1BP3P1/PP1N1PQP/R1B1R1K1,,,7,35,27,False,202307
202307005025447,35,e1e4,27.0,True,68.0,97.0,4rrk1/5ppp/p1pb4/1p1n3q/3P2b1/1BP3P1/PP1N1PQP/R1B1R1K1,,,7,35,27,False,202307
202307005201481,35,e1f1,16.0,True,182.0,190.0,4rrk1/5ppp/p1pb4/1p1n3q/3P2b1/1BP3P1/PP1N1PQP/R1B1R1K1,,,7,35,27,False,202307
202307005589292,35,e1e8,22.0,True,91.0,128.0,4rrk1/5ppp/p1pb4/1p1n3q/3P2b1/1BP3P1/PP1N1PQP/R1B1R1K1,,,7,35,27,False,202307
202307090932719,35,g2f1,140.0,True,416.0,647.0,4rrk1/5ppp/p1pb4/1p1n3q/3P2b1/1BP3P1/PP1N1PQP/R1B1R1K1,,,7,35,27,False,202307
202307090935634,35,h2h4,27.0,True,79.0,112.0,4rrk1/5ppp/p1pb4/1p1n3q/3P2b1/1BP3P1/PP1N1PQP/R1B1R1K1,,,7,35,27,False,202307
202307061348114,35,e1f1,11.0,True,77.0,79.0,4rrk1/5ppp/p1pb4/1p1n3q/3P2b1/1BP3P1/PP1N1PQP/R1B1R1K1,,,7,35,27,False,202307
202307061710215,35,d2e4,7.0,True,133.0,142.0,4rrk1/5ppp/p1pb4/1p1n3q/3P2b1/1BP3P1/PP1N1PQP/R1B1R1K1,,,7,35,27,False,202307
202307057089758,35,e1e8,28.0,True,142.0,177.0,4rrk1/5ppp/p1pb4/1p1n3q/3P2b1/1BP3P1/PP1N1PQP/R1B1R1K1,,,7,35,27,False,202307
202307057128527,35,e1e8,21.0,True,158.0,175.0,4rrk1/5ppp/p1pb4/1p1n3q/3P2b1/1BP3P1/PP1N1PQP/R1B1R1K1,,,7,35,27,False,202307
202307057675607,35,e1f1,123.0,True,521.0,648.0,4rrk1/5ppp/p1pb4/1p1n3q/3P2b1/1BP3P1/PP1N1PQP/R1B1R1K1,,,7,35,27,False,202307
202307036196038,35,e1e4,45.0,True,176.0,200.0,4rrk1/5ppp/p1pb4/1p1n3q/3P2b1/1BP3P1/PP1N1PQP/R1B1R1K1,,,7,35,27,False,202307
202307036199974,35,e1e8,120.0,True,251.0,222.0,4rrk1/5ppp/p1pb4/1p1n3q/3P2b1/1BP3P1/PP1N1PQP/R1B1R1K1,,,7,35,27,False,202307
202307036683243,35,g2f1,29.0,True,96.0,107.0,4rrk1/5ppp/p1pb4/1p1n3q/3P2b1/1BP3P1/PP1N1PQP/R1B1R1K1,,,7,35,27,False,202307
202307036851466,35,d2e4,5.0,True,166.0,183.0,4rrk1/5ppp/p1pb4/1p1n3q/3P2b1/1BP3P1/PP1N1PQP/R1B1R1K1,,,7,35,27,False,202307
202307023030917,35,e1f1,21.0,True,208.0,312.0,4rrk1/5ppp/p1pb4/1p1n3q/3P2b1/1BP3P1/PP1N1PQP/R1B1R1K1,,,7,35,27,False,202307
202307023470147,35,e1e8,168.0,True,945.0,1041.0,4rrk1/5ppp/p1pb4/1p1n3q/3P2b1/1BP3P1/PP1N1PQP/R1B1R1K1,,,7,35,27,False,202307
202307023624609,35,e1e4,19.0,True,110.0,150.0,4rrk1/5ppp/p1pb4/1p1n3q/3P2b1/1BP3P1/PP1N1PQP/R1B1R1K1,,,7,35,27,False,202307
202307085358872,35,e1e4,30.0,True,136.0,187.0,4rrk1/5ppp/p1pb4/1p1n3q/3P2b1/1BP3P1/PP1N1PQP/R1B1R1K1,,,7,35,27,False,202307
202307085361311,35,e1e8,25.0,True,536.0,433.0,4rrk1/5ppp/p1pb4/1p1n3q/3P2b1/1BP3P1/PP1N1PQP/R1B1R1K1,,,7,35,27,False,202307
202307085492472,35,e1f1,12.0,True,253.0,262.0,4rrk1/5ppp/p1pb4/1p1n3q/3P2b1/1BP3P1/PP1N1PQP/R1B1R1K1,,,7,35,27,False,202307
202307009012894,35,d2e4,1.0,True,36.0,50.0,4rrk1/5ppp/p1pb4/1p1n3q/3P2b1/1BP3P1/PP1N1PQP/R1B1R1K1,,,7,35,27,False,202307
202307009048387,37,e1e8,2.0,True,289.0,301.0,4rrk1/5ppp/p1pb4/1p1n3q/3P2b1/1BP3P1/PP1N1PQP/R1B1R1K1,,,7,35,27,False,202307
202307009090584,35,e1e4,4.0,True,150.0,154.0,4rrk1/5ppp/p1pb4/1p1n3q/3P2b1/1BP3P1/PP1N1PQP/R1B1R1K1,,,7,35,27,False,202307
202307009311186,35,e1e4,55.0,True,311.0,316.0,4rrk1/5ppp/p1pb4/1p1n3q/3P2b1/1BP3P1/PP1N1PQP/R1B1R1K1,,,7,35,27,False,202307
202307009447589,35,e1f1,31.0,True,235.0,274.0,4rrk1/5ppp/p1pb4/1p1n3q/3P2b1/1BP3P1/PP1N1PQP/R1B1R1K1,,,7,35,27,False,202307
202307009931036,35,g2f1,38.0,True,147.0,161.0,4rrk1/5ppp/p1pb4/1p1n3q/3P2b1/1BP3P1/PP1N1PQP/R1B1R1K1,,,7,35,27,False,202307
202307063718198,35,e1e8,12.0,True,150.0,182.0,4rrk1/5ppp/p1pb4/1p1n3q/3P2b1/1BP3P1/PP1N1PQP/R1B1R1K1,,,7,35,27,False,202307
202307063907493,35,d2e4,6.0,True,186.0,183.0,4rrk1/5ppp/p1pb4/1p1n3q/3P2b1/1BP3P1/PP1N1PQP/R1B1R1K1,,,7,35,27,False,202307
202307059011430,35,d2e4,66.0,True,90.0,111.0,4rrk1/5ppp/p1pb4/1p1n3q/3P2b1/1BP3P1/PP1N1PQP/R1B1R1K1,,,7,35,27,False,202307
202307074258914,35,e1e8,28.0,True,266.0,323.0,4rrk1/5ppp/p1pb4/1p1n3q/3P2b1/1BP3P1/PP1N1PQP/R1B1R1K1,,,7,35,27,False,202307
202307074332812,35,e1e7,9.0,True,142.0,148.0,4rrk1/5ppp/p1pb4/1p1n3q/3P2b1/1BP3P1/PP1N1PQP/R1B1R1K1,,,7,35,27,False,202307
202307074616122,35,e1f1,13.0,True,137.0,158.0,4rrk1/5ppp/p1pb4/1p1n3q/3P2b1/1BP3P1/PP1N1PQP/R1B1R1K1,,,7,35,27,False,202307
202307074778290,35,e1e8,3.0,True,41.0,53.0,4rrk1/5ppp/p1pb4/1p1n3q/3P2b1/1BP3P1/PP1N1PQP/R1B1R1K1,,,7,35,27,False,202307
202307021074018,35,e1e8,2.0,True,116.0,126.0,4rrk1/5ppp/p1pb4/1p1n3q/3P2b1/1BP3P1/PP1N1PQP/R1B1R1K1,,,7,35,27,False,202307
202307021372142,35,e1f1,30.0,True,263.0,265.0,4rrk1/5ppp/p1pb4/1p1n3q/3P2b1/1BP3P1/PP1N1PQP/R1B1R1K1,,,7,35,27,False,202307
202307021471020,35,e1f1,31.0,True,534.0,551.0,4rrk1/5ppp/p1pb4/1p1n3q/3P2b1/1BP3P1/PP1N1PQP/R1B1R1K1,,,7,35,27,False,202307
202307021572601,35,e1e8,17.0,True,521.0,578.0,4rrk1/5ppp/p1pb4/1p1n3q/3P2b1/1BP3P1/PP1N1PQP/R1B1R1K1,,,7,35,27,False,202307
202307062117218,35,g2f1,88.0,True,500.0,610.0,4rrk1/5ppp/p1pb4/1p1n3q/3P2b1/1BP3P1/PP1N1PQP/R1B1R1K1,,,7,35,27,False,202307
202307062477823,35,e1f1,11.0,True,151.0,165.0,4rrk1/5ppp/p1pb4/1p1n3q/3P2b1/1BP3P1/PP1N1PQP/R1B1R1K1,,,7,35,27,False,202307
202307022331480,35,e1f1,53.0,True,162.0,186.0,4rrk1/5ppp/p1pb4/1p1n3q/3P2b1/1BP3P1/PP1N1PQP/R1B1R1K1,,,7,35,27,False,202307
202307022336220,35,e1e8,185.0,True,853.0,987.0,4rrk1/5ppp/p1pb4/1p1n3q/3P2b1/1BP3P1/PP1N1PQP/R1B1R1K1,,,7,35,27,False,202307
202307022443857,39,e1e4,34.0,True,447.0,564.0,4rrk1/5ppp/p1pb4/1p1n3q/3P2b1/1BP3P1/PP1N1PQP/R1B1R1K1,,,11,35,27,False,202307
202307022585001,35,e1e8,9.0,True,171.0,194.0,4rrk1/5ppp/p1pb4/1p1n3q/3P2b1/1BP3P1/PP1N1PQP/R1B1R1K1,,,7,35,27,False,202307
202307022713211,35,e1e8,9.0,True,121.0,145.0,4rrk1/5ppp/p1pb4/1p1n3q/3P2b1/1BP3P1/PP1N1PQP/R1B1R1K1,,,7,35,27,False,202307
202307022944204,35,e1e8,3.0,True,94.0,122.0,4rrk1/5ppp/p1pb4/1p1n3q/3P2b1/1BP3P1/PP1N1PQP/R1B1R1K1,,,7,35,27,False,202307
202307042332463,35,e1e8,3.0,True,146.0,168.0,4rrk1/5ppp/p1pb4/1p1n3q/3P2b1/1BP3P1/PP1N1PQP/R1B1R1K1,,,7,35,27,False,202307
202307042462785,35,f2f3,15.0,True,119.0,177.0,4rrk1/5ppp/p1pb4/1p1n3q/3P2b1/1BP3P1/PP1N1PQP/R1B1R1K1,,,7,35,27,False,202307
202307042855358,35,e1e8,56.0,True,261.0,331.0,4rrk1/5ppp/p1pb4/1p1n3q/3P2b1/1BP3P1/PP1N1PQP/R1B1R1K1,,,7,35,27,False,202307
202307038436210,35,e1e4,44.0,True,187.0,183.0,4rrk1/5ppp/p1pb4/1p1n3q/3P2b1/1BP3P1/PP1N1PQP/R1B1R1K1,,,7,35,27,False,202307
202307038602423,35,d2e4,3.0,True,153.0,155.0,4rrk1/5ppp/p1pb4/1p1n3q/3P2b1/1BP3P1/PP1N1PQP/R1B1R1K1,,,7,35,27,False,202307
202307038624457,35,e1e3,10.0,True,566.0,576.0,4rrk1/5ppp/p1pb4/1p1n3q/3P2b1/1BP3P1/PP1N1PQP/R1B1R1K1,,,7,35,27,False,202307
202307039092311,35,e1e8,6.0,True,155.0,157.0,4rrk1/5ppp/p1pb4/1p1n3q/3P2b1/1BP3P1/PP1N1PQP/R1B1R1K1,,,7,35,27,False,202307
202307039285345,35,e1f1,4.0,True,50.0,32.0,4rrk1/5ppp/p1pb4/1p1n3q/3P2b1/1BP3P1/PP1N1PQP/R1B1R1K1,,,7,35,27,False,202307
202307039657546,35,e1f1,14.0,True,146.0,161.0,4rrk1/5ppp/p1pb4/1p1n3q/3P2b1/1BP3P1/PP1N1PQP/R1B1R1K1,,,7,35,27,False,202307
202307084647181,35,e1e8,2.0,True,558.0,567.0,4rrk1/5ppp/p1pb4/1p1n3q/3P2b1/1BP3P1/PP1N1PQP/R1B1R1K1,,,7,35,27,False,202307
202307084747916,35,e1f1,11.0,True,73.0,168.0,4rrk1/5ppp/p1pb4/1p1n3q/3P2b1/1BP3P1/PP1N1PQP/R1B1R1K1,,,7,35,27,False,202307
202307084749897,35,e1e8,11.0,True,132.0,182.0,4rrk1/5ppp/p1pb4/1p1n3q/3P2b1/1BP3P1/PP1N1PQP/R1B1R1K1,,,7,35,27,False,202307
202307084754665,35,f2f3,7.0,True,32.0,52.0,4rrk1/5ppp/p1pb4/1p1n3q/3P2b1/1BP3P1/PP1N1PQP/R1B1R1K1,,,7,35,27,False,202307
202307051129440,35,e1f1,4.0,True,48.0,51.0,4rrk1/5ppp/p1pb4/1p1n3q/3P2b1/1BP3P1/PP1N1PQP/R1B1R1K1,,,7,35,27,False,202307
202307069396905,35,e1e4,26.0,True,170.0,156.0,4rrk1/5ppp/p1pb4/1p1n3q/3P2b1/1BP3P1/PP1N1PQP/R1B1R1K1,,,7,35,27,False,202307
202307069536592,35,e1e8,48.0,True,156.0,176.0,4rrk1/5ppp/p1pb4/1p1n3q/3P2b1/1BP3P1/PP1N1PQP/R1B1R1K1,,,7,35,27,False,202307
202307069545105,35,e1e8,6.0,True,613.0,640.0,4rrk1/5ppp/p1pb4/1p1n3q/3P2b1/1BP3P1/PP1N1PQP/R1B1R1K1,,,7,35,27,False,202307
202307069863999,35,e1f1,2.0,True,144.0,164.0,4rrk1/5ppp/p1pb4/1p1n3q/3P2b1/1BP3P1/PP1N1PQP/R1B1R1K1,,,7,35,27,False,202307
202307082105584,35,e1e8,10.0,True,141.0,129.0,4rrk1/5ppp/p1pb4/1p1n3q/3P2b1/1BP3P1/PP1N1PQP/R1B1R1K1,,,7,35,27,False,202307
202307082369422,35,e1e8,25.0,True,142.0,165.0,4rrk1/5ppp/p1pb4/1p1n3q/3P2b1/1BP3P1/PP1N1PQP/R1B1R1K1,,,7,35,27,False,202307
202307082542497,35,e1e8,13.0,True,101.0,123.0,4rrk1/5ppp/p1pb4/1p1n3q/3P2b1/1BP3P1/PP1N1PQP/R1B1R1K1,,,7,35,27,False,202307
202307082945159,35,e1f1,5.0,True,141.0,168.0,4rrk1/5ppp/p1pb4/1p1n3q/3P2b1/1BP3P1/PP1N1PQP/R1B1R1K1,,,7,35,27,False,202307
202307082945961,35,e1f1,21.0,True,177.0,266.0,4rrk1/5ppp/p1pb4/1p1n3q/3P2b1/1BP3P1/PP1N1PQP/R1B1R1K1,,,7,35,27,False,202307
202307003391899,35,e1f1,34.0,True,133.0,177.0,4rrk1/5ppp/p1pb4/1p1n3q/3P2b1/1BP3P1/PP1N1PQP/R1B1R1K1,,,7,35,27,False,202307
202307055059117,35,e1e8,111.0,True,422.0,469.0,4rrk1/5ppp/p1pb4/1p1n3q/3P2b1/1BP3P1/PP1N1PQP/R1B1R1K1,,,7,35,27,False,202307
202307055537921,35,e1e8,15.0,True,603.0,630.0,4rrk1/5ppp/p1pb4/1p1n3q/3P2b1/1BP3P1/PP1N1PQP/R1B1R1K1,,,7,35,27,False,202307
202307055773054,35,e1e8,15.0,True,161.0,189.0,4rrk1/5ppp/p1pb4/1p1n3q/3P2b1/1BP3P1/PP1N1PQP/R1B1R1K1,,,7,35,27,False,202307
202307055958101,35,e1e4,66.0,True,144.0,155.0,4rrk1/5ppp/p1pb4/1p1n3q/3P2b1/1BP3P1/PP1N1PQP/R1B1R1K1,,,7,35,27,False,202307
202307020391656,35,e1f1,15.0,True,84.0,98.0,4rrk1/5ppp/p1pb4/1p1n3q/3P2b1/1BP3P1/PP1N1PQP/R1B1R1K1,,,7,35,27,False,202307
202307020487498,35,e1f1,17.0,True,170.0,196.0,4rrk1/5ppp/p1pb4/1p1n3q/3P2b1/1BP3P1/PP1N1PQP/R1B1R1K1,,,7,35,27,False,202307
202307031301944,35,g1f1,15.0,True,139.0,164.0,4rrk1/5ppp/p1pb4/1p1n3q/3P2b1/1BP3P1/PP1N1PQP/R1B1R1K1,,,7,35,27,False,202307
202307031399908,35,d2e4,3.0,True,123.0,166.0,4rrk1/5ppp/p1pb4/1p1n3q/3P2b1/1BP3P1/PP1N1PQP/R1B1R1K1,,,7,35,27,False,202307
202307031677598,35,d2e4,30.0,True,164.0,178.0,4rrk1/5ppp/p1pb4/1p1n3q/3P2b1/1BP3P1/PP1N1PQP/R1B1R1K1,,,7,35,27,False,202307
202307060086329,39,e1e8,40.0,True,248.0,251.0,4rrk1/5ppp/p1pb4/1p1n3q/3P2b1/1BP3P1/PP1N1PQP/R1B1R1K1,,,11,35,27,False,202307
202307060690800,35,e1e8,43.0,True,98.0,118.0,4rrk1/5ppp/p1pb4/1p1n3q/3P2b1/1BP3P1/PP1N1PQP/R1B1R1K1,,,7,35,27,False,202307
202307060971796,35,e1f1,50.0,True,83.0,119.0,4rrk1/5ppp/p1pb4/1p1n3q/3P2b1/1BP3P1/PP1N1PQP/R1B1R1K1,,,7,35,27,False,202307
202307056575408,35,e1e8,6.0,True,59.0,104.0,4rrk1/5ppp/p1pb4/1p1n3q/3P2b1/1BP3P1/PP1N1PQP/R1B1R1K1,,,7,35,27,False,202307
202307056742038,35,e1e8,10.0,True,32.0,54.0,4rrk1/5ppp/p1pb4/1p1n3q/3P2b1/1BP3P1/PP1N1PQP/R1B1R1K1,,,7,35,27,False,202307
202307058019501,35,e1e4,17.0,True,123.0,190.0,4rrk1/5ppp/p1pb4/1p1n3q/3P2b1/1BP3P1/PP1N1PQP/R1B1R1K1,,,7,35,27,False,202307
202307058338006,35,e1f1,34.0,True,617.0,654.0,4rrk1/5ppp/p1pb4/1p1n3q/3P2b1/1BP3P1/PP1N1PQP/R1B1R1K1,,,7,35,27,False,202307
202307058402642,35,e1e8,17.0,True,153.0,165.0,4rrk1/5ppp/p1pb4/1p1n3q/3P2b1/1BP3P1/PP1N1PQP/R1B1R1K1,,,7,35,27,False,202307
202307058733567,35,e1e8,16.0,True,219.0,276.0,4rrk1/5ppp/p1pb4/1p1n3q/3P2b1/1BP3P1/PP1N1PQP/R1B1R1K1,,,7,35,27,False,202307
202307058825932,35,d2e4,7.0,True,72.0,117.0,4rrk1/5ppp/p1pb4/1p1n3q/3P2b1/1BP3P1/PP1N1PQP/R1B1R1K1,,,7,35,27,False,202307
202307068087062,35,e1e8,17.0,True,253.0,271.0,4rrk1/5ppp/p1pb4/1p1n3q/3P2b1/1BP3P1/PP1N1PQP/R1B1R1K1,,,7,35,27,False,202307
202307068239907,35,e1e8,8.0,True,119.0,155.0,4rrk1/5ppp/p1pb4/1p1n3q/3P2b1/1BP3P1/PP1N1PQP/R1B1R1K1,,,7,35,27,False,202307
202307068948239,35,e1e8,61.0,True,529.0,567.0,4rrk1/5ppp/p1pb4/1p1n3q/3P2b1/1BP3P1/PP1N1PQP/R1B1R1K1,,,7,35,27,False,202307
202307012766636,35,e1e8,3.0,True,131.0,173.0,4rrk1/5ppp/p1pb4/1p1n3q/3P2b1/1BP3P1/PP1N1PQP/R1B1R1K1,,,7,35,27,False,202307
202307012896264,35,e1e4,49.0,True,144.0,157.0,4rrk1/5ppp/p1pb4/1p1n3q/3P2b1/1BP3P1/PP1N1PQP/R1B1R1K1,,,7,35,27,False,202307
202307095134581,35,e1e8,68.0,True,272.0,272.0,4rrk1/5ppp/p1pb4/1p1n3q/3P2b1/1BP3P1/PP1N1PQP/R1B1R1K1,,,7,35,27,False,202307
202307095297621,35,d2e4,5.0,True,166.0,195.0,4rrk1/5ppp/p1pb4/1p1n3q/3P2b1/1BP3P1/PP1N1PQP/R1B1R1K1,,,7,35,27,False,202307
202307095301111,35,g2f1,25.0,True,243.0,272.0,4rrk1/5ppp/p1pb4/1p1n3q/3P2b1/1BP3P1/PP1N1PQP/R1B1R1K1,,,7,35,27,False,202307
202307095317480,35,e1e8,14.0,True,539.0,542.0,4rrk1/5ppp/p1pb4/1p1n3q/3P2b1/1BP3P1/PP1N1PQP/R1B1R1K1,,,7,35,27,False,202307
202307095629230,35,e1e8,9.0,True,143.0,201.0,4rrk1/5ppp/p1pb4/1p1n3q/3P2b1/1BP3P1/PP1N1PQP/R1B1R1K1,,,7,35,27,False,202307
202307078118158,35,e1e8,33.0,True,145.0,133.0,4rrk1/5ppp/p1pb4/1p1n3q/3P2b1/1BP3P1/PP1N1PQP/R1B1R1K1,,,7,35,27,False,202307
202307078210757,35,e1f1,35.0,True,139.0,153.0,4rrk1/5ppp/p1pb4/1p1n3q/3P2b1/1BP3P1/PP1N1PQP/R1B1R1K1,,,7,35,27,False,202307
202307078273156,35,e1e8,182.0,True,544.0,538.0,4rrk1/5ppp/p1pb4/1p1n3q/3P2b1/1BP3P1/PP1N1PQP/R1B1R1K1,,,7,35,27,False,202307
202307027242675,35,e1e8,47.0,True,159.0,185.0,4rrk1/5ppp/p1pb4/1p1n3q/3P2b1/1BP3P1/PP1N1PQP/R1B1R1K1,,,7,35,27,False,202307
202307027481504,35,e1e4,32.0,True,115.0,108.0,4rrk1/5ppp/p1pb4/1p1n3q/3P2b1/1BP3P1/PP1N1PQP/R1B1R1K1,,,7,35,27,False,202307
202307027721136,35,g2f1,17.0,True,170.0,165.0,4rrk1/5ppp/p1pb4/1p1n3q/3P2b1/1BP3P1/PP1N1PQP/R1B1R1K1,,,7,35,27,False,202307
202307027753153,35,e1f1,63.0,True,487.0,482.0,4rrk1/5ppp/p1pb4/1p1n3q/3P2b1/1BP3P1/PP1N1PQP/R1B1R1K1,,,7,35,27,False,202307
202307027891001,35,e1e8,35.0,True,113.0,160.0,4rrk1/5ppp/p1pb4/1p1n3q/3P2b1/1BP3P1/PP1N1PQP/R1B1R1K1,,,7,35,27,False,202307
202307043189821,35,d2e4,41.0,True,249.0,239.0,4rrk1/5ppp/p1pb4/1p1n3q/3P2b1/1BP3P1/PP1N1PQP/R1B1R1K1,,,7,35,27,False,202307
202307043586985,35,d2e4,5.0,True,31.0,31.0,4rrk1/5ppp/p1pb4/1p1n3q/3P2b1/1BP3P1/PP1N1PQP/R1B1R1K1,,,7,35,27,False,202307
202307088312794,35,e1f1,7.0,True,45.0,50.0,4rrk1/5ppp/p1pb4/1p1n3q/3P2b1/1BP3P1/PP1N1PQP/R1B1R1K1,,,7,35,27,False,202307
202307088519698,35,e1f1,5.0,True,275.0,290.0,4rrk1/5ppp/p1pb4/1p1n3q/3P2b1/1BP3P1/PP1N1PQP/R1B1R1K1,,,7,35,27,False,202307
202307028004402,35,d2e4,17.0,True,154.0,145.0,4rrk1/5ppp/p1pb4/1p1n3q/3P2b1/1BP3P1/PP1N1PQP/R1B1R1K1,,,7,35,27,False,202307
202307028105753,35,e1e8,8.0,True,154.0,76.0,4rrk1/5ppp/p1pb4/1p1n3q/3P2b1/1BP3P1/PP1N1PQP/R1B1R1K1,,,7,35,27,False,202307
202307028557947,35,e1e8,22.0,True,124.0,189.0,4rrk1/5ppp/p1pb4/1p1n3q/3P2b1/1BP3P1/PP1N1PQP/R1B1R1K1,,,7,35,27,False,202307
202307071477164,35,e1e4,38.0,True,199.0,195.0,4rrk1/5ppp/p1pb4/1p1n3q/3P2b1/1BP3P1/PP1N1PQP/R1B1R1K1,,,7,35,27,False,202307
202307071741640,35,e1e4,6.0,True,137.0,171.0,4rrk1/5ppp/p1pb4/1p1n3q/3P2b1/1BP3P1/PP1N1PQP/R1B1R1K1,,,7,35,27,False,202307
202307076019827,35,e1e8,30.0,True,106.0,101.0,4rrk1/5ppp/p1pb4/1p1n3q/3P2b1/1BP3P1/PP1N1PQP/R1B1R1K1,,,7,35,27,False,202307
202307076380124,35,f2f3,6.0,True,31.0,37.0,4rrk1/5ppp/p1pb4/1p1n3q/3P2b1/1BP3P1/PP1N1PQP/R1B1R1K1,,,7,35,27,False,202307
202307017954977,35,e1e8,59.0,True,509.0,540.0,4rrk1/5ppp/p1pb4/1p1n3q/3P2b1/1BP3P1/PP1N1PQP/R1B1R1K1,,,7,35,27,False,202307
202307053261131,35,g1f1,60.0,True,148.0,165.0,4rrk1/5ppp/p1pb4/1p1n3q/3P2b1/1BP3P1/PP1N1PQP/R1B1R1K1,,,7,35,27,False,202307
202307053762979,35,e1f1,1.0,True,150.0,158.0,4rrk1/5ppp/p1pb4/1p1n3q/3P2b1/1BP3P1/PP1N1PQP/R1B1R1K1,,,7,35,27,False,202307
202307010245898,35,e1e8,11.0,True,170.0,169.0,4rrk1/5ppp/p1pb4/1p1n3q/3P2b1/1BP3P1/PP1N1PQP/R1B1R1K1,,,7,35,27,False,202307
202307010308913,35,e1e8,19.0,True,232.0,281.0,4rrk1/5ppp/p1pb4/1p1n3q/3P2b1/1BP3P1/PP1N1PQP/R1B1R1K1,,,7,35,27,False,202307
202307010320552,35,e1e8,23.0,True,216.0,286.0,4rrk1/5ppp/p1pb4/1p1n3q/3P2b1/1BP3P1/PP1N1PQP/R1B1R1K1,,,3,35,27,False,202307
202307010617682,35,e1f1,33.0,True,56.0,150.0,4rrk1/5ppp/p1pb4/1p1n3q/3P2b1/1BP3P1/PP1N1PQP/R1B1R1K1,,,7,35,27,False,202307
202307010618167,35,e1f1,63.0,True,162.0,142.0,4rrk1/5ppp/p1pb4/1p1n3q/3P2b1/1BP3P1/PP1N1PQP/R1B1R1K1,,,7,35,27,False,202307
202307010667286,35,d2e4,9.0,True,115.0,125.0,4rrk1/5ppp/p1pb4/1p1n3q/3P2b1/1BP3P1/PP1N1PQP/R1B1R1K1,,,7,35,27,False,202307
202307010919994,35,e1e8,39.0,True,225.0,261.0,4rrk1/5ppp/p1pb4/1p1n3q/3P2b1/1BP3P1/PP1N1PQP/R1B1R1K1,,,7,35,27,False,202307
202307089017104,35,e1e8,34.0,True,562.0,580.0,4rrk1/5ppp/p1pb4/1p1n3q/3P2b1/1BP3P1/PP1N1PQP/R1B1R1K1,,,7,35,27,False,202307
202307089451274,35,e1e8,12.0,True,136.0,147.0,4rrk1/5ppp/p1pb4/1p1n3q/3P2b1/1BP3P1/PP1N1PQP/R1B1R1K1,,,7,35,27,False,202307
202307089565268,35,e1e8,3.0,True,134.0,132.0,4rrk1/5ppp/p1pb4/1p1n3q/3P2b1/1BP3P1/PP1N1PQP/R1B1R1K1,,,7,35,27,False,202307
202307075105232,35,e1e8,6.0,True,180.0,185.0,4rrk1/5ppp/p1pb4/1p1n3q/3P2b1/1BP3P1/PP1N1PQP/R1B1R1K1,,,7,35,27,False,202307
202307075298804,35,e1e8,24.0,True,98.0,123.0,4rrk1/5ppp/p1pb4/1p1n3q/3P2b1/1BP3P1/PP1N1PQP/R1B1R1K1,,,7,35,27,False,202307
202307075357315,35,e1e8,2.0,True,89.0,115.0,4rrk1/5ppp/p1pb4/1p1n3q/3P2b1/1BP3P1/PP1N1PQP/R1B1R1K1,,,7,35,27,False,202307
202307075377331,35,e1e8,35.0,True,551.0,567.0,4rrk1/5ppp/p1pb4/1p1n3q/3P2b1/1BP3P1/PP1N1PQP/R1B1R1K1,,,7,35,27,False,202307
202307075434886,35,d2e4,8.0,True,92.0,173.0,4rrk1/5ppp/p1pb4/1p1n3q/3P2b1/1BP3P1/PP1N1PQP/R1B1R1K1,,,7,35,27,False,202307
202307075777552,35,e1e4,26.0,True,155.0,159.0,4rrk1/5ppp/p1pb4/1p1n3q/3P2b1/1BP3P1/PP1N1PQP/R1B1R1K1,,,7,35,27,False,202307
202307075845746,35,e1e8,11.0,True,148.0,167.0,4rrk1/5ppp/p1pb4/1p1n3q/3P2b1/1BP3P1/PP1N1PQP/R1B1R1K1,,,7,35,27,False,202307
202307033063474,35,e1e8,16.0,True,166.0,161.0,4rrk1/5ppp/p1pb4/1p1n3q/3P2b1/1BP3P1/PP1N1PQP/R1B1R1K1,,,7,35,27,False,202307
202307033088044,35,e1e8,31.0,True,162.0,177.0,4rrk1/5ppp/p1pb4/1p1n3q/3P2b1/1BP3P1/PP1N1PQP/R1B1R1K1,,,7,35,27,False,202307
202307033371461,35,e1f1,12.0,True,210.0,221.0,4rrk1/5ppp/p1pb4/1p1n3q/3P2b1/1BP3P1/PP1N1PQP/R1B1R1K1,,,7,35,27,False,202307
202307033436778,35,e1f1,2.0,True,163.0,146.0,4rrk1/5ppp/p1pb4/1p1n3q/3P2b1/1BP3P1/PP1N1PQP/R1B1R1K1,,,7,35,27,False,202307
202307033626877,35,e1e8,9.0,True,150.0,166.0,4rrk1/5ppp/p1pb4/1p1n3q/3P2b1/1BP3P1/PP1N1PQP/R1B1R1K1,,,7,35,27,False,202307
202307033817425,35,e1e8,19.0,True,244.0,265.0,4rrk1/5ppp/p1pb4/1p1n3q/3P2b1/1BP3P1/PP1N1PQP/R1B1R1K1,,,7,35,27,False,202307
202307033882555,37,e1e8,16.0,True,197.0,257.0,4rrk1/5ppp/p1pb4/1p1n3q/3P2b1/1BP3P1/PP1N1PQP/R1B1R1K1,,,7,35,27,False,202307
202307086091034,35,e1e8,27.0,True,170.0,169.0,4rrk1/5ppp/p1pb4/1p1n3q/3P2b1/1BP3P1/PP1N1PQP/R1B1R1K1,,,7,35,27,False,202307
202307034054977,35,e1e8,15.0,True,177.0,183.0,4rrk1/5ppp/p1pb4/1p1n3q/3P2b1/1BP3P1/PP1N1PQP/R1B1R1K1,,,7,35,27,False,202307
202307034291324,35,e1e3,50.0,True,87.0,171.0,4rrk1/5ppp/p1pb4/1p1n3q/3P2b1/1BP3P1/PP1N1PQP/R1B1R1K1,,,7,35,27,False,202307
202307034369382,35,e1f1,1.0,True,44.0,46.0,4rrk1/5ppp/p1pb4/1p1n3q/3P2b1/1BP3P1/PP1N1PQP/R1B1R1K1,,,7,35,27,False,202307
202307094108130,35,d2e4,11.0,True,97.0,116.0,4rrk1/5ppp/p1pb4/1p1n3q/3P2b1/1BP3P1/PP1N1PQP/R1B1R1K1,,,7,35,27,False,202307
202307092033519,35,e1e8,10.0,True,162.0,165.0,4rrk1/5ppp/p1pb4/1p1n3q/3P2b1/1BP3P1/PP1N1PQP/R1B1R1K1,,,7,35,27,False,202307
202307092078433,35,e1e4,45.0,True,160.0,186.0,4rrk1/5ppp/p1pb4/1p1n3q/3P2b1/1BP3P1/PP1N1PQP/R1B1R1K1,,,7,35,27,False,202307
202307092371297,35,d2e4,7.0,True,113.0,123.0,4rrk1/5ppp/p1pb4/1p1n3q/3P2b1/1BP3P1/PP1N1PQP/R1B1R1K1,,,7,35,27,False,202307
202307092464880,35,e1e8,4.0,True,162.0,171.0,4rrk1/5ppp/p1pb4/1p1n3q/3P2b1/1BP3P1/PP1N1PQP/R1B1R1K1,,,7,35,27,False,202307
202307092861061,35,e1e8,22.0,True,146.0,167.0,4rrk1/5ppp/p1pb4/1p1n3q/3P2b1/1BP3P1/PP1N1PQP/R1B1R1K1,,,7,35,27,False,202307
202307044409788,35,d2e4,95.0,True,243.0,258.0,4rrk1/5ppp/p1pb4/1p1n3q/3P2b1/1BP3P1/PP1N1PQP/R1B1R1K1,,,7,35,27,False,202307
202307018162584,35,e1e4,57.0,True,445.0,569.0,4rrk1/5ppp/p1pb4/1p1n3q/3P2b1/1BP3P1/PP1N1PQP/R1B1R1K1,,,7,35,27,False,202307
202307018420632,35,d2e4,5.0,True,44.0,48.0,4rrk1/5ppp/p1pb4/1p1n3q/3P2b1/1BP3P1/PP1N1PQP/R1B1R1K1,,,7,35,27,False,202307
202307018494644,35,d2e4,3.0,True,49.0,54.0,4rrk1/5ppp/p1pb4/1p1n3q/3P2b1/1BP3P1/PP1N1PQP/R1B1R1K1,,,7,35,27,False,202307
202307018811102,35,e1e4,20.0,True,538.0,583.0,4rrk1/5ppp/p1pb4/1p1n3q/3P2b1/1BP3P1/PP1N1PQP/R1B1R1K1,,,7,35,27,False,202307
202307054270741,35,g2f1,104.0,True,465.0,645.0,4rrk1/5ppp/p1pb4/1p1n3q/3P2b1/1BP3P1/PP1N1PQP/R1B1R1K1,,,7,35,27,False,202307
202307016236999,35,e1f1,82.0,True,565.0,598.0,4rrk1/5ppp/p1pb4/1p1n3q/3P2b1/1BP3P1/PP1N1PQP/R1B1R1K1,,,7,35,27,False,202307
202307016448668,35,e1e8,2.0,True,234.0,282.0,4rrk1/5ppp/p1pb4/1p1n3q/3P2b1/1BP3P1/PP1N1PQP/R1B1R1K1,,,7,35,27,False,202307
202307072549662,35,e1e8,9.0,True,144.0,159.0,4rrk1/5ppp/p1pb4/1p1n3q/3P2b1/1BP3P1/PP1N1PQP/R1B1R1K1,,,7,35,27,False,202307
202307072648175,35,e1f1,1.0,True,42.0,55.0,4rrk1/5ppp/p1pb4/1p1n3q/3P2b1/1BP3P1/PP1N1PQP/R1B1R1K1,,,7,35,27,False,202307
202307083210790,35,e1e7,23.0,True,147.0,193.0,4rrk1/5ppp/p1pb4/1p1n3q/3P2b1/1BP3P1/PP1N1PQP/R1B1R1K1,,,7,35,27,False,202307
202307083537872,35,e1e8,119.0,True,163.0,172.0,4rrk1/5ppp/p1pb4/1p1n3q/3P2b1/1BP3P1/PP1N1PQP/R1B1R1K1,,,7,35,27,False,202307
202307030183726,35,e1e8,35.0,True,507.0,567.0,4rrk1/5ppp/p1pb4/1p1n3q/3P2b1/1BP3P1/PP1N1PQP/R1B1R1K1,,,7,35,27,False,202307
202307030937137,35,e1e8,41.0,True,86.0,116.0,4rrk1/5ppp/p1pb4/1p1n3q/3P2b1/1BP3P1/PP1N1PQP/R1B1R1K1,,,7,35,27,False,202307
202307019902780,35,e1f1,9.0,True,264.0,283.0,4rrk1/5ppp/p1pb4/1p1n3q/3P2b1/1BP3P1/PP1N1PQP/R1B1R1K1,,,7,35,27,False,202307
202307073182731,35,e1e8,263.0,True,321.0,640.0,4rrk1/5ppp/p1pb4/1p1n3q/3P2b1/1BP3P1/PP1N1PQP/R1B1R1K1,,,7,35,27,False,202307
202307073648569,35,e1e8,74.0,True,298.0,315.0,4rrk1/5ppp/p1pb4/1p1n3q/3P2b1/1BP3P1/PP1N1PQP/R1B1R1K1,,,7,35,27,False,202307
202307015071093,35,e1e4,6.0,True,197.0,181.0,4rrk1/5ppp/p1pb4/1p1n3q/3P2b1/1BP3P1/PP1N1PQP/R1B1R1K1,,,7,35,27,False,202307
202307015200661,35,g2f1,9.0,True,568.0,558.0,4rrk1/5ppp/p1pb4/1p1n3q/3P2b1/1BP3P1/PP1N1PQP/R1B1R1K1,,,7,35,27,False,202307
202307015291317,35,e1f1,17.0,True,165.0,102.0,4rrk1/5ppp/p1pb4/1p1n3q/3P2b1/1BP3P1/PP1N1PQP/R1B1R1K1,,,7,35,27,False,202307
202307015355189,35,e1f1,66.0,True,119.0,283.0,4rrk1/5ppp/p1pb4/1p1n3q/3P2b1/1BP3P1/PP1N1PQP/R1B1R1K1,,,7,35,27,False,202307
202307015863461,35,g2f1,22.0,True,538.0,568.0,4rrk1/5ppp/p1pb4/1p1n3q/3P2b1/1BP3P1/PP1N1PQP/R1B1R1K1,,,7,35,27,False,202307
202307067095809,35,e1e8,21.0,True,529.0,566.0,4rrk1/5ppp/p1pb4/1p1n3q/3P2b1/1BP3P1/PP1N1PQP/R1B1R1K1,,,7,35,27,False,202307
202307067238106,35,e1e8,17.0,True,458.0,514.0,4rrk1/5ppp/p1pb4/1p1n3q/3P2b1/1BP3P1/PP1N1PQP/R1B1R1K1,,,7,35,27,False,202307
202307067501581,35,e1e8,12.0,True,519.0,497.0,4rrk1/5ppp/p1pb4/1p1n3q/3P2b1/1BP3P1/PP1N1PQP/R1B1R1K1,,,7,35,27,False,202307
202307026888222,35,e1e8,2.0,True,160.0,148.0,4rrk1/5ppp/p1pb4/1p1n3q/3P2b1/1BP3P1/PP1N1PQP/R1B1R1K1,,,7,35,27,False,202307
202307026920202,35,e1f1,10.0,True,250.0,280.0,4rrk1/5ppp/p1pb4/1p1n3q/3P2b1/1BP3P1/PP1N1PQP/R1B1R1K1,,,7,35,27,False,202307
202307079077120,35,e1f1,15.0,True,547.0,579.0,4rrk1/5ppp/p1pb4/1p1n3q/3P2b1/1BP3P1/PP1N1PQP/R1B1R1K1,,,7,35,27,False,202307
202307079212769,35,e1e8,2.0,True,45.0,53.0,4rrk1/5ppp/p1pb4/1p1n3q/3P2b1/1BP3P1/PP1N1PQP/R1B1R1K1,,,7,35,27,False,202307
202307079363657,35,d2e4,17.0,True,49.0,92.0,4rrk1/5ppp/p1pb4/1p1n3q/3P2b1/1BP3P1/PP1N1PQP/R1B1R1K1,,,7,35,27,False,202307
202307079486329,35,e1f1,31.0,True,147.0,163.0,4rrk1/5ppp/p1pb4/1p1n3q/3P2b1/1BP3P1/PP1N1PQP/R1B1R1K1,,,7,35,27,False,202307
202307079525804,35,e1e8,29.0,True,132.0,173.0,4rrk1/5ppp/p1pb4/1p1n3q/3P2b1/1BP3P1/PP1N1PQP/R1B1R1K1,,,7,35,27,False,202307
202307079552351,35,e1f1,24.0,True,148.0,164.0,4rrk1/5ppp/p1pb4/1p1n3q/3P2b1/1BP3P1/PP1N1PQP/R1B1R1K1,,,7,35,27,False,202307
202307079769622,35,e1f1,101.0,True,511.0,615.0,4rrk1/5ppp/p1pb4/1p1n3q/3P2b1/1BP3P1/PP1N1PQP/R1B1R1K1,,,7,35,27,False,202307
202307079793187,35,g1f1,2.0,True,553.0,543.0,4rrk1/5ppp/p1pb4/1p1n3q/3P2b1/1BP3P1/PP1N1PQP/R1B1R1K1,,,7,35,27,False,202307
202307079908346,35,e1f1,16.0,True,98.0,122.0,4rrk1/5ppp/p1pb4/1p1n3q/3P2b1/1BP3P1/PP1N1PQP/R1B1R1K1,,,7,35,27,False,202307
202307002337031,35,e1e8,7.0,True,236.0,233.0,4rrk1/5ppp/p1pb4/1p1n3q/3P2b1/1BP3P1/PP1N1PQP/R1B1R1K1,,,7,35,27,False,202307
202307007231452,35,e1e8,11.0,True,93.0,162.0,4rrk1/5ppp/p1pb4/1p1n3q/3P2b1/1BP3P1/PP1N1PQP/R1B1R1K1,,,7,35,27,False,202307
202307007494007,35,e1e4,7.0,True,150.0,163.0,4rrk1/5ppp/p1pb4/1p1n3q/3P2b1/1BP3P1/PP1N1PQP/R1B1R1K1,,,7,35,27,False,202307
202307007994575,35,e1e8,9.0,True,458.0,476.0,4rrk1/5ppp/p1pb4/1p1n3q/3P2b1/1BP3P1/PP1N1PQP/R1B1R1K1,,,7,35,27,False,202307
202307024717162,35,d2e4,2.0,True,147.0,162.0,4rrk1/5ppp/p1pb4/1p1n3q/3P2b1/1BP3P1/PP1N1PQP/R1B1R1K1,,,7,35,27,False,202307
202307045070119,35,e1f1,11.0,True,268.0,284.0,4rrk1/5ppp/p1pb4/1p1n3q/3P2b1/1BP3P1/PP1N1PQP/R1B1R1K1,,,7,35,27,False,202307
202307045183210,35,d2e4,6.0,True,154.0,162.0,4rrk1/5ppp/p1pb4/1p1n3q/3P2b1/1BP3P1/PP1N1PQP/R1B1R1K1,,,7,35,27,False,202307
202307045531494,35,d2e4,10.0,True,131.0,193.0,4rrk1/5ppp/p1pb4/1p1n3q/3P2b1/1BP3P1/PP1N1PQP/R1B1R1K1,,,7,35,27,False,202307
202307052099129,35,e1e8,2.0,True,95.0,66.0,4rrk1/5ppp/p1pb4/1p1n3q/3P2b1/1BP3P1/PP1N1PQP/R1B1R1K1,,,7,35,27,False,202307
202307052174748,35,d2e4,12.0,True,166.0,192.0,4rrk1/5ppp/p1pb4/1p1n3q/3P2b1/1BP3P1/PP1N1PQP/R1B1R1K1,,,7,35,27,False,202307
202307052267494,35,e1f1,24.0,True,159.0,181.0,4rrk1/5ppp/p1pb4/1p1n3q/3P2b1/1BP3P1/PP1N1PQP/R1B1R1K1,,,7,35,27,False,202307
202307052457582,35,e1e8,9.0,True,151.0,162.0,4rrk1/5ppp/p1pb4/1p1n3q/3P2b1/1BP3P1/PP1N1PQP/R1B1R1K1,,,7,35,27,False,202307
202307052549619,35,e1e8,4.0,True,560.0,650.0,4rrk1/5ppp/p1pb4/1p1n3q/3P2b1/1BP3P1/PP1N1PQP/R1B1R1K1,,,7,35,27,False,202307
202307008164798,35,d2e4,2.0,True,535.0,532.0,4rrk1/5ppp/p1pb4/1p1n3q/3P2b1/1BP3P1/PP1N1PQP/R1B1R1K1,,,7,35,27,False,202307
202307008277113,35,e1f1,39.0,True,103.0,129.0,4rrk1/5ppp/p1pb4/1p1n3q/3P2b1/1BP3P1/PP1N1PQP/R1B1R1K1,,,7,35,27,False,202307
202307066280426,35,e1f1,33.0,True,107.0,260.0,4rrk1/5ppp/p1pb4/1p1n3q/3P2b1/1BP3P1/PP1N1PQP/R1B1R1K1,,,7,35,27,False,202307
202307066651706,35,e1f1,91.0,True,198.0,280.0,4rrk1/5ppp/p1pb4/1p1n3q/3P2b1/1BP3P1/PP1N1PQP/R1B1R1K1,,,7,35,27,False,202307
202307064074900,35,e1f1,9.0,True,262.0,266.0,4rrk1/5ppp/p1pb4/1p1n3q/3P2b1/1BP3P1/PP1N1PQP/R1B1R1K1,,,7,35,27,False,202307
202307064500153,35,e1e8,36.0,True,88.0,100.0,4rrk1/5ppp/p1pb4/1p1n3q/3P2b1/1BP3P1/PP1N1PQP/R1B1R1K1,,,7,35,27,False,202307
202307064791908,35,e1e8,80.0,True,249.0,277.0,4rrk1/5ppp/p1pb4/1p1n3q/3P2b1/1BP3P1/PP1N1PQP/R1B1R1K1,,,7,35,27,False,202307
202307041692138,37,e1f1,61.0,True,141.0,131.0,4rrk1/5ppp/p1pb4/1p1n3q/3P2b1/1BP3P1/PP1N1PQP/R1B1R1K1,,,7,35,27,False,202307
202307041868557,35,g1f1,64.0,True,177.0,180.0,4rrk1/5ppp/p1pb4/1p1n3q/3P2b1/1BP3P1/PP1N1PQP/R1B1R1K1,,,7,35,27,False,202307
202307041952907,35,e1e4,46.0,True,210.0,270.0,4rrk1/5ppp/p1pb4/1p1n3q/3P2b1/1BP3P1/PP1N1PQP/R1B1R1K1,,,7,35,27,False,202307
202307037080981,35,d2e4,4.0,True,232.0,269.0,4rrk1/5ppp/p1pb4/1p1n3q/3P2b1/1BP3P1/PP1N1PQP/R1B1R1K1,,,7,35,27,False,202307
202307029111106,35,e1e8,154.0,True,204.0,299.0,4rrk1/5ppp/p1pb4/1p1n3q/3P2b1/1BP3P1/PP1N1PQP/R1B1R1K1,,,7,35,27,False,202307
202307029433294,35,e1e8,6.0,True,137.0,185.0,4rrk1/5ppp/p1pb4/1p1n3q/3P2b1/1BP3P1/PP1N1PQP/R1B1R1K1,,,7,35,27,False,202307
202307029444551,35,e1e8,51.0,True,147.0,190.0,4rrk1/5ppp/p1pb4/1p1n3q/3P2b1/1BP3P1/PP1N1PQP/R1B1R1K1,,,7,35,27,False,202307
202307029886194,35,e1e8,25.0,True,128.0,175.0,4rrk1/5ppp/p1pb4/1p1n3q/3P2b1/1BP3P1/PP1N1PQP/R1B1R1K1,,,7,35,27,False,202307
202307091004955,35,e1e8,21.0,True,173.0,187.0,4rrk1/5ppp/p1pb4/1p1n3q/3P2b1/1BP3P1/PP1N1PQP/R1B1R1K1,,,7,35,27,False,202307
202307091200664,35,e1f1,39.0,True,91.0,117.0,4rrk1/5ppp/p1pb4/1p1n3q/3P2b1/1BP3P1/PP1N1PQP/R1B1R1K1,,,7,35,27,False,202307
202307091554633,35,d2e4,1.0,True,52.0,49.0,4rrk1/5ppp/p1pb4/1p1n3q/3P2b1/1BP3P1/PP1N1PQP/R1B1R1K1,,,7,35,27,False,202307
202307091586460,35,e1e8,12.0,True,267.0,212.0,4rrk1/5ppp/p1pb4/1p1n3q/3P2b1/1BP3P1/PP1N1PQP/R1B1R1K1,,,7,35,27,False,202307
202307013500101,35,g2f1,57.0,True,543.0,563.0,4rrk1/5ppp/p1pb4/1p1n3q/3P2b1/1BP3P1/PP1N1PQP/R1B1R1K1,,,7,35,27,False,202307
202307013565682,35,e1e8,20.0,True,321.0,289.0,4rrk1/5ppp/p1pb4/1p1n3q/3P2b1/1BP3P1/PP1N1PQP/R1B1R1K1,,,7,35,27,False,202307
202307013846806,35,e1f1,8.0,True,76.0,112.0,4rrk1/5ppp/p1pb4/1p1n3q/3P2b1/1BP3P1/PP1N1PQP/R1B1R1K1,,,7,35,27,False,202307
202307013854597,35,e1e8,8.0,True,90.0,187.0,4rrk1/5ppp/p1pb4/1p1n3q/3P2b1/1BP3P1/PP1N1PQP/R1B1R1K1,,,7,35,27,False,202307
202307081006263,35,e1f1,39.0,True,96.0,185.0,4rrk1/5ppp/p1pb4/1p1n3q/3P2b1/1BP3P1/PP1N1PQP/R1B1R1K1,,,7,35,27,False,202307
202307081050121,35,g2f1,20.0,True,154.0,166.0,4rrk1/5ppp/p1pb4/1p1n3q/3P2b1/1BP3P1/PP1N1PQP/R1B1R1K1,,,7,35,27,False,202307
202307081945935,35,e1e8,26.0,True,181.0,194.0,4rrk1/5ppp/p1pb4/1p1n3q/3P2b1/1BP3P1/PP1N1PQP/R1B1R1K1,,,7,35,27,False,202307
202307011056018,35,d2e4,6.0,True,92.0,114.0,4rrk1/5ppp/p1pb4/1p1n3q/3P2b1/1BP3P1/PP1N1PQP/R1B1R1K1,,,7,35,27,False,202307
202307011463884,35,e1e8,25.0,True,256.0,281.0,4rrk1/5ppp/p1pb4/1p1n3q/3P2b1/1BP3P1/PP1N1PQP/R1B1R1K1,,,7,35,27,False,202307
202307011637030,35,e1e4,29.0,True,228.0,254.0,4rrk1/5ppp/p1pb4/1p1n3q/3P2b1/1BP3P1/PP1N1PQP/R1B1R1K1,,,7,35,27,False,202307
202307011637489,35,d2e4,2.0,True,150.0,106.0,4rrk1/5ppp/p1pb4/1p1n3q/3P2b1/1BP3P1/PP1N1PQP/R1B1R1K1,,,7,35,27,False,202307
202307011639400,35,e1e8,10.0,True,102.0,99.0,4rrk1/5ppp/p1pb4/1p1n3q/3P2b1/1BP3P1/PP1N1PQP/R1B1R1K1,,,7,35,27,False,202307
202307011839760,35,e1e8,37.0,True,513.0,544.0,4rrk1/5ppp/p1pb4/1p1n3q/3P2b1/1BP3P1/PP1N1PQP/R1B1R1K1,,,7,35,27,False,202307
202307011878310,35,g2f1,17.0,True,154.0,164.0,4rrk1/5ppp/p1pb4/1p1n3q/3P2b1/1BP3P1/PP1N1PQP/R1B1R1K1,,,7,35,27,False,202307
202307046131607,35,e1e8,74.0,True,144.0,171.0,4rrk1/5ppp/p1pb4/1p1n3q/3P2b1/1BP3P1/PP1N1PQP/R1B1R1K1,,,7,35,27,False,202307
202307046729281,35,e1e8,31.0,True,239.0,290.0,4rrk1/5ppp/p1pb4/1p1n3q/3P2b1/1BP3P1/PP1N1PQP/R1B1R1K1,,,7,35,27,False,202307
202307025847920,35,e1e8,12.0,True,301.0,325.0,4rrk1/5ppp/p1pb4/1p1n3q/3P2b1/1BP3P1/PP1N1PQP/R1B1R1K1,,,7,35,27,False,202307
202307025905212,35,e1e8,65.0,True,499.0,570.0,4rrk1/5ppp/p1pb4/1p1n3q/3P2b1/1BP3P1/PP1N1PQP/R1B1R1K1,,,7,35,27,False,202307
202308093240254,35,e1e8,18.0,True,95.0,174.0,4rrk1/5ppp/p1pb4/1p1n3q/3P2b1/1BP3P1/PP1N1PQP/R1B1R1K1,,,7,35,27,False,202308
202308093304565,35,e1e4,47.0,True,299.0,229.0,4rrk1/5ppp/p1pb4/1p1n3q/3P2b1/1BP3P1/PP1N1PQP/R1B1R1K1,,,7,35,27,False,202308
202308093766621,35,e1e8,41.0,True,443.0,554.0,4rrk1/5ppp/p1pb4/1p1n3q/3P2b1/1BP3P1/PP1N1PQP/R1B1R1K1,,,7,35,27,False,202308
202308070336110,35,e1e8,3.0,True,143.0,176.0,4rrk1/5ppp/p1pb4/1p1n3q/3P2b1/1BP3P1/PP1N1PQP/R1B1R1K1,,,7,35,27,False,202308
202308070393865,35,e1e8,17.0,True,42.0,40.0,4rrk1/5ppp/p1pb4/1p1n3q/3P2b1/1BP3P1/PP1N1PQP/R1B1R1K1,,,7,35,27,False,202308
202308070437772,35,e1e8,21.0,True,52.0,51.0,4rrk1/5ppp/p1pb4/1p1n3q/3P2b1/1BP3P1/PP1N1PQP/R1B1R1K1,,,7,35,27,False,202308
202308077363890,35,e1e8,61.0,True,209.0,120.0,4rrk1/5ppp/p1pb4/1p1n3q/3P2b1/1BP3P1/PP1N1PQP/R1B1R1K1,,,7,35,27,False,202308
202308035123658,35,e1e8,33.0,True,190.0,274.0,4rrk1/5ppp/p1pb4/1p1n3q/3P2b1/1BP3P1/PP1N1PQP/R1B1R1K1,,,7,35,27,False,202308
202308035149994,35,e1e8,54.0,True,164.0,145.0,4rrk1/5ppp/p1pb4/1p1n3q/3P2b1/1BP3P1/PP1N1PQP/R1B1R1K1,,,7,35,27,False,202308
202308035202584,35,e1e8,56.0,True,135.0,185.0,4rrk1/5ppp/p1pb4/1p1n3q/3P2b1/1BP3P1/PP1N1PQP/R1B1R1K1,,,7,35,27,False,202308
202308035370328,35,e1f1,209.0,True,420.0,513.0,4rrk1/5ppp/p1pb4/1p1n3q/3P2b1/1BP3P1/PP1N1PQP/R1B1R1K1,,,7,35,27,False,202308
202308035920477,35,g2f1,4.0,True,157.0,186.0,4rrk1/5ppp/p1pb4/1p1n3q/3P2b1/1BP3P1/PP1N1PQP/R1B1R1K1,,,7,35,27,False,202308
202308032256959,35,e1f1,25.0,True,565.0,657.0,4rrk1/5ppp/p1pb4/1p1n3q/3P2b1/1BP3P1/PP1N1PQP/R1B1R1K1,,,7,35,27,False,202308
202308032486923,35,e1e8,50.0,True,528.0,541.0,4rrk1/5ppp/p1pb4/1p1n3q/3P2b1/1BP3P1/PP1N1PQP/R1B1R1K1,,,7,35,27,False,202308
202308006103706,35,e1e4,33.0,True,183.0,190.0,4rrk1/5ppp/p1pb4/1p1n3q/3P2b1/1BP3P1/PP1N1PQP/R1B1R1K1,,,7,35,27,False,202308
202308087151038,35,e1f1,12.0,True,163.0,160.0,4rrk1/5ppp/p1pb4/1p1n3q/3P2b1/1BP3P1/PP1N1PQP/R1B1R1K1,,,7,35,27,False,202308
202308087447557,35,e1e8,126.0,True,1398.0,1633.0,4rrk1/5ppp/p1pb4/1p1n3q/3P2b1/1BP3P1/PP1N1PQP/R1B1R1K1,,,7,35,27,False,202308
202308087464237,35,e1e8,15.0,True,544.0,575.0,4rrk1/5ppp/p1pb4/1p1n3q/3P2b1/1BP3P1/PP1N1PQP/R1B1R1K1,,,7,35,27,False,202308
202308065231723,39,e1e8,4.0,True,44.0,45.0,4rrk1/5ppp/p1pb4/1p1n3q/3P2b1/1BP3P1/PP1N1PQP/R1B1R1K1,,,11,35,27,False,202308
202308065256959,35,e1e8,23.0,True,245.0,271.0,4rrk1/5ppp/p1pb4/1p1n3q/3P2b1/1BP3P1/PP1N1PQP/R1B1R1K1,,,7,35,27,False,202308
202308065442567,35,e1e4,35.0,True,228.0,280.0,4rrk1/5ppp/p1pb4/1p1n3q/3P2b1/1BP3P1/PP1N1PQP/R1B1R1K1,,,7,35,27,False,202308
202308065771280,35,e1f1,90.0,True,569.0,1554.0,4rrk1/5ppp/p1pb4/1p1n3q/3P2b1/1BP3P1/PP1N1PQP/R1B1R1K1,,,7,35,27,False,202308
202308065812129,35,d2e4,2.0,True,42.0,11.0,4rrk1/5ppp/p1pb4/1p1n3q/3P2b1/1BP3P1/PP1N1PQP/R1B1R1K1,,,7,35,27,False,202308
202308065838641,35,d2e4,5.0,True,167.0,190.0,4rrk1/5ppp/p1pb4/1p1n3q/3P2b1/1BP3P1/PP1N1PQP/R1B1R1K1,,,7,35,27,False,202308
202308065950542,35,e1e8,10.0,True,266.0,266.0,4rrk1/5ppp/p1pb4/1p1n3q/3P2b1/1BP3P1/PP1N1PQP/R1B1R1K1,,,7,35,27,False,202308
202308049065643,35,e1e8,20.0,True,291.0,316.0,4rrk1/5ppp/p1pb4/1p1n3q/3P2b1/1BP3P1/PP1N1PQP/R1B1R1K1,,,7,35,27,False,202308
202308049372615,35,g2f1,33.0,True,254.0,267.0,4rrk1/5ppp/p1pb4/1p1n3q/3P2b1/1BP3P1/PP1N1PQP/R1B1R1K1,,,7,35,27,False,202308
202308049937450,35,e1e8,3.0,True,188.0,235.0,4rrk1/5ppp/p1pb4/1p1n3q/3P2b1/1BP3P1/PP1N1PQP/R1B1R1K1,,,7,35,27,False,202308
202308001053521,35,e1e4,16.0,True,284.0,554.0,4rrk1/5ppp/p1pb4/1p1n3q/3P2b1/1BP3P1/PP1N1PQP/R1B1R1K1,,,7,35,27,False,202308
202308001118914,35,g2f1,17.0,True,156.0,176.0,4rrk1/5ppp/p1pb4/1p1n3q/3P2b1/1BP3P1/PP1N1PQP/R1B1R1K1,,,7,35,27,False,202308
202308001318469,35,e1e8,11.0,True,146.0,165.0,4rrk1/5ppp/p1pb4/1p1n3q/3P2b1/1BP3P1/PP1N1PQP/R1B1R1K1,,,7,35,27,False,202308
202308001814409,35,e1e8,27.0,True,234.0,271.0,4rrk1/5ppp/p1pb4/1p1n3q/3P2b1/1BP3P1/PP1N1PQP/R1B1R1K1,,,7,35,27,False,202308
202308001987454,35,e1e8,22.0,True,104.0,107.0,4rrk1/5ppp/p1pb4/1p1n3q/3P2b1/1BP3P1/PP1N1PQP/R1B1R1K1,,,7,35,27,False,202308
202308005062715,35,e1f1,6.0,True,39.0,50.0,4rrk1/5ppp/p1pb4/1p1n3q/3P2b1/1BP3P1/PP1N1PQP/R1B1R1K1,,,7,35,27,False,202308
202308005187987,35,e1e4,14.0,True,147.0,166.0,4rrk1/5ppp/p1pb4/1p1n3q/3P2b1/1BP3P1/PP1N1PQP/R1B1R1K1,,,7,35,27,False,202308
202308090639494,35,e1e8,20.0,True,310.0,323.0,4rrk1/5ppp/p1pb4/1p1n3q/3P2b1/1BP3P1/PP1N1PQP/R1B1R1K1,,,7,35,27,False,202308
202308090840658,35,e1e8,12.0,True,153.0,182.0,4rrk1/5ppp/p1pb4/1p1n3q/3P2b1/1BP3P1/PP1N1PQP/R1B1R1K1,,,7,35,27,False,202308
202308061370372,35,e1e8,19.0,True,314.0,302.0,4rrk1/5ppp/p1pb4/1p1n3q/3P2b1/1BP3P1/PP1N1PQP/R1B1R1K1,,,7,35,27,False,202308
202308061416311,35,e1e8,16.0,True,250.0,281.0,4rrk1/5ppp/p1pb4/1p1n3q/3P2b1/1BP3P1/PP1N1PQP/R1B1R1K1,,,7,35,27,False,202308
202308061697443,35,e1e8,11.0,True,155.0,185.0,4rrk1/5ppp/p1pb4/1p1n3q/3P2b1/1BP3P1/PP1N1PQP/R1B1R1K1,,,7,35,27,False,202308
202308061911157,35,e1e8,40.0,True,501.0,519.0,4rrk1/5ppp/p1pb4/1p1n3q/3P2b1/1BP3P1/PP1N1PQP/R1B1R1K1,,,7,35,27,False,202308
202308057322743,35,d2e4,17.0,True,86.0,118.0,4rrk1/5ppp/p1pb4/1p1n3q/3P2b1/1BP3P1/PP1N1PQP/R1B1R1K1,,,7,35,27,False,202308
202308057921910,35,g2f1,24.0,True,454.0,527.0,4rrk1/5ppp/p1pb4/1p1n3q/3P2b1/1BP3P1/PP1N1PQP/R1B1R1K1,,,7,35,27,False,202308
202308036242399,35,e1e8,12.0,True,161.0,187.0,4rrk1/5ppp/p1pb4/1p1n3q/3P2b1/1BP3P1/PP1N1PQP/R1B1R1K1,,,7,35,27,False,202308
202308036263935,35,e1f1,24.0,True,230.0,282.0,4rrk1/5ppp/p1pb4/1p1n3q/3P2b1/1BP3P1/PP1N1PQP/R1B1R1K1,,,7,35,27,False,202308
202308036552689,35,e1e8,2.0,True,151.0,169.0,4rrk1/5ppp/p1pb4/1p1n3q/3P2b1/1BP3P1/PP1N1PQP/R1B1R1K1,,,7,35,27,False,202308
202308036788998,35,e1e8,10.0,True,143.0,161.0,4rrk1/5ppp/p1pb4/1p1n3q/3P2b1/1BP3P1/PP1N1PQP/R1B1R1K1,,,7,35,27,False,202308
202308023176497,35,e1e4,18.0,True,498.0,545.0,4rrk1/5ppp/p1pb4/1p1n3q/3P2b1/1BP3P1/PP1N1PQP/R1B1R1K1,,,7,35,27,False,202308
202308023216004,35,d2e4,2.0,True,130.0,157.0,4rrk1/5ppp/p1pb4/1p1n3q/3P2b1/1BP3P1/PP1N1PQP/R1B1R1K1,,,7,35,27,False,202308
202308023679113,35,e1f1,31.0,True,205.0,271.0,4rrk1/5ppp/p1pb4/1p1n3q/3P2b1/1BP3P1/PP1N1PQP/R1B1R1K1,,,7,35,27,False,202308
202308085041548,35,d2e4,8.0,True,70.0,144.0,4rrk1/5ppp/p1pb4/1p1n3q/3P2b1/1BP3P1/PP1N1PQP/R1B1R1K1,,,7,35,27,False,202308
202308085242736,35,e1e8,24.0,True,539.0,474.0,4rrk1/5ppp/p1pb4/1p1n3q/3P2b1/1BP3P1/PP1N1PQP/R1B1R1K1,,,5,35,27,False,202308
202308085299516,35,e1e4,25.0,True,151.0,158.0,4rrk1/5ppp/p1pb4/1p1n3q/3P2b1/1BP3P1/PP1N1PQP/R1B1R1K1,,,7,35,27,False,202308
202308085461145,35,d2e4,4.0,True,195.0,197.0,4rrk1/5ppp/p1pb4/1p1n3q/3P2b1/1BP3P1/PP1N1PQP/R1B1R1K1,,,7,35,27,False,202308
202308085625646,35,e1e8,14.0,True,189.0,199.0,4rrk1/5ppp/p1pb4/1p1n3q/3P2b1/1BP3P1/PP1N1PQP/R1B1R1K1,,,7,35,27,False,202308
202308009946305,35,e1f1,28.0,True,159.0,124.0,4rrk1/5ppp/p1pb4/1p1n3q/3P2b1/1BP3P1/PP1N1PQP/R1B1R1K1,,,7,35,27,False,202308
202308063121655,35,e1e8,22.0,True,214.0,322.0,4rrk1/5ppp/p1pb4/1p1n3q/3P2b1/1BP3P1/PP1N1PQP/R1B1R1K1,,,7,35,27,False,202308
202308063889041,35,e1f1,20.0,True,159.0,189.0,4rrk1/5ppp/p1pb4/1p1n3q/3P2b1/1BP3P1/PP1N1PQP/R1B1R1K1,,,7,35,27,False,202308
202308063982549,35,e1e8,41.0,True,130.0,163.0,4rrk1/5ppp/p1pb4/1p1n3q/3P2b1/1BP3P1/PP1N1PQP/R1B1R1K1,,,7,35,27,False,202308
202308059746971,35,d2e4,4.0,True,157.0,171.0,4rrk1/5ppp/p1pb4/1p1n3q/3P2b1/1BP3P1/PP1N1PQP/R1B1R1K1,,,7,35,27,False,202308
202308059752031,35,e1e8,15.0,True,151.0,158.0,4rrk1/5ppp/p1pb4/1p1n3q/3P2b1/1BP3P1/PP1N1PQP/R1B1R1K1,,,7,35,27,False,202308
202308059928187,35,d2e4,4.0,True,49.0,53.0,4rrk1/5ppp/p1pb4/1p1n3q/3P2b1/1BP3P1/PP1N1PQP/R1B1R1K1,,,7,35,27,False,202308
202308074180903,35,e1f1,4.0,True,118.0,156.0,4rrk1/5ppp/p1pb4/1p1n3q/3P2b1/1BP3P1/PP1N1PQP/R1B1R1K1,,,7,35,27,False,202308
202308074247460,35,g2f1,18.0,True,589.0,606.0,4rrk1/5ppp/p1pb4/1p1n3q/3P2b1/1BP3P1/PP1N1PQP/R1B1R1K1,,,7,35,27,False,202308
202308074410067,35,g2f1,61.0,True,262.0,283.0,4rrk1/5ppp/p1pb4/1p1n3q/3P2b1/1BP3P1/PP1N1PQP/R1B1R1K1,,,7,35,27,False,202308
202308074637106,35,e1e8,7.0,True,32.0,22.0,4rrk1/5ppp/p1pb4/1p1n3q/3P2b1/1BP3P1/PP1N1PQP/R1B1R1K1,,,7,35,27,False,202308
202308040054154,35,e1f1,18.0,True,101.0,281.0,4rrk1/5ppp/p1pb4/1p1n3q/3P2b1/1BP3P1/PP1N1PQP/R1B1R1K1,,,7,35,27,False,202308
202308021089105,35,e1e8,3.0,True,177.0,176.0,4rrk1/5ppp/p1pb4/1p1n3q/3P2b1/1BP3P1/PP1N1PQP/R1B1R1K1,,,7,35,27,False,202308
202308021129168,35,e1e8,8.0,True,515.0,547.0,4rrk1/5ppp/p1pb4/1p1n3q/3P2b1/1BP3P1/PP1N1PQP/R1B1R1K1,,,7,35,27,False,202308
202308021301399,35,d2e4,7.0,True,115.0,125.0,4rrk1/5ppp/p1pb4/1p1n3q/3P2b1/1BP3P1/PP1N1PQP/R1B1R1K1,,,7,35,27,False,202308
202308021646661,35,e1e4,14.0,True,161.0,197.0,4rrk1/5ppp/p1pb4/1p1n3q/3P2b1/1BP3P1/PP1N1PQP/R1B1R1K1,,,7,35,27,False,202308
202308062007970,35,e1f1,87.0,True,271.0,272.0,4rrk1/5ppp/p1pb4/1p1n3q/3P2b1/1BP3P1/PP1N1PQP/R1B1R1K1,,,7,35,27,False,202308
202308062252754,35,e1e4,35.0,True,223.0,273.0,4rrk1/5ppp/p1pb4/1p1n3q/3P2b1/1BP3P1/PP1N1PQP/R1B1R1K1,,,7,35,27,False,202308
202308062377610,35,e1e8,4.0,True,173.0,200.0,4rrk1/5ppp/p1pb4/1p1n3q/3P2b1/1BP3P1/PP1N1PQP/R1B1R1K1,,,7,35,27,False,202308
202308062768027,35,e1e8,5.0,True,115.0,165.0,4rrk1/5ppp/p1pb4/1p1n3q/3P2b1/1BP3P1/PP1N1PQP/R1B1R1K1,,,7,35,27,False,202308
202308022260331,35,e1e4,38.0,True,82.0,122.0,4rrk1/5ppp/p1pb4/1p1n3q/3P2b1/1BP3P1/PP1N1PQP/R1B1R1K1,,,7,35,27,False,202308
202308022810768,35,e1e8,19.0,True,527.0,563.0,4rrk1/5ppp/p1pb4/1p1n3q/3P2b1/1BP3P1/PP1N1PQP/R1B1R1K1,,,7,35,27,False,202308
202308022824138,35,e1e8,51.0,True,385.0,600.0,4rrk1/5ppp/p1pb4/1p1n3q/3P2b1/1BP3P1/PP1N1PQP/R1B1R1K1,,,7,35,27,False,202308
202308022904259,35,e1e8,16.0,True,40.0,43.0,4rrk1/5ppp/p1pb4/1p1n3q/3P2b1/1BP3P1/PP1N1PQP/R1B1R1K1,,,7,35,27,False,202308
202308022933259,35,e1e8,9.0,True,168.0,198.0,4rrk1/5ppp/p1pb4/1p1n3q/3P2b1/1BP3P1/PP1N1PQP/R1B1R1K1,,,7,35,27,False,202308
202308042353464,35,e1e8,36.0,True,165.0,166.0,4rrk1/5ppp/p1pb4/1p1n3q/3P2b1/1BP3P1/PP1N1PQP/R1B1R1K1,,,7,35,27,False,202308
202308042450445,35,d2e4,46.0,True,208.0,235.0,4rrk1/5ppp/p1pb4/1p1n3q/3P2b1/1BP3P1/PP1N1PQP/R1B1R1K1,,,7,35,27,False,202308
202308042596069,35,e1e8,11.0,True,105.0,166.0,4rrk1/5ppp/p1pb4/1p1n3q/3P2b1/1BP3P1/PP1N1PQP/R1B1R1K1,,,7,35,27,False,202308
202308038272357,35,d2e4,25.0,True,200.0,290.0,4rrk1/5ppp/p1pb4/1p1n3q/3P2b1/1BP3P1/PP1N1PQP/R1B1R1K1,,,7,35,27,False,202308
202308038410776,35,d2e4,20.0,True,122.0,145.0,4rrk1/5ppp/p1pb4/1p1n3q/3P2b1/1BP3P1/PP1N1PQP/R1B1R1K1,,,7,35,27,False,202308
202308038733383,35,g2f1,32.0,True,513.0,564.0,4rrk1/5ppp/p1pb4/1p1n3q/3P2b1/1BP3P1/PP1N1PQP/R1B1R1K1,,,7,35,27,False,202308
202308038977731,35,e1e8,24.0,True,164.0,195.0,4rrk1/5ppp/p1pb4/1p1n3q/3P2b1/1BP3P1/PP1N1PQP/R1B1R1K1,,,7,35,27,False,202308
202308039843592,35,d2e4,1.0,True,143.0,81.0,4rrk1/5ppp/p1pb4/1p1n3q/3P2b1/1BP3P1/PP1N1PQP/R1B1R1K1,,,7,35,27,False,202308
202308039921265,35,e1e8,19.0,True,94.0,163.0,4rrk1/5ppp/p1pb4/1p1n3q/3P2b1/1BP3P1/PP1N1PQP/R1B1R1K1,,,7,35,27,False,202308
202308084169707,35,e1e8,16.0,True,92.0,119.0,4rrk1/5ppp/p1pb4/1p1n3q/3P2b1/1BP3P1/PP1N1PQP/R1B1R1K1,,,7,35,27,False,202308
202308084176098,35,e1f1,17.0,True,151.0,165.0,4rrk1/5ppp/p1pb4/1p1n3q/3P2b1/1BP3P1/PP1N1PQP/R1B1R1K1,,,7,35,27,False,202308
202308084374079,35,d2e4,3.0,True,149.0,153.0,4rrk1/5ppp/p1pb4/1p1n3q/3P2b1/1BP3P1/PP1N1PQP/R1B1R1K1,,,7,35,27,False,202308
202308084412660,35,e1e8,115.0,True,303.0,319.0,4rrk1/5ppp/p1pb4/1p1n3q/3P2b1/1BP3P1/PP1N1PQP/R1B1R1K1,,,7,35,27,False,202308
202308084588610,35,e1e8,38.0,True,133.0,166.0,4rrk1/5ppp/p1pb4/1p1n3q/3P2b1/1BP3P1/PP1N1PQP/R1B1R1K1,,,7,35,27,False,202308
202308084988068,35,e1f1,9.0,True,249.0,279.0,4rrk1/5ppp/p1pb4/1p1n3q/3P2b1/1BP3P1/PP1N1PQP/R1B1R1K1,,,7,35,27,False,202308
202308080137450,35,d2e4,10.0,True,260.0,233.0,4rrk1/5ppp/p1pb4/1p1n3q/3P2b1/1BP3P1/PP1N1PQP/R1B1R1K1,,,7,35,27,False,202308
202308080370895,35,e1e8,5.0,True,151.0,164.0,4rrk1/5ppp/p1pb4/1p1n3q/3P2b1/1BP3P1/PP1N1PQP/R1B1R1K1,,,7,35,27,False,202308
202308080879725,35,d2e4,5.0,True,157.0,169.0,4rrk1/5ppp/p1pb4/1p1n3q/3P2b1/1BP3P1/PP1N1PQP/R1B1R1K1,,,7,35,27,False,202308
202308051646920,35,e1e8,41.0,True,145.0,191.0,4rrk1/5ppp/p1pb4/1p1n3q/3P2b1/1BP3P1/PP1N1PQP/R1B1R1K1,,,7,35,27,False,202308
202308069247335,35,d2e4,8.0,True,160.0,157.0,4rrk1/5ppp/p1pb4/1p1n3q/3P2b1/1BP3P1/PP1N1PQP/R1B1R1K1,,,7,35,27,False,202308
202308069664539,35,e1e8,46.0,True,255.0,280.0,4rrk1/5ppp/p1pb4/1p1n3q/3P2b1/1BP3P1/PP1N1PQP/R1B1R1K1,,,7,35,27,False,202308
202308082754783,35,e1e4,149.0,True,1627.0,1672.0,4rrk1/5ppp/p1pb4/1p1n3q/3P2b1/1BP3P1/PP1N1PQP/R1B1R1K1,,,7,35,27,False,202308
202308082867500,35,e1e8,0.0,True,86.0,103.0,4rrk1/5ppp/p1pb4/1p1n3q/3P2b1/1BP3P1/PP1N1PQP/R1B1R1K1,,,7,35,27,False,202308
202308003337495,35,g1f1,5.0,True,158.0,163.0,4rrk1/5ppp/p1pb4/1p1n3q/3P2b1/1BP3P1/PP1N1PQP/R1B1R1K1,,,7,35,27,False,202308
202308003417494,35,e1e8,486.0,True,1528.0,1670.0,4rrk1/5ppp/p1pb4/1p1n3q/3P2b1/1BP3P1/PP1N1PQP/R1B1R1K1,,,7,35,27,False,202308
202308055184340,35,e1e8,39.0,True,228.0,285.0,4rrk1/5ppp/p1pb4/1p1n3q/3P2b1/1BP3P1/PP1N1PQP/R1B1R1K1,,,7,35,27,False,202308
202308055999095,35,e1e8,23.0,True,265.0,278.0,4rrk1/5ppp/p1pb4/1p1n3q/3P2b1/1BP3P1/PP1N1PQP/R1B1R1K1,,,7,35,27,False,202308
202308020112249,35,e1e8,43.0,True,170.0,176.0,4rrk1/5ppp/p1pb4/1p1n3q/3P2b1/1BP3P1/PP1N1PQP/R1B1R1K1,,,7,35,27,False,202308
202308020726778,35,e1f1,30.0,True,168.0,201.0,4rrk1/5ppp/p1pb4/1p1n3q/3P2b1/1BP3P1/PP1N1PQP/R1B1R1K1,,,7,35,27,False,202308
202308020733906,35,e1e4,22.0,True,271.0,298.0,4rrk1/5ppp/p1pb4/1p1n3q/3P2b1/1BP3P1/PP1N1PQP/R1B1R1K1,,,7,35,27,False,202308
202308020982061,35,f2f3,13.0,True,142.0,188.0,4rrk1/5ppp/p1pb4/1p1n3q/3P2b1/1BP3P1/PP1N1PQP/R1B1R1K1,,,7,35,27,False,202308
202308004110307,35,e1e8,14.0,True,81.0,117.0,4rrk1/5ppp/p1pb4/1p1n3q/3P2b1/1BP3P1/PP1N1PQP/R1B1R1K1,,,7,35,27,False,202308
202308004195775,35,d2e4,7.0,True,152.0,76.0,4rrk1/5ppp/p1pb4/1p1n3q/3P2b1/1BP3P1/PP1N1PQP/R1B1R1K1,,,7,35,27,False,202308
202308004245849,35,e1e8,18.0,True,550.0,574.0,4rrk1/5ppp/p1pb4/1p1n3q/3P2b1/1BP3P1/PP1N1PQP/R1B1R1K1,,,7,35,27,False,202308
202308004282512,35,e1f1,33.0,True,78.0,98.0,4rrk1/5ppp/p1pb4/1p1n3q/3P2b1/1BP3P1/PP1N1PQP/R1B1R1K1,,,7,35,27,False,202308
202308004339352,35,e1e4,87.0,True,151.0,113.0,4rrk1/5ppp/p1pb4/1p1n3q/3P2b1/1BP3P1/PP1N1PQP/R1B1R1K1,,,7,35,27,False,202308
202308004823923,35,e1e8,16.0,True,158.0,149.0,4rrk1/5ppp/p1pb4/1p1n3q/3P2b1/1BP3P1/PP1N1PQP/R1B1R1K1,,,7,35,27,False,202308
202308031449007,35,e1e8,15.0,True,110.0,113.0,4rrk1/5ppp/p1pb4/1p1n3q/3P2b1/1BP3P1/PP1N1PQP/R1B1R1K1,,,7,35,27,False,202308
202308031655386,35,e1e8,19.0,True,160.0,191.0,4rrk1/5ppp/p1pb4/1p1n3q/3P2b1/1BP3P1/PP1N1PQP/R1B1R1K1,,,7,35,27,False,202308
202308031737132,35,e1e8,14.0,True,156.0,201.0,4rrk1/5ppp/p1pb4/1p1n3q/3P2b1/1BP3P1/PP1N1PQP/R1B1R1K1,,,7,35,27,False,202308
202308060429668,35,e1e8,13.0,True,116.0,164.0,4rrk1/5ppp/p1pb4/1p1n3q/3P2b1/1BP3P1/PP1N1PQP/R1B1R1K1,,,7,35,27,False,202308
202308060554268,35,e1e8,8.0,True,87.0,123.0,4rrk1/5ppp/p1pb4/1p1n3q/3P2b1/1BP3P1/PP1N1PQP/R1B1R1K1,,,7,35,27,False,202308
202308060975629,35,e1e8,2.0,True,177.0,172.0,4rrk1/5ppp/p1pb4/1p1n3q/3P2b1/1BP3P1/PP1N1PQP/R1B1R1K1,,,7,35,27,False,202308
202308056088877,35,e1e8,17.0,True,132.0,160.0,4rrk1/5ppp/p1pb4/1p1n3q/3P2b1/1BP3P1/PP1N1PQP/R1B1R1K1,,,7,35,27,False,202308
202308056254026,35,d2e4,4.0,True,42.0,44.0,4rrk1/5ppp/p1pb4/1p1n3q/3P2b1/1BP3P1/PP1N1PQP/R1B1R1K1,,,7,35,27,False,202308
202308056380792,35,e1e8,20.0,True,461.0,434.0,4rrk1/5ppp/p1pb4/1p1n3q/3P2b1/1BP3P1/PP1N1PQP/R1B1R1K1,,,7,35,27,False,202308
202308058119090,35,e1e4,8.0,True,32.0,49.0,4rrk1/5ppp/p1pb4/1p1n3q/3P2b1/1BP3P1/PP1N1PQP/R1B1R1K1,,,7,35,27,False,202308
202308058785796,35,e1e4,23.0,True,176.0,185.0,4rrk1/5ppp/p1pb4/1p1n3q/3P2b1/1BP3P1/PP1N1PQP/R1B1R1K1,,,7,35,27,False,202308
202308068212163,35,e1e4,12.0,True,113.0,119.0,4rrk1/5ppp/p1pb4/1p1n3q/3P2b1/1BP3P1/PP1N1PQP/R1B1R1K1,,,7,35,27,False,202308
202308068439130,35,e1e8,28.0,True,142.0,180.0,4rrk1/5ppp/p1pb4/1p1n3q/3P2b1/1BP3P1/PP1N1PQP/R1B1R1K1,,,7,35,27,False,202308
202308068687987,35,e1e8,45.0,True,176.0,166.0,4rrk1/5ppp/p1pb4/1p1n3q/3P2b1/1BP3P1/PP1N1PQP/R1B1R1K1,,,7,35,27,False,202308
202308012615174,35,e1e8,23.0,True,131.0,167.0,4rrk1/5ppp/p1pb4/1p1n3q/3P2b1/1BP3P1/PP1N1PQP/R1B1R1K1,,,7,35,27,False,202308
202308012739034,35,d2f1,7.0,True,97.0,112.0,4rrk1/5ppp/p1pb4/1p1n3q/3P2b1/1BP3P1/PP1N1PQP/R1B1R1K1,,,7,35,27,False,202308
202308095061005,35,g2f1,28.0,True,157.0,195.0,4rrk1/5ppp/p1pb4/1p1n3q/3P2b1/1BP3P1/PP1N1PQP/R1B1R1K1,,,7,35,27,False,202308
202308095082129,35,e1f1,5.0,True,39.0,49.0,4rrk1/5ppp/p1pb4/1p1n3q/3P2b1/1BP3P1/PP1N1PQP/R1B1R1K1,,,7,35,27,False,202308
202308095090787,35,g2f1,126.0,True,533.0,658.0,4rrk1/5ppp/p1pb4/1p1n3q/3P2b1/1BP3P1/PP1N1PQP/R1B1R1K1,,,7,35,27,False,202308
202308095190798,35,e1e8,21.0,True,524.0,558.0,4rrk1/5ppp/p1pb4/1p1n3q/3P2b1/1BP3P1/PP1N1PQP/R1B1R1K1,,,7,35,27,False,202308
202308095218880,35,e1f1,16.0,True,139.0,160.0,4rrk1/5ppp/p1pb4/1p1n3q/3P2b1/1BP3P1/PP1N1PQP/R1B1R1K1,,,7,35,27,False,202308
202308095441761,35,e1e8,21.0,True,289.0,325.0,4rrk1/5ppp/p1pb4/1p1n3q/3P2b1/1BP3P1/PP1N1PQP/R1B1R1K1,,,7,35,27,False,202308
202308095903560,35,e1e8,43.0,True,149.0,183.0,4rrk1/5ppp/p1pb4/1p1n3q/3P2b1/1BP3P1/PP1N1PQP/R1B1R1K1,,,7,35,27,False,202308
202308078175469,35,e1e8,35.0,True,102.0,166.0,4rrk1/5ppp/p1pb4/1p1n3q/3P2b1/1BP3P1/PP1N1PQP/R1B1R1K1,,,7,35,27,False,202308
202308027503040,35,e1e8,6.0,True,236.0,268.0,4rrk1/5ppp/p1pb4/1p1n3q/3P2b1/1BP3P1/PP1N1PQP/R1B1R1K1,,,7,35,27,False,202308
202308027531476,35,g2f1,23.0,True,133.0,189.0,4rrk1/5ppp/p1pb4/1p1n3q/3P2b1/1BP3P1/PP1N1PQP/R1B1R1K1,,,7,35,27,False,202308
202308043020357,35,f2f3,1.0,True,42.0,49.0,4rrk1/5ppp/p1pb4/1p1n3q/3P2b1/1BP3P1/PP1N1PQP/R1B1R1K1,,,7,35,27,False,202308
202308043376789,35,e1e4,40.0,True,124.0,163.0,4rrk1/5ppp/p1pb4/1p1n3q/3P2b1/1BP3P1/PP1N1PQP/R1B1R1K1,,,7,35,27,False,202308
202308043402401,35,g1f1,23.0,True,143.0,182.0,4rrk1/5ppp/p1pb4/1p1n3q/3P2b1/1BP3P1/PP1N1PQP/R1B1R1K1,,,7,35,27,False,202308
202308043812243,35,e1e8,3.0,True,135.0,152.0,4rrk1/5ppp/p1pb4/1p1n3q/3P2b1/1BP3P1/PP1N1PQP/R1B1R1K1,,,7,35,27,False,202308
202308043844071,35,d2e4,2.0,True,179.0,183.0,4rrk1/5ppp/p1pb4/1p1n3q/3P2b1/1BP3P1/PP1N1PQP/R1B1R1K1,,,7,35,27,False,202308
202308050207881,35,e1f1,38.0,True,142.0,162.0,4rrk1/5ppp/p1pb4/1p1n3q/3P2b1/1BP3P1/PP1N1PQP/R1B1R1K1,,,7,35,27,False,202308
202308050560067,35,e1e8,14.0,True,263.0,282.0,4rrk1/5ppp/p1pb4/1p1n3q/3P2b1/1BP3P1/PP1N1PQP/R1B1R1K1,,,7,35,27,False,202308
202308050602103,35,e1e8,24.0,True,113.0,115.0,4rrk1/5ppp/p1pb4/1p1n3q/3P2b1/1BP3P1/PP1N1PQP/R1B1R1K1,,,7,35,27,False,202308
202308050738735,35,e1e8,77.0,True,159.0,192.0,4rrk1/5ppp/p1pb4/1p1n3q/3P2b1/1BP3P1/PP1N1PQP/R1B1R1K1,,,7,35,27,False,202308
202308088006816,35,d2e4,2.0,True,154.0,166.0,4rrk1/5ppp/p1pb4/1p1n3q/3P2b1/1BP3P1/PP1N1PQP/R1B1R1K1,,,7,35,27,False,202308
202308088468049,35,g2f1,23.0,True,213.0,267.0,4rrk1/5ppp/p1pb4/1p1n3q/3P2b1/1BP3P1/PP1N1PQP/R1B1R1K1,,,7,35,27,False,202308
202308088900417,35,e1e8,7.0,True,107.0,113.0,4rrk1/5ppp/p1pb4/1p1n3q/3P2b1/1BP3P1/PP1N1PQP/R1B1R1K1,,,7,35,27,False,202308
202308028702181,35,e1e8,5.0,True,37.0,51.0,4rrk1/5ppp/p1pb4/1p1n3q/3P2b1/1BP3P1/PP1N1PQP/R1B1R1K1,,,7,35,27,False,202308
202308071122979,35,e1f1,57.0,True,216.0,305.0,4rrk1/5ppp/p1pb4/1p1n3q/3P2b1/1BP3P1/PP1N1PQP/R1B1R1K1,,,7,35,27,False,202308
202308071226459,35,d2e4,48.0,True,574.0,630.0,4rrk1/5ppp/p1pb4/1p1n3q/3P2b1/1BP3P1/PP1N1PQP/R1B1R1K1,,,7,35,27,False,202308
202308071639574,35,e1e8,34.0,True,518.0,618.0,4rrk1/5ppp/p1pb4/1p1n3q/3P2b1/1BP3P1/PP1N1PQP/R1B1R1K1,,,7,35,27,False,202308
202308076349320,35,e1e8,130.0,True,243.0,316.0,4rrk1/5ppp/p1pb4/1p1n3q/3P2b1/1BP3P1/PP1N1PQP/R1B1R1K1,,,7,35,27,False,202308
202308076579325,35,e1e8,25.0,True,184.0,191.0,4rrk1/5ppp/p1pb4/1p1n3q/3P2b1/1BP3P1/PP1N1PQP/R1B1R1K1,,,7,35,27,False,202308
202308017084535,35,e1e8,5.0,True,118.0,194.0,4rrk1/5ppp/p1pb4/1p1n3q/3P2b1/1BP3P1/PP1N1PQP/R1B1R1K1,,,7,35,27,False,202308
202308017401704,35,d2e4,14.0,True,116.0,149.0,4rrk1/5ppp/p1pb4/1p1n3q/3P2b1/1BP3P1/PP1N1PQP/R1B1R1K1,,,7,35,27,False,202308
202308017404713,35,e1f1,6.0,True,247.0,275.0,4rrk1/5ppp/p1pb4/1p1n3q/3P2b1/1BP3P1/PP1N1PQP/R1B1R1K1,,,7,35,27,False,202308
202308017423649,35,e1f1,6.0,True,94.0,105.0,4rrk1/5ppp/p1pb4/1p1n3q/3P2b1/1BP3P1/PP1N1PQP/R1B1R1K1,,,7,35,27,False,202308
202308017897288,35,e1e8,14.0,True,154.0,183.0,4rrk1/5ppp/p1pb4/1p1n3q/3P2b1/1BP3P1/PP1N1PQP/R1B1R1K1,,,7,35,27,False,202308
202308017976420,35,g1f1,7.0,True,177.0,195.0,4rrk1/5ppp/p1pb4/1p1n3q/3P2b1/1BP3P1/PP1N1PQP/R1B1R1K1,,,7,35,27,False,202308
202308047512272,35,g2f1,26.0,True,156.0,199.0,4rrk1/5ppp/p1pb4/1p1n3q/3P2b1/1BP3P1/PP1N1PQP/R1B1R1K1,,,7,35,27,False,202308
202308047598596,35,e1e4,33.0,True,171.0,188.0,4rrk1/5ppp/p1pb4/1p1n3q/3P2b1/1BP3P1/PP1N1PQP/R1B1R1K1,,,7,35,27,False,202308
202308047870297,35,e1e8,2.0,True,143.0,151.0,4rrk1/5ppp/p1pb4/1p1n3q/3P2b1/1BP3P1/PP1N1PQP/R1B1R1K1,,,7,35,27,False,202308
202308089272533,35,e1e8,19.0,True,133.0,157.0,4rrk1/5ppp/p1pb4/1p1n3q/3P2b1/1BP3P1/PP1N1PQP/R1B1R1K1,,,7,35,27,False,202308
202308089349801,35,e1e8,2.0,True,43.0,51.0,4rrk1/5ppp/p1pb4/1p1n3q/3P2b1/1BP3P1/PP1N1PQP/R1B1R1K1,,,7,35,27,False,202308
202308089443175,35,e1f1,5.0,True,101.0,139.0,4rrk1/5ppp/p1pb4/1p1n3q/3P2b1/1BP3P1/PP1N1PQP/R1B1R1K1,,,7,35,27,False,202308
202308089480750,35,e1e8,2.0,True,146.0,196.0,4rrk1/5ppp/p1pb4/1p1n3q/3P2b1/1BP3P1/PP1N1PQP/R1B1R1K1,,,7,35,27,False,202308
202308089947852,35,e1e8,6.0,True,223.0,279.0,4rrk1/5ppp/p1pb4/1p1n3q/3P2b1/1BP3P1/PP1N1PQP/R1B1R1K1,,,7,35,27,False,202308
202308075006651,35,e1e8,12.0,True,138.0,156.0,4rrk1/5ppp/p1pb4/1p1n3q/3P2b1/1BP3P1/PP1N1PQP/R1B1R1K1,,,7,35,27,False,202308
202308075098755,35,e1e8,65.0,True,489.0,535.0,4rrk1/5ppp/p1pb4/1p1n3q/3P2b1/1BP3P1/PP1N1PQP/R1B1R1K1,,,7,35,27,False,202308
202308075759229,35,e1e4,32.0,True,496.0,585.0,4rrk1/5ppp/p1pb4/1p1n3q/3P2b1/1BP3P1/PP1N1PQP/R1B1R1K1,,,7,35,27,False,202308
202308096203054,35,e1e4,28.0,True,76.0,109.0,4rrk1/5ppp/p1pb4/1p1n3q/3P2b1/1BP3P1/PP1N1PQP/R1B1R1K1,,,7,35,27,False,202308
202308096216539,35,e1e8,2.0,True,78.0,112.0,4rrk1/5ppp/p1pb4/1p1n3q/3P2b1/1BP3P1/PP1N1PQP/R1B1R1K1,,,7,35,27,False,202308
202308096542546,35,d2e4,17.0,True,262.0,271.0,4rrk1/5ppp/p1pb4/1p1n3q/3P2b1/1BP3P1/PP1N1PQP/R1B1R1K1,,,7,35,27,False,202308
202308033316198,35,e1e8,46.0,True,535.0,566.0,4rrk1/5ppp/p1pb4/1p1n3q/3P2b1/1BP3P1/PP1N1PQP/R1B1R1K1,,,7,35,27,False,202308
202308033356904,35,e1f1,31.0,True,228.0,275.0,4rrk1/5ppp/p1pb4/1p1n3q/3P2b1/1BP3P1/PP1N1PQP/R1B1R1K1,,,7,35,27,False,202308
202308086257568,35,g2f1,28.0,True,327.0,342.0,4rrk1/5ppp/p1pb4/1p1n3q/3P2b1/1BP3P1/PP1N1PQP/R1B1R1K1,,,7,35,27,False,202308
202308086268834,35,e1e4,38.0,True,524.0,525.0,4rrk1/5ppp/p1pb4/1p1n3q/3P2b1/1BP3P1/PP1N1PQP/R1B1R1K1,,,7,35,27,False,202308
202308086493877,35,e1e8,108.0,True,558.0,573.0,4rrk1/5ppp/p1pb4/1p1n3q/3P2b1/1BP3P1/PP1N1PQP/R1B1R1K1,,,7,35,27,False,202308
202308034606039,35,e1e8,1.0,True,124.0,164.0,4rrk1/5ppp/p1pb4/1p1n3q/3P2b1/1BP3P1/PP1N1PQP/R1B1R1K1,,,7,35,27,False,202308
202308034788055,35,d2e4,75.0,True,540.0,547.0,4rrk1/5ppp/p1pb4/1p1n3q/3P2b1/1BP3P1/PP1N1PQP/R1B1R1K1,,,7,35,27,False,202308
202308094366639,35,e1e8,,True,,,4rrk1/5ppp/p1pb4/1p1n3q/3P2b1/1BP3P1/PP1N1PQP/R1B1R1K1,,,7,35,27,False,202308
202308094935081,35,b3d5,1.0,True,39.0,49.0,4rrk1/5ppp/p1pb4/1p1n3q/3P2b1/1BP3P1/PP1N1PQP/R1B1R1K1,,,7,35,27,False,202308
202308094944249,35,e1e8,10.0,True,99.0,116.0,4rrk1/5ppp/p1pb4/1p1n3q/3P2b1/1BP3P1/PP1N1PQP/R1B1R1K1,,,7,35,27,False,202308
202308092679941,35,e1f1,37.0,True,262.0,289.0,4rrk1/5ppp/p1pb4/1p1n3q/3P2b1/1BP3P1/PP1N1PQP/R1B1R1K1,,,7,35,27,False,202308
202308044913977,35,g2f1,7.0,True,31.0,45.0,4rrk1/5ppp/p1pb4/1p1n3q/3P2b1/1BP3P1/PP1N1PQP/R1B1R1K1,,,7,35,27,False,202308
202308018163856,35,e1e8,6.0,True,157.0,197.0,4rrk1/5ppp/p1pb4/1p1n3q/3P2b1/1BP3P1/PP1N1PQP/R1B1R1K1,,,7,35,27,False,202308
202308018176768,35,e1e8,13.0,True,224.0,271.0,4rrk1/5ppp/p1pb4/1p1n3q/3P2b1/1BP3P1/PP1N1PQP/R1B1R1K1,,,7,35,27,False,202308
202308018227503,35,d2e4,6.0,True,245.0,281.0,4rrk1/5ppp/p1pb4/1p1n3q/3P2b1/1BP3P1/PP1N1PQP/R1B1R1K1,,,7,35,27,False,202308
202308018427059,35,e1e8,135.0,True,927.0,1078.0,4rrk1/5ppp/p1pb4/1p1n3q/3P2b1/1BP3P1/PP1N1PQP/R1B1R1K1,,,7,35,27,False,202308
202308018973025,35,d2e4,23.0,True,141.0,153.0,4rrk1/5ppp/p1pb4/1p1n3q/3P2b1/1BP3P1/PP1N1PQP/R1B1R1K1,,,7,35,27,False,202308
202308054101484,35,e1e8,3.0,True,101.0,117.0,4rrk1/5ppp/p1pb4/1p1n3q/3P2b1/1BP3P1/PP1N1PQP/R1B1R1K1,,,7,35,27,False,202308
202308054126504,35,e1e8,73.0,True,567.0,556.0,4rrk1/5ppp/p1pb4/1p1n3q/3P2b1/1BP3P1/PP1N1PQP/R1B1R1K1,,,7,35,27,False,202308
202308054245504,35,e1e4,12.0,True,616.0,648.0,4rrk1/5ppp/p1pb4/1p1n3q/3P2b1/1BP3P1/PP1N1PQP/R1B1R1K1,,,7,35,27,False,202308
202308016258368,35,d2f1,3.0,True,214.0,280.0,4rrk1/5ppp/p1pb4/1p1n3q/3P2b1/1BP3P1/PP1N1PQP/R1B1R1K1,,,7,35,27,False,202308
202308016606042,35,e1f1,21.0,True,99.0,109.0,4rrk1/5ppp/p1pb4/1p1n3q/3P2b1/1BP3P1/PP1N1PQP/R1B1R1K1,,,7,35,27,False,202308
202308016848267,35,e1e8,45.0,True,230.0,273.0,4rrk1/5ppp/p1pb4/1p1n3q/3P2b1/1BP3P1/PP1N1PQP/R1B1R1K1,,,7,35,27,False,202308
202308016992681,35,e1e8,33.0,True,149.0,178.0,4rrk1/5ppp/p1pb4/1p1n3q/3P2b1/1BP3P1/PP1N1PQP/R1B1R1K1,,,7,35,27,False,202308
202308072223040,35,e1e8,139.0,True,366.0,587.0,4rrk1/5ppp/p1pb4/1p1n3q/3P2b1/1BP3P1/PP1N1PQP/R1B1R1K1,,,7,35,27,False,202308
202308072679203,35,e1e8,14.0,True,147.0,185.0,4rrk1/5ppp/p1pb4/1p1n3q/3P2b1/1BP3P1/PP1N1PQP/R1B1R1K1,,,7,35,27,False,202308
202308072933388,35,e1e4,50.0,True,223.0,249.0,4rrk1/5ppp/p1pb4/1p1n3q/3P2b1/1BP3P1/PP1N1PQP/R1B1R1K1,,,7,35,27,False,202308
202308083410188,35,d2e4,2.0,True,43.0,49.0,4rrk1/5ppp/p1pb4/1p1n3q/3P2b1/1BP3P1/PP1N1PQP/R1B1R1K1,,,7,35,27,False,202308
202308030183500,35,g2f1,35.0,True,138.0,148.0,4rrk1/5ppp/p1pb4/1p1n3q/3P2b1/1BP3P1/PP1N1PQP/R1B1R1K1,,,7,35,27,False,202308
202308030296028,35,e1e8,13.0,True,320.0,317.0,4rrk1/5ppp/p1pb4/1p1n3q/3P2b1/1BP3P1/PP1N1PQP/R1B1R1K1,,,7,35,27,False,202308
202308030354966,35,e1e8,25.0,True,96.0,120.0,4rrk1/5ppp/p1pb4/1p1n3q/3P2b1/1BP3P1/PP1N1PQP/R1B1R1K1,,,7,35,27,False,202308
202308030401212,35,e1f1,34.0,True,139.0,181.0,4rrk1/5ppp/p1pb4/1p1n3q/3P2b1/1BP3P1/PP1N1PQP/R1B1R1K1,,,7,35,27,False,202308
202308030412588,35,d2e4,11.0,True,175.0,179.0,4rrk1/5ppp/p1pb4/1p1n3q/3P2b1/1BP3P1/PP1N1PQP/R1B1R1K1,,,7,35,27,False,202308
202308030447732,35,d2e4,7.0,True,40.0,43.0,4rrk1/5ppp/p1pb4/1p1n3q/3P2b1/1BP3P1/PP1N1PQP/R1B1R1K1,,,7,35,27,False,202308
202308030599377,35,e1e8,6.0,True,528.0,466.0,4rrk1/5ppp/p1pb4/1p1n3q/3P2b1/1BP3P1/PP1N1PQP/R1B1R1K1,,,7,35,27,False,202308
202308030783489,35,g2f1,17.0,True,175.0,196.0,4rrk1/5ppp/p1pb4/1p1n3q/3P2b1/1BP3P1/PP1N1PQP/R1B1R1K1,,,7,35,27,False,202308
202308019465295,35,e1e8,3.0,True,302.0,329.0,4rrk1/5ppp/p1pb4/1p1n3q/3P2b1/1BP3P1/PP1N1PQP/R1B1R1K1,,,7,35,27,False,202308
202308019484160,35,e1e8,5.0,True,130.0,177.0,4rrk1/5ppp/p1pb4/1p1n3q/3P2b1/1BP3P1/PP1N1PQP/R1B1R1K1,,,7,35,27,False,202308
202308019500906,35,e1f1,5.0,True,40.0,51.0,4rrk1/5ppp/p1pb4/1p1n3q/3P2b1/1BP3P1/PP1N1PQP/R1B1R1K1,,,7,35,27,False,202308
202308019517016,35,e1e4,31.0,True,318.0,329.0,4rrk1/5ppp/p1pb4/1p1n3q/3P2b1/1BP3P1/PP1N1PQP/R1B1R1K1,,,7,35,27,False,202308
202308073003871,35,d2e4,23.0,True,165.0,157.0,4rrk1/5ppp/p1pb4/1p1n3q/3P2b1/1BP3P1/PP1N1PQP/R1B1R1K1,,,7,35,27,False,202308
202308073460804,35,e1e8,17.0,True,164.0,194.0,4rrk1/5ppp/p1pb4/1p1n3q/3P2b1/1BP3P1/PP1N1PQP/R1B1R1K1,,,7,35,27,False,202308
202308073795023,35,e1e8,17.0,True,156.0,199.0,4rrk1/5ppp/p1pb4/1p1n3q/3P2b1/1BP3P1/PP1N1PQP/R1B1R1K1,,,7,35,27,False,202308
202308067185247,35,e1f1,7.0,True,231.0,239.0,4rrk1/5ppp/p1pb4/1p1n3q/3P2b1/1BP3P1/PP1N1PQP/R1B1R1K1,,,7,35,27,False,202308
202308067862189,35,e1e8,30.0,True,180.0,195.0,4rrk1/5ppp/p1pb4/1p1n3q/3P2b1/1BP3P1/PP1N1PQP/R1B1R1K1,,,7,35,27,False,202308
202308067937464,35,e1e4,7.0,True,142.0,160.0,4rrk1/5ppp/p1pb4/1p1n3q/3P2b1/1BP3P1/PP1N1PQP/R1B1R1K1,,,7,35,27,False,202308
202308026140029,35,e1f1,45.0,True,93.0,94.0,4rrk1/5ppp/p1pb4/1p1n3q/3P2b1/1BP3P1/PP1N1PQP/R1B1R1K1,,,7,35,27,False,202308
202308026499891,35,d2e4,10.0,True,146.0,161.0,4rrk1/5ppp/p1pb4/1p1n3q/3P2b1/1BP3P1/PP1N1PQP/R1B1R1K1,,,7,35,27,False,202308
202308026690338,35,d2e4,37.0,True,240.0,246.0,4rrk1/5ppp/p1pb4/1p1n3q/3P2b1/1BP3P1/PP1N1PQP/R1B1R1K1,,,5,35,27,False,202308
202308026861952,35,d2e4,5.0,True,112.0,189.0,4rrk1/5ppp/p1pb4/1p1n3q/3P2b1/1BP3P1/PP1N1PQP/R1B1R1K1,,,7,35,27,False,202308
202308079435272,35,e1e8,81.0,True,144.0,181.0,4rrk1/5ppp/p1pb4/1p1n3q/3P2b1/1BP3P1/PP1N1PQP/R1B1R1K1,,,7,35,27,False,202308
202308079703941,35,e1e8,8.0,True,132.0,167.0,4rrk1/5ppp/p1pb4/1p1n3q/3P2b1/1BP3P1/PP1N1PQP/R1B1R1K1,,,7,35,27,False,202308
202308079964223,35,e1e8,31.0,True,140.0,164.0,4rrk1/5ppp/p1pb4/1p1n3q/3P2b1/1BP3P1/PP1N1PQP/R1B1R1K1,,,7,35,27,False,202308
202308002406012,35,e1e8,12.0,True,160.0,158.0,4rrk1/5ppp/p1pb4/1p1n3q/3P2b1/1BP3P1/PP1N1PQP/R1B1R1K1,,,7,35,27,False,202308
202308002613234,35,e1f1,60.0,True,272.0,313.0,4rrk1/5ppp/p1pb4/1p1n3q/3P2b1/1BP3P1/PP1N1PQP/R1B1R1K1,,,7,35,27,False,202308
202308002627676,35,e1e8,12.0,True,104.0,128.0,4rrk1/5ppp/p1pb4/1p1n3q/3P2b1/1BP3P1/PP1N1PQP/R1B1R1K1,,,7,35,27,False,202308
202308007057380,35,d2e4,12.0,True,159.0,180.0,4rrk1/5ppp/p1pb4/1p1n3q/3P2b1/1BP3P1/PP1N1PQP/R1B1R1K1,,,5,35,27,False,202308
202308007112749,35,d2e4,68.0,True,159.0,94.0,4rrk1/5ppp/p1pb4/1p1n3q/3P2b1/1BP3P1/PP1N1PQP/R1B1R1K1,,,7,35,27,False,202308
202308007748652,35,e1e4,69.0,True,145.0,159.0,4rrk1/5ppp/p1pb4/1p1n3q/3P2b1/1BP3P1/PP1N1PQP/R1B1R1K1,,,7,35,27,False,202308
202308024218513,35,e1e8,10.0,True,38.0,46.0,4rrk1/5ppp/p1pb4/1p1n3q/3P2b1/1BP3P1/PP1N1PQP/R1B1R1K1,,,7,35,27,False,202308
202308024229267,35,d2e4,5.0,True,559.0,618.0,4rrk1/5ppp/p1pb4/1p1n3q/3P2b1/1BP3P1/PP1N1PQP/R1B1R1K1,,,7,35,27,False,202308
202308024248994,35,e1e8,86.0,True,129.0,113.0,4rrk1/5ppp/p1pb4/1p1n3q/3P2b1/1BP3P1/PP1N1PQP/R1B1R1K1,,,7,35,27,False,202308
202308024261723,35,e1e4,72.0,True,227.0,235.0,4rrk1/5ppp/p1pb4/1p1n3q/3P2b1/1BP3P1/PP1N1PQP/R1B1R1K1,,,7,35,27,False,202308
202308024502092,37,e1e8,24.0,True,176.0,248.0,4rrk1/5ppp/p1pb4/1p1n3q/3P2b1/1BP3P1/PP1N1PQP/R1B1R1K1,,,7,35,27,False,202308
202308024541852,35,e1e8,11.0,True,36.0,45.0,4rrk1/5ppp/p1pb4/1p1n3q/3P2b1/1BP3P1/PP1N1PQP/R1B1R1K1,,,7,35,27,False,202308
202308024600136,35,e1f1,8.0,True,42.0,49.0,4rrk1/5ppp/p1pb4/1p1n3q/3P2b1/1BP3P1/PP1N1PQP/R1B1R1K1,,,7,35,27,False,202308
202308045080925,35,e1e7,8.0,True,42.0,44.0,4rrk1/5ppp/p1pb4/1p1n3q/3P2b1/1BP3P1/PP1N1PQP/R1B1R1K1,,,7,35,27,False,202308
202308045349898,35,e1e8,104.0,True,626.0,667.0,4rrk1/5ppp/p1pb4/1p1n3q/3P2b1/1BP3P1/PP1N1PQP/R1B1R1K1,,,7,35,27,False,202308
202308045815754,35,e1e8,1.0,True,30.0,48.0,4rrk1/5ppp/p1pb4/1p1n3q/3P2b1/1BP3P1/PP1N1PQP/R1B1R1K1,,,7,35,27,False,202308
202308045887806,35,e1e8,7.0,True,126.0,153.0,4rrk1/5ppp/p1pb4/1p1n3q/3P2b1/1BP3P1/PP1N1PQP/R1B1R1K1,,,7,35,27,False,202308
202308045946075,37,e1e8,2.0,True,107.0,121.0,4rrk1/5ppp/p1pb4/1p1n3q/3P2b1/1BP3P1/PP1N1PQP/R1B1R1K1,,,7,35,27,False,202308
202308052712382,37,e1e4,50.0,True,87.0,182.0,4rrk1/5ppp/p1pb4/1p1n3q/3P2b1/1BP3P1/PP1N1PQP/R1B1R1K1,,,7,35,27,False,202308
202308008086866,35,e1e8,29.0,True,165.0,177.0,4rrk1/5ppp/p1pb4/1p1n3q/3P2b1/1BP3P1/PP1N1PQP/R1B1R1K1,,,7,35,27,False,202308
202308008136575,35,e1e8,42.0,True,144.0,179.0,4rrk1/5ppp/p1pb4/1p1n3q/3P2b1/1BP3P1/PP1N1PQP/R1B1R1K1,,,7,35,27,False,202308
202308008320251,35,e1e8,5.0,True,36.0,52.0,4rrk1/5ppp/p1pb4/1p1n3q/3P2b1/1BP3P1/PP1N1PQP/R1B1R1K1,,,7,35,27,False,202308
202308008817752,35,e1e8,24.0,True,97.0,196.0,4rrk1/5ppp/p1pb4/1p1n3q/3P2b1/1BP3P1/PP1N1PQP/R1B1R1K1,,,7,35,27,False,202308
202308008982299,39,e1e8,68.0,True,218.0,282.0,4rrk1/5ppp/p1pb4/1p1n3q/3P2b1/1BP3P1/PP1N1PQP/R1B1R1K1,,,9,35,27,False,202308
202308066000647,35,e1e8,8.0,True,208.0,326.0,4rrk1/5ppp/p1pb4/1p1n3q/3P2b1/1BP3P1/PP1N1PQP/R1B1R1K1,,,7,35,27,False,202308
202308066276960,35,e1e8,11.0,True,208.0,281.0,4rrk1/5ppp/p1pb4/1p1n3q/3P2b1/1BP3P1/PP1N1PQP/R1B1R1K1,,,7,35,27,False,202308
202308064330169,35,e1f1,6.0,True,144.0,156.0,4rrk1/5ppp/p1pb4/1p1n3q/3P2b1/1BP3P1/PP1N1PQP/R1B1R1K1,,,7,35,27,False,202308
202308064591693,35,e1e8,10.0,True,173.0,192.0,4rrk1/5ppp/p1pb4/1p1n3q/3P2b1/1BP3P1/PP1N1PQP/R1B1R1K1,,,7,35,27,False,202308
202308064936203,35,e1e8,22.0,True,150.0,176.0,4rrk1/5ppp/p1pb4/1p1n3q/3P2b1/1BP3P1/PP1N1PQP/R1B1R1K1,,,7,35,27,False,202308
202308041010017,35,b3d5,18.0,True,111.0,103.0,4rrk1/5ppp/p1pb4/1p1n3q/3P2b1/1BP3P1/PP1N1PQP/R1B1R1K1,,,7,35,27,False,202308
202308041148257,35,e1f1,17.0,True,237.0,254.0,4rrk1/5ppp/p1pb4/1p1n3q/3P2b1/1BP3P1/PP1N1PQP/R1B1R1K1,,,7,35,27,False,202308
202308041434217,35,e1e8,29.0,True,182.0,267.0,4rrk1/5ppp/p1pb4/1p1n3q/3P2b1/1BP3P1/PP1N1PQP/R1B1R1K1,,,7,35,27,False,202308
202308041697345,35,e1e8,19.0,True,244.0,283.0,4rrk1/5ppp/p1pb4/1p1n3q/3P2b1/1BP3P1/PP1N1PQP/R1B1R1K1,,,5,35,27,False,202308
202308041872812,35,e1f1,16.0,True,135.0,188.0,4rrk1/5ppp/p1pb4/1p1n3q/3P2b1/1BP3P1/PP1N1PQP/R1B1R1K1,,,7,35,27,False,202308
202308037463758,35,g2f1,46.0,True,133.0,197.0,4rrk1/5ppp/p1pb4/1p1n3q/3P2b1/1BP3P1/PP1N1PQP/R1B1R1K1,,,7,35,27,False,202308
202308037672760,35,e1e8,30.0,True,235.0,275.0,4rrk1/5ppp/p1pb4/1p1n3q/3P2b1/1BP3P1/PP1N1PQP/R1B1R1K1,,,7,35,27,False,202308
202308029039359,35,e1e8,21.0,True,134.0,161.0,4rrk1/5ppp/p1pb4/1p1n3q/3P2b1/1BP3P1/PP1N1PQP/R1B1R1K1,,,7,35,27,False,202308
202308029522396,35,e1e8,45.0,True,495.0,545.0,4rrk1/5ppp/p1pb4/1p1n3q/3P2b1/1BP3P1/PP1N1PQP/R1B1R1K1,,,7,35,27,False,202308
202308091124802,35,e1f1,44.0,True,95.0,124.0,4rrk1/5ppp/p1pb4/1p1n3q/3P2b1/1BP3P1/PP1N1PQP/R1B1R1K1,,,7,35,27,False,202308
202308091364744,35,e1e8,29.0,True,149.0,187.0,4rrk1/5ppp/p1pb4/1p1n3q/3P2b1/1BP3P1/PP1N1PQP/R1B1R1K1,,,7,35,27,False,202308
202308091392072,35,e1e4,43.0,True,252.0,329.0,4rrk1/5ppp/p1pb4/1p1n3q/3P2b1/1BP3P1/PP1N1PQP/R1B1R1K1,,,7,35,27,False,202308
202308091567639,35,e1f1,15.0,True,642.0,795.0,4rrk1/5ppp/p1pb4/1p1n3q/3P2b1/1BP3P1/PP1N1PQP/R1B1R1K1,,,7,35,27,False,202308
202308091996224,35,e1e8,34.0,True,134.0,184.0,4rrk1/5ppp/p1pb4/1p1n3q/3P2b1/1BP3P1/PP1N1PQP/R1B1R1K1,,,7,35,27,False,202308
202308013700077,35,e1e8,57.0,True,610.0,645.0,4rrk1/5ppp/p1pb4/1p1n3q/3P2b1/1BP3P1/PP1N1PQP/R1B1R1K1,,,7,35,27,False,202308
202308013753971,35,e1f1,9.0,True,256.0,286.0,4rrk1/5ppp/p1pb4/1p1n3q/3P2b1/1BP3P1/PP1N1PQP/R1B1R1K1,,,7,35,27,False,202308
202308081333549,35,g2f1,19.0,True,151.0,142.0,4rrk1/5ppp/p1pb4/1p1n3q/3P2b1/1BP3P1/PP1N1PQP/R1B1R1K1,,,7,35,27,False,202308
202308081609490,35,e1f1,11.0,True,161.0,159.0,4rrk1/5ppp/p1pb4/1p1n3q/3P2b1/1BP3P1/PP1N1PQP/R1B1R1K1,,,7,35,27,False,202308
202308081674685,35,d2e4,6.0,True,45.0,50.0,4rrk1/5ppp/p1pb4/1p1n3q/3P2b1/1BP3P1/PP1N1PQP/R1B1R1K1,,,7,35,27,False,202308
202308081917218,35,e1e8,24.0,True,164.0,172.0,4rrk1/5ppp/p1pb4/1p1n3q/3P2b1/1BP3P1/PP1N1PQP/R1B1R1K1,,,7,35,27,False,202308
202308081940481,35,e1e8,39.0,True,245.0,243.0,4rrk1/5ppp/p1pb4/1p1n3q/3P2b1/1BP3P1/PP1N1PQP/R1B1R1K1,,,7,35,27,False,202308
202308011495396,35,e1e4,7.0,True,157.0,161.0,4rrk1/5ppp/p1pb4/1p1n3q/3P2b1/1BP3P1/PP1N1PQP/R1B1R1K1,,,7,35,27,False,202308
202308046005982,35,e1f1,9.0,True,75.0,108.0,4rrk1/5ppp/p1pb4/1p1n3q/3P2b1/1BP3P1/PP1N1PQP/R1B1R1K1,,,7,35,27,False,202308
202308046682511,35,e1e8,4.0,True,101.0,105.0,4rrk1/5ppp/p1pb4/1p1n3q/3P2b1/1BP3P1/PP1N1PQP/R1B1R1K1,,,7,35,27,False,202308
202308025337575,35,e1e8,11.0,True,250.0,262.0,4rrk1/5ppp/p1pb4/1p1n3q/3P2b1/1BP3P1/PP1N1PQP/R1B1R1K1,,,7,35,27,False,202308
202309093039089,35,e1e8,27.0,True,162.0,158.0,4rrk1/5ppp/p1pb4/1p1n3q/3P2b1/1BP3P1/PP1N1PQP/R1B1R1K1,,,7,35,27,False,202309
202309093809601,35,d2e4,51.0,True,128.0,194.0,4rrk1/5ppp/p1pb4/1p1n3q/3P2b1/1BP3P1/PP1N1PQP/R1B1R1K1,,,7,35,27,False,202309
202309070456237,35,b3d5,1.0,True,153.0,166.0,4rrk1/5ppp/p1pb4/1p1n3q/3P2b1/1BP3P1/PP1N1PQP/R1B1R1K1,,,7,35,27,False,202309
202309070671106,35,g2f1,15.0,True,155.0,160.0,4rrk1/5ppp/p1pb4/1p1n3q/3P2b1/1BP3P1/PP1N1PQP/R1B1R1K1,,,7,35,27,False,202309
202309070767347,35,e1e8,48.0,True,134.0,246.0,4rrk1/5ppp/p1pb4/1p1n3q/3P2b1/1BP3P1/PP1N1PQP/R1B1R1K1,,,7,35,27,False,202309
202309070951834,35,e1e8,46.0,True,132.0,187.0,4rrk1/5ppp/p1pb4/1p1n3q/3P2b1/1BP3P1/PP1N1PQP/R1B1R1K1,,,7,35,27,False,202309
202309077379015,35,e1e4,19.0,True,173.0,184.0,4rrk1/5ppp/p1pb4/1p1n3q/3P2b1/1BP3P1/PP1N1PQP/R1B1R1K1,,,7,35,27,False,202309
202309035770296,35,e1f1,13.0,True,529.0,579.0,4rrk1/5ppp/p1pb4/1p1n3q/3P2b1/1BP3P1/PP1N1PQP/R1B1R1K1,,,7,35,27,False,202309
202309035894710,35,e1e8,2.0,True,38.0,41.0,4rrk1/5ppp/p1pb4/1p1n3q/3P2b1/1BP3P1/PP1N1PQP/R1B1R1K1,,,7,35,27,False,202309
202309032248931,35,e1e8,53.0,True,147.0,152.0,4rrk1/5ppp/p1pb4/1p1n3q/3P2b1/1BP3P1/PP1N1PQP/R1B1R1K1,,,7,35,27,False,202309
202309032295757,35,e1e8,30.0,True,519.0,575.0,4rrk1/5ppp/p1pb4/1p1n3q/3P2b1/1BP3P1/PP1N1PQP/R1B1R1K1,,,7,35,27,False,202309
202309032802575,39,e1e8,28.0,True,219.0,265.0,4rrk1/5ppp/p1pb4/1p1n3q/3P2b1/1BP3P1/PP1N1PQP/R1B1R1K1,,,11,35,27,False,202309
202309006351359,35,d2e4,4.0,True,106.0,120.0,4rrk1/5ppp/p1pb4/1p1n3q/3P2b1/1BP3P1/PP1N1PQP/R1B1R1K1,,,7,35,27,False,202309
202309006974524,35,e1e8,20.0,True,166.0,188.0,4rrk1/5ppp/p1pb4/1p1n3q/3P2b1/1BP3P1/PP1N1PQP/R1B1R1K1,,,7,35,27,False,202309
202309087200269,35,e1e8,4.0,True,89.0,184.0,4rrk1/5ppp/p1pb4/1p1n3q/3P2b1/1BP3P1/PP1N1PQP/R1B1R1K1,,,7,35,27,False,202309
202309087725192,35,e1f1,19.0,True,195.0,189.0,4rrk1/5ppp/p1pb4/1p1n3q/3P2b1/1BP3P1/PP1N1PQP/R1B1R1K1,,,7,35,27,False,202309
202309087757015,35,e1e8,3.0,True,142.0,170.0,4rrk1/5ppp/p1pb4/1p1n3q/3P2b1/1BP3P1/PP1N1PQP/R1B1R1K1,,,7,35,27,False,202309
202309087944687,35,e1f1,13.0,True,154.0,141.0,4rrk1/5ppp/p1pb4/1p1n3q/3P2b1/1BP3P1/PP1N1PQP/R1B1R1K1,,,7,35,27,False,202309
202309065490396,35,e1e8,13.0,True,250.0,274.0,4rrk1/5ppp/p1pb4/1p1n3q/3P2b1/1BP3P1/PP1N1PQP/R1B1R1K1,,,7,35,27,False,202309
202309065612714,35,e1e8,11.0,True,126.0,163.0,4rrk1/5ppp/p1pb4/1p1n3q/3P2b1/1BP3P1/PP1N1PQP/R1B1R1K1,,,7,35,27,False,202309
202309065920297,35,e1e8,57.0,True,279.0,312.0,4rrk1/5ppp/p1pb4/1p1n3q/3P2b1/1BP3P1/PP1N1PQP/R1B1R1K1,,,7,35,27,False,202309
202309005685805,35,e1f1,67.0,True,157.0,319.0,4rrk1/5ppp/p1pb4/1p1n3q/3P2b1/1BP3P1/PP1N1PQP/R1B1R1K1,,,7,35,27,False,202309
202309005685805,39,e1f1,4.0,True,78.0,285.0,4rrk1/5ppp/p1pb4/1p1n3q/3P2b1/1BP3P1/PP1N1PQP/R1B1R1K1,,,11,35,27,False,202309
202309005829074,35,d2e4,6.0,True,119.0,109.0,4rrk1/5ppp/p1pb4/1p1n3q/3P2b1/1BP3P1/PP1N1PQP/R1B1R1K1,,,7,35,27,False,202309
202309005875377,35,e1e8,6.0,True,216.0,321.0,4rrk1/5ppp/p1pb4/1p1n3q/3P2b1/1BP3P1/PP1N1PQP/R1B1R1K1,,,7,35,27,False,202309
202309005888920,35,e1e8,16.0,True,168.0,189.0,4rrk1/5ppp/p1pb4/1p1n3q/3P2b1/1BP3P1/PP1N1PQP/R1B1R1K1,,,7,35,27,False,202309
202309090824793,35,e1e8,7.0,True,248.0,260.0,4rrk1/5ppp/p1pb4/1p1n3q/3P2b1/1BP3P1/PP1N1PQP/R1B1R1K1,,,7,35,27,False,202309
202309061329371,35,e1f1,10.0,True,313.0,288.0,4rrk1/5ppp/p1pb4/1p1n3q/3P2b1/1BP3P1/PP1N1PQP/R1B1R1K1,,,7,35,27,False,202309
202309061346728,35,e1e4,44.0,True,95.0,111.0,4rrk1/5ppp/p1pb4/1p1n3q/3P2b1/1BP3P1/PP1N1PQP/R1B1R1K1,,,7,35,27,False,202309
202309061367708,35,d2e4,7.0,True,937.0,979.0,4rrk1/5ppp/p1pb4/1p1n3q/3P2b1/1BP3P1/PP1N1PQP/R1B1R1K1,,,7,35,27,False,202309
202309061843304,35,d2e4,23.0,True,148.0,192.0,4rrk1/5ppp/p1pb4/1p1n3q/3P2b1/1BP3P1/PP1N1PQP/R1B1R1K1,,,7,35,27,False,202309
202309061900681,35,e1e8,36.0,True,106.0,180.0,4rrk1/5ppp/p1pb4/1p1n3q/3P2b1/1BP3P1/PP1N1PQP/R1B1R1K1,,,7,35,27,False,202309
202309057250181,35,d2e4,2.0,True,132.0,152.0,4rrk1/5ppp/p1pb4/1p1n3q/3P2b1/1BP3P1/PP1N1PQP/R1B1R1K1,,,7,35,27,False,202309
202309057350299,35,e1e4,18.0,True,187.0,148.0,4rrk1/5ppp/p1pb4/1p1n3q/3P2b1/1BP3P1/PP1N1PQP/R1B1R1K1,,,7,35,27,False,202309
202309057834886,35,e1e8,9.0,True,568.0,564.0,4rrk1/5ppp/p1pb4/1p1n3q/3P2b1/1BP3P1/PP1N1PQP/R1B1R1K1,,,7,35,27,False,202309
202309057963659,35,e1e8,29.0,True,123.0,154.0,4rrk1/5ppp/p1pb4/1p1n3q/3P2b1/1BP3P1/PP1N1PQP/R1B1R1K1,,,7,35,27,False,202309
202309023143964,35,d2e4,16.0,True,152.0,200.0,4rrk1/5ppp/p1pb4/1p1n3q/3P2b1/1BP3P1/PP1N1PQP/R1B1R1K1,,,7,35,27,False,202309
202309023202066,35,e1e8,18.0,True,171.0,195.0,4rrk1/5ppp/p1pb4/1p1n3q/3P2b1/1BP3P1/PP1N1PQP/R1B1R1K1,,,7,35,27,False,202309
202309023449575,35,g2f1,22.0,True,166.0,184.0,4rrk1/5ppp/p1pb4/1p1n3q/3P2b1/1BP3P1/PP1N1PQP/R1B1R1K1,,,7,35,27,False,202309
202309023477870,35,e1e8,2.0,True,41.0,40.0,4rrk1/5ppp/p1pb4/1p1n3q/3P2b1/1BP3P1/PP1N1PQP/R1B1R1K1,,,7,35,27,False,202309
202309023683117,35,e1f1,32.0,True,238.0,237.0,4rrk1/5ppp/p1pb4/1p1n3q/3P2b1/1BP3P1/PP1N1PQP/R1B1R1K1,,,7,35,27,False,202309
202309085177668,35,g2f1,7.0,True,134.0,168.0,4rrk1/5ppp/p1pb4/1p1n3q/3P2b1/1BP3P1/PP1N1PQP/R1B1R1K1,,,7,35,27,False,202309
202309085581482,35,g2f1,9.0,True,530.0,587.0,4rrk1/5ppp/p1pb4/1p1n3q/3P2b1/1BP3P1/PP1N1PQP/R1B1R1K1,,,7,35,27,False,202309
202309085880293,35,e1e4,14.0,True,390.0,471.0,4rrk1/5ppp/p1pb4/1p1n3q/3P2b1/1BP3P1/PP1N1PQP/R1B1R1K1,,,7,35,27,False,202309
202309009207375,35,e1e8,8.0,True,234.0,249.0,4rrk1/5ppp/p1pb4/1p1n3q/3P2b1/1BP3P1/PP1N1PQP/R1B1R1K1,,,7,35,27,False,202309
202309009233380,35,g2f1,11.0,True,41.0,44.0,4rrk1/5ppp/p1pb4/1p1n3q/3P2b1/1BP3P1/PP1N1PQP/R1B1R1K1,,,7,35,27,False,202309
202309009495024,35,e1f1,36.0,True,119.0,191.0,4rrk1/5ppp/p1pb4/1p1n3q/3P2b1/1BP3P1/PP1N1PQP/R1B1R1K1,,,7,35,27,False,202309
202309009846029,35,e1e8,18.0,True,551.0,608.0,4rrk1/5ppp/p1pb4/1p1n3q/3P2b1/1BP3P1/PP1N1PQP/R1B1R1K1,,,7,35,27,False,202309
202309063195646,35,e1e8,2.0,True,176.0,203.0,4rrk1/5ppp/p1pb4/1p1n3q/3P2b1/1BP3P1/PP1N1PQP/R1B1R1K1,,,7,35,27,False,202309
202309063722798,35,e1e8,61.0,True,130.0,187.0,4rrk1/5ppp/p1pb4/1p1n3q/3P2b1/1BP3P1/PP1N1PQP/R1B1R1K1,,,7,35,27,False,202309
202309059331882,35,g1f1,58.0,True,170.0,172.0,4rrk1/5ppp/p1pb4/1p1n3q/3P2b1/1BP3P1/PP1N1PQP/R1B1R1K1,,,7,35,27,False,202309
202309074191850,35,e1f1,23.0,True,160.0,77.0,4rrk1/5ppp/p1pb4/1p1n3q/3P2b1/1BP3P1/PP1N1PQP/R1B1R1K1,,,7,35,27,False,202309
202309074279085,35,e1f1,3.0,True,179.0,197.0,4rrk1/5ppp/p1pb4/1p1n3q/3P2b1/1BP3P1/PP1N1PQP/R1B1R1K1,,,7,35,27,False,202309
202309074392800,35,e1e8,7.0,True,96.0,111.0,4rrk1/5ppp/p1pb4/1p1n3q/3P2b1/1BP3P1/PP1N1PQP/R1B1R1K1,,,7,35,27,False,202309
202309074402531,35,e1e8,2.0,True,182.0,181.0,4rrk1/5ppp/p1pb4/1p1n3q/3P2b1/1BP3P1/PP1N1PQP/R1B1R1K1,,,7,35,27,False,202309
202309074694780,35,e1e8,256.0,True,827.0,1011.0,4rrk1/5ppp/p1pb4/1p1n3q/3P2b1/1BP3P1/PP1N1PQP/R1B1R1K1,,,7,35,27,False,202309
202309040051532,35,e1f1,5.0,True,153.0,189.0,4rrk1/5ppp/p1pb4/1p1n3q/3P2b1/1BP3P1/PP1N1PQP/R1B1R1K1,,,7,35,27,False,202309
202309040270682,35,d2e4,26.0,True,224.0,231.0,4rrk1/5ppp/p1pb4/1p1n3q/3P2b1/1BP3P1/PP1N1PQP/R1B1R1K1,,,7,35,27,False,202309
202309040682049,35,e1e8,39.0,True,597.0,567.0,4rrk1/5ppp/p1pb4/1p1n3q/3P2b1/1BP3P1/PP1N1PQP/R1B1R1K1,,,7,35,27,False,202309
202309021272457,35,e1f1,143.0,True,441.0,553.0,4rrk1/5ppp/p1pb4/1p1n3q/3P2b1/1BP3P1/PP1N1PQP/R1B1R1K1,,,7,35,27,False,202309
202309021942506,35,e1e8,49.0,True,497.0,519.0,4rrk1/5ppp/p1pb4/1p1n3q/3P2b1/1BP3P1/PP1N1PQP/R1B1R1K1,,,7,35,27,False,202309
202309062921060,35,e1e8,15.0,True,472.0,582.0,4rrk1/5ppp/p1pb4/1p1n3q/3P2b1/1BP3P1/PP1N1PQP/R1B1R1K1,,,7,35,27,False,202309
202309022060825,35,g2f1,25.0,True,140.0,162.0,4rrk1/5ppp/p1pb4/1p1n3q/3P2b1/1BP3P1/PP1N1PQP/R1B1R1K1,,,7,35,27,False,202309
202309022313869,35,e1f1,5.0,True,138.0,159.0,4rrk1/5ppp/p1pb4/1p1n3q/3P2b1/1BP3P1/PP1N1PQP/R1B1R1K1,,,7,35,27,False,202309
202309022383826,35,d2e4,6.0,True,93.0,127.0,4rrk1/5ppp/p1pb4/1p1n3q/3P2b1/1BP3P1/PP1N1PQP/R1B1R1K1,,,7,35,27,False,202309
202309022727002,35,e1e8,17.0,True,156.0,155.0,4rrk1/5ppp/p1pb4/1p1n3q/3P2b1/1BP3P1/PP1N1PQP/R1B1R1K1,,,7,35,27,False,202309
202309042057538,35,e1e8,27.0,True,137.0,170.0,4rrk1/5ppp/p1pb4/1p1n3q/3P2b1/1BP3P1/PP1N1PQP/R1B1R1K1,,,7,35,27,False,202309
202309042799882,35,e1e8,28.0,True,255.0,246.0,4rrk1/5ppp/p1pb4/1p1n3q/3P2b1/1BP3P1/PP1N1PQP/R1B1R1K1,,,7,35,27,False,202309
202309038532171,35,b3d5,5.0,True,90.0,107.0,4rrk1/5ppp/p1pb4/1p1n3q/3P2b1/1BP3P1/PP1N1PQP/R1B1R1K1,,,7,35,27,False,202309
202309038658973,35,e1e8,5.0,True,185.0,193.0,4rrk1/5ppp/p1pb4/1p1n3q/3P2b1/1BP3P1/PP1N1PQP/R1B1R1K1,,,7,35,27,False,202309
202309039136205,35,e1e8,14.0,True,174.0,195.0,4rrk1/5ppp/p1pb4/1p1n3q/3P2b1/1BP3P1/PP1N1PQP/R1B1R1K1,,,7,35,27,False,202309
202309039585309,35,e1e8,22.0,True,381.0,584.0,4rrk1/5ppp/p1pb4/1p1n3q/3P2b1/1BP3P1/PP1N1PQP/R1B1R1K1,,,7,35,27,False,202309
202309039988403,35,e1f1,36.0,True,253.0,274.0,4rrk1/5ppp/p1pb4/1p1n3q/3P2b1/1BP3P1/PP1N1PQP/R1B1R1K1,,,7,35,27,False,202309
202309084219536,35,e1e8,2.0,True,101.0,167.0,4rrk1/5ppp/p1pb4/1p1n3q/3P2b1/1BP3P1/PP1N1PQP/R1B1R1K1,,,7,35,27,False,202309
202309084732606,35,e1e8,10.0,True,136.0,157.0,4rrk1/5ppp/p1pb4/1p1n3q/3P2b1/1BP3P1/PP1N1PQP/R1B1R1K1,,,7,35,27,False,202309
202309080317949,35,e1e4,28.0,True,421.0,581.0,4rrk1/5ppp/p1pb4/1p1n3q/3P2b1/1BP3P1/PP1N1PQP/R1B1R1K1,,,7,35,27,False,202309
202309080585596,35,e1f1,10.0,True,138.0,165.0,4rrk1/5ppp/p1pb4/1p1n3q/3P2b1/1BP3P1/PP1N1PQP/R1B1R1K1,,,7,35,27,False,202309
202309080939306,35,e1e4,53.0,True,79.0,93.0,4rrk1/5ppp/p1pb4/1p1n3q/3P2b1/1BP3P1/PP1N1PQP/R1B1R1K1,,,7,35,27,False,202309
202309069103337,35,e1e8,17.0,True,106.0,169.0,4rrk1/5ppp/p1pb4/1p1n3q/3P2b1/1BP3P1/PP1N1PQP/R1B1R1K1,,,7,35,27,False,202309
202309069440210,35,e1e8,88.0,True,410.0,555.0,4rrk1/5ppp/p1pb4/1p1n3q/3P2b1/1BP3P1/PP1N1PQP/R1B1R1K1,,,7,35,27,False,202309
202309069482057,35,e1e8,58.0,True,237.0,312.0,4rrk1/5ppp/p1pb4/1p1n3q/3P2b1/1BP3P1/PP1N1PQP/R1B1R1K1,,,7,35,27,False,202309
202309069514209,35,e1e8,0.0,True,52.0,71.0,4rrk1/5ppp/p1pb4/1p1n3q/3P2b1/1BP3P1/PP1N1PQP/R1B1R1K1,,,7,35,27,False,202309
202309069746800,35,e1e8,40.0,True,434.0,271.0,4rrk1/5ppp/p1pb4/1p1n3q/3P2b1/1BP3P1/PP1N1PQP/R1B1R1K1,,,7,35,27,False,202309
202309082015722,35,e1e8,2.0,True,235.0,273.0,4rrk1/5ppp/p1pb4/1p1n3q/3P2b1/1BP3P1/PP1N1PQP/R1B1R1K1,,,7,35,27,False,202309
202309082323502,35,e1e8,7.0,True,94.0,160.0,4rrk1/5ppp/p1pb4/1p1n3q/3P2b1/1BP3P1/PP1N1PQP/R1B1R1K1,,,7,35,27,False,202309
202309082333980,35,e1f1,17.0,True,168.0,163.0,4rrk1/5ppp/p1pb4/1p1n3q/3P2b1/1BP3P1/PP1N1PQP/R1B1R1K1,,,7,35,27,False,202309
202309003010290,35,e1e8,35.0,True,541.0,574.0,4rrk1/5ppp/p1pb4/1p1n3q/3P2b1/1BP3P1/PP1N1PQP/R1B1R1K1,,,7,35,27,False,202309
202309003270853,35,e1e8,2.0,True,111.0,108.0,4rrk1/5ppp/p1pb4/1p1n3q/3P2b1/1BP3P1/PP1N1PQP/R1B1R1K1,,,7,35,27,False,202309
202309003931599,35,d2e4,18.0,True,260.0,307.0,4rrk1/5ppp/p1pb4/1p1n3q/3P2b1/1BP3P1/PP1N1PQP/R1B1R1K1,,,7,35,27,False,202309
202309055056883,35,d2e4,12.0,True,176.0,195.0,4rrk1/5ppp/p1pb4/1p1n3q/3P2b1/1BP3P1/PP1N1PQP/R1B1R1K1,,,7,35,27,False,202309
202309055072409,35,d2e4,4.0,True,37.0,45.0,4rrk1/5ppp/p1pb4/1p1n3q/3P2b1/1BP3P1/PP1N1PQP/R1B1R1K1,,,7,35,27,False,202309
202309055681930,35,e1f1,30.0,True,189.0,193.0,4rrk1/5ppp/p1pb4/1p1n3q/3P2b1/1BP3P1/PP1N1PQP/R1B1R1K1,,,7,35,27,False,202309
202309055946615,35,e1e8,66.0,True,494.0,535.0,4rrk1/5ppp/p1pb4/1p1n3q/3P2b1/1BP3P1/PP1N1PQP/R1B1R1K1,,,7,35,27,False,202309
202309020087621,35,e1f1,2.0,True,60.0,165.0,4rrk1/5ppp/p1pb4/1p1n3q/3P2b1/1BP3P1/PP1N1PQP/R1B1R1K1,,,7,35,27,False,202309
202309020206316,35,e1f1,15.0,True,170.0,189.0,4rrk1/5ppp/p1pb4/1p1n3q/3P2b1/1BP3P1/PP1N1PQP/R1B1R1K1,,,7,35,27,False,202309
202309020256789,35,e1e8,42.0,True,258.0,262.0,4rrk1/5ppp/p1pb4/1p1n3q/3P2b1/1BP3P1/PP1N1PQP/R1B1R1K1,,,7,35,27,False,202309
202309020704912,35,b3d5,30.0,True,172.0,197.0,4rrk1/5ppp/p1pb4/1p1n3q/3P2b1/1BP3P1/PP1N1PQP/R1B1R1K1,,,7,35,27,False,202309
202309020889642,35,e1e8,4.0,True,129.0,169.0,4rrk1/5ppp/p1pb4/1p1n3q/3P2b1/1BP3P1/PP1N1PQP/R1B1R1K1,,,7,35,27,False,202309
202309004504911,35,e1f1,50.0,True,130.0,194.0,4rrk1/5ppp/p1pb4/1p1n3q/3P2b1/1BP3P1/PP1N1PQP/R1B1R1K1,,,7,35,27,False,202309
202309004692476,35,d2f1,2.0,True,76.0,111.0,4rrk1/5ppp/p1pb4/1p1n3q/3P2b1/1BP3P1/PP1N1PQP/R1B1R1K1,,,7,35,27,False,202309
202309004708360,35,d2e4,12.0,True,98.0,121.0,4rrk1/5ppp/p1pb4/1p1n3q/3P2b1/1BP3P1/PP1N1PQP/R1B1R1K1,,,7,35,27,False,202309
202309004821417,35,e1e8,24.0,True,178.0,202.0,4rrk1/5ppp/p1pb4/1p1n3q/3P2b1/1BP3P1/PP1N1PQP/R1B1R1K1,,,7,35,27,False,202309
202309031199149,35,d2e4,8.0,True,78.0,109.0,4rrk1/5ppp/p1pb4/1p1n3q/3P2b1/1BP3P1/PP1N1PQP/R1B1R1K1,,,7,35,27,False,202309
202309031293817,35,e1f1,23.0,True,132.0,195.0,4rrk1/5ppp/p1pb4/1p1n3q/3P2b1/1BP3P1/PP1N1PQP/R1B1R1K1,,,7,35,27,False,202309
202309031444679,35,e1e8,4.0,True,486.0,511.0,4rrk1/5ppp/p1pb4/1p1n3q/3P2b1/1BP3P1/PP1N1PQP/R1B1R1K1,,,5,35,27,False,202309
202309031801190,35,d2e4,2.0,True,73.0,88.0,4rrk1/5ppp/p1pb4/1p1n3q/3P2b1/1BP3P1/PP1N1PQP/R1B1R1K1,,,7,35,27,False,202309
202309060162855,35,e1e4,10.0,True,150.0,158.0,4rrk1/5ppp/p1pb4/1p1n3q/3P2b1/1BP3P1/PP1N1PQP/R1B1R1K1,,,7,35,27,False,202309
202309060613384,35,g2f1,33.0,True,865.0,919.0,4rrk1/5ppp/p1pb4/1p1n3q/3P2b1/1BP3P1/PP1N1PQP/R1B1R1K1,,,7,35,27,False,202309
202309056435749,35,e1e8,9.0,True,127.0,152.0,4rrk1/5ppp/p1pb4/1p1n3q/3P2b1/1BP3P1/PP1N1PQP/R1B1R1K1,,,7,35,27,False,202309
202309056480491,35,e1e8,2.0,True,294.0,246.0,4rrk1/5ppp/p1pb4/1p1n3q/3P2b1/1BP3P1/PP1N1PQP/R1B1R1K1,,,7,35,27,False,202309
202309056765448,35,e1e8,27.0,True,141.0,152.0,4rrk1/5ppp/p1pb4/1p1n3q/3P2b1/1BP3P1/PP1N1PQP/R1B1R1K1,,,7,35,27,False,202309
202309058160690,35,e1e8,28.0,True,181.0,196.0,4rrk1/5ppp/p1pb4/1p1n3q/3P2b1/1BP3P1/PP1N1PQP/R1B1R1K1,,,7,35,27,False,202309
202309068111199,35,d2e4,6.0,True,39.0,46.0,4rrk1/5ppp/p1pb4/1p1n3q/3P2b1/1BP3P1/PP1N1PQP/R1B1R1K1,,,7,35,27,False,202309
202309068501523,35,g1f1,10.0,True,93.0,106.0,4rrk1/5ppp/p1pb4/1p1n3q/3P2b1/1BP3P1/PP1N1PQP/R1B1R1K1,,,7,35,27,False,202309
202309012102917,35,e1e8,47.0,True,494.0,570.0,4rrk1/5ppp/p1pb4/1p1n3q/3P2b1/1BP3P1/PP1N1PQP/R1B1R1K1,,,7,35,27,False,202309
202309012198507,35,g1f1,13.0,True,67.0,165.0,4rrk1/5ppp/p1pb4/1p1n3q/3P2b1/1BP3P1/PP1N1PQP/R1B1R1K1,,,7,35,27,False,202309
202309012234108,35,e1e8,75.0,True,497.0,651.0,4rrk1/5ppp/p1pb4/1p1n3q/3P2b1/1BP3P1/PP1N1PQP/R1B1R1K1,,,7,35,27,False,202309
202309012513739,35,e1e8,4.0,True,270.0,263.0,4rrk1/5ppp/p1pb4/1p1n3q/3P2b1/1BP3P1/PP1N1PQP/R1B1R1K1,,,7,35,27,False,202309
202309012654981,35,e1e8,6.0,True,67.0,164.0,4rrk1/5ppp/p1pb4/1p1n3q/3P2b1/1BP3P1/PP1N1PQP/R1B1R1K1,,,7,35,27,False,202309
202309078239908,35,e1e8,24.0,True,90.0,191.0,4rrk1/5ppp/p1pb4/1p1n3q/3P2b1/1BP3P1/PP1N1PQP/R1B1R1K1,,,7,35,27,False,202309
202309027421804,35,e1e8,4.0,True,93.0,110.0,4rrk1/5ppp/p1pb4/1p1n3q/3P2b1/1BP3P1/PP1N1PQP/R1B1R1K1,,,7,35,27,False,202309
202309027714573,35,e1e8,12.0,True,110.0,124.0,4rrk1/5ppp/p1pb4/1p1n3q/3P2b1/1BP3P1/PP1N1PQP/R1B1R1K1,,,7,35,27,False,202309
202309043214645,35,e1e8,36.0,True,227.0,248.0,4rrk1/5ppp/p1pb4/1p1n3q/3P2b1/1BP3P1/PP1N1PQP/R1B1R1K1,,,7,35,27,False,202309
202309043218840,35,e1f1,,True,,,4rrk1/5ppp/p1pb4/1p1n3q/3P2b1/1BP3P1/PP1N1PQP/R1B1R1K1,,,7,35,27,False,202309
202309043821818,35,e1e8,23.0,True,181.0,196.0,4rrk1/5ppp/p1pb4/1p1n3q/3P2b1/1BP3P1/PP1N1PQP/R1B1R1K1,,,7,35,27,False,202309
202309043898523,35,e1e8,29.0,True,264.0,291.0,4rrk1/5ppp/p1pb4/1p1n3q/3P2b1/1BP3P1/PP1N1PQP/R1B1R1K1,,,7,35,27,False,202309
202309050108420,35,e1e4,74.0,True,1674.0,1559.0,4rrk1/5ppp/p1pb4/1p1n3q/3P2b1/1BP3P1/PP1N1PQP/R1B1R1K1,,,7,35,27,False,202309
202309050257331,35,e1e8,34.0,True,120.0,136.0,4rrk1/5ppp/p1pb4/1p1n3q/3P2b1/1BP3P1/PP1N1PQP/R1B1R1K1,,,7,35,27,False,202309
202309050633906,35,e1e8,20.0,True,143.0,192.0,4rrk1/5ppp/p1pb4/1p1n3q/3P2b1/1BP3P1/PP1N1PQP/R1B1R1K1,,,7,35,27,False,202309
202309050773803,35,e1f1,2.0,True,151.0,126.0,4rrk1/5ppp/p1pb4/1p1n3q/3P2b1/1BP3P1/PP1N1PQP/R1B1R1K1,,,7,35,27,False,202309
202309088032932,35,e1e3,71.0,True,179.0,192.0,4rrk1/5ppp/p1pb4/1p1n3q/3P2b1/1BP3P1/PP1N1PQP/R1B1R1K1,,,7,35,27,False,202309
202309088252468,35,e1f1,17.0,True,42.0,37.0,4rrk1/5ppp/p1pb4/1p1n3q/3P2b1/1BP3P1/PP1N1PQP/R1B1R1K1,,,7,35,27,False,202309
202309088370682,35,b3d5,32.0,True,114.0,146.0,4rrk1/5ppp/p1pb4/1p1n3q/3P2b1/1BP3P1/PP1N1PQP/R1B1R1K1,,,7,35,27,False,202309
202309088417812,35,e1e8,9.0,True,558.0,571.0,4rrk1/5ppp/p1pb4/1p1n3q/3P2b1/1BP3P1/PP1N1PQP/R1B1R1K1,,,7,35,27,False,202309
202309088708056,35,e1e8,17.0,True,268.0,259.0,4rrk1/5ppp/p1pb4/1p1n3q/3P2b1/1BP3P1/PP1N1PQP/R1B1R1K1,,,7,35,27,False,202309
202309028069465,35,g2f1,25.0,True,157.0,136.0,4rrk1/5ppp/p1pb4/1p1n3q/3P2b1/1BP3P1/PP1N1PQP/R1B1R1K1,,,7,35,27,False,202309
202309028788582,35,e1e4,71.0,True,653.0,703.0,4rrk1/5ppp/p1pb4/1p1n3q/3P2b1/1BP3P1/PP1N1PQP/R1B1R1K1,,,7,35,27,False,202309
202309071331494,35,e1e8,50.0,True,91.0,188.0,4rrk1/5ppp/p1pb4/1p1n3q/3P2b1/1BP3P1/PP1N1PQP/R1B1R1K1,,,7,35,27,False,202309
202309071572251,35,e1e8,18.0,True,160.0,198.0,4rrk1/5ppp/p1pb4/1p1n3q/3P2b1/1BP3P1/PP1N1PQP/R1B1R1K1,,,7,35,27,False,202309
202309071662436,35,e1e4,77.0,True,553.0,561.0,4rrk1/5ppp/p1pb4/1p1n3q/3P2b1/1BP3P1/PP1N1PQP/R1B1R1K1,,,7,35,27,False,202309
202309076114831,35,e1f1,9.0,True,263.0,288.0,4rrk1/5ppp/p1pb4/1p1n3q/3P2b1/1BP3P1/PP1N1PQP/R1B1R1K1,,,7,35,27,False,202309
202309076216824,35,e1e8,66.0,True,282.0,249.0,4rrk1/5ppp/p1pb4/1p1n3q/3P2b1/1BP3P1/PP1N1PQP/R1B1R1K1,,,7,35,27,False,202309
202309076731007,35,e1e8,6.0,True,263.0,280.0,4rrk1/5ppp/p1pb4/1p1n3q/3P2b1/1BP3P1/PP1N1PQP/R1B1R1K1,,,7,35,27,False,202309
202309017047380,35,g2f1,7.0,True,151.0,168.0,4rrk1/5ppp/p1pb4/1p1n3q/3P2b1/1BP3P1/PP1N1PQP/R1B1R1K1,,,7,35,27,False,202309
202309017422716,35,g2f1,28.0,True,139.0,145.0,4rrk1/5ppp/p1pb4/1p1n3q/3P2b1/1BP3P1/PP1N1PQP/R1B1R1K1,,,7,35,27,False,202309
202309017677474,35,e1e4,43.0,True,176.0,179.0,4rrk1/5ppp/p1pb4/1p1n3q/3P2b1/1BP3P1/PP1N1PQP/R1B1R1K1,,,7,35,27,False,202309
202309017862224,35,e1f1,14.0,True,274.0,284.0,4rrk1/5ppp/p1pb4/1p1n3q/3P2b1/1BP3P1/PP1N1PQP/R1B1R1K1,,,7,35,27,False,202309
202309053103173,35,g1f1,39.0,True,142.0,170.0,4rrk1/5ppp/p1pb4/1p1n3q/3P2b1/1BP3P1/PP1N1PQP/R1B1R1K1,,,7,35,27,False,202309
202309053519350,35,e1e8,2.0,True,141.0,153.0,4rrk1/5ppp/p1pb4/1p1n3q/3P2b1/1BP3P1/PP1N1PQP/R1B1R1K1,,,7,35,27,False,202309
202309053813855,35,e1e8,5.0,True,204.0,233.0,4rrk1/5ppp/p1pb4/1p1n3q/3P2b1/1BP3P1/PP1N1PQP/R1B1R1K1,,,7,35,27,False,202309
202309053866986,35,d2e4,31.0,True,87.0,123.0,4rrk1/5ppp/p1pb4/1p1n3q/3P2b1/1BP3P1/PP1N1PQP/R1B1R1K1,,,7,35,27,False,202309
202309053884824,35,e1f1,44.0,True,130.0,158.0,4rrk1/5ppp/p1pb4/1p1n3q/3P2b1/1BP3P1/PP1N1PQP/R1B1R1K1,,,7,35,27,False,202309
202309053885818,35,e1e8,7.0,True,257.0,276.0,4rrk1/5ppp/p1pb4/1p1n3q/3P2b1/1BP3P1/PP1N1PQP/R1B1R1K1,,,7,35,27,False,202309
202309047695433,35,e1f1,67.0,True,120.0,159.0,4rrk1/5ppp/p1pb4/1p1n3q/3P2b1/1BP3P1/PP1N1PQP/R1B1R1K1,,,7,35,27,False,202309
202309047821728,35,d2e4,6.0,True,84.0,124.0,4rrk1/5ppp/p1pb4/1p1n3q/3P2b1/1BP3P1/PP1N1PQP/R1B1R1K1,,,7,35,27,False,202309
202309047880670,35,e1e8,100.0,True,470.0,518.0,4rrk1/5ppp/p1pb4/1p1n3q/3P2b1/1BP3P1/PP1N1PQP/R1B1R1K1,,,7,35,27,False,202309
202309047889767,35,e1f1,24.0,True,162.0,150.0,4rrk1/5ppp/p1pb4/1p1n3q/3P2b1/1BP3P1/PP1N1PQP/R1B1R1K1,,,7,35,27,False,202309
202309010334825,35,e1e8,24.0,True,237.0,276.0,4rrk1/5ppp/p1pb4/1p1n3q/3P2b1/1BP3P1/PP1N1PQP/R1B1R1K1,,,7,35,27,False,202309
202309010366164,35,e1f1,85.0,True,413.0,568.0,4rrk1/5ppp/p1pb4/1p1n3q/3P2b1/1BP3P1/PP1N1PQP/R1B1R1K1,,,7,35,27,False,202309
202309010650507,35,e1f1,9.0,True,163.0,151.0,4rrk1/5ppp/p1pb4/1p1n3q/3P2b1/1BP3P1/PP1N1PQP/R1B1R1K1,,,7,35,27,False,202309
202309010654522,35,d2e4,5.0,True,110.0,115.0,4rrk1/5ppp/p1pb4/1p1n3q/3P2b1/1BP3P1/PP1N1PQP/R1B1R1K1,,,7,35,27,False,202309
202309010794539,35,e1e8,18.0,True,542.0,638.0,4rrk1/5ppp/p1pb4/1p1n3q/3P2b1/1BP3P1/PP1N1PQP/R1B1R1K1,,,7,35,27,False,202309
202309010841261,35,e1e8,18.0,True,163.0,170.0,4rrk1/5ppp/p1pb4/1p1n3q/3P2b1/1BP3P1/PP1N1PQP/R1B1R1K1,,,7,35,27,False,202309
202309089049714,35,e1e4,28.0,True,121.0,122.0,4rrk1/5ppp/p1pb4/1p1n3q/3P2b1/1BP3P1/PP1N1PQP/R1B1R1K1,,,7,35,27,False,202309
202309089341964,35,e1e8,10.0,True,305.0,328.0,4rrk1/5ppp/p1pb4/1p1n3q/3P2b1/1BP3P1/PP1N1PQP/R1B1R1K1,,,7,35,27,False,202309
202309089439020,35,e1e8,34.0,True,182.0,197.0,4rrk1/5ppp/p1pb4/1p1n3q/3P2b1/1BP3P1/PP1N1PQP/R1B1R1K1,,,7,35,27,False,202309
202309089771772,35,e1e8,27.0,True,240.0,305.0,4rrk1/5ppp/p1pb4/1p1n3q/3P2b1/1BP3P1/PP1N1PQP/R1B1R1K1,,,7,35,27,False,202309
202309089779825,35,e1f1,292.0,True,2307.0,2446.0,4rrk1/5ppp/p1pb4/1p1n3q/3P2b1/1BP3P1/PP1N1PQP/R1B1R1K1,,,7,35,27,False,202309
202309089922223,35,d2e4,2.0,True,47.0,50.0,4rrk1/5ppp/p1pb4/1p1n3q/3P2b1/1BP3P1/PP1N1PQP/R1B1R1K1,,,7,35,27,False,202309
202309075484745,35,e1e8,,True,,,4rrk1/5ppp/p1pb4/1p1n3q/3P2b1/1BP3P1/PP1N1PQP/R1B1R1K1,,,7,35,27,False,202309
202309075540095,35,e1e8,2.0,True,38.0,50.0,4rrk1/5ppp/p1pb4/1p1n3q/3P2b1/1BP3P1/PP1N1PQP/R1B1R1K1,,,7,35,27,False,202309
202309033586516,35,e1f1,33.0,True,352.0,518.0,4rrk1/5ppp/p1pb4/1p1n3q/3P2b1/1BP3P1/PP1N1PQP/R1B1R1K1,,,7,35,27,False,202309
202309033984393,35,e1f1,5.0,True,153.0,169.0,4rrk1/5ppp/p1pb4/1p1n3q/3P2b1/1BP3P1/PP1N1PQP/R1B1R1K1,,,7,35,27,False,202309
202309086220969,35,e1e4,4.0,True,48.0,52.0,4rrk1/5ppp/p1pb4/1p1n3q/3P2b1/1BP3P1/PP1N1PQP/R1B1R1K1,,,7,35,27,False,202309
202309086722007,35,d2e4,79.0,True,441.0,544.0,4rrk1/5ppp/p1pb4/1p1n3q/3P2b1/1BP3P1/PP1N1PQP/R1B1R1K1,,,7,35,27,False,202309
202309086747183,35,e1e8,17.0,True,85.0,91.0,4rrk1/5ppp/p1pb4/1p1n3q/3P2b1/1BP3P1/PP1N1PQP/R1B1R1K1,,,7,35,27,False,202309
202309086976934,35,e1e4,46.0,True,150.0,150.0,4rrk1/5ppp/p1pb4/1p1n3q/3P2b1/1BP3P1/PP1N1PQP/R1B1R1K1,,,7,35,27,False,202309
202309034095347,35,d2e4,14.0,True,236.0,270.0,4rrk1/5ppp/p1pb4/1p1n3q/3P2b1/1BP3P1/PP1N1PQP/R1B1R1K1,,,7,35,27,False,202309
202309092073668,39,d2e4,8.0,True,158.0,198.0,4rrk1/5ppp/p1pb4/1p1n3q/3P2b1/1BP3P1/PP1N1PQP/R1B1R1K1,,,11,35,27,False,202309
202309092096884,35,e1e8,2.0,True,70.0,101.0,4rrk1/5ppp/p1pb4/1p1n3q/3P2b1/1BP3P1/PP1N1PQP/R1B1R1K1,,,7,35,27,False,202309
202309092119182,35,e1e8,15.0,True,536.0,520.0,4rrk1/5ppp/p1pb4/1p1n3q/3P2b1/1BP3P1/PP1N1PQP/R1B1R1K1,,,7,35,27,False,202309
202309092353878,35,e1e4,16.0,True,313.0,305.0,4rrk1/5ppp/p1pb4/1p1n3q/3P2b1/1BP3P1/PP1N1PQP/R1B1R1K1,,,7,35,27,False,202309
202309092432621,35,e1f1,3.0,True,165.0,162.0,4rrk1/5ppp/p1pb4/1p1n3q/3P2b1/1BP3P1/PP1N1PQP/R1B1R1K1,,,7,35,27,False,202309
202309092470906,35,e1e8,14.0,True,230.0,278.0,4rrk1/5ppp/p1pb4/1p1n3q/3P2b1/1BP3P1/PP1N1PQP/R1B1R1K1,,,7,35,27,False,202309
202309092713501,35,e1e8,27.0,True,249.0,285.0,4rrk1/5ppp/p1pb4/1p1n3q/3P2b1/1BP3P1/PP1N1PQP/R1B1R1K1,,,7,35,27,False,202309
202309044382618,35,f2f3,2.0,True,94.0,119.0,4rrk1/5ppp/p1pb4/1p1n3q/3P2b1/1BP3P1/PP1N1PQP/R1B1R1K1,,,7,35,27,False,202309
202309044384406,35,e1e4,65.0,True,157.0,195.0,4rrk1/5ppp/p1pb4/1p1n3q/3P2b1/1BP3P1/PP1N1PQP/R1B1R1K1,,,7,35,27,False,202309
202309044453206,35,d2e4,6.0,True,161.0,190.0,4rrk1/5ppp/p1pb4/1p1n3q/3P2b1/1BP3P1/PP1N1PQP/R1B1R1K1,,,7,35,27,False,202309
202309044810057,35,e1f1,11.0,True,138.0,168.0,4rrk1/5ppp/p1pb4/1p1n3q/3P2b1/1BP3P1/PP1N1PQP/R1B1R1K1,,,7,35,27,False,202309
202309018041786,35,e1e8,15.0,True,244.0,273.0,4rrk1/5ppp/p1pb4/1p1n3q/3P2b1/1BP3P1/PP1N1PQP/R1B1R1K1,,,7,35,27,False,202309
202309054024613,35,e1e8,23.0,True,517.0,578.0,4rrk1/5ppp/p1pb4/1p1n3q/3P2b1/1BP3P1/PP1N1PQP/R1B1R1K1,,,7,35,27,False,202309
202309054656405,35,e1f1,3.0,True,40.0,48.0,4rrk1/5ppp/p1pb4/1p1n3q/3P2b1/1BP3P1/PP1N1PQP/R1B1R1K1,,,7,35,27,False,202309
202309054856388,35,e1e8,6.0,True,143.0,190.0,4rrk1/5ppp/p1pb4/1p1n3q/3P2b1/1BP3P1/PP1N1PQP/R1B1R1K1,,,7,35,27,False,202309
202309016286162,35,g1f1,56.0,True,535.0,541.0,4rrk1/5ppp/p1pb4/1p1n3q/3P2b1/1BP3P1/PP1N1PQP/R1B1R1K1,,,7,35,27,False,202309
202309016291175,35,d2e4,6.0,True,243.0,274.0,4rrk1/5ppp/p1pb4/1p1n3q/3P2b1/1BP3P1/PP1N1PQP/R1B1R1K1,,,7,35,27,False,202309
202309016419184,35,e1e8,21.0,True,128.0,160.0,4rrk1/5ppp/p1pb4/1p1n3q/3P2b1/1BP3P1/PP1N1PQP/R1B1R1K1,,,7,35,27,False,202309
202309016845196,35,g2f1,40.0,True,228.0,264.0,4rrk1/5ppp/p1pb4/1p1n3q/3P2b1/1BP3P1/PP1N1PQP/R1B1R1K1,,,7,35,27,False,202309
202309016963225,35,d2e4,11.0,True,158.0,165.0,4rrk1/5ppp/p1pb4/1p1n3q/3P2b1/1BP3P1/PP1N1PQP/R1B1R1K1,,,7,35,27,False,202309
202309072324651,35,g2f1,20.0,True,102.0,86.0,4rrk1/5ppp/p1pb4/1p1n3q/3P2b1/1BP3P1/PP1N1PQP/R1B1R1K1,,,7,35,27,False,202309
202309072997033,35,e1f1,55.0,True,148.0,153.0,4rrk1/5ppp/p1pb4/1p1n3q/3P2b1/1BP3P1/PP1N1PQP/R1B1R1K1,,,7,35,27,False,202309
202309083746503,35,d2e4,6.0,True,174.0,195.0,4rrk1/5ppp/p1pb4/1p1n3q/3P2b1/1BP3P1/PP1N1PQP/R1B1R1K1,,,7,35,27,False,202309
202309083790658,35,d2e4,1.0,True,39.0,49.0,4rrk1/5ppp/p1pb4/1p1n3q/3P2b1/1BP3P1/PP1N1PQP/R1B1R1K1,,,7,35,27,False,202309
202309083804448,35,e1e8,91.0,True,495.0,555.0,4rrk1/5ppp/p1pb4/1p1n3q/3P2b1/1BP3P1/PP1N1PQP/R1B1R1K1,,,7,35,27,False,202309
202309030962477,35,e1f1,7.0,True,93.0,144.0,4rrk1/5ppp/p1pb4/1p1n3q/3P2b1/1BP3P1/PP1N1PQP/R1B1R1K1,,,7,35,27,False,202309
202309019051062,35,e1f1,48.0,True,139.0,174.0,4rrk1/5ppp/p1pb4/1p1n3q/3P2b1/1BP3P1/PP1N1PQP/R1B1R1K1,,,7,35,27,False,202309
202309019096061,35,d2e4,16.0,True,103.0,109.0,4rrk1/5ppp/p1pb4/1p1n3q/3P2b1/1BP3P1/PP1N1PQP/R1B1R1K1,,,7,35,27,False,202309
202309019254555,35,e1e8,188.0,True,471.0,340.0,4rrk1/5ppp/p1pb4/1p1n3q/3P2b1/1BP3P1/PP1N1PQP/R1B1R1K1,,,7,35,27,False,202309
202309019472105,35,e1f1,36.0,True,594.0,630.0,4rrk1/5ppp/p1pb4/1p1n3q/3P2b1/1BP3P1/PP1N1PQP/R1B1R1K1,,,7,35,27,False,202309
202309073886198,35,e1e8,4.0,True,152.0,159.0,4rrk1/5ppp/p1pb4/1p1n3q/3P2b1/1BP3P1/PP1N1PQP/R1B1R1K1,,,7,35,27,False,202309
202309067048205,35,e1e8,45.0,True,292.0,235.0,4rrk1/5ppp/p1pb4/1p1n3q/3P2b1/1BP3P1/PP1N1PQP/R1B1R1K1,,,7,35,27,False,202309
202309067325158,35,e1e8,2.0,True,153.0,164.0,4rrk1/5ppp/p1pb4/1p1n3q/3P2b1/1BP3P1/PP1N1PQP/R1B1R1K1,,,7,35,27,False,202309
202309067814515,35,e1e8,47.0,True,141.0,177.0,4rrk1/5ppp/p1pb4/1p1n3q/3P2b1/1BP3P1/PP1N1PQP/R1B1R1K1,,,7,35,27,False,202309
202309026566565,35,e1e8,3.0,True,131.0,150.0,4rrk1/5ppp/p1pb4/1p1n3q/3P2b1/1BP3P1/PP1N1PQP/R1B1R1K1,,,7,35,27,False,202309
202309079071543,35,e1e8,32.0,True,99.0,118.0,4rrk1/5ppp/p1pb4/1p1n3q/3P2b1/1BP3P1/PP1N1PQP/R1B1R1K1,,,7,35,27,False,202309
202309079184097,35,e1e8,13.0,True,140.0,166.0,4rrk1/5ppp/p1pb4/1p1n3q/3P2b1/1BP3P1/PP1N1PQP/R1B1R1K1,,,7,35,27,False,202309
202309079222162,35,e1e8,19.0,True,146.0,162.0,4rrk1/5ppp/p1pb4/1p1n3q/3P2b1/1BP3P1/PP1N1PQP/R1B1R1K1,,,7,35,27,False,202309
202309079260139,35,e1e8,21.0,True,90.0,179.0,4rrk1/5ppp/p1pb4/1p1n3q/3P2b1/1BP3P1/PP1N1PQP/R1B1R1K1,,,7,35,27,False,202309
202309079495712,35,e1f1,12.0,True,165.0,193.0,4rrk1/5ppp/p1pb4/1p1n3q/3P2b1/1BP3P1/PP1N1PQP/R1B1R1K1,,,7,35,27,False,202309
202309002010970,35,e1f1,59.0,True,225.0,279.0,4rrk1/5ppp/p1pb4/1p1n3q/3P2b1/1BP3P1/PP1N1PQP/R1B1R1K1,,,7,35,27,False,202309
202309002207678,35,e1e8,3.0,True,143.0,154.0,4rrk1/5ppp/p1pb4/1p1n3q/3P2b1/1BP3P1/PP1N1PQP/R1B1R1K1,,,7,35,27,False,202309
202309002286289,35,e1e4,31.0,True,281.0,311.0,4rrk1/5ppp/p1pb4/1p1n3q/3P2b1/1BP3P1/PP1N1PQP/R1B1R1K1,,,7,35,27,False,202309
202309002409983,35,e1f1,70.0,True,131.0,198.0,4rrk1/5ppp/p1pb4/1p1n3q/3P2b1/1BP3P1/PP1N1PQP/R1B1R1K1,,,7,35,27,False,202309
202309002494539,35,e1e4,78.0,True,1711.0,1702.0,4rrk1/5ppp/p1pb4/1p1n3q/3P2b1/1BP3P1/PP1N1PQP/R1B1R1K1,,,7,35,27,False,202309
202309002538632,35,g2f1,18.0,True,124.0,196.0,4rrk1/5ppp/p1pb4/1p1n3q/3P2b1/1BP3P1/PP1N1PQP/R1B1R1K1,,,7,35,27,False,202309
202309002586815,35,d2e4,41.0,True,77.0,102.0,4rrk1/5ppp/p1pb4/1p1n3q/3P2b1/1BP3P1/PP1N1PQP/R1B1R1K1,,,7,35,27,False,202309
202309002802349,35,e1e8,80.0,True,1363.0,1348.0,4rrk1/5ppp/p1pb4/1p1n3q/3P2b1/1BP3P1/PP1N1PQP/R1B1R1K1,,,7,35,27,False,202309
202309014102618,35,e1e8,46.0,True,487.0,563.0,4rrk1/5ppp/p1pb4/1p1n3q/3P2b1/1BP3P1/PP1N1PQP/R1B1R1K1,,,7,35,27,False,202309
202309014208575,35,d2e4,2.0,True,48.0,45.0,4rrk1/5ppp/p1pb4/1p1n3q/3P2b1/1BP3P1/PP1N1PQP/R1B1R1K1,,,7,35,27,False,202309
202309014512985,35,d2e4,2.0,True,172.0,182.0,4rrk1/5ppp/p1pb4/1p1n3q/3P2b1/1BP3P1/PP1N1PQP/R1B1R1K1,,,7,35,27,False,202309
202309014526472,35,e1e8,29.0,True,158.0,169.0,4rrk1/5ppp/p1pb4/1p1n3q/3P2b1/1BP3P1/PP1N1PQP/R1B1R1K1,,,7,35,27,False,202309
202309014604471,35,e1f1,23.0,True,178.0,197.0,4rrk1/5ppp/p1pb4/1p1n3q/3P2b1/1BP3P1/PP1N1PQP/R1B1R1K1,,,7,35,27,False,202309
202309014902038,35,d2e4,6.0,True,152.0,151.0,4rrk1/5ppp/p1pb4/1p1n3q/3P2b1/1BP3P1/PP1N1PQP/R1B1R1K1,,,7,35,27,False,202309
202309007137146,35,d2e4,23.0,True,511.0,571.0,4rrk1/5ppp/p1pb4/1p1n3q/3P2b1/1BP3P1/PP1N1PQP/R1B1R1K1,,,7,35,27,False,202309
202309024400908,35,f2f3,18.0,True,175.0,197.0,4rrk1/5ppp/p1pb4/1p1n3q/3P2b1/1BP3P1/PP1N1PQP/R1B1R1K1,,,7,35,27,False,202309
202309024591602,35,e1e8,98.0,True,321.0,501.0,4rrk1/5ppp/p1pb4/1p1n3q/3P2b1/1BP3P1/PP1N1PQP/R1B1R1K1,,,7,35,27,False,202309
202309045908666,35,e1e8,56.0,True,1703.0,2021.0,4rrk1/5ppp/p1pb4/1p1n3q/3P2b1/1BP3P1/PP1N1PQP/R1B1R1K1,,,7,35,27,False,202309
202309052133676,35,e1f1,35.0,True,110.0,155.0,4rrk1/5ppp/p1pb4/1p1n3q/3P2b1/1BP3P1/PP1N1PQP/R1B1R1K1,,,7,35,27,False,202309
202309052960686,35,g2f1,24.0,True,109.0,161.0,4rrk1/5ppp/p1pb4/1p1n3q/3P2b1/1BP3P1/PP1N1PQP/R1B1R1K1,,,7,35,27,False,202309
202309008262154,35,e1f1,10.0,True,40.0,50.0,4rrk1/5ppp/p1pb4/1p1n3q/3P2b1/1BP3P1/PP1N1PQP/R1B1R1K1,,,7,35,27,False,202309
202309008340503,35,e1e8,59.0,True,1707.0,1665.0,4rrk1/5ppp/p1pb4/1p1n3q/3P2b1/1BP3P1/PP1N1PQP/R1B1R1K1,,,7,35,27,False,202309
202309008454288,35,d2e4,15.0,True,558.0,650.0,4rrk1/5ppp/p1pb4/1p1n3q/3P2b1/1BP3P1/PP1N1PQP/R1B1R1K1,,,7,35,27,False,202309
202309066009734,35,e1e8,7.0,True,149.0,169.0,4rrk1/5ppp/p1pb4/1p1n3q/3P2b1/1BP3P1/PP1N1PQP/R1B1R1K1,,,7,35,27,False,202309
202309066264956,35,e1e8,6.0,True,132.0,160.0,4rrk1/5ppp/p1pb4/1p1n3q/3P2b1/1BP3P1/PP1N1PQP/R1B1R1K1,,,7,35,27,False,202309
202309066392100,35,e1e8,44.0,True,149.0,178.0,4rrk1/5ppp/p1pb4/1p1n3q/3P2b1/1BP3P1/PP1N1PQP/R1B1R1K1,,,7,35,27,False,202309
202309066916216,35,e1e4,20.0,True,158.0,201.0,4rrk1/5ppp/p1pb4/1p1n3q/3P2b1/1BP3P1/PP1N1PQP/R1B1R1K1,,,7,35,27,False,202309
202309064351013,35,d2e4,16.0,True,170.0,264.0,4rrk1/5ppp/p1pb4/1p1n3q/3P2b1/1BP3P1/PP1N1PQP/R1B1R1K1,,,7,35,27,False,202309
202309064429185,35,e1e8,23.0,True,532.0,307.0,4rrk1/5ppp/p1pb4/1p1n3q/3P2b1/1BP3P1/PP1N1PQP/R1B1R1K1,,,7,35,27,False,202309
202309064443783,35,e1f1,2.0,True,153.0,171.0,4rrk1/5ppp/p1pb4/1p1n3q/3P2b1/1BP3P1/PP1N1PQP/R1B1R1K1,,,7,35,27,False,202309
202309041001208,35,e1f1,49.0,True,135.0,186.0,4rrk1/5ppp/p1pb4/1p1n3q/3P2b1/1BP3P1/PP1N1PQP/R1B1R1K1,,,7,35,27,False,202309
202309041245800,35,d2e4,22.0,True,265.0,284.0,4rrk1/5ppp/p1pb4/1p1n3q/3P2b1/1BP3P1/PP1N1PQP/R1B1R1K1,,,7,35,27,False,202309
202309041472758,35,e1e8,18.0,True,80.0,115.0,4rrk1/5ppp/p1pb4/1p1n3q/3P2b1/1BP3P1/PP1N1PQP/R1B1R1K1,,,7,35,27,False,202309
202309041536407,35,e1e8,29.0,True,239.0,313.0,4rrk1/5ppp/p1pb4/1p1n3q/3P2b1/1BP3P1/PP1N1PQP/R1B1R1K1,,,7,35,27,False,202309
202309041745893,35,e1e8,10.0,True,41.0,51.0,4rrk1/5ppp/p1pb4/1p1n3q/3P2b1/1BP3P1/PP1N1PQP/R1B1R1K1,,,7,35,27,False,202309
202309037105737,35,d2e4,4.0,True,152.0,167.0,4rrk1/5ppp/p1pb4/1p1n3q/3P2b1/1BP3P1/PP1N1PQP/R1B1R1K1,,,7,35,27,False,202309
202309037644002,35,e1e8,3.0,True,255.0,262.0,4rrk1/5ppp/p1pb4/1p1n3q/3P2b1/1BP3P1/PP1N1PQP/R1B1R1K1,,,7,35,27,False,202309
202309037928808,35,d2e4,17.0,True,140.0,174.0,4rrk1/5ppp/p1pb4/1p1n3q/3P2b1/1BP3P1/PP1N1PQP/R1B1R1K1,,,7,35,27,False,202309
202309037938076,35,e1f1,7.0,True,136.0,155.0,4rrk1/5ppp/p1pb4/1p1n3q/3P2b1/1BP3P1/PP1N1PQP/R1B1R1K1,,,7,35,27,False,202309
202309029224532,39,e1e8,61.0,True,132.0,229.0,4rrk1/5ppp/p1pb4/1p1n3q/3P2b1/1BP3P1/PP1N1PQP/R1B1R1K1,,,11,35,27,False,202309
202309029597355,35,e1f1,16.0,True,180.0,190.0,4rrk1/5ppp/p1pb4/1p1n3q/3P2b1/1BP3P1/PP1N1PQP/R1B1R1K1,,,7,35,27,False,202309
202309029871672,35,e1e4,21.0,True,138.0,200.0,4rrk1/5ppp/p1pb4/1p1n3q/3P2b1/1BP3P1/PP1N1PQP/R1B1R1K1,,,7,35,27,False,202309
202309091359771,35,e1e4,68.0,True,983.0,1025.0,4rrk1/5ppp/p1pb4/1p1n3q/3P2b1/1BP3P1/PP1N1PQP/R1B1R1K1,,,7,35,27,False,202309
202309091382321,35,d2e4,2.0,True,41.0,48.0,4rrk1/5ppp/p1pb4/1p1n3q/3P2b1/1BP3P1/PP1N1PQP/R1B1R1K1,,,7,35,27,False,202309
202309091435862,35,e1f1,23.0,True,156.0,159.0,4rrk1/5ppp/p1pb4/1p1n3q/3P2b1/1BP3P1/PP1N1PQP/R1B1R1K1,,,7,35,27,False,202309
202309091904995,35,e1f1,33.0,True,849.0,1017.0,4rrk1/5ppp/p1pb4/1p1n3q/3P2b1/1BP3P1/PP1N1PQP/R1B1R1K1,,,7,35,27,False,202309
202309013840434,35,e1e8,7.0,True,44.0,43.0,4rrk1/5ppp/p1pb4/1p1n3q/3P2b1/1BP3P1/PP1N1PQP/R1B1R1K1,,,7,35,27,False,202309
202309013937231,35,e1f1,5.0,True,119.0,154.0,4rrk1/5ppp/p1pb4/1p1n3q/3P2b1/1BP3P1/PP1N1PQP/R1B1R1K1,,,7,35,27,False,202309
202309013987853,35,d2e4,2.0,True,51.0,42.0,4rrk1/5ppp/p1pb4/1p1n3q/3P2b1/1BP3P1/PP1N1PQP/R1B1R1K1,,,7,35,27,False,202309
202309081011956,35,e1e8,31.0,True,156.0,181.0,4rrk1/5ppp/p1pb4/1p1n3q/3P2b1/1BP3P1/PP1N1PQP/R1B1R1K1,,,7,35,27,False,202309
202309081298484,35,e1f1,5.0,True,39.0,41.0,4rrk1/5ppp/p1pb4/1p1n3q/3P2b1/1BP3P1/PP1N1PQP/R1B1R1K1,,,7,35,27,False,202309
202309081493771,35,e1f1,31.0,True,140.0,162.0,4rrk1/5ppp/p1pb4/1p1n3q/3P2b1/1BP3P1/PP1N1PQP/R1B1R1K1,,,7,35,27,False,202309
202309081917078,35,d2e4,13.0,True,80.0,114.0,4rrk1/5ppp/p1pb4/1p1n3q/3P2b1/1BP3P1/PP1N1PQP/R1B1R1K1,,,7,35,27,False,202309
202309011092360,35,e1f1,13.0,True,153.0,156.0,4rrk1/5ppp/p1pb4/1p1n3q/3P2b1/1BP3P1/PP1N1PQP/R1B1R1K1,,,7,35,27,False,202309
202309011440647,35,e1e8,13.0,True,130.0,150.0,4rrk1/5ppp/p1pb4/1p1n3q/3P2b1/1BP3P1/PP1N1PQP/R1B1R1K1,,,7,35,27,False,202309
202309011867527,35,d2e4,5.0,True,139.0,199.0,4rrk1/5ppp/p1pb4/1p1n3q/3P2b1/1BP3P1/PP1N1PQP/R1B1R1K1,,,7,35,27,False,202309
202309046121641,35,e1e8,14.0,True,133.0,159.0,4rrk1/5ppp/p1pb4/1p1n3q/3P2b1/1BP3P1/PP1N1PQP/R1B1R1K1,,,7,35,27,False,202309
202309046172073,35,e1e8,75.0,True,253.0,327.0,4rrk1/5ppp/p1pb4/1p1n3q/3P2b1/1BP3P1/PP1N1PQP/R1B1R1K1,,,7,35,27,False,202309
202309046245845,35,e1e8,41.0,True,243.0,304.0,4rrk1/5ppp/p1pb4/1p1n3q/3P2b1/1BP3P1/PP1N1PQP/R1B1R1K1,,,7,35,27,False,202309
202309046285161,35,e1f1,6.0,True,142.0,187.0,4rrk1/5ppp/p1pb4/1p1n3q/3P2b1/1BP3P1/PP1N1PQP/R1B1R1K1,,,7,35,27,False,202309
202309046358541,35,e1e8,4.0,True,40.0,51.0,4rrk1/5ppp/p1pb4/1p1n3q/3P2b1/1BP3P1/PP1N1PQP/R1B1R1K1,,,7,35,27,False,202309
202309046591118,35,d2e4,50.0,True,469.0,458.0,4rrk1/5ppp/p1pb4/1p1n3q/3P2b1/1BP3P1/PP1N1PQP/R1B1R1K1,,,7,35,27,False,202309
202309025294921,35,e1e8,24.0,True,512.0,573.0,4rrk1/5ppp/p1pb4/1p1n3q/3P2b1/1BP3P1/PP1N1PQP/R1B1R1K1,,,7,35,27,False,202309
202309025346597,35,e1e8,12.0,True,163.0,197.0,4rrk1/5ppp/p1pb4/1p1n3q/3P2b1/1BP3P1/PP1N1PQP/R1B1R1K1,,,7,35,27,False,202309
202309025429622,35,d2e4,5.0,True,172.0,171.0,4rrk1/5ppp/p1pb4/1p1n3q/3P2b1/1BP3P1/PP1N1PQP/R1B1R1K1,,,7,35,27,False,202309
202309025600628,35,e1e8,9.0,True,159.0,131.0,4rrk1/5ppp/p1pb4/1p1n3q/3P2b1/1BP3P1/PP1N1PQP/R1B1R1K1,,,7,35,27,False,202309
202309025665078,35,e1f1,76.0,True,89.0,101.0,4rrk1/5ppp/p1pb4/1p1n3q/3P2b1/1BP3P1/PP1N1PQP/R1B1R1K1,,,7,35,27,False,202309
202310093288169,35,e1f1,49.0,True,182.0,118.0,4rrk1/5ppp/p1pb4/1p1n3q/3P2b1/1BP3P1/PP1N1PQP/R1B1R1K1,,,7,35,27,False,202310
202310093312380,35,e1e8,2.0,True,38.0,50.0,4rrk1/5ppp/p1pb4/1p1n3q/3P2b1/1BP3P1/PP1N1PQP/R1B1R1K1,,,7,35,27,False,202310
202310093563325,35,e1f1,1.0,True,154.0,156.0,4rrk1/5ppp/p1pb4/1p1n3q/3P2b1/1BP3P1/PP1N1PQP/R1B1R1K1,,,7,35,27,False,202310
202310093671422,35,e1e8,39.0,True,121.0,155.0,4rrk1/5ppp/p1pb4/1p1n3q/3P2b1/1BP3P1/PP1N1PQP/R1B1R1K1,,,7,35,27,False,202310
202310093854264,35,e1e4,58.0,True,176.0,197.0,4rrk1/5ppp/p1pb4/1p1n3q/3P2b1/1BP3P1/PP1N1PQP/R1B1R1K1,,,7,35,27,False,202310
202310093988094,35,e1e8,7.0,True,28.0,51.0,4rrk1/5ppp/p1pb4/1p1n3q/3P2b1/1BP3P1/PP1N1PQP/R1B1R1K1,,,7,35,27,False,202310
202310070128015,35,g2f1,43.0,True,201.0,322.0,4rrk1/5ppp/p1pb4/1p1n3q/3P2b1/1BP3P1/PP1N1PQP/R1B1R1K1,,,7,35,27,False,202310
202310070525105,35,d2e4,6.0,True,509.0,565.0,4rrk1/5ppp/p1pb4/1p1n3q/3P2b1/1BP3P1/PP1N1PQP/R1B1R1K1,,,7,35,27,False,202310
202310048039501,35,e1e4,45.0,True,541.0,567.0,4rrk1/5ppp/p1pb4/1p1n3q/3P2b1/1BP3P1/PP1N1PQP/R1B1R1K1,,,7,35,27,False,202310
202310048184825,35,e1e8,26.0,True,97.0,112.0,4rrk1/5ppp/p1pb4/1p1n3q/3P2b1/1BP3P1/PP1N1PQP/R1B1R1K1,,,7,35,27,False,202310
202310048211484,35,d2e4,7.0,True,46.0,52.0,4rrk1/5ppp/p1pb4/1p1n3q/3P2b1/1BP3P1/PP1N1PQP/R1B1R1K1,,,7,35,27,False,202310
202310048345955,35,e1e8,13.0,True,142.0,125.0,4rrk1/5ppp/p1pb4/1p1n3q/3P2b1/1BP3P1/PP1N1PQP/R1B1R1K1,,,7,35,27,False,202310
202310048647060,35,e1e8,12.0,True,157.0,137.0,4rrk1/5ppp/p1pb4/1p1n3q/3P2b1/1BP3P1/PP1N1PQP/R1B1R1K1,,,7,35,27,False,202310
202310077112956,35,d2e4,10.0,True,177.0,192.0,4rrk1/5ppp/p1pb4/1p1n3q/3P2b1/1BP3P1/PP1N1PQP/R1B1R1K1,,,7,35,27,False,202310
202310077141186,35,e1e8,49.0,True,248.0,279.0,4rrk1/5ppp/p1pb4/1p1n3q/3P2b1/1BP3P1/PP1N1PQP/R1B1R1K1,,,7,35,27,False,202310
202310077565116,35,e1e4,54.0,True,224.0,315.0,4rrk1/5ppp/p1pb4/1p1n3q/3P2b1/1BP3P1/PP1N1PQP/R1B1R1K1,,,7,35,27,False,202310
202310077745912,35,e1e8,28.0,True,237.0,268.0,4rrk1/5ppp/p1pb4/1p1n3q/3P2b1/1BP3P1/PP1N1PQP/R1B1R1K1,,,7,35,27,False,202310
202310035313374,35,e1e8,11.0,True,133.0,181.0,4rrk1/5ppp/p1pb4/1p1n3q/3P2b1/1BP3P1/PP1N1PQP/R1B1R1K1,,,7,35,27,False,202310
202310035628218,35,e1e8,20.0,True,599.0,585.0,4rrk1/5ppp/p1pb4/1p1n3q/3P2b1/1BP3P1/PP1N1PQP/R1B1R1K1,,,7,35,27,False,202310
202310035700265,35,e1e8,18.0,True,243.0,260.0,4rrk1/5ppp/p1pb4/1p1n3q/3P2b1/1BP3P1/PP1N1PQP/R1B1R1K1,,,7,35,27,False,202310
202310035720104,35,e1e8,2.0,True,254.0,276.0,4rrk1/5ppp/p1pb4/1p1n3q/3P2b1/1BP3P1/PP1N1PQP/R1B1R1K1,,,7,35,27,False,202310
202310035820833,35,e1e8,48.0,True,530.0,542.0,4rrk1/5ppp/p1pb4/1p1n3q/3P2b1/1BP3P1/PP1N1PQP/R1B1R1K1,,,7,35,27,False,202310
202310032379269,37,e1e8,41.0,True,79.0,130.0,4rrk1/5ppp/p1pb4/1p1n3q/3P2b1/1BP3P1/PP1N1PQP/R1B1R1K1,,,7,35,27,False,202310
202310032422423,35,e1f1,24.0,True,283.0,216.0,4rrk1/5ppp/p1pb4/1p1n3q/3P2b1/1BP3P1/PP1N1PQP/R1B1R1K1,,,7,35,27,False,202310
202310006010890,35,e1f1,6.0,True,107.0,115.0,4rrk1/5ppp/p1pb4/1p1n3q/3P2b1/1BP3P1/PP1N1PQP/R1B1R1K1,,,7,35,27,False,202310
202310006499284,35,e1e8,3.0,True,179.0,201.0,4rrk1/5ppp/p1pb4/1p1n3q/3P2b1/1BP3P1/PP1N1PQP/R1B1R1K1,,,7,35,27,False,202310
202310006556277,35,e1f1,65.0,True,259.0,275.0,4rrk1/5ppp/p1pb4/1p1n3q/3P2b1/1BP3P1/PP1N1PQP/R1B1R1K1,,,7,35,27,False,202310
202310087572939,35,d2e4,31.0,True,260.0,281.0,4rrk1/5ppp/p1pb4/1p1n3q/3P2b1/1BP3P1/PP1N1PQP/R1B1R1K1,,,7,35,27,False,202310
202310087921634,35,e1e8,8.0,True,181.0,188.0,4rrk1/5ppp/p1pb4/1p1n3q/3P2b1/1BP3P1/PP1N1PQP/R1B1R1K1,,,7,35,27,False,202310
202310065130648,35,e1e3,23.0,True,527.0,574.0,4rrk1/5ppp/p1pb4/1p1n3q/3P2b1/1BP3P1/PP1N1PQP/R1B1R1K1,,,7,35,27,False,202310
202310065186164,35,e1f1,6.0,True,45.0,51.0,4rrk1/5ppp/p1pb4/1p1n3q/3P2b1/1BP3P1/PP1N1PQP/R1B1R1K1,,,7,35,27,False,202310
202310065607928,35,e1e8,21.0,True,130.0,179.0,4rrk1/5ppp/p1pb4/1p1n3q/3P2b1/1BP3P1/PP1N1PQP/R1B1R1K1,,,7,35,27,False,202310
202310065645342,35,e1e4,49.0,True,600.0,556.0,4rrk1/5ppp/p1pb4/1p1n3q/3P2b1/1BP3P1/PP1N1PQP/R1B1R1K1,,,7,35,27,False,202310
202310001119930,35,e1e8,32.0,True,550.0,533.0,4rrk1/5ppp/p1pb4/1p1n3q/3P2b1/1BP3P1/PP1N1PQP/R1B1R1K1,,,7,35,27,False,202310
202310001616595,35,e1f1,27.0,True,150.0,195.0,4rrk1/5ppp/p1pb4/1p1n3q/3P2b1/1BP3P1/PP1N1PQP/R1B1R1K1,,,7,35,27,False,202310
202310001621265,35,e1e8,9.0,True,223.0,251.0,4rrk1/5ppp/p1pb4/1p1n3q/3P2b1/1BP3P1/PP1N1PQP/R1B1R1K1,,,7,35,27,False,202310
202310005092674,35,d2e4,34.0,True,177.0,183.0,4rrk1/5ppp/p1pb4/1p1n3q/3P2b1/1BP3P1/PP1N1PQP/R1B1R1K1,,,7,35,27,False,202310
202310005900387,35,e1f1,12.0,True,47.0,51.0,4rrk1/5ppp/p1pb4/1p1n3q/3P2b1/1BP3P1/PP1N1PQP/R1B1R1K1,,,7,35,27,False,202310
202310090045642,35,e1e8,22.0,True,87.0,184.0,4rrk1/5ppp/p1pb4/1p1n3q/3P2b1/1BP3P1/PP1N1PQP/R1B1R1K1,,,7,35,27,False,202310
202310090427217,35,e1f1,70.0,True,157.0,198.0,4rrk1/5ppp/p1pb4/1p1n3q/3P2b1/1BP3P1/PP1N1PQP/R1B1R1K1,,,7,35,27,False,202310
202310090497611,35,e1e4,51.0,True,483.0,556.0,4rrk1/5ppp/p1pb4/1p1n3q/3P2b1/1BP3P1/PP1N1PQP/R1B1R1K1,,,7,35,27,False,202310
202310061003678,35,e1e8,44.0,True,182.0,198.0,4rrk1/5ppp/p1pb4/1p1n3q/3P2b1/1BP3P1/PP1N1PQP/R1B1R1K1,,,7,35,27,False,202310
202310061401480,35,e1e8,21.0,True,148.0,188.0,4rrk1/5ppp/p1pb4/1p1n3q/3P2b1/1BP3P1/PP1N1PQP/R1B1R1K1,,,7,35,27,False,202310
202310061569701,35,d2e4,15.0,True,526.0,455.0,4rrk1/5ppp/p1pb4/1p1n3q/3P2b1/1BP3P1/PP1N1PQP/R1B1R1K1,,,7,35,27,False,202310
202310057062613,35,e1e8,11.0,True,154.0,192.0,4rrk1/5ppp/p1pb4/1p1n3q/3P2b1/1BP3P1/PP1N1PQP/R1B1R1K1,,,7,35,27,False,202310
202310057786959,35,g2f1,29.0,True,225.0,281.0,4rrk1/5ppp/p1pb4/1p1n3q/3P2b1/1BP3P1/PP1N1PQP/R1B1R1K1,,,7,35,27,False,202310
202310057808678,35,e1e8,2.0,True,198.0,158.0,4rrk1/5ppp/p1pb4/1p1n3q/3P2b1/1BP3P1/PP1N1PQP/R1B1R1K1,,,7,35,27,False,202310
202310057956001,35,e1e8,7.0,True,150.0,154.0,4rrk1/5ppp/p1pb4/1p1n3q/3P2b1/1BP3P1/PP1N1PQP/R1B1R1K1,,,7,35,27,False,202310
202310036218968,35,e1e4,78.0,True,467.0,537.0,4rrk1/5ppp/p1pb4/1p1n3q/3P2b1/1BP3P1/PP1N1PQP/R1B1R1K1,,,7,35,27,False,202310
202310023369039,35,e1f1,19.0,True,99.0,76.0,4rrk1/5ppp/p1pb4/1p1n3q/3P2b1/1BP3P1/PP1N1PQP/R1B1R1K1,,,7,35,27,False,202310
202310023451223,35,e1f1,9.0,True,175.0,195.0,4rrk1/5ppp/p1pb4/1p1n3q/3P2b1/1BP3P1/PP1N1PQP/R1B1R1K1,,,7,35,27,False,202310
202310085050490,35,e1e8,13.0,True,156.0,167.0,4rrk1/5ppp/p1pb4/1p1n3q/3P2b1/1BP3P1/PP1N1PQP/R1B1R1K1,,,7,35,27,False,202310
202310085559266,35,d2e4,11.0,True,140.0,154.0,4rrk1/5ppp/p1pb4/1p1n3q/3P2b1/1BP3P1/PP1N1PQP/R1B1R1K1,,,7,35,27,False,202310
202310009059982,35,e1e8,68.0,True,701.0,949.0,4rrk1/5ppp/p1pb4/1p1n3q/3P2b1/1BP3P1/PP1N1PQP/R1B1R1K1,,,7,35,27,False,202310
202310009277719,35,e1e4,45.0,True,210.0,262.0,4rrk1/5ppp/p1pb4/1p1n3q/3P2b1/1BP3P1/PP1N1PQP/R1B1R1K1,,,5,35,27,False,202310
202310009490629,35,e1f1,26.0,True,153.0,158.0,4rrk1/5ppp/p1pb4/1p1n3q/3P2b1/1BP3P1/PP1N1PQP/R1B1R1K1,,,7,35,27,False,202310
202310009803028,35,e1e8,5.0,True,33.0,44.0,4rrk1/5ppp/p1pb4/1p1n3q/3P2b1/1BP3P1/PP1N1PQP/R1B1R1K1,,,7,35,27,False,202310
202310009957090,35,e1e8,18.0,True,168.0,199.0,4rrk1/5ppp/p1pb4/1p1n3q/3P2b1/1BP3P1/PP1N1PQP/R1B1R1K1,,,7,35,27,False,202310
202310063701893,35,e1e8,9.0,True,100.0,117.0,4rrk1/5ppp/p1pb4/1p1n3q/3P2b1/1BP3P1/PP1N1PQP/R1B1R1K1,,,7,35,27,False,202310
202310063767004,35,e1f1,8.0,True,145.0,162.0,4rrk1/5ppp/p1pb4/1p1n3q/3P2b1/1BP3P1/PP1N1PQP/R1B1R1K1,,,7,35,27,False,202310
202310059295632,35,e1e8,5.0,True,149.0,171.0,4rrk1/5ppp/p1pb4/1p1n3q/3P2b1/1BP3P1/PP1N1PQP/R1B1R1K1,,,7,35,27,False,202310
202310059407630,35,e1f1,8.0,True,153.0,147.0,4rrk1/5ppp/p1pb4/1p1n3q/3P2b1/1BP3P1/PP1N1PQP/R1B1R1K1,,,7,35,27,False,202310
202310074089949,35,e1e8,11.0,True,143.0,151.0,4rrk1/5ppp/p1pb4/1p1n3q/3P2b1/1BP3P1/PP1N1PQP/R1B1R1K1,,,7,35,27,False,202310
202310074221138,35,e1e4,14.0,True,37.0,35.0,4rrk1/5ppp/p1pb4/1p1n3q/3P2b1/1BP3P1/PP1N1PQP/R1B1R1K1,,,7,35,27,False,202310
202310074345969,35,d2e4,5.0,True,85.0,103.0,4rrk1/5ppp/p1pb4/1p1n3q/3P2b1/1BP3P1/PP1N1PQP/R1B1R1K1,,,7,35,27,False,202310
202310074452320,35,d2e4,18.0,True,152.0,163.0,4rrk1/5ppp/p1pb4/1p1n3q/3P2b1/1BP3P1/PP1N1PQP/R1B1R1K1,,,7,35,27,False,202310
202310074807393,35,e1e8,38.0,True,184.0,180.0,4rrk1/5ppp/p1pb4/1p1n3q/3P2b1/1BP3P1/PP1N1PQP/R1B1R1K1,,,7,35,27,False,202310
202310074905024,35,e1e8,45.0,True,147.0,162.0,4rrk1/5ppp/p1pb4/1p1n3q/3P2b1/1BP3P1/PP1N1PQP/R1B1R1K1,,,7,35,27,False,202310
202310040028049,35,e1e8,24.0,True,176.0,178.0,4rrk1/5ppp/p1pb4/1p1n3q/3P2b1/1BP3P1/PP1N1PQP/R1B1R1K1,,,7,35,27,False,202310
202310040121323,35,e1d1,11.0,True,169.0,198.0,4rrk1/5ppp/p1pb4/1p1n3q/3P2b1/1BP3P1/PP1N1PQP/R1B1R1K1,,,7,35,27,False,202310
202310040247998,35,e1e8,31.0,True,461.0,546.0,4rrk1/5ppp/p1pb4/1p1n3q/3P2b1/1BP3P1/PP1N1PQP/R1B1R1K1,,,7,35,27,False,202310
202310021237621,35,e1e8,15.0,True,136.0,184.0,4rrk1/5ppp/p1pb4/1p1n3q/3P2b1/1BP3P1/PP1N1PQP/R1B1R1K1,,,7,35,27,False,202310
202310021551311,35,e1e4,13.0,True,62.0,122.0,4rrk1/5ppp/p1pb4/1p1n3q/3P2b1/1BP3P1/PP1N1PQP/R1B1R1K1,,,7,35,27,False,202310
202310021680325,35,d2e4,4.0,True,84.0,117.0,4rrk1/5ppp/p1pb4/1p1n3q/3P2b1/1BP3P1/PP1N1PQP/R1B1R1K1,,,7,35,27,False,202310
202310021768434,35,e1e8,15.0,True,149.0,164.0,4rrk1/5ppp/p1pb4/1p1n3q/3P2b1/1BP3P1/PP1N1PQP/R1B1R1K1,,,7,35,27,False,202310
202310021973254,35,e1f1,8.0,True,43.0,52.0,4rrk1/5ppp/p1pb4/1p1n3q/3P2b1/1BP3P1/PP1N1PQP/R1B1R1K1,,,7,35,27,False,202310
202310062884660,39,d2e4,1.0,True,152.0,132.0,4rrk1/5ppp/p1pb4/1p1n3q/3P2b1/1BP3P1/PP1N1PQP/R1B1R1K1,,,8,35,27,False,202310
202310022466636,37,g2f1,22.0,True,180.0,286.0,4rrk1/5ppp/p1pb4/1p1n3q/3P2b1/1BP3P1/PP1N1PQP/R1B1R1K1,,,9,35,27,False,202310
202310022670075,35,e1e8,10.0,True,250.0,274.0,4rrk1/5ppp/p1pb4/1p1n3q/3P2b1/1BP3P1/PP1N1PQP/R1B1R1K1,,,7,35,27,False,202310
202310042054113,35,e1e8,6.0,True,182.0,197.0,4rrk1/5ppp/p1pb4/1p1n3q/3P2b1/1BP3P1/PP1N1PQP/R1B1R1K1,,,7,35,27,False,202310
202310042559385,35,e1e8,10.0,True,96.0,106.0,4rrk1/5ppp/p1pb4/1p1n3q/3P2b1/1BP3P1/PP1N1PQP/R1B1R1K1,,,7,35,27,False,202310
202310038674357,35,e1e8,21.0,True,53.0,138.0,4rrk1/5ppp/p1pb4/1p1n3q/3P2b1/1BP3P1/PP1N1PQP/R1B1R1K1,,,7,35,27,False,202310
202310039385686,35,e1f1,2.0,True,42.0,51.0,4rrk1/5ppp/p1pb4/1p1n3q/3P2b1/1BP3P1/PP1N1PQP/R1B1R1K1,,,7,35,27,False,202310
202310039893882,35,e1f1,3.0,True,43.0,49.0,4rrk1/5ppp/p1pb4/1p1n3q/3P2b1/1BP3P1/PP1N1PQP/R1B1R1K1,,,7,35,27,False,202310
202310084310123,35,e1e8,15.0,True,89.0,112.0,4rrk1/5ppp/p1pb4/1p1n3q/3P2b1/1BP3P1/PP1N1PQP/R1B1R1K1,,,7,35,27,False,202310
202310084781221,35,e1e8,45.0,True,183.0,176.0,4rrk1/5ppp/p1pb4/1p1n3q/3P2b1/1BP3P1/PP1N1PQP/R1B1R1K1,,,7,35,27,False,202310
202310080085392,35,e1e8,7.0,True,83.0,107.0,4rrk1/5ppp/p1pb4/1p1n3q/3P2b1/1BP3P1/PP1N1PQP/R1B1R1K1,,,7,35,27,False,202310
202310080486527,35,e1e4,63.0,True,209.0,264.0,4rrk1/5ppp/p1pb4/1p1n3q/3P2b1/1BP3P1/PP1N1PQP/R1B1R1K1,,,7,35,27,False,202310
202310080590221,35,e1f1,30.0,True,106.0,102.0,4rrk1/5ppp/p1pb4/1p1n3q/3P2b1/1BP3P1/PP1N1PQP/R1B1R1K1,,,7,35,27,False,202310
202310080763939,35,e1f1,138.0,True,824.0,985.0,4rrk1/5ppp/p1pb4/1p1n3q/3P2b1/1BP3P1/PP1N1PQP/R1B1R1K1,,,7,35,27,False,202310
202310051044962,35,e1e8,2.0,True,69.0,117.0,4rrk1/5ppp/p1pb4/1p1n3q/3P2b1/1BP3P1/PP1N1PQP/R1B1R1K1,,,7,35,27,False,202310
202310051056816,35,e1e8,44.0,True,222.0,270.0,4rrk1/5ppp/p1pb4/1p1n3q/3P2b1/1BP3P1/PP1N1PQP/R1B1R1K1,,,7,35,27,False,202310
202310051256344,35,e1e8,26.0,True,793.0,868.0,4rrk1/5ppp/p1pb4/1p1n3q/3P2b1/1BP3P1/PP1N1PQP/R1B1R1K1,,,7,35,27,False,202310
202310051691532,35,e1e8,67.0,True,210.0,303.0,4rrk1/5ppp/p1pb4/1p1n3q/3P2b1/1BP3P1/PP1N1PQP/R1B1R1K1,,,7,35,27,False,202310
202310051786082,35,e1e8,5.0,True,179.0,194.0,4rrk1/5ppp/p1pb4/1p1n3q/3P2b1/1BP3P1/PP1N1PQP/R1B1R1K1,,,7,35,27,False,202310
202310069007054,35,e1f1,6.0,True,85.0,122.0,4rrk1/5ppp/p1pb4/1p1n3q/3P2b1/1BP3P1/PP1N1PQP/R1B1R1K1,,,7,35,27,False,202310
202310069337918,35,e1e8,2.0,True,40.0,49.0,4rrk1/5ppp/p1pb4/1p1n3q/3P2b1/1BP3P1/PP1N1PQP/R1B1R1K1,,,7,35,27,False,202310
202310069510495,35,e1e8,9.0,True,239.0,278.0,4rrk1/5ppp/p1pb4/1p1n3q/3P2b1/1BP3P1/PP1N1PQP/R1B1R1K1,,,7,35,27,False,202310
202310082583308,35,e1e4,37.0,True,276.0,308.0,4rrk1/5ppp/p1pb4/1p1n3q/3P2b1/1BP3P1/PP1N1PQP/R1B1R1K1,,,7,35,27,False,202310
202310082861250,35,e1e4,8.0,True,45.0,49.0,4rrk1/5ppp/p1pb4/1p1n3q/3P2b1/1BP3P1/PP1N1PQP/R1B1R1K1,,,7,35,27,False,202310
202310003634158,37,g2f1,33.0,True,120.0,142.0,4rrk1/5ppp/p1pb4/1p1n3q/3P2b1/1BP3P1/PP1N1PQP/R1B1R1K1,,,7,35,27,False,202310
202310003702006,35,e1e8,26.0,True,125.0,165.0,4rrk1/5ppp/p1pb4/1p1n3q/3P2b1/1BP3P1/PP1N1PQP/R1B1R1K1,,,7,35,27,False,202310
202310003951705,35,d2e4,1.0,True,155.0,166.0,4rrk1/5ppp/p1pb4/1p1n3q/3P2b1/1BP3P1/PP1N1PQP/R1B1R1K1,,,7,35,27,False,202310
202310055173276,35,e1e8,13.0,True,550.0,593.0,4rrk1/5ppp/p1pb4/1p1n3q/3P2b1/1BP3P1/PP1N1PQP/R1B1R1K1,,,7,35,27,False,202310
202310055418313,35,e1e8,2.0,True,91.0,126.0,4rrk1/5ppp/p1pb4/1p1n3q/3P2b1/1BP3P1/PP1N1PQP/R1B1R1K1,,,7,35,27,False,202310
202310055435151,35,e1e8,19.0,True,260.0,277.0,4rrk1/5ppp/p1pb4/1p1n3q/3P2b1/1BP3P1/PP1N1PQP/R1B1R1K1,,,7,35,27,False,202310
202310055576688,35,e1e8,7.0,True,168.0,156.0,4rrk1/5ppp/p1pb4/1p1n3q/3P2b1/1BP3P1/PP1N1PQP/R1B1R1K1,,,7,35,27,False,202310
202310020278484,35,e1f1,5.0,True,44.0,46.0,4rrk1/5ppp/p1pb4/1p1n3q/3P2b1/1BP3P1/PP1N1PQP/R1B1R1K1,,,7,35,27,False,202310
202310004153345,35,e1e8,311.0,True,493.0,548.0,4rrk1/5ppp/p1pb4/1p1n3q/3P2b1/1BP3P1/PP1N1PQP/R1B1R1K1,,,7,35,27,False,202310
202310004319491,35,e1f1,17.0,True,148.0,158.0,4rrk1/5ppp/p1pb4/1p1n3q/3P2b1/1BP3P1/PP1N1PQP/R1B1R1K1,,,7,35,27,False,202310
202310004341887,35,d2e4,6.0,True,255.0,315.0,4rrk1/5ppp/p1pb4/1p1n3q/3P2b1/1BP3P1/PP1N1PQP/R1B1R1K1,,,7,35,27,False,202310
202310004414101,35,e1f1,8.0,True,113.0,98.0,4rrk1/5ppp/p1pb4/1p1n3q/3P2b1/1BP3P1/PP1N1PQP/R1B1R1K1,,,7,35,27,False,202310
202310031065382,35,e1e8,18.0,True,525.0,561.0,4rrk1/5ppp/p1pb4/1p1n3q/3P2b1/1BP3P1/PP1N1PQP/R1B1R1K1,,,7,35,27,False,202310
202310031222927,35,e1e8,4.0,True,137.0,159.0,4rrk1/5ppp/p1pb4/1p1n3q/3P2b1/1BP3P1/PP1N1PQP/R1B1R1K1,,,7,35,27,False,202310
202310031503798,35,e1f1,55.0,True,248.0,228.0,4rrk1/5ppp/p1pb4/1p1n3q/3P2b1/1BP3P1/PP1N1PQP/R1B1R1K1,,,7,35,27,False,202310
202310031618995,35,e1e4,13.0,True,138.0,165.0,4rrk1/5ppp/p1pb4/1p1n3q/3P2b1/1BP3P1/PP1N1PQP/R1B1R1K1,,,7,35,27,False,202310
202310031666863,35,e1f1,13.0,True,142.0,160.0,4rrk1/5ppp/p1pb4/1p1n3q/3P2b1/1BP3P1/PP1N1PQP/R1B1R1K1,,,7,35,27,False,202310
202310060376965,35,e1e8,114.0,True,454.0,503.0,4rrk1/5ppp/p1pb4/1p1n3q/3P2b1/1BP3P1/PP1N1PQP/R1B1R1K1,,,7,35,27,False,202310
202310060673893,35,e1e8,9.0,True,95.0,118.0,4rrk1/5ppp/p1pb4/1p1n3q/3P2b1/1BP3P1/PP1N1PQP/R1B1R1K1,,,7,35,27,False,202310
202310060875376,35,e1e8,10.0,True,249.0,326.0,4rrk1/5ppp/p1pb4/1p1n3q/3P2b1/1BP3P1/PP1N1PQP/R1B1R1K1,,,7,35,27,False,202310
202310056479270,35,e1e8,14.0,True,224.0,268.0,4rrk1/5ppp/p1pb4/1p1n3q/3P2b1/1BP3P1/PP1N1PQP/R1B1R1K1,,,7,35,27,False,202310
202310056643642,35,d2e4,4.0,True,145.0,172.0,4rrk1/5ppp/p1pb4/1p1n3q/3P2b1/1BP3P1/PP1N1PQP/R1B1R1K1,,,7,35,27,False,202310
202310056704682,35,e1e8,47.0,True,553.0,620.0,4rrk1/5ppp/p1pb4/1p1n3q/3P2b1/1BP3P1/PP1N1PQP/R1B1R1K1,,,7,35,27,False,202310
202310056970898,35,e1e8,44.0,True,178.0,185.0,4rrk1/5ppp/p1pb4/1p1n3q/3P2b1/1BP3P1/PP1N1PQP/R1B1R1K1,,,7,35,27,False,202310
202310058199362,35,e1f1,17.0,True,145.0,154.0,4rrk1/5ppp/p1pb4/1p1n3q/3P2b1/1BP3P1/PP1N1PQP/R1B1R1K1,,,7,35,27,False,202310
202310058224567,35,d2e4,18.0,True,184.0,194.0,4rrk1/5ppp/p1pb4/1p1n3q/3P2b1/1BP3P1/PP1N1PQP/R1B1R1K1,,,7,35,27,False,202310
202310058465560,35,e1e8,2.0,True,65.0,106.0,4rrk1/5ppp/p1pb4/1p1n3q/3P2b1/1BP3P1/PP1N1PQP/R1B1R1K1,,,7,35,27,False,202310
202310012046311,35,e1e8,3.0,True,244.0,285.0,4rrk1/5ppp/p1pb4/1p1n3q/3P2b1/1BP3P1/PP1N1PQP/R1B1R1K1,,,7,35,27,False,202310
202310012483665,35,d2e4,75.0,True,126.0,190.0,4rrk1/5ppp/p1pb4/1p1n3q/3P2b1/1BP3P1/PP1N1PQP/R1B1R1K1,,,7,35,27,False,202310
202310012764870,35,e1e8,37.0,True,467.0,377.0,4rrk1/5ppp/p1pb4/1p1n3q/3P2b1/1BP3P1/PP1N1PQP/R1B1R1K1,,,5,35,27,False,202310
202310095039076,35,g2f1,35.0,True,231.0,236.0,4rrk1/5ppp/p1pb4/1p1n3q/3P2b1/1BP3P1/PP1N1PQP/R1B1R1K1,,,7,35,27,False,202310
202310095526252,35,e1e8,15.0,True,248.0,275.0,4rrk1/5ppp/p1pb4/1p1n3q/3P2b1/1BP3P1/PP1N1PQP/R1B1R1K1,,,7,35,27,False,202310
202310095719313,35,e1e8,24.0,True,309.0,335.0,4rrk1/5ppp/p1pb4/1p1n3q/3P2b1/1BP3P1/PP1N1PQP/R1B1R1K1,,,7,35,27,False,202310
202310078603074,35,g2f1,24.0,True,103.0,116.0,4rrk1/5ppp/p1pb4/1p1n3q/3P2b1/1BP3P1/PP1N1PQP/R1B1R1K1,,,7,35,27,False,202310
202310078828676,35,e1e8,13.0,True,555.0,573.0,4rrk1/5ppp/p1pb4/1p1n3q/3P2b1/1BP3P1/PP1N1PQP/R1B1R1K1,,,7,35,27,False,202310
202310027026464,35,f2f3,9.0,True,517.0,540.0,4rrk1/5ppp/p1pb4/1p1n3q/3P2b1/1BP3P1/PP1N1PQP/R1B1R1K1,,,7,35,27,False,202310
202310027209094,35,e1e8,3.0,True,44.0,48.0,4rrk1/5ppp/p1pb4/1p1n3q/3P2b1/1BP3P1/PP1N1PQP/R1B1R1K1,,,7,35,27,False,202310
202310027570923,35,e1e4,25.0,True,139.0,166.0,4rrk1/5ppp/p1pb4/1p1n3q/3P2b1/1BP3P1/PP1N1PQP/R1B1R1K1,,,7,35,27,False,202310
202310027633447,35,e1f1,,True,,,4rrk1/5ppp/p1pb4/1p1n3q/3P2b1/1BP3P1/PP1N1PQP/R1B1R1K1,,,7,35,27,False,202310
202310027741656,35,e1e8,30.0,True,442.0,527.0,4rrk1/5ppp/p1pb4/1p1n3q/3P2b1/1BP3P1/PP1N1PQP/R1B1R1K1,,,7,35,27,False,202310
202310043498652,35,e1e8,4.0,True,208.0,265.0,4rrk1/5ppp/p1pb4/1p1n3q/3P2b1/1BP3P1/PP1N1PQP/R1B1R1K1,,,7,35,27,False,202310
202310043756431,35,d2e4,30.0,True,278.0,317.0,4rrk1/5ppp/p1pb4/1p1n3q/3P2b1/1BP3P1/PP1N1PQP/R1B1R1K1,,,7,35,27,False,202310
202310043858030,35,e1e8,29.0,True,528.0,529.0,4rrk1/5ppp/p1pb4/1p1n3q/3P2b1/1BP3P1/PP1N1PQP/R1B1R1K1,,,7,35,27,False,202310
202310050148826,35,e1e8,24.0,True,534.0,578.0,4rrk1/5ppp/p1pb4/1p1n3q/3P2b1/1BP3P1/PP1N1PQP/R1B1R1K1,,,7,35,27,False,202310
202310050423898,35,e1f1,79.0,True,227.0,270.0,4rrk1/5ppp/p1pb4/1p1n3q/3P2b1/1BP3P1/PP1N1PQP/R1B1R1K1,,,7,35,27,False,202310
202310050489309,35,d2e4,8.0,True,149.0,201.0,4rrk1/5ppp/p1pb4/1p1n3q/3P2b1/1BP3P1/PP1N1PQP/R1B1R1K1,,,7,35,27,False,202310
202310088265630,35,d2e4,10.0,True,139.0,147.0,4rrk1/5ppp/p1pb4/1p1n3q/3P2b1/1BP3P1/PP1N1PQP/R1B1R1K1,,,7,35,27,False,202310
202310088350991,35,e1e8,14.0,True,243.0,265.0,4rrk1/5ppp/p1pb4/1p1n3q/3P2b1/1BP3P1/PP1N1PQP/R1B1R1K1,,,7,35,27,False,202310
202310088413783,35,e1f1,58.0,True,206.0,259.0,4rrk1/5ppp/p1pb4/1p1n3q/3P2b1/1BP3P1/PP1N1PQP/R1B1R1K1,,,7,35,27,False,202310
202310088861396,35,e1e8,10.0,True,162.0,179.0,4rrk1/5ppp/p1pb4/1p1n3q/3P2b1/1BP3P1/PP1N1PQP/R1B1R1K1,,,7,35,27,False,202310
202310028521645,35,g2f1,44.0,True,143.0,191.0,4rrk1/5ppp/p1pb4/1p1n3q/3P2b1/1BP3P1/PP1N1PQP/R1B1R1K1,,,7,35,27,False,202310
202310028584867,35,g2f1,30.0,True,114.0,169.0,4rrk1/5ppp/p1pb4/1p1n3q/3P2b1/1BP3P1/PP1N1PQP/R1B1R1K1,,,7,35,27,False,202310
202310028605416,35,e1f1,3.0,True,104.0,152.0,4rrk1/5ppp/p1pb4/1p1n3q/3P2b1/1BP3P1/PP1N1PQP/R1B1R1K1,,,7,35,27,False,202310
202310076054139,35,e1e8,40.0,True,566.0,569.0,4rrk1/5ppp/p1pb4/1p1n3q/3P2b1/1BP3P1/PP1N1PQP/R1B1R1K1,,,7,35,27,False,202310
202310076590167,35,d2e4,2.0,True,260.0,248.0,4rrk1/5ppp/p1pb4/1p1n3q/3P2b1/1BP3P1/PP1N1PQP/R1B1R1K1,,,7,35,27,False,202310
202310076827239,35,d2e4,5.0,True,175.0,179.0,4rrk1/5ppp/p1pb4/1p1n3q/3P2b1/1BP3P1/PP1N1PQP/R1B1R1K1,,,7,35,27,False,202310
202310017232458,35,e1e8,37.0,True,250.0,270.0,4rrk1/5ppp/p1pb4/1p1n3q/3P2b1/1BP3P1/PP1N1PQP/R1B1R1K1,,,7,35,27,False,202310
202310017456530,35,e1f1,8.0,True,176.0,168.0,4rrk1/5ppp/p1pb4/1p1n3q/3P2b1/1BP3P1/PP1N1PQP/R1B1R1K1,,,7,35,27,False,202310
202310017964768,35,e1f1,23.0,True,101.0,120.0,4rrk1/5ppp/p1pb4/1p1n3q/3P2b1/1BP3P1/PP1N1PQP/R1B1R1K1,,,7,35,27,False,202310
202310053511009,35,e1e8,12.0,True,193.0,193.0,4rrk1/5ppp/p1pb4/1p1n3q/3P2b1/1BP3P1/PP1N1PQP/R1B1R1K1,,,7,35,27,False,202310
202310053750157,35,g2f1,21.0,True,118.0,195.0,4rrk1/5ppp/p1pb4/1p1n3q/3P2b1/1BP3P1/PP1N1PQP/R1B1R1K1,,,7,35,27,False,202310
202310053843051,35,e1f1,27.0,True,254.0,281.0,4rrk1/5ppp/p1pb4/1p1n3q/3P2b1/1BP3P1/PP1N1PQP/R1B1R1K1,,,7,35,27,False,202310
202310010473931,35,e1f1,72.0,True,185.0,188.0,4rrk1/5ppp/p1pb4/1p1n3q/3P2b1/1BP3P1/PP1N1PQP/R1B1R1K1,,,7,35,27,False,202310
202310010535685,35,e1e4,22.0,True,169.0,178.0,4rrk1/5ppp/p1pb4/1p1n3q/3P2b1/1BP3P1/PP1N1PQP/R1B1R1K1,,,7,35,27,False,202310
202310089060543,35,e1f1,5.0,True,36.0,47.0,4rrk1/5ppp/p1pb4/1p1n3q/3P2b1/1BP3P1/PP1N1PQP/R1B1R1K1,,,7,35,27,False,202310
202310089676909,35,b3d5,16.0,True,51.0,111.0,4rrk1/5ppp/p1pb4/1p1n3q/3P2b1/1BP3P1/PP1N1PQP/R1B1R1K1,,,7,35,27,False,202310
202310089728811,35,e1e8,55.0,True,588.0,634.0,4rrk1/5ppp/p1pb4/1p1n3q/3P2b1/1BP3P1/PP1N1PQP/R1B1R1K1,,,7,35,27,False,202310
202310089808367,35,e1e8,20.0,True,209.0,242.0,4rrk1/5ppp/p1pb4/1p1n3q/3P2b1/1BP3P1/PP1N1PQP/R1B1R1K1,,,7,35,27,False,202310
202310075359802,35,e1e8,26.0,True,47.0,52.0,4rrk1/5ppp/p1pb4/1p1n3q/3P2b1/1BP3P1/PP1N1PQP/R1B1R1K1,,,7,35,27,False,202310
202310075562045,35,e1f1,16.0,True,261.0,280.0,4rrk1/5ppp/p1pb4/1p1n3q/3P2b1/1BP3P1/PP1N1PQP/R1B1R1K1,,,7,35,27,False,202310
202310033067661,35,d2e4,12.0,True,98.0,54.0,4rrk1/5ppp/p1pb4/1p1n3q/3P2b1/1BP3P1/PP1N1PQP/R1B1R1K1,,,7,35,27,False,202310
202310033184464,39,e1f1,104.0,True,241.0,248.0,4rrk1/5ppp/p1pb4/1p1n3q/3P2b1/1BP3P1/PP1N1PQP/R1B1R1K1,,,11,35,27,False,202310
202310033410031,35,e1e8,13.0,True,103.0,157.0,4rrk1/5ppp/p1pb4/1p1n3q/3P2b1/1BP3P1/PP1N1PQP/R1B1R1K1,,,7,35,27,False,202310
202310033707458,35,e1f1,36.0,True,477.0,565.0,4rrk1/5ppp/p1pb4/1p1n3q/3P2b1/1BP3P1/PP1N1PQP/R1B1R1K1,,,7,35,27,False,202310
202310033830159,35,e1e8,78.0,True,324.0,465.0,4rrk1/5ppp/p1pb4/1p1n3q/3P2b1/1BP3P1/PP1N1PQP/R1B1R1K1,,,7,35,27,False,202310
202310086117089,35,d2e4,5.0,True,35.0,44.0,4rrk1/5ppp/p1pb4/1p1n3q/3P2b1/1BP3P1/PP1N1PQP/R1B1R1K1,,,7,35,27,False,202310
202310086938447,35,e1e8,12.0,True,513.0,563.0,4rrk1/5ppp/p1pb4/1p1n3q/3P2b1/1BP3P1/PP1N1PQP/R1B1R1K1,,,7,35,27,False,202310
202310034483447,35,g1f1,41.0,True,521.0,565.0,4rrk1/5ppp/p1pb4/1p1n3q/3P2b1/1BP3P1/PP1N1PQP/R1B1R1K1,,,7,35,27,False,202310
202310092138106,35,g2f1,37.0,True,147.0,197.0,4rrk1/5ppp/p1pb4/1p1n3q/3P2b1/1BP3P1/PP1N1PQP/R1B1R1K1,,,7,35,27,False,202310
202310092518239,35,g2f1,22.0,True,148.0,169.0,4rrk1/5ppp/p1pb4/1p1n3q/3P2b1/1BP3P1/PP1N1PQP/R1B1R1K1,,,7,35,27,False,202310
202310092583611,35,e1e8,2.0,True,48.0,49.0,4rrk1/5ppp/p1pb4/1p1n3q/3P2b1/1BP3P1/PP1N1PQP/R1B1R1K1,,,7,35,27,False,202310
202310044137413,35,e1e8,9.0,True,45.0,46.0,4rrk1/5ppp/p1pb4/1p1n3q/3P2b1/1BP3P1/PP1N1PQP/R1B1R1K1,,,7,35,27,False,202310
202310044589751,35,e1e8,89.0,True,137.0,203.0,4rrk1/5ppp/p1pb4/1p1n3q/3P2b1/1BP3P1/PP1N1PQP/R1B1R1K1,,,7,35,27,False,202310
202310044620564,35,e1f1,16.0,True,155.0,159.0,4rrk1/5ppp/p1pb4/1p1n3q/3P2b1/1BP3P1/PP1N1PQP/R1B1R1K1,,,7,35,27,False,202310
202310044638369,35,d2e4,31.0,True,166.0,153.0,4rrk1/5ppp/p1pb4/1p1n3q/3P2b1/1BP3P1/PP1N1PQP/R1B1R1K1,,,7,35,27,False,202310
202310018968768,35,e1f1,32.0,True,102.0,108.0,4rrk1/5ppp/p1pb4/1p1n3q/3P2b1/1BP3P1/PP1N1PQP/R1B1R1K1,,,7,35,27,False,202310
202310054065975,35,e1e8,38.0,True,163.0,160.0,4rrk1/5ppp/p1pb4/1p1n3q/3P2b1/1BP3P1/PP1N1PQP/R1B1R1K1,,,7,35,27,False,202310
202310054505484,35,e1e8,252.0,True,335.0,394.0,4rrk1/5ppp/p1pb4/1p1n3q/3P2b1/1BP3P1/PP1N1PQP/R1B1R1K1,,,7,35,27,False,202310
202310054756906,35,d2e4,3.0,True,47.0,86.0,4rrk1/5ppp/p1pb4/1p1n3q/3P2b1/1BP3P1/PP1N1PQP/R1B1R1K1,,,7,35,27,False,202310
202310054949977,35,e1f1,65.0,True,479.0,555.0,4rrk1/5ppp/p1pb4/1p1n3q/3P2b1/1BP3P1/PP1N1PQP/R1B1R1K1,,,7,35,27,False,202310
202310054949977,39,e1e8,18.0,True,399.0,540.0,4rrk1/5ppp/p1pb4/1p1n3q/3P2b1/1BP3P1/PP1N1PQP/R1B1R1K1,,,11,35,27,False,202310
202310016474351,35,e1f1,13.0,True,1001.0,1027.0,4rrk1/5ppp/p1pb4/1p1n3q/3P2b1/1BP3P1/PP1N1PQP/R1B1R1K1,,,7,35,27,False,202310
202310083329170,35,e1f1,30.0,True,134.0,170.0,4rrk1/5ppp/p1pb4/1p1n3q/3P2b1/1BP3P1/PP1N1PQP/R1B1R1K1,,,7,35,27,False,202310
202310083413092,35,e1e4,32.0,True,112.0,310.0,4rrk1/5ppp/p1pb4/1p1n3q/3P2b1/1BP3P1/PP1N1PQP/R1B1R1K1,,,7,35,27,False,202310
202310083612631,35,e1e8,25.0,True,79.0,113.0,4rrk1/5ppp/p1pb4/1p1n3q/3P2b1/1BP3P1/PP1N1PQP/R1B1R1K1,,,7,35,27,False,202310
202310030025532,35,e1e8,19.0,True,165.0,178.0,4rrk1/5ppp/p1pb4/1p1n3q/3P2b1/1BP3P1/PP1N1PQP/R1B1R1K1,,,7,35,27,False,202310
202310030397905,35,e1e8,57.0,True,185.0,192.0,4rrk1/5ppp/p1pb4/1p1n3q/3P2b1/1BP3P1/PP1N1PQP/R1B1R1K1,,,7,35,27,False,202310
202310019241747,35,d2e4,5.0,True,150.0,150.0,4rrk1/5ppp/p1pb4/1p1n3q/3P2b1/1BP3P1/PP1N1PQP/R1B1R1K1,,,7,35,27,False,202310
202310019528887,35,e1e8,4.0,True,567.0,572.0,4rrk1/5ppp/p1pb4/1p1n3q/3P2b1/1BP3P1/PP1N1PQP/R1B1R1K1,,,7,35,27,False,202310
202310019874433,35,e1f1,55.0,True,169.0,191.0,4rrk1/5ppp/p1pb4/1p1n3q/3P2b1/1BP3P1/PP1N1PQP/R1B1R1K1,,,7,35,27,False,202310
202310019993806,35,e1e8,34.0,True,129.0,159.0,4rrk1/5ppp/p1pb4/1p1n3q/3P2b1/1BP3P1/PP1N1PQP/R1B1R1K1,,,7,35,27,False,202310
202310073471091,35,e1e8,106.0,True,147.0,187.0,4rrk1/5ppp/p1pb4/1p1n3q/3P2b1/1BP3P1/PP1N1PQP/R1B1R1K1,,,7,35,27,False,202310
202310073947515,35,e1f1,48.0,True,72.0,113.0,4rrk1/5ppp/p1pb4/1p1n3q/3P2b1/1BP3P1/PP1N1PQP/R1B1R1K1,,,7,35,27,False,202310
202310015127035,35,g2f1,12.0,True,123.0,163.0,4rrk1/5ppp/p1pb4/1p1n3q/3P2b1/1BP3P1/PP1N1PQP/R1B1R1K1,,,7,35,27,False,202310
202310015127035,39,b3d5,6.0,True,107.0,141.0,4rrk1/5ppp/p1pb4/1p1n3q/3P2b1/1BP3P1/PP1N1PQP/R1B1R1K1,,,11,35,27,False,202310
202310015221380,35,e1e8,8.0,True,386.0,411.0,4rrk1/5ppp/p1pb4/1p1n3q/3P2b1/1BP3P1/PP1N1PQP/R1B1R1K1,,,7,35,27,False,202310
202310015468826,35,d2e4,9.0,True,137.0,138.0,4rrk1/5ppp/p1pb4/1p1n3q/3P2b1/1BP3P1/PP1N1PQP/R1B1R1K1,,,7,35,27,False,202310
202310015779085,35,e1e8,18.0,True,115.0,130.0,4rrk1/5ppp/p1pb4/1p1n3q/3P2b1/1BP3P1/PP1N1PQP/R1B1R1K1,,,7,35,27,False,202310
202310015860420,35,e1e4,25.0,True,65.0,115.0,4rrk1/5ppp/p1pb4/1p1n3q/3P2b1/1BP3P1/PP1N1PQP/R1B1R1K1,,,7,35,27,False,202310
202310067151998,35,e1e8,111.0,True,1143.0,1250.0,4rrk1/5ppp/p1pb4/1p1n3q/3P2b1/1BP3P1/PP1N1PQP/R1B1R1K1,,,7,35,27,False,202310
202310067261826,35,e1e8,6.0,True,139.0,153.0,4rrk1/5ppp/p1pb4/1p1n3q/3P2b1/1BP3P1/PP1N1PQP/R1B1R1K1,,,7,35,27,False,202310
202310067331565,35,e1e8,4.0,True,156.0,165.0,4rrk1/5ppp/p1pb4/1p1n3q/3P2b1/1BP3P1/PP1N1PQP/R1B1R1K1,,,7,35,27,False,202310
202310067688139,35,e1e8,4.0,True,30.0,36.0,4rrk1/5ppp/p1pb4/1p1n3q/3P2b1/1BP3P1/PP1N1PQP/R1B1R1K1,,,7,35,27,False,202310
202310067800582,35,d2e4,5.0,True,103.0,107.0,4rrk1/5ppp/p1pb4/1p1n3q/3P2b1/1BP3P1/PP1N1PQP/R1B1R1K1,,,7,35,27,False,202310
202310067813635,35,e1f1,29.0,True,516.0,564.0,4rrk1/5ppp/p1pb4/1p1n3q/3P2b1/1BP3P1/PP1N1PQP/R1B1R1K1,,,7,35,27,False,202310
202310026694349,35,g2f1,22.0,True,154.0,179.0,4rrk1/5ppp/p1pb4/1p1n3q/3P2b1/1BP3P1/PP1N1PQP/R1B1R1K1,,,7,35,27,False,202310
202310079228332,35,e1e8,83.0,True,304.0,303.0,4rrk1/5ppp/p1pb4/1p1n3q/3P2b1/1BP3P1/PP1N1PQP/R1B1R1K1,,,7,35,27,False,202310
202310079533338,35,e1e8,23.0,True,38.0,44.0,4rrk1/5ppp/p1pb4/1p1n3q/3P2b1/1BP3P1/PP1N1PQP/R1B1R1K1,,,7,35,27,False,202310
202310002156961,35,e1e8,39.0,True,273.0,273.0,4rrk1/5ppp/p1pb4/1p1n3q/3P2b1/1BP3P1/PP1N1PQP/R1B1R1K1,,,7,35,27,False,202310
202310002264250,35,e1e8,11.0,True,190.0,188.0,4rrk1/5ppp/p1pb4/1p1n3q/3P2b1/1BP3P1/PP1N1PQP/R1B1R1K1,,,7,35,27,False,202310
202310002369919,35,e1e8,8.0,True,95.0,120.0,4rrk1/5ppp/p1pb4/1p1n3q/3P2b1/1BP3P1/PP1N1PQP/R1B1R1K1,,,7,35,27,False,202310
202310002795456,35,d2e4,3.0,True,115.0,115.0,4rrk1/5ppp/p1pb4/1p1n3q/3P2b1/1BP3P1/PP1N1PQP/R1B1R1K1,,,7,35,27,False,202310
202310014153415,35,e1f1,16.0,True,128.0,148.0,4rrk1/5ppp/p1pb4/1p1n3q/3P2b1/1BP3P1/PP1N1PQP/R1B1R1K1,,,7,35,27,False,202310
202310007574605,35,d2e4,20.0,True,253.0,257.0,4rrk1/5ppp/p1pb4/1p1n3q/3P2b1/1BP3P1/PP1N1PQP/R1B1R1K1,,,7,35,27,False,202310
202310007731299,35,e1e4,23.0,True,519.0,566.0,4rrk1/5ppp/p1pb4/1p1n3q/3P2b1/1BP3P1/PP1N1PQP/R1B1R1K1,,,7,35,27,False,202310
202310024046266,35,e1e8,17.0,True,253.0,269.0,4rrk1/5ppp/p1pb4/1p1n3q/3P2b1/1BP3P1/PP1N1PQP/R1B1R1K1,,,7,35,27,False,202310
202310024734759,35,e1e8,38.0,True,143.0,165.0,4rrk1/5ppp/p1pb4/1p1n3q/3P2b1/1BP3P1/PP1N1PQP/R1B1R1K1,,,7,35,27,False,202310
202310045563862,37,e1e8,27.0,True,246.0,245.0,4rrk1/5ppp/p1pb4/1p1n3q/3P2b1/1BP3P1/PP1N1PQP/R1B1R1K1,,,7,35,27,False,202310
202310045590075,35,e1e8,8.0,True,151.0,143.0,4rrk1/5ppp/p1pb4/1p1n3q/3P2b1/1BP3P1/PP1N1PQP/R1B1R1K1,,,7,35,27,False,202310
202310045653640,35,e1e8,10.0,True,38.0,44.0,4rrk1/5ppp/p1pb4/1p1n3q/3P2b1/1BP3P1/PP1N1PQP/R1B1R1K1,,,7,35,27,False,202310
202310052118076,35,e1e8,7.0,True,37.0,50.0,4rrk1/5ppp/p1pb4/1p1n3q/3P2b1/1BP3P1/PP1N1PQP/R1B1R1K1,,,7,35,27,False,202310
202310052404492,35,d2e4,14.0,True,485.0,565.0,4rrk1/5ppp/p1pb4/1p1n3q/3P2b1/1BP3P1/PP1N1PQP/R1B1R1K1,,,7,35,27,False,202310
202310052427771,37,e1f1,30.0,True,181.0,177.0,4rrk1/5ppp/p1pb4/1p1n3q/3P2b1/1BP3P1/PP1N1PQP/R1B1R1K1,,,7,35,27,False,202310
202310052553957,35,e1e8,15.0,True,150.0,168.0,4rrk1/5ppp/p1pb4/1p1n3q/3P2b1/1BP3P1/PP1N1PQP/R1B1R1K1,,,7,35,27,False,202310
202310008692654,35,e1e8,2.0,True,142.0,158.0,4rrk1/5ppp/p1pb4/1p1n3q/3P2b1/1BP3P1/PP1N1PQP/R1B1R1K1,,,7,35,27,False,202310
202310008694342,35,d2e4,7.0,True,158.0,191.0,4rrk1/5ppp/p1pb4/1p1n3q/3P2b1/1BP3P1/PP1N1PQP/R1B1R1K1,,,7,35,27,False,202310
202310008729941,35,e1e8,25.0,True,82.0,171.0,4rrk1/5ppp/p1pb4/1p1n3q/3P2b1/1BP3P1/PP1N1PQP/R1B1R1K1,,,7,35,27,False,202310
202310008740721,35,d2e4,6.0,True,159.0,165.0,4rrk1/5ppp/p1pb4/1p1n3q/3P2b1/1BP3P1/PP1N1PQP/R1B1R1K1,,,7,35,27,False,202310
202310066306919,35,e1e8,21.0,True,170.0,195.0,4rrk1/5ppp/p1pb4/1p1n3q/3P2b1/1BP3P1/PP1N1PQP/R1B1R1K1,,,7,35,27,False,202310
202310064206629,35,e1e8,13.0,True,139.0,156.0,4rrk1/5ppp/p1pb4/1p1n3q/3P2b1/1BP3P1/PP1N1PQP/R1B1R1K1,,,7,35,27,False,202310
202310041572760,35,e1e8,30.0,True,455.0,540.0,4rrk1/5ppp/p1pb4/1p1n3q/3P2b1/1BP3P1/PP1N1PQP/R1B1R1K1,,,7,35,27,False,202310
202310041688533,35,d2e4,4.0,True,259.0,281.0,4rrk1/5ppp/p1pb4/1p1n3q/3P2b1/1BP3P1/PP1N1PQP/R1B1R1K1,,,7,35,27,False,202310
202310041968869,35,e1e8,15.0,True,225.0,211.0,4rrk1/5ppp/p1pb4/1p1n3q/3P2b1/1BP3P1/PP1N1PQP/R1B1R1K1,,,7,35,27,False,202310
202310037037822,35,e1e8,88.0,True,456.0,277.0,4rrk1/5ppp/p1pb4/1p1n3q/3P2b1/1BP3P1/PP1N1PQP/R1B1R1K1,,,7,35,27,False,202310
202310037328682,35,e1f1,87.0,True,510.0,531.0,4rrk1/5ppp/p1pb4/1p1n3q/3P2b1/1BP3P1/PP1N1PQP/R1B1R1K1,,,7,35,27,False,202310
202310029352841,35,e1e8,1.0,True,35.0,48.0,4rrk1/5ppp/p1pb4/1p1n3q/3P2b1/1BP3P1/PP1N1PQP/R1B1R1K1,,,7,35,27,False,202310
202310029364498,35,e1f1,9.0,True,42.0,51.0,4rrk1/5ppp/p1pb4/1p1n3q/3P2b1/1BP3P1/PP1N1PQP/R1B1R1K1,,,7,35,27,False,202310
202310029780296,35,e1f1,39.0,True,366.0,600.0,4rrk1/5ppp/p1pb4/1p1n3q/3P2b1/1BP3P1/PP1N1PQP/R1B1R1K1,,,7,35,27,False,202310
202310091101450,39,e1e8,36.0,True,3465.0,3478.0,4rrk1/5ppp/p1pb4/1p1n3q/3P2b1/1BP3P1/PP1N1PQP/R1B1R1K1,,,11,35,27,False,202310
202310091288253,35,e1f1,5.0,True,228.0,258.0,4rrk1/5ppp/p1pb4/1p1n3q/3P2b1/1BP3P1/PP1N1PQP/R1B1R1K1,,,7,35,27,False,202310
202310013182927,35,e1e4,78.0,True,181.0,199.0,4rrk1/5ppp/p1pb4/1p1n3q/3P2b1/1BP3P1/PP1N1PQP/R1B1R1K1,,,7,35,27,False,202310
202310013405010,35,g2f1,65.0,True,797.0,1008.0,4rrk1/5ppp/p1pb4/1p1n3q/3P2b1/1BP3P1/PP1N1PQP/R1B1R1K1,,,7,35,27,False,202310
202310013733706,35,e1f1,42.0,True,131.0,158.0,4rrk1/5ppp/p1pb4/1p1n3q/3P2b1/1BP3P1/PP1N1PQP/R1B1R1K1,,,7,35,27,False,202310
202310013761060,35,d2e4,16.0,True,272.0,276.0,4rrk1/5ppp/p1pb4/1p1n3q/3P2b1/1BP3P1/PP1N1PQP/R1B1R1K1,,,7,35,27,False,202310
202310081146183,35,e1e8,31.0,True,217.0,220.0,4rrk1/5ppp/p1pb4/1p1n3q/3P2b1/1BP3P1/PP1N1PQP/R1B1R1K1,,,7,35,27,False,202310
202310081321662,35,e1e8,25.0,True,134.0,170.0,4rrk1/5ppp/p1pb4/1p1n3q/3P2b1/1BP3P1/PP1N1PQP/R1B1R1K1,,,7,35,27,False,202310
202310081617039,35,e1e8,32.0,True,99.0,122.0,4rrk1/5ppp/p1pb4/1p1n3q/3P2b1/1BP3P1/PP1N1PQP/R1B1R1K1,,,7,35,27,False,202310
202310081650991,39,d2e4,8.0,True,134.0,146.0,4rrk1/5ppp/p1pb4/1p1n3q/3P2b1/1BP3P1/PP1N1PQP/R1B1R1K1,,,11,35,27,False,202310
202310011130829,35,g2f1,22.0,True,175.0,192.0,4rrk1/5ppp/p1pb4/1p1n3q/3P2b1/1BP3P1/PP1N1PQP/R1B1R1K1,,,7,35,27,False,202310
202310011379743,35,d2e4,30.0,True,526.0,551.0,4rrk1/5ppp/p1pb4/1p1n3q/3P2b1/1BP3P1/PP1N1PQP/R1B1R1K1,,,7,35,27,False,202310
202310011931475,35,d2e4,34.0,True,507.0,575.0,4rrk1/5ppp/p1pb4/1p1n3q/3P2b1/1BP3P1/PP1N1PQP/R1B1R1K1,,,7,35,27,False,202310
202310046316209,35,e1e8,13.0,True,100.0,120.0,4rrk1/5ppp/p1pb4/1p1n3q/3P2b1/1BP3P1/PP1N1PQP/R1B1R1K1,,,7,35,27,False,202310
202310046561277,35,d2f1,16.0,True,245.0,277.0,4rrk1/5ppp/p1pb4/1p1n3q/3P2b1/1BP3P1/PP1N1PQP/R1B1R1K1,,,7,35,27,False,202310
202310046578591,35,e1e8,31.0,True,161.0,181.0,4rrk1/5ppp/p1pb4/1p1n3q/3P2b1/1BP3P1/PP1N1PQP/R1B1R1K1,,,7,35,27,False,202310
202310046616442,35,e1e4,85.0,True,219.0,282.0,4rrk1/5ppp/p1pb4/1p1n3q/3P2b1/1BP3P1/PP1N1PQP/R1B1R1K1,,,7,35,27,False,202310
202310025918775,35,e1f1,32.0,True,235.0,298.0,4rrk1/5ppp/p1pb4/1p1n3q/3P2b1/1BP3P1/PP1N1PQP/R1B1R1K1,,,7,35,27,False,202310
202310025984153,35,e1f1,4.0,True,166.0,185.0,4rrk1/5ppp/p1pb4/1p1n3q/3P2b1/1BP3P1/PP1N1PQP/R1B1R1K1,,,7,35,27,False,202310
202311070176449,35,e1e8,11.0,True,137.0,162.0,4rrk1/5ppp/p1pb4/1p1n3q/3P2b1/1BP3P1/PP1N1PQP/R1B1R1K1,,,7,35,27,False,202311
202311048012691,35,d2e4,15.0,True,108.0,108.0,4rrk1/5ppp/p1pb4/1p1n3q/3P2b1/1BP3P1/PP1N1PQP/R1B1R1K1,,,7,35,27,False,202311
202311048586659,35,e1f1,10.0,True,37.0,44.0,4rrk1/5ppp/p1pb4/1p1n3q/3P2b1/1BP3P1/PP1N1PQP/R1B1R1K1,,,7,35,27,False,202311
202311077098558,35,e1e4,71.0,True,134.0,292.0,4rrk1/5ppp/p1pb4/1p1n3q/3P2b1/1BP3P1/PP1N1PQP/R1B1R1K1,,,7,35,27,False,202311
202311077403896,35,e1e8,63.0,True,173.0,253.0,4rrk1/5ppp/p1pb4/1p1n3q/3P2b1/1BP3P1/PP1N1PQP/R1B1R1K1,,,7,35,27,False,202311
202311077664282,35,d2e4,17.0,True,97.0,126.0,4rrk1/5ppp/p1pb4/1p1n3q/3P2b1/1BP3P1/PP1N1PQP/R1B1R1K1,,,7,35,27,False,202311
202311035368325,35,d2e4,12.0,True,100.0,122.0,4rrk1/5ppp/p1pb4/1p1n3q/3P2b1/1BP3P1/PP1N1PQP/R1B1R1K1,,,7,35,27,False,202311
202311035782792,35,e1e8,51.0,True,565.0,574.0,4rrk1/5ppp/p1pb4/1p1n3q/3P2b1/1BP3P1/PP1N1PQP/R1B1R1K1,,,7,35,27,False,202311
202311032116482,35,e1e8,16.0,True,135.0,158.0,4rrk1/5ppp/p1pb4/1p1n3q/3P2b1/1BP3P1/PP1N1PQP/R1B1R1K1,,,7,35,27,False,202311
202311032137362,35,e1e8,5.0,True,41.0,112.0,4rrk1/5ppp/p1pb4/1p1n3q/3P2b1/1BP3P1/PP1N1PQP/R1B1R1K1,,,7,35,27,False,202311
202311032169407,35,e1e8,48.0,True,143.0,151.0,4rrk1/5ppp/p1pb4/1p1n3q/3P2b1/1BP3P1/PP1N1PQP/R1B1R1K1,,,7,35,27,False,202311
202311032341990,35,e1e8,84.0,True,285.0,317.0,4rrk1/5ppp/p1pb4/1p1n3q/3P2b1/1BP3P1/PP1N1PQP/R1B1R1K1,,,7,35,27,False,202311
202311032776169,35,e1e8,66.0,True,170.0,186.0,4rrk1/5ppp/p1pb4/1p1n3q/3P2b1/1BP3P1/PP1N1PQP/R1B1R1K1,,,7,35,27,False,202311
202311032789050,35,e1e8,57.0,True,442.0,578.0,4rrk1/5ppp/p1pb4/1p1n3q/3P2b1/1BP3P1/PP1N1PQP/R1B1R1K1,,,7,35,27,False,202311
202311006145331,35,e1f1,9.0,True,171.0,165.0,4rrk1/5ppp/p1pb4/1p1n3q/3P2b1/1BP3P1/PP1N1PQP/R1B1R1K1,,,7,35,27,False,202311
202311006694221,35,d2e4,4.0,True,518.0,502.0,4rrk1/5ppp/p1pb4/1p1n3q/3P2b1/1BP3P1/PP1N1PQP/R1B1R1K1,,,7,35,27,False,202311
202311087071128,35,g2f1,12.0,True,38.0,45.0,4rrk1/5ppp/p1pb4/1p1n3q/3P2b1/1BP3P1/PP1N1PQP/R1B1R1K1,,,7,35,27,False,202311
202311065047713,35,e1f1,25.0,True,142.0,156.0,4rrk1/5ppp/p1pb4/1p1n3q/3P2b1/1BP3P1/PP1N1PQP/R1B1R1K1,,,7,35,27,False,202311
202311065220523,35,e1e4,86.0,True,212.0,152.0,4rrk1/5ppp/p1pb4/1p1n3q/3P2b1/1BP3P1/PP1N1PQP/R1B1R1K1,,,7,35,27,False,202311
202311065469078,35,e1f1,22.0,True,134.0,167.0,4rrk1/5ppp/p1pb4/1p1n3q/3P2b1/1BP3P1/PP1N1PQP/R1B1R1K1,,,7,35,27,False,202311
202311065693962,35,e1e8,2.0,True,47.0,51.0,4rrk1/5ppp/p1pb4/1p1n3q/3P2b1/1BP3P1/PP1N1PQP/R1B1R1K1,,,7,35,27,False,202311
202311049519145,35,e1e8,15.0,True,571.0,578.0,4rrk1/5ppp/p1pb4/1p1n3q/3P2b1/1BP3P1/PP1N1PQP/R1B1R1K1,,,7,35,27,False,202311
202311049736883,35,e1e8,13.0,True,256.0,272.0,4rrk1/5ppp/p1pb4/1p1n3q/3P2b1/1BP3P1/PP1N1PQP/R1B1R1K1,,,7,35,27,False,202311
202311005162508,35,e1e8,4.0,True,49.0,49.0,4rrk1/5ppp/p1pb4/1p1n3q/3P2b1/1BP3P1/PP1N1PQP/R1B1R1K1,,,7,35,27,False,202311
202311090081844,35,e1e8,75.0,True,226.0,313.0,4rrk1/5ppp/p1pb4/1p1n3q/3P2b1/1BP3P1/PP1N1PQP/R1B1R1K1,,,7,35,27,False,202311
202311090393182,35,e1f1,42.0,True,885.0,1004.0,4rrk1/5ppp/p1pb4/1p1n3q/3P2b1/1BP3P1/PP1N1PQP/R1B1R1K1,,,7,35,27,False,202311
202311090534788,35,d2e4,5.0,True,153.0,171.0,4rrk1/5ppp/p1pb4/1p1n3q/3P2b1/1BP3P1/PP1N1PQP/R1B1R1K1,,,7,35,27,False,202311
202311090622897,35,e1e8,3.0,True,35.0,38.0,4rrk1/5ppp/p1pb4/1p1n3q/3P2b1/1BP3P1/PP1N1PQP/R1B1R1K1,,,7,35,27,False,202311
202311090625208,35,e1f1,33.0,True,604.0,595.0,4rrk1/5ppp/p1pb4/1p1n3q/3P2b1/1BP3P1/PP1N1PQP/R1B1R1K1,,,7,35,27,False,202311
202311061201631,35,e1f1,15.0,True,164.0,183.0,4rrk1/5ppp/p1pb4/1p1n3q/3P2b1/1BP3P1/PP1N1PQP/R1B1R1K1,,,7,35,27,False,202311
202311061286492,35,e1e8,11.0,True,78.0,122.0,4rrk1/5ppp/p1pb4/1p1n3q/3P2b1/1BP3P1/PP1N1PQP/R1B1R1K1,,,7,35,27,False,202311
202311061876635,35,e1e8,39.0,True,152.0,161.0,4rrk1/5ppp/p1pb4/1p1n3q/3P2b1/1BP3P1/PP1N1PQP/R1B1R1K1,,,7,35,27,False,202311
202311061913532,35,e1e6,34.0,True,514.0,636.0,4rrk1/5ppp/p1pb4/1p1n3q/3P2b1/1BP3P1/PP1N1PQP/R1B1R1K1,,,7,35,27,False,202311
202311057213760,35,d2e4,16.0,True,144.0,181.0,4rrk1/5ppp/p1pb4/1p1n3q/3P2b1/1BP3P1/PP1N1PQP/R1B1R1K1,,,7,35,27,False,202311
202311057291529,35,e1e8,2.0,True,149.0,164.0,4rrk1/5ppp/p1pb4/1p1n3q/3P2b1/1BP3P1/PP1N1PQP/R1B1R1K1,,,7,35,27,False,202311
202311057422991,35,e1e8,5.0,True,92.0,121.0,4rrk1/5ppp/p1pb4/1p1n3q/3P2b1/1BP3P1/PP1N1PQP/R1B1R1K1,,,7,35,27,False,202311
202311057968276,35,f2f3,12.0,True,532.0,552.0,4rrk1/5ppp/p1pb4/1p1n3q/3P2b1/1BP3P1/PP1N1PQP/R1B1R1K1,,,7,35,27,False,202311
202311036133113,35,e1e8,53.0,True,143.0,182.0,4rrk1/5ppp/p1pb4/1p1n3q/3P2b1/1BP3P1/PP1N1PQP/R1B1R1K1,,,7,35,27,False,202311
202311036435066,35,e1e8,4.0,True,161.0,189.0,4rrk1/5ppp/p1pb4/1p1n3q/3P2b1/1BP3P1/PP1N1PQP/R1B1R1K1,,,7,35,27,False,202311
202311036590824,37,d2e4,4.0,True,35.0,35.0,4rrk1/5ppp/p1pb4/1p1n3q/3P2b1/1BP3P1/PP1N1PQP/R1B1R1K1,,,9,35,27,False,202311
202311036841680,35,d2e4,3.0,True,19.0,37.0,4rrk1/5ppp/p1pb4/1p1n3q/3P2b1/1BP3P1/PP1N1PQP/R1B1R1K1,,,7,35,27,False,202311
202311085206615,35,e1e4,79.0,True,245.0,285.0,4rrk1/5ppp/p1pb4/1p1n3q/3P2b1/1BP3P1/PP1N1PQP/R1B1R1K1,,,7,35,27,False,202311
202311009658319,35,e1e4,70.0,True,110.0,121.0,4rrk1/5ppp/p1pb4/1p1n3q/3P2b1/1BP3P1/PP1N1PQP/R1B1R1K1,,,7,35,27,False,202311
202311063289296,35,e1e8,7.0,True,152.0,187.0,4rrk1/5ppp/p1pb4/1p1n3q/3P2b1/1BP3P1/PP1N1PQP/R1B1R1K1,,,7,35,27,False,202311
202311063633624,35,e1e8,27.0,True,307.0,322.0,4rrk1/5ppp/p1pb4/1p1n3q/3P2b1/1BP3P1/PP1N1PQP/R1B1R1K1,,,7,35,27,False,202311
202311059168558,35,g2f1,47.0,True,129.0,182.0,4rrk1/5ppp/p1pb4/1p1n3q/3P2b1/1BP3P1/PP1N1PQP/R1B1R1K1,,,7,35,27,False,202311
202311059345089,35,e1e8,38.0,True,144.0,173.0,4rrk1/5ppp/p1pb4/1p1n3q/3P2b1/1BP3P1/PP1N1PQP/R1B1R1K1,,,7,35,27,False,202311
202311059552814,35,d2e4,5.0,True,107.0,117.0,4rrk1/5ppp/p1pb4/1p1n3q/3P2b1/1BP3P1/PP1N1PQP/R1B1R1K1,,,7,35,27,False,202311
202311059613814,35,e1e8,8.0,True,146.0,186.0,4rrk1/5ppp/p1pb4/1p1n3q/3P2b1/1BP3P1/PP1N1PQP/R1B1R1K1,,,7,35,27,False,202311
202311059614466,35,e1e8,19.0,True,160.0,198.0,4rrk1/5ppp/p1pb4/1p1n3q/3P2b1/1BP3P1/PP1N1PQP/R1B1R1K1,,,7,35,27,False,202311
202311040276439,35,e1e8,12.0,True,211.0,223.0,4rrk1/5ppp/p1pb4/1p1n3q/3P2b1/1BP3P1/PP1N1PQP/R1B1R1K1,,,7,35,27,False,202311
202311040295716,35,e1e8,9.0,True,103.0,77.0,4rrk1/5ppp/p1pb4/1p1n3q/3P2b1/1BP3P1/PP1N1PQP/R1B1R1K1,,,7,35,27,False,202311
202311040771753,35,d2e4,3.0,True,28.0,48.0,4rrk1/5ppp/p1pb4/1p1n3q/3P2b1/1BP3P1/PP1N1PQP/R1B1R1K1,,,7,35,27,False,202311
202311040843333,35,e1f1,21.0,True,147.0,178.0,4rrk1/5ppp/p1pb4/1p1n3q/3P2b1/1BP3P1/PP1N1PQP/R1B1R1K1,,,7,35,27,False,202311
202311040992748,35,e1e8,39.0,True,49.0,121.0,4rrk1/5ppp/p1pb4/1p1n3q/3P2b1/1BP3P1/PP1N1PQP/R1B1R1K1,,,7,35,27,False,202311
202311021436935,35,e1e8,4.0,True,160.0,179.0,4rrk1/5ppp/p1pb4/1p1n3q/3P2b1/1BP3P1/PP1N1PQP/R1B1R1K1,,,7,35,27,False,202311
202311021507130,35,e1f1,10.0,True,122.0,171.0,4rrk1/5ppp/p1pb4/1p1n3q/3P2b1/1BP3P1/PP1N1PQP/R1B1R1K1,,,7,35,27,False,202311
202311062035111,35,d2e4,20.0,True,100.0,118.0,4rrk1/5ppp/p1pb4/1p1n3q/3P2b1/1BP3P1/PP1N1PQP/R1B1R1K1,,,7,35,27,False,202311
202311022432744,35,g1f1,34.0,True,114.0,113.0,4rrk1/5ppp/p1pb4/1p1n3q/3P2b1/1BP3P1/PP1N1PQP/R1B1R1K1,,,7,35,27,False,202311
202311022902406,35,d2e4,8.0,True,77.0,161.0,4rrk1/5ppp/p1pb4/1p1n3q/3P2b1/1BP3P1/PP1N1PQP/R1B1R1K1,,,7,35,27,False,202311
202311042468551,35,e1e8,21.0,True,120.0,166.0,4rrk1/5ppp/p1pb4/1p1n3q/3P2b1/1BP3P1/PP1N1PQP/R1B1R1K1,,,7,35,27,False,202311
202311042742542,35,g2f1,19.0,True,180.0,182.0,4rrk1/5ppp/p1pb4/1p1n3q/3P2b1/1BP3P1/PP1N1PQP/R1B1R1K1,,,7,35,27,False,202311
202311038201366,35,e1e4,37.0,True,138.0,160.0,4rrk1/5ppp/p1pb4/1p1n3q/3P2b1/1BP3P1/PP1N1PQP/R1B1R1K1,,,7,35,27,False,202311
202311038302806,35,e1e8,42.0,True,260.0,266.0,4rrk1/5ppp/p1pb4/1p1n3q/3P2b1/1BP3P1/PP1N1PQP/R1B1R1K1,,,7,35,27,False,202311
202311038452543,35,e1e4,3.0,True,45.0,49.0,4rrk1/5ppp/p1pb4/1p1n3q/3P2b1/1BP3P1/PP1N1PQP/R1B1R1K1,,,7,35,27,False,202311
202311038809117,35,e1e8,17.0,True,142.0,161.0,4rrk1/5ppp/p1pb4/1p1n3q/3P2b1/1BP3P1/PP1N1PQP/R1B1R1K1,,,7,35,27,False,202311
202311038899335,35,d2e4,12.0,True,163.0,170.0,4rrk1/5ppp/p1pb4/1p1n3q/3P2b1/1BP3P1/PP1N1PQP/R1B1R1K1,,,7,35,27,False,202311
202311039422536,35,e1e8,20.0,True,101.0,183.0,4rrk1/5ppp/p1pb4/1p1n3q/3P2b1/1BP3P1/PP1N1PQP/R1B1R1K1,,,7,35,27,False,202311
202311039471956,35,d2e4,35.0,True,264.0,267.0,4rrk1/5ppp/p1pb4/1p1n3q/3P2b1/1BP3P1/PP1N1PQP/R1B1R1K1,,,7,35,27,False,202311
202311039745680,35,e1e8,12.0,True,261.0,285.0,4rrk1/5ppp/p1pb4/1p1n3q/3P2b1/1BP3P1/PP1N1PQP/R1B1R1K1,,,7,35,27,False,202311
202311039789711,35,e1e8,16.0,True,131.0,158.0,4rrk1/5ppp/p1pb4/1p1n3q/3P2b1/1BP3P1/PP1N1PQP/R1B1R1K1,,,5,35,27,False,202311
202311084675585,35,e1e8,5.0,True,148.0,189.0,4rrk1/5ppp/p1pb4/1p1n3q/3P2b1/1BP3P1/PP1N1PQP/R1B1R1K1,,,7,35,27,False,202311
202311084758276,35,e1f1,2.0,True,41.0,47.0,4rrk1/5ppp/p1pb4/1p1n3q/3P2b1/1BP3P1/PP1N1PQP/R1B1R1K1,,,7,35,27,False,202311
202311080263211,35,e1f1,16.0,True,102.0,123.0,4rrk1/5ppp/p1pb4/1p1n3q/3P2b1/1BP3P1/PP1N1PQP/R1B1R1K1,,,7,35,27,False,202311
202311080716558,35,e1f1,16.0,True,156.0,153.0,4rrk1/5ppp/p1pb4/1p1n3q/3P2b1/1BP3P1/PP1N1PQP/R1B1R1K1,,,7,35,27,False,202311
202311069213874,35,e1f1,12.0,True,148.0,158.0,4rrk1/5ppp/p1pb4/1p1n3q/3P2b1/1BP3P1/PP1N1PQP/R1B1R1K1,,,7,35,27,False,202311
202311069277891,35,e1e4,58.0,True,193.0,192.0,4rrk1/5ppp/p1pb4/1p1n3q/3P2b1/1BP3P1/PP1N1PQP/R1B1R1K1,,,7,35,27,False,202311
202311069993384,35,e1e8,3.0,True,36.0,50.0,4rrk1/5ppp/p1pb4/1p1n3q/3P2b1/1BP3P1/PP1N1PQP/R1B1R1K1,,,7,35,27,False,202311
202311082113472,35,e1e8,13.0,True,108.0,119.0,4rrk1/5ppp/p1pb4/1p1n3q/3P2b1/1BP3P1/PP1N1PQP/R1B1R1K1,,,7,35,27,False,202311
202311003697891,35,d2e4,2.0,True,48.0,52.0,4rrk1/5ppp/p1pb4/1p1n3q/3P2b1/1BP3P1/PP1N1PQP/R1B1R1K1,,,7,35,27,False,202311
202311003857673,35,e1e8,24.0,True,271.0,275.0,4rrk1/5ppp/p1pb4/1p1n3q/3P2b1/1BP3P1/PP1N1PQP/R1B1R1K1,,,7,35,27,False,202311
202311055614720,35,e1e8,48.0,True,244.0,204.0,4rrk1/5ppp/p1pb4/1p1n3q/3P2b1/1BP3P1/PP1N1PQP/R1B1R1K1,,,7,35,27,False,202311
202311055856718,35,e1f1,9.0,True,243.0,268.0,4rrk1/5ppp/p1pb4/1p1n3q/3P2b1/1BP3P1/PP1N1PQP/R1B1R1K1,,,7,35,27,False,202311
202311020366130,35,g2f1,48.0,True,129.0,128.0,4rrk1/5ppp/p1pb4/1p1n3q/3P2b1/1BP3P1/PP1N1PQP/R1B1R1K1,,,7,35,27,False,202311
202311020738444,35,e1e4,41.0,True,158.0,178.0,4rrk1/5ppp/p1pb4/1p1n3q/3P2b1/1BP3P1/PP1N1PQP/R1B1R1K1,,,7,35,27,False,202311
202311020795983,35,e1f1,13.0,True,39.0,41.0,4rrk1/5ppp/p1pb4/1p1n3q/3P2b1/1BP3P1/PP1N1PQP/R1B1R1K1,,,7,35,27,False,202311
202311004002030,35,e1e8,6.0,True,58.0,76.0,4rrk1/5ppp/p1pb4/1p1n3q/3P2b1/1BP3P1/PP1N1PQP/R1B1R1K1,,,5,35,27,False,202311
202311004460315,35,e1f1,27.0,True,514.0,582.0,4rrk1/5ppp/p1pb4/1p1n3q/3P2b1/1BP3P1/PP1N1PQP/R1B1R1K1,,,7,35,27,False,202311
202311004657114,35,e1e8,8.0,True,44.0,50.0,4rrk1/5ppp/p1pb4/1p1n3q/3P2b1/1BP3P1/PP1N1PQP/R1B1R1K1,,,7,35,27,False,202311
202311004855573,35,e1f1,1.0,True,297.0,318.0,4rrk1/5ppp/p1pb4/1p1n3q/3P2b1/1BP3P1/PP1N1PQP/R1B1R1K1,,,7,35,27,False,202311
202311031244723,35,g2f1,65.0,True,68.0,157.0,4rrk1/5ppp/p1pb4/1p1n3q/3P2b1/1BP3P1/PP1N1PQP/R1B1R1K1,,,7,35,27,False,202311
202311031323467,35,e1e8,21.0,True,179.0,179.0,4rrk1/5ppp/p1pb4/1p1n3q/3P2b1/1BP3P1/PP1N1PQP/R1B1R1K1,,,7,35,27,False,202311
202311031620461,35,e1f1,50.0,True,233.0,285.0,4rrk1/5ppp/p1pb4/1p1n3q/3P2b1/1BP3P1/PP1N1PQP/R1B1R1K1,,,7,35,27,False,202311
202311031637922,35,e1e8,106.0,True,1257.0,1381.0,4rrk1/5ppp/p1pb4/1p1n3q/3P2b1/1BP3P1/PP1N1PQP/R1B1R1K1,,,7,35,27,False,202311
202311031888382,35,g2f1,20.0,True,259.0,275.0,4rrk1/5ppp/p1pb4/1p1n3q/3P2b1/1BP3P1/PP1N1PQP/R1B1R1K1,,,7,35,27,False,202311
202311060021541,35,e1e8,13.0,True,145.0,172.0,4rrk1/5ppp/p1pb4/1p1n3q/3P2b1/1BP3P1/PP1N1PQP/R1B1R1K1,,,7,35,27,False,202311
202311060038477,35,e1f1,26.0,True,298.0,304.0,4rrk1/5ppp/p1pb4/1p1n3q/3P2b1/1BP3P1/PP1N1PQP/R1B1R1K1,,,7,35,27,False,202311
202311060144649,35,e1e8,12.0,True,104.0,114.0,4rrk1/5ppp/p1pb4/1p1n3q/3P2b1/1BP3P1/PP1N1PQP/R1B1R1K1,,,7,35,27,False,202311
202311060401725,35,e1e8,3.0,True,38.0,38.0,4rrk1/5ppp/p1pb4/1p1n3q/3P2b1/1BP3P1/PP1N1PQP/R1B1R1K1,,,7,35,27,False,202311
202311056131170,35,e1e8,13.0,True,155.0,162.0,4rrk1/5ppp/p1pb4/1p1n3q/3P2b1/1BP3P1/PP1N1PQP/R1B1R1K1,,,7,35,27,False,202311
202311056167612,35,d2e4,5.0,True,144.0,181.0,4rrk1/5ppp/p1pb4/1p1n3q/3P2b1/1BP3P1/PP1N1PQP/R1B1R1K1,,,7,35,27,False,202311
202311056216532,35,e1e4,34.0,True,156.0,152.0,4rrk1/5ppp/p1pb4/1p1n3q/3P2b1/1BP3P1/PP1N1PQP/R1B1R1K1,,,7,35,27,False,202311
202311056530321,35,e1f1,44.0,True,171.0,276.0,4rrk1/5ppp/p1pb4/1p1n3q/3P2b1/1BP3P1/PP1N1PQP/R1B1R1K1,,,7,35,27,False,202311
202311058047125,35,d2e4,7.0,True,45.0,46.0,4rrk1/5ppp/p1pb4/1p1n3q/3P2b1/1BP3P1/PP1N1PQP/R1B1R1K1,,,7,35,27,False,202311
202311058206351,35,e1f1,8.0,True,71.0,58.0,4rrk1/5ppp/p1pb4/1p1n3q/3P2b1/1BP3P1/PP1N1PQP/R1B1R1K1,,,7,35,27,False,202311
202311068402823,35,e1e8,38.0,True,473.0,456.0,4rrk1/5ppp/p1pb4/1p1n3q/3P2b1/1BP3P1/PP1N1PQP/R1B1R1K1,,,7,35,27,False,202311
202311068424979,35,e1e8,17.0,True,146.0,173.0,4rrk1/5ppp/p1pb4/1p1n3q/3P2b1/1BP3P1/PP1N1PQP/R1B1R1K1,,,7,35,27,False,202311
202311068881835,35,e1e8,14.0,True,544.0,522.0,4rrk1/5ppp/p1pb4/1p1n3q/3P2b1/1BP3P1/PP1N1PQP/R1B1R1K1,,,7,35,27,False,202311
202311068920652,35,e1f1,6.0,True,149.0,169.0,4rrk1/5ppp/p1pb4/1p1n3q/3P2b1/1BP3P1/PP1N1PQP/R1B1R1K1,,,7,35,27,False,202311
202311012127278,35,e1f1,15.0,True,148.0,149.0,4rrk1/5ppp/p1pb4/1p1n3q/3P2b1/1BP3P1/PP1N1PQP/R1B1R1K1,,,7,35,27,False,202311
202311012724173,35,d2e4,4.0,True,39.0,32.0,4rrk1/5ppp/p1pb4/1p1n3q/3P2b1/1BP3P1/PP1N1PQP/R1B1R1K1,,,7,35,27,False,202311
202311078089753,35,e1e8,18.0,True,313.0,278.0,4rrk1/5ppp/p1pb4/1p1n3q/3P2b1/1BP3P1/PP1N1PQP/R1B1R1K1,,,7,35,27,False,202311
202311078253159,35,e1e8,9.0,True,85.0,109.0,4rrk1/5ppp/p1pb4/1p1n3q/3P2b1/1BP3P1/PP1N1PQP/R1B1R1K1,,,7,35,27,False,202311
202311027185166,35,d2e4,4.0,True,98.0,120.0,4rrk1/5ppp/p1pb4/1p1n3q/3P2b1/1BP3P1/PP1N1PQP/R1B1R1K1,,,7,35,27,False,202311
202311043983371,35,d2e4,73.0,True,1517.0,1623.0,4rrk1/5ppp/p1pb4/1p1n3q/3P2b1/1BP3P1/PP1N1PQP/R1B1R1K1,,,7,35,27,False,202311
202311050228577,35,e1e8,25.0,True,47.0,111.0,4rrk1/5ppp/p1pb4/1p1n3q/3P2b1/1BP3P1/PP1N1PQP/R1B1R1K1,,,7,35,27,False,202311
202311050253740,35,e1e8,9.0,True,177.0,176.0,4rrk1/5ppp/p1pb4/1p1n3q/3P2b1/1BP3P1/PP1N1PQP/R1B1R1K1,,,7,35,27,False,202311
202311050676385,35,d2e4,3.0,True,175.0,164.0,4rrk1/5ppp/p1pb4/1p1n3q/3P2b1/1BP3P1/PP1N1PQP/R1B1R1K1,,,7,35,27,False,202311
202311088179655,35,e1f1,7.0,True,43.0,51.0,4rrk1/5ppp/p1pb4/1p1n3q/3P2b1/1BP3P1/PP1N1PQP/R1B1R1K1,,,7,35,27,False,202311
202311088641322,35,d2e4,10.0,True,223.0,243.0,4rrk1/5ppp/p1pb4/1p1n3q/3P2b1/1BP3P1/PP1N1PQP/R1B1R1K1,,,7,35,27,False,202311
202311028185666,35,e1f1,7.0,True,149.0,181.0,4rrk1/5ppp/p1pb4/1p1n3q/3P2b1/1BP3P1/PP1N1PQP/R1B1R1K1,,,7,35,27,False,202311
202311028220604,35,b3d5,7.0,True,244.0,263.0,4rrk1/5ppp/p1pb4/1p1n3q/3P2b1/1BP3P1/PP1N1PQP/R1B1R1K1,,,7,35,27,False,202311
202311028678020,35,g1f1,5.0,True,45.0,47.0,4rrk1/5ppp/p1pb4/1p1n3q/3P2b1/1BP3P1/PP1N1PQP/R1B1R1K1,,,7,35,27,False,202311
202311028866482,35,e1f1,21.0,True,77.0,162.0,4rrk1/5ppp/p1pb4/1p1n3q/3P2b1/1BP3P1/PP1N1PQP/R1B1R1K1,,,7,35,27,False,202311
202311071749131,35,e1e3,22.0,True,78.0,147.0,4rrk1/5ppp/p1pb4/1p1n3q/3P2b1/1BP3P1/PP1N1PQP/R1B1R1K1,,,7,35,27,False,202311
202311076010384,35,d2e4,24.0,True,295.0,320.0,4rrk1/5ppp/p1pb4/1p1n3q/3P2b1/1BP3P1/PP1N1PQP/R1B1R1K1,,,7,35,27,False,202311
202311076074754,35,e1e8,14.0,True,186.0,196.0,4rrk1/5ppp/p1pb4/1p1n3q/3P2b1/1BP3P1/PP1N1PQP/R1B1R1K1,,,7,35,27,False,202311
202311076081555,35,e1e8,40.0,True,121.0,150.0,4rrk1/5ppp/p1pb4/1p1n3q/3P2b1/1BP3P1/PP1N1PQP/R1B1R1K1,,,7,35,27,False,202311
202311076561945,35,e1e8,22.0,True,151.0,173.0,4rrk1/5ppp/p1pb4/1p1n3q/3P2b1/1BP3P1/PP1N1PQP/R1B1R1K1,,,7,35,27,False,202311
202311076588837,35,d2e4,65.0,True,250.0,272.0,4rrk1/5ppp/p1pb4/1p1n3q/3P2b1/1BP3P1/PP1N1PQP/R1B1R1K1,,,7,35,27,False,202311
202311076736077,35,e1e8,5.0,True,168.0,200.0,4rrk1/5ppp/p1pb4/1p1n3q/3P2b1/1BP3P1/PP1N1PQP/R1B1R1K1,,,7,35,27,False,202311
202311076750842,35,e1e8,4.0,True,105.0,132.0,4rrk1/5ppp/p1pb4/1p1n3q/3P2b1/1BP3P1/PP1N1PQP/R1B1R1K1,,,7,35,27,False,202311
202311017245080,35,e1e8,19.0,True,194.0,209.0,4rrk1/5ppp/p1pb4/1p1n3q/3P2b1/1BP3P1/PP1N1PQP/R1B1R1K1,,,7,35,27,False,202311
202311017484552,35,e1e8,19.0,True,233.0,277.0,4rrk1/5ppp/p1pb4/1p1n3q/3P2b1/1BP3P1/PP1N1PQP/R1B1R1K1,,,7,35,27,False,202311
202311017496616,35,e1f1,10.0,True,45.0,23.0,4rrk1/5ppp/p1pb4/1p1n3q/3P2b1/1BP3P1/PP1N1PQP/R1B1R1K1,,,7,35,27,False,202311
202311017659647,35,e1e8,78.0,True,95.0,196.0,4rrk1/5ppp/p1pb4/1p1n3q/3P2b1/1BP3P1/PP1N1PQP/R1B1R1K1,,,7,35,27,False,202311
202311017857494,35,e1e8,66.0,True,1519.0,1558.0,4rrk1/5ppp/p1pb4/1p1n3q/3P2b1/1BP3P1/PP1N1PQP/R1B1R1K1,,,7,35,27,False,202311
202311053759462,35,e1e8,23.0,True,81.0,111.0,4rrk1/5ppp/p1pb4/1p1n3q/3P2b1/1BP3P1/PP1N1PQP/R1B1R1K1,,,7,35,27,False,202311
202311053850682,35,e1e8,7.0,True,82.0,121.0,4rrk1/5ppp/p1pb4/1p1n3q/3P2b1/1BP3P1/PP1N1PQP/R1B1R1K1,,,7,35,27,False,202311
202311047029446,35,e1e8,2.0,True,45.0,53.0,4rrk1/5ppp/p1pb4/1p1n3q/3P2b1/1BP3P1/PP1N1PQP/R1B1R1K1,,,7,35,27,False,202311
202311047267440,35,g2f1,36.0,True,130.0,180.0,4rrk1/5ppp/p1pb4/1p1n3q/3P2b1/1BP3P1/PP1N1PQP/R1B1R1K1,,,7,35,27,False,202311
202311047707912,35,e1e8,18.0,True,136.0,151.0,4rrk1/5ppp/p1pb4/1p1n3q/3P2b1/1BP3P1/PP1N1PQP/R1B1R1K1,,,7,35,27,False,202311
202311010845478,35,e1f1,16.0,True,165.0,158.0,4rrk1/5ppp/p1pb4/1p1n3q/3P2b1/1BP3P1/PP1N1PQP/R1B1R1K1,,,7,35,27,False,202311
202311089854787,35,e1e8,6.0,True,37.0,45.0,4rrk1/5ppp/p1pb4/1p1n3q/3P2b1/1BP3P1/PP1N1PQP/R1B1R1K1,,,7,35,27,False,202311
202311075017835,35,e1f1,26.0,True,139.0,184.0,4rrk1/5ppp/p1pb4/1p1n3q/3P2b1/1BP3P1/PP1N1PQP/R1B1R1K1,,,7,35,27,False,202311
202311075386093,35,d2e4,10.0,True,130.0,142.0,4rrk1/5ppp/p1pb4/1p1n3q/3P2b1/1BP3P1/PP1N1PQP/R1B1R1K1,,,7,35,27,False,202311
202311075589347,35,d2e4,6.0,True,162.0,161.0,4rrk1/5ppp/p1pb4/1p1n3q/3P2b1/1BP3P1/PP1N1PQP/R1B1R1K1,,,7,35,27,False,202311
202311033307235,35,d2e4,43.0,True,168.0,194.0,4rrk1/5ppp/p1pb4/1p1n3q/3P2b1/1BP3P1/PP1N1PQP/R1B1R1K1,,,7,35,27,False,202311
202311033387560,35,e1e8,39.0,True,291.0,272.0,4rrk1/5ppp/p1pb4/1p1n3q/3P2b1/1BP3P1/PP1N1PQP/R1B1R1K1,,,7,35,27,False,202311
202311033987945,35,e1f1,25.0,True,164.0,170.0,4rrk1/5ppp/p1pb4/1p1n3q/3P2b1/1BP3P1/PP1N1PQP/R1B1R1K1,,,7,35,27,False,202311
202311086089096,35,d2e4,18.0,True,152.0,163.0,4rrk1/5ppp/p1pb4/1p1n3q/3P2b1/1BP3P1/PP1N1PQP/R1B1R1K1,,,7,35,27,False,202311
202311086816272,35,e1e8,5.0,True,45.0,47.0,4rrk1/5ppp/p1pb4/1p1n3q/3P2b1/1BP3P1/PP1N1PQP/R1B1R1K1,,,7,35,27,False,202311
202311086919407,35,d2e4,1.0,True,68.0,155.0,4rrk1/5ppp/p1pb4/1p1n3q/3P2b1/1BP3P1/PP1N1PQP/R1B1R1K1,,,7,35,27,False,202311
202311034230594,35,e1e8,46.0,True,262.0,289.0,4rrk1/5ppp/p1pb4/1p1n3q/3P2b1/1BP3P1/PP1N1PQP/R1B1R1K1,,,7,35,27,False,202311
202311034841214,35,e1f1,29.0,True,147.0,197.0,4rrk1/5ppp/p1pb4/1p1n3q/3P2b1/1BP3P1/PP1N1PQP/R1B1R1K1,,,7,35,27,False,202311
202311092574934,35,e1f1,26.0,True,97.0,103.0,4rrk1/5ppp/p1pb4/1p1n3q/3P2b1/1BP3P1/PP1N1PQP/R1B1R1K1,,,5,35,27,False,202311
202311044104042,35,d2e4,9.0,True,263.0,255.0,4rrk1/5ppp/p1pb4/1p1n3q/3P2b1/1BP3P1/PP1N1PQP/R1B1R1K1,,,7,35,27,False,202311
202311044329553,35,e1f1,88.0,True,211.0,289.0,4rrk1/5ppp/p1pb4/1p1n3q/3P2b1/1BP3P1/PP1N1PQP/R1B1R1K1,,,7,35,27,False,202311
202311044468144,35,e1f1,19.0,True,249.0,277.0,4rrk1/5ppp/p1pb4/1p1n3q/3P2b1/1BP3P1/PP1N1PQP/R1B1R1K1,,,7,35,27,False,202311
202311044576490,35,e1f1,51.0,True,158.0,195.0,4rrk1/5ppp/p1pb4/1p1n3q/3P2b1/1BP3P1/PP1N1PQP/R1B1R1K1,,,7,35,27,False,202311
202311044813601,35,e1e8,5.0,True,20.0,50.0,4rrk1/5ppp/p1pb4/1p1n3q/3P2b1/1BP3P1/PP1N1PQP/R1B1R1K1,,,7,35,27,False,202311
202311018197423,35,e1e4,38.0,True,246.0,284.0,4rrk1/5ppp/p1pb4/1p1n3q/3P2b1/1BP3P1/PP1N1PQP/R1B1R1K1,,,7,35,27,False,202311
202311018364875,35,e1e8,18.0,True,155.0,159.0,4rrk1/5ppp/p1pb4/1p1n3q/3P2b1/1BP3P1/PP1N1PQP/R1B1R1K1,,,7,35,27,False,202311
202311018375408,35,e1e8,8.0,True,106.0,121.0,4rrk1/5ppp/p1pb4/1p1n3q/3P2b1/1BP3P1/PP1N1PQP/R1B1R1K1,,,7,35,27,False,202311
202311018383205,35,e1e8,69.0,True,149.0,140.0,4rrk1/5ppp/p1pb4/1p1n3q/3P2b1/1BP3P1/PP1N1PQP/R1B1R1K1,,,7,35,27,False,202311
202311018640221,35,e1e8,39.0,True,491.0,526.0,4rrk1/5ppp/p1pb4/1p1n3q/3P2b1/1BP3P1/PP1N1PQP/R1B1R1K1,,,7,35,27,False,202311
202311018855992,35,e1e8,37.0,True,240.0,288.0,4rrk1/5ppp/p1pb4/1p1n3q/3P2b1/1BP3P1/PP1N1PQP/R1B1R1K1,,,7,35,27,False,202311
202311054076661,35,e1e8,6.0,True,144.0,164.0,4rrk1/5ppp/p1pb4/1p1n3q/3P2b1/1BP3P1/PP1N1PQP/R1B1R1K1,,,7,35,27,False,202311
202311054364469,35,e1f1,35.0,True,144.0,168.0,4rrk1/5ppp/p1pb4/1p1n3q/3P2b1/1BP3P1/PP1N1PQP/R1B1R1K1,,,7,35,27,False,202311
202311054790956,35,d2e4,6.0,True,524.0,495.0,4rrk1/5ppp/p1pb4/1p1n3q/3P2b1/1BP3P1/PP1N1PQP/R1B1R1K1,,,7,35,27,False,202311
202311054908493,35,e1e8,4.0,True,143.0,199.0,4rrk1/5ppp/p1pb4/1p1n3q/3P2b1/1BP3P1/PP1N1PQP/R1B1R1K1,,,7,35,27,False,202311
202311016481891,35,e1e4,29.0,True,509.0,551.0,4rrk1/5ppp/p1pb4/1p1n3q/3P2b1/1BP3P1/PP1N1PQP/R1B1R1K1,,,7,35,27,False,202311
202311072373744,35,g2f1,28.0,True,521.0,569.0,4rrk1/5ppp/p1pb4/1p1n3q/3P2b1/1BP3P1/PP1N1PQP/R1B1R1K1,,,7,35,27,False,202311
202311072590198,35,e1e8,28.0,True,180.0,196.0,4rrk1/5ppp/p1pb4/1p1n3q/3P2b1/1BP3P1/PP1N1PQP/R1B1R1K1,,,7,35,27,False,202311
202311083092866,35,e1f1,173.0,True,495.0,546.0,4rrk1/5ppp/p1pb4/1p1n3q/3P2b1/1BP3P1/PP1N1PQP/R1B1R1K1,,,7,35,27,False,202311
202311083310111,35,g2f1,37.0,True,131.0,144.0,4rrk1/5ppp/p1pb4/1p1n3q/3P2b1/1BP3P1/PP1N1PQP/R1B1R1K1,,,7,35,27,False,202311
202311083415840,35,e1e8,52.0,True,213.0,401.0,4rrk1/5ppp/p1pb4/1p1n3q/3P2b1/1BP3P1/PP1N1PQP/R1B1R1K1,,,7,35,27,False,202311
202311083840250,35,e1e8,10.0,True,237.0,273.0,4rrk1/5ppp/p1pb4/1p1n3q/3P2b1/1BP3P1/PP1N1PQP/R1B1R1K1,,,7,35,27,False,202311
202311030258177,35,b3d5,10.0,True,63.0,121.0,4rrk1/5ppp/p1pb4/1p1n3q/3P2b1/1BP3P1/PP1N1PQP/R1B1R1K1,,,7,35,27,False,202311
202311019458857,35,e1e8,4.0,True,48.0,54.0,4rrk1/5ppp/p1pb4/1p1n3q/3P2b1/1BP3P1/PP1N1PQP/R1B1R1K1,,,7,35,27,False,202311
202311073587453,35,e1f1,7.0,True,42.0,53.0,4rrk1/5ppp/p1pb4/1p1n3q/3P2b1/1BP3P1/PP1N1PQP/R1B1R1K1,,,7,35,27,False,202311
202311073955929,35,g2f1,16.0,True,269.0,261.0,4rrk1/5ppp/p1pb4/1p1n3q/3P2b1/1BP3P1/PP1N1PQP/R1B1R1K1,,,7,35,27,False,202311
202311015392242,35,e1f1,2.0,True,534.0,571.0,4rrk1/5ppp/p1pb4/1p1n3q/3P2b1/1BP3P1/PP1N1PQP/R1B1R1K1,,,7,35,27,False,202311
202311015796685,35,e1e8,4.0,True,169.0,174.0,4rrk1/5ppp/p1pb4/1p1n3q/3P2b1/1BP3P1/PP1N1PQP/R1B1R1K1,,,7,35,27,False,202311
202311067817173,35,e1e8,30.0,True,103.0,116.0,4rrk1/5ppp/p1pb4/1p1n3q/3P2b1/1BP3P1/PP1N1PQP/R1B1R1K1,,,7,35,27,False,202311
202311067878119,35,e1e4,12.0,True,83.0,122.0,4rrk1/5ppp/p1pb4/1p1n3q/3P2b1/1BP3P1/PP1N1PQP/R1B1R1K1,,,7,35,27,False,202311
202311026077065,35,e1e8,11.0,True,102.0,157.0,4rrk1/5ppp/p1pb4/1p1n3q/3P2b1/1BP3P1/PP1N1PQP/R1B1R1K1,,,7,35,27,False,202311
202311026183948,35,g2f1,10.0,True,108.0,115.0,4rrk1/5ppp/p1pb4/1p1n3q/3P2b1/1BP3P1/PP1N1PQP/R1B1R1K1,,,7,35,27,False,202311
202311026305315,35,e1f1,1.0,True,95.0,96.0,4rrk1/5ppp/p1pb4/1p1n3q/3P2b1/1BP3P1/PP1N1PQP/R1B1R1K1,,,7,35,27,False,202311
202311026961314,35,e1e8,21.0,True,144.0,167.0,4rrk1/5ppp/p1pb4/1p1n3q/3P2b1/1BP3P1/PP1N1PQP/R1B1R1K1,,,7,35,27,False,202311
202311079325454,35,e1e8,7.0,True,188.0,189.0,4rrk1/5ppp/p1pb4/1p1n3q/3P2b1/1BP3P1/PP1N1PQP/R1B1R1K1,,,7,35,27,False,202311
202311002048280,35,e1f1,27.0,True,136.0,189.0,4rrk1/5ppp/p1pb4/1p1n3q/3P2b1/1BP3P1/PP1N1PQP/R1B1R1K1,,,7,35,27,False,202311
202311002066521,35,e1e8,21.0,True,141.0,168.0,4rrk1/5ppp/p1pb4/1p1n3q/3P2b1/1BP3P1/PP1N1PQP/R1B1R1K1,,,7,35,27,False,202311
202311002165679,35,e1e8,0.0,True,47.0,58.0,4rrk1/5ppp/p1pb4/1p1n3q/3P2b1/1BP3P1/PP1N1PQP/R1B1R1K1,,,7,35,27,False,202311
202311002210748,35,e1f1,38.0,True,169.0,153.0,4rrk1/5ppp/p1pb4/1p1n3q/3P2b1/1BP3P1/PP1N1PQP/R1B1R1K1,,,7,35,27,False,202311
202311014205415,35,e1f1,45.0,True,188.0,277.0,4rrk1/5ppp/p1pb4/1p1n3q/3P2b1/1BP3P1/PP1N1PQP/R1B1R1K1,,,7,35,27,False,202311
202311014505519,35,e1e8,59.0,True,257.0,199.0,4rrk1/5ppp/p1pb4/1p1n3q/3P2b1/1BP3P1/PP1N1PQP/R1B1R1K1,,,7,35,27,False,202311
202311014583999,35,e1f1,6.0,True,500.0,472.0,4rrk1/5ppp/p1pb4/1p1n3q/3P2b1/1BP3P1/PP1N1PQP/R1B1R1K1,,,7,35,27,False,202311
202311014720381,35,b3d5,3.0,True,42.0,50.0,4rrk1/5ppp/p1pb4/1p1n3q/3P2b1/1BP3P1/PP1N1PQP/R1B1R1K1,,,7,35,27,False,202311
202311007305739,35,d2e4,26.0,True,87.0,114.0,4rrk1/5ppp/p1pb4/1p1n3q/3P2b1/1BP3P1/PP1N1PQP/R1B1R1K1,,,7,35,27,False,202311
202311007981639,35,e1e4,6.0,True,162.0,170.0,4rrk1/5ppp/p1pb4/1p1n3q/3P2b1/1BP3P1/PP1N1PQP/R1B1R1K1,,,7,35,27,False,202311
202311024105509,35,d2e4,5.0,True,91.0,115.0,4rrk1/5ppp/p1pb4/1p1n3q/3P2b1/1BP3P1/PP1N1PQP/R1B1R1K1,,,7,35,27,False,202311
202311024289331,35,e1e8,6.0,True,174.0,165.0,4rrk1/5ppp/p1pb4/1p1n3q/3P2b1/1BP3P1/PP1N1PQP/R1B1R1K1,,,7,35,27,False,202311
202311024494635,35,e1e8,61.0,True,122.0,159.0,4rrk1/5ppp/p1pb4/1p1n3q/3P2b1/1BP3P1/PP1N1PQP/R1B1R1K1,,,7,35,27,False,202311
202311024723262,35,e1e8,10.0,True,149.0,181.0,4rrk1/5ppp/p1pb4/1p1n3q/3P2b1/1BP3P1/PP1N1PQP/R1B1R1K1,,,7,35,27,False,202311
202311024784140,35,e1e8,83.0,True,154.0,167.0,4rrk1/5ppp/p1pb4/1p1n3q/3P2b1/1BP3P1/PP1N1PQP/R1B1R1K1,,,7,35,27,False,202311
202311045170533,35,e1e8,5.0,True,31.0,42.0,4rrk1/5ppp/p1pb4/1p1n3q/3P2b1/1BP3P1/PP1N1PQP/R1B1R1K1,,,7,35,27,False,202311
202311045337857,35,g1f1,5.0,True,170.0,163.0,4rrk1/5ppp/p1pb4/1p1n3q/3P2b1/1BP3P1/PP1N1PQP/R1B1R1K1,,,7,35,27,False,202311
202311052041307,35,d2e4,26.0,True,89.0,184.0,4rrk1/5ppp/p1pb4/1p1n3q/3P2b1/1BP3P1/PP1N1PQP/R1B1R1K1,,,7,35,27,False,202311
202311052483342,35,e1e8,3.0,True,17.0,111.0,4rrk1/5ppp/p1pb4/1p1n3q/3P2b1/1BP3P1/PP1N1PQP/R1B1R1K1,,,7,35,27,False,202311
202311052638082,35,e1e8,15.0,True,146.0,162.0,4rrk1/5ppp/p1pb4/1p1n3q/3P2b1/1BP3P1/PP1N1PQP/R1B1R1K1,,,7,35,27,False,202311
202311052722977,35,e1f1,27.0,True,103.0,112.0,4rrk1/5ppp/p1pb4/1p1n3q/3P2b1/1BP3P1/PP1N1PQP/R1B1R1K1,,,7,35,27,False,202311
202311052722977,39,e1f1,5.0,True,76.0,109.0,4rrk1/5ppp/p1pb4/1p1n3q/3P2b1/1BP3P1/PP1N1PQP/R1B1R1K1,,,11,35,27,False,202311
202311052771933,35,e1e8,63.0,True,93.0,117.0,4rrk1/5ppp/p1pb4/1p1n3q/3P2b1/1BP3P1/PP1N1PQP/R1B1R1K1,,,7,35,27,False,202311
202311052777342,35,g2f1,27.0,True,176.0,188.0,4rrk1/5ppp/p1pb4/1p1n3q/3P2b1/1BP3P1/PP1N1PQP/R1B1R1K1,,,7,35,27,False,202311
202311052878972,35,e1e4,25.0,True,140.0,193.0,4rrk1/5ppp/p1pb4/1p1n3q/3P2b1/1BP3P1/PP1N1PQP/R1B1R1K1,,,7,35,27,False,202311
202311008125176,35,e1e4,19.0,True,211.0,223.0,4rrk1/5ppp/p1pb4/1p1n3q/3P2b1/1BP3P1/PP1N1PQP/R1B1R1K1,,,7,35,27,False,202311
202311008431690,35,e1e8,5.0,True,114.0,107.0,4rrk1/5ppp/p1pb4/1p1n3q/3P2b1/1BP3P1/PP1N1PQP/R1B1R1K1,,,7,35,27,False,202311
202311008862370,35,e1e8,8.0,True,65.0,108.0,4rrk1/5ppp/p1pb4/1p1n3q/3P2b1/1BP3P1/PP1N1PQP/R1B1R1K1,,,7,35,27,False,202311
202311008877429,35,e1f1,12.0,True,94.0,121.0,4rrk1/5ppp/p1pb4/1p1n3q/3P2b1/1BP3P1/PP1N1PQP/R1B1R1K1,,,7,35,27,False,202311
202311008932208,35,g2f1,11.0,True,165.0,181.0,4rrk1/5ppp/p1pb4/1p1n3q/3P2b1/1BP3P1/PP1N1PQP/R1B1R1K1,,,7,35,27,False,202311
202311066200182,35,e1e8,12.0,True,174.0,200.0,4rrk1/5ppp/p1pb4/1p1n3q/3P2b1/1BP3P1/PP1N1PQP/R1B1R1K1,,,7,35,27,False,202311
202311066702922,35,e1e4,42.0,True,138.0,155.0,4rrk1/5ppp/p1pb4/1p1n3q/3P2b1/1BP3P1/PP1N1PQP/R1B1R1K1,,,7,35,27,False,202311
202311066846103,35,d2e4,11.0,True,133.0,171.0,4rrk1/5ppp/p1pb4/1p1n3q/3P2b1/1BP3P1/PP1N1PQP/R1B1R1K1,,,7,35,27,False,202311
202311066911474,35,e1f1,29.0,True,239.0,271.0,4rrk1/5ppp/p1pb4/1p1n3q/3P2b1/1BP3P1/PP1N1PQP/R1B1R1K1,,,7,35,27,False,202311
202311066978051,35,e1e8,10.0,True,522.0,557.0,4rrk1/5ppp/p1pb4/1p1n3q/3P2b1/1BP3P1/PP1N1PQP/R1B1R1K1,,,7,35,27,False,202311
202311041017663,35,e1e8,16.0,True,125.0,186.0,4rrk1/5ppp/p1pb4/1p1n3q/3P2b1/1BP3P1/PP1N1PQP/R1B1R1K1,,,7,35,27,False,202311
202311041797984,35,g2f1,69.0,True,299.0,285.0,4rrk1/5ppp/p1pb4/1p1n3q/3P2b1/1BP3P1/PP1N1PQP/R1B1R1K1,,,7,35,27,False,202311
202311041851970,35,e1e8,78.0,True,269.0,281.0,4rrk1/5ppp/p1pb4/1p1n3q/3P2b1/1BP3P1/PP1N1PQP/R1B1R1K1,,,7,35,27,False,202311
202311037231196,35,e1e8,17.0,True,146.0,185.0,4rrk1/5ppp/p1pb4/1p1n3q/3P2b1/1BP3P1/PP1N1PQP/R1B1R1K1,,,7,35,27,False,202311
202311037632508,35,e1f1,37.0,True,133.0,177.0,4rrk1/5ppp/p1pb4/1p1n3q/3P2b1/1BP3P1/PP1N1PQP/R1B1R1K1,,,7,35,27,False,202311
202311029045502,35,d2e4,3.0,True,49.0,51.0,4rrk1/5ppp/p1pb4/1p1n3q/3P2b1/1BP3P1/PP1N1PQP/R1B1R1K1,,,7,35,27,False,202311
202311029090130,35,e1e4,10.0,True,183.0,174.0,4rrk1/5ppp/p1pb4/1p1n3q/3P2b1/1BP3P1/PP1N1PQP/R1B1R1K1,,,7,35,27,False,202311
202311029326451,35,g2f1,16.0,True,157.0,181.0,4rrk1/5ppp/p1pb4/1p1n3q/3P2b1/1BP3P1/PP1N1PQP/R1B1R1K1,,,7,35,27,False,202311
202311029411813,35,e1e8,48.0,True,122.0,194.0,4rrk1/5ppp/p1pb4/1p1n3q/3P2b1/1BP3P1/PP1N1PQP/R1B1R1K1,,,7,35,27,False,202311
202311029939185,35,g2f1,9.0,True,96.0,183.0,4rrk1/5ppp/p1pb4/1p1n3q/3P2b1/1BP3P1/PP1N1PQP/R1B1R1K1,,,7,35,27,False,202311
202311091176453,35,e1e8,49.0,True,105.0,108.0,4rrk1/5ppp/p1pb4/1p1n3q/3P2b1/1BP3P1/PP1N1PQP/R1B1R1K1,,,7,35,27,False,202311
202311091248505,35,d2e4,11.0,True,250.0,326.0,4rrk1/5ppp/p1pb4/1p1n3q/3P2b1/1BP3P1/PP1N1PQP/R1B1R1K1,,,7,35,27,False,202311
202311091248604,35,g2f1,11.0,True,138.0,162.0,4rrk1/5ppp/p1pb4/1p1n3q/3P2b1/1BP3P1/PP1N1PQP/R1B1R1K1,,,7,35,27,False,202311
202311091817236,35,e1e8,15.0,True,108.0,125.0,4rrk1/5ppp/p1pb4/1p1n3q/3P2b1/1BP3P1/PP1N1PQP/R1B1R1K1,,,7,35,27,False,202311
202311013224327,35,g2f1,37.0,True,386.0,540.0,4rrk1/5ppp/p1pb4/1p1n3q/3P2b1/1BP3P1/PP1N1PQP/R1B1R1K1,,,7,35,27,False,202311
202311013470815,35,e1e8,2.0,True,96.0,116.0,4rrk1/5ppp/p1pb4/1p1n3q/3P2b1/1BP3P1/PP1N1PQP/R1B1R1K1,,,7,35,27,False,202311
202311013742895,39,e1e8,4.0,True,33.0,46.0,4rrk1/5ppp/p1pb4/1p1n3q/3P2b1/1BP3P1/PP1N1PQP/R1B1R1K1,,,11,35,27,False,202311
202311013923111,35,e1f1,72.0,True,512.0,640.0,4rrk1/5ppp/p1pb4/1p1n3q/3P2b1/1BP3P1/PP1N1PQP/R1B1R1K1,,,7,35,27,False,202311
202311081033617,35,e1e8,5.0,True,106.0,167.0,4rrk1/5ppp/p1pb4/1p1n3q/3P2b1/1BP3P1/PP1N1PQP/R1B1R1K1,,,7,35,27,False,202311
202311081803663,35,g2f1,20.0,True,142.0,193.0,4rrk1/5ppp/p1pb4/1p1n3q/3P2b1/1BP3P1/PP1N1PQP/R1B1R1K1,,,7,35,27,False,202311
202311011010704,35,e1f1,7.0,True,148.0,189.0,4rrk1/5ppp/p1pb4/1p1n3q/3P2b1/1BP3P1/PP1N1PQP/R1B1R1K1,,,7,35,27,False,202311
202311011894729,35,e1e8,16.0,True,64.0,105.0,4rrk1/5ppp/p1pb4/1p1n3q/3P2b1/1BP3P1/PP1N1PQP/R1B1R1K1,,,7,35,27,False,202311
202311011943892,35,e1f1,30.0,True,143.0,158.0,4rrk1/5ppp/p1pb4/1p1n3q/3P2b1/1BP3P1/PP1N1PQP/R1B1R1K1,,,7,35,27,False,202311
202311046315617,35,e1e4,38.0,True,169.0,191.0,4rrk1/5ppp/p1pb4/1p1n3q/3P2b1/1BP3P1/PP1N1PQP/R1B1R1K1,,,7,35,27,False,202311
202311025429399,35,e1e8,9.0,True,167.0,178.0,4rrk1/5ppp/p1pb4/1p1n3q/3P2b1/1BP3P1/PP1N1PQP/R1B1R1K1,,,7,35,27,False,202311
202311025452536,35,e1f1,43.0,True,159.0,180.0,4rrk1/5ppp/p1pb4/1p1n3q/3P2b1/1BP3P1/PP1N1PQP/R1B1R1K1,,,7,35,27,False,202311
202311025806080,35,e1e4,20.0,True,162.0,160.0,4rrk1/5ppp/p1pb4/1p1n3q/3P2b1/1BP3P1/PP1N1PQP/R1B1R1K1,,,7,35,27,False,202311
202311025919724,35,b3d5,5.0,True,530.0,515.0,4rrk1/5ppp/p1pb4/1p1n3q/3P2b1/1BP3P1/PP1N1PQP/R1B1R1K1,,,7,35,27,False,202311
202312093164440,35,e1e8,63.0,True,145.0,157.0,4rrk1/5ppp/p1pb4/1p1n3q/3P2b1/1BP3P1/PP1N1PQP/R1B1R1K1,,,7,35,27,False,202312
202312093207412,35,e1e8,7.0,True,166.0,196.0,4rrk1/5ppp/p1pb4/1p1n3q/3P2b1/1BP3P1/PP1N1PQP/R1B1R1K1,,,7,35,27,False,202312
202312093226202,35,d2e4,21.0,True,65.0,109.0,4rrk1/5ppp/p1pb4/1p1n3q/3P2b1/1BP3P1/PP1N1PQP/R1B1R1K1,,,7,35,27,False,202312
202312093457997,35,e1e8,22.0,True,183.0,190.0,4rrk1/5ppp/p1pb4/1p1n3q/3P2b1/1BP3P1/PP1N1PQP/R1B1R1K1,,,7,35,27,False,202312
202312093578504,35,e1f1,8.0,True,40.0,53.0,4rrk1/5ppp/p1pb4/1p1n3q/3P2b1/1BP3P1/PP1N1PQP/R1B1R1K1,,,7,35,27,False,202312
202312093643756,35,e1e8,35.0,True,245.0,233.0,4rrk1/5ppp/p1pb4/1p1n3q/3P2b1/1BP3P1/PP1N1PQP/R1B1R1K1,,,7,35,27,False,202312
202312093942762,35,e1e8,33.0,True,97.0,117.0,4rrk1/5ppp/p1pb4/1p1n3q/3P2b1/1BP3P1/PP1N1PQP/R1B1R1K1,,,7,35,27,False,202312
202312070410447,35,e1e8,2.0,True,277.0,262.0,4rrk1/5ppp/p1pb4/1p1n3q/3P2b1/1BP3P1/PP1N1PQP/R1B1R1K1,,,7,35,27,False,202312
202312070660404,35,e1e8,5.0,True,138.0,146.0,4rrk1/5ppp/p1pb4/1p1n3q/3P2b1/1BP3P1/PP1N1PQP/R1B1R1K1,,,5,35,27,False,202312
202312070679932,35,e1f1,41.0,True,115.0,195.0,4rrk1/5ppp/p1pb4/1p1n3q/3P2b1/1BP3P1/PP1N1PQP/R1B1R1K1,,,7,35,27,False,202312
202312048113351,35,e1e4,217.0,True,467.0,609.0,4rrk1/5ppp/p1pb4/1p1n3q/3P2b1/1BP3P1/PP1N1PQP/R1B1R1K1,,,7,35,27,False,202312
202312048242334,35,e1f1,23.0,True,143.0,154.0,4rrk1/5ppp/p1pb4/1p1n3q/3P2b1/1BP3P1/PP1N1PQP/R1B1R1K1,,,7,35,27,False,202312
202312048367116,35,e1e8,6.0,True,129.0,155.0,4rrk1/5ppp/p1pb4/1p1n3q/3P2b1/1BP3P1/PP1N1PQP/R1B1R1K1,,,7,35,27,False,202312
202312048368801,35,d2e4,13.0,True,144.0,154.0,4rrk1/5ppp/p1pb4/1p1n3q/3P2b1/1BP3P1/PP1N1PQP/R1B1R1K1,,,7,35,27,False,202312
202312048416945,35,g2f1,104.0,True,502.0,541.0,4rrk1/5ppp/p1pb4/1p1n3q/3P2b1/1BP3P1/PP1N1PQP/R1B1R1K1,,,7,35,27,False,202312
202312048795413,35,e1e8,30.0,True,211.0,295.0,4rrk1/5ppp/p1pb4/1p1n3q/3P2b1/1BP3P1/PP1N1PQP/R1B1R1K1,,,7,35,27,False,202312
202312077029380,35,g2f1,10.0,True,540.0,652.0,4rrk1/5ppp/p1pb4/1p1n3q/3P2b1/1BP3P1/PP1N1PQP/R1B1R1K1,,,7,35,27,False,202312
202312077256218,35,e1f1,37.0,True,70.0,159.0,4rrk1/5ppp/p1pb4/1p1n3q/3P2b1/1BP3P1/PP1N1PQP/R1B1R1K1,,,7,35,27,False,202312
202312077394953,35,e1e8,6.0,True,172.0,196.0,4rrk1/5ppp/p1pb4/1p1n3q/3P2b1/1BP3P1/PP1N1PQP/R1B1R1K1,,,7,35,27,False,202312
202312077625371,39,e1f1,99.0,True,246.0,271.0,4rrk1/5ppp/p1pb4/1p1n3q/3P2b1/1BP3P1/PP1N1PQP/R1B1R1K1,,,11,35,27,False,202312
202312077909949,35,e1e8,12.0,True,404.0,415.0,4rrk1/5ppp/p1pb4/1p1n3q/3P2b1/1BP3P1/PP1N1PQP/R1B1R1K1,,,7,35,27,False,202312
202312035003871,35,e1e8,41.0,True,222.0,235.0,4rrk1/5ppp/p1pb4/1p1n3q/3P2b1/1BP3P1/PP1N1PQP/R1B1R1K1,,,7,35,27,False,202312
202312035383389,35,e1e8,6.0,True,20.0,51.0,4rrk1/5ppp/p1pb4/1p1n3q/3P2b1/1BP3P1/PP1N1PQP/R1B1R1K1,,,7,35,27,False,202312
202312035475565,35,e1e8,53.0,True,80.0,109.0,4rrk1/5ppp/p1pb4/1p1n3q/3P2b1/1BP3P1/PP1N1PQP/R1B1R1K1,,,7,35,27,False,202312
202312035937912,35,e1e4,14.0,True,155.0,165.0,4rrk1/5ppp/p1pb4/1p1n3q/3P2b1/1BP3P1/PP1N1PQP/R1B1R1K1,,,7,35,27,False,202312
202312032161797,35,g2f1,44.0,True,531.0,554.0,4rrk1/5ppp/p1pb4/1p1n3q/3P2b1/1BP3P1/PP1N1PQP/R1B1R1K1,,,7,35,27,False,202312
202312032229463,35,e1e8,10.0,True,81.0,116.0,4rrk1/5ppp/p1pb4/1p1n3q/3P2b1/1BP3P1/PP1N1PQP/R1B1R1K1,,,7,35,27,False,202312
202312032858653,35,d2e4,131.0,True,335.0,569.0,4rrk1/5ppp/p1pb4/1p1n3q/3P2b1/1BP3P1/PP1N1PQP/R1B1R1K1,,,7,35,27,False,202312
202312006287772,35,e1e8,25.0,True,236.0,273.0,4rrk1/5ppp/p1pb4/1p1n3q/3P2b1/1BP3P1/PP1N1PQP/R1B1R1K1,,,7,35,27,False,202312
202312087282312,35,d2e4,11.0,True,567.0,615.0,4rrk1/5ppp/p1pb4/1p1n3q/3P2b1/1BP3P1/PP1N1PQP/R1B1R1K1,,,7,35,27,False,202312
202312087358669,35,d2e4,3.0,True,138.0,167.0,4rrk1/5ppp/p1pb4/1p1n3q/3P2b1/1BP3P1/PP1N1PQP/R1B1R1K1,,,7,35,27,False,202312
202312087544560,35,e1e8,20.0,True,158.0,163.0,4rrk1/5ppp/p1pb4/1p1n3q/3P2b1/1BP3P1/PP1N1PQP/R1B1R1K1,,,7,35,27,False,202312
202312087836527,39,d2e4,14.0,True,268.0,276.0,4rrk1/5ppp/p1pb4/1p1n3q/3P2b1/1BP3P1/PP1N1PQP/R1B1R1K1,,,11,35,27,False,202312
202312087959216,35,e1e8,11.0,True,31.0,48.0,4rrk1/5ppp/p1pb4/1p1n3q/3P2b1/1BP3P1/PP1N1PQP/R1B1R1K1,,,7,35,27,False,202312
202312087962353,35,e1f1,6.0,True,152.0,163.0,4rrk1/5ppp/p1pb4/1p1n3q/3P2b1/1BP3P1/PP1N1PQP/R1B1R1K1,,,7,35,27,False,202312
202312065023613,35,e1e8,11.0,True,118.0,161.0,4rrk1/5ppp/p1pb4/1p1n3q/3P2b1/1BP3P1/PP1N1PQP/R1B1R1K1,,,7,35,27,False,202312
202312049651683,35,e1e8,44.0,True,176.0,197.0,4rrk1/5ppp/p1pb4/1p1n3q/3P2b1/1BP3P1/PP1N1PQP/R1B1R1K1,,,7,35,27,False,202312
202312049767136,35,e1e8,11.0,True,971.0,1016.0,4rrk1/5ppp/p1pb4/1p1n3q/3P2b1/1BP3P1/PP1N1PQP/R1B1R1K1,,,7,35,27,False,202312
202312049909938,35,g2f1,28.0,True,205.0,261.0,4rrk1/5ppp/p1pb4/1p1n3q/3P2b1/1BP3P1/PP1N1PQP/R1B1R1K1,,,7,35,27,False,202312
202312001123422,35,e1e8,71.0,True,119.0,187.0,4rrk1/5ppp/p1pb4/1p1n3q/3P2b1/1BP3P1/PP1N1PQP/R1B1R1K1,,,7,35,27,False,202312
202312001268463,35,d2e4,4.0,True,39.0,49.0,4rrk1/5ppp/p1pb4/1p1n3q/3P2b1/1BP3P1/PP1N1PQP/R1B1R1K1,,,7,35,27,False,202312
202312001763817,35,g2f1,46.0,True,245.0,285.0,4rrk1/5ppp/p1pb4/1p1n3q/3P2b1/1BP3P1/PP1N1PQP/R1B1R1K1,,,7,35,27,False,202312
202312005087074,35,e1e8,4.0,True,97.0,111.0,4rrk1/5ppp/p1pb4/1p1n3q/3P2b1/1BP3P1/PP1N1PQP/R1B1R1K1,,,7,35,27,False,202312
202312005265591,35,e1e8,39.0,True,463.0,551.0,4rrk1/5ppp/p1pb4/1p1n3q/3P2b1/1BP3P1/PP1N1PQP/R1B1R1K1,,,7,35,27,False,202312
202312005408192,35,e1f1,24.0,True,150.0,157.0,4rrk1/5ppp/p1pb4/1p1n3q/3P2b1/1BP3P1/PP1N1PQP/R1B1R1K1,,,7,35,27,False,202312
202312005425602,35,e1e4,29.0,True,156.0,160.0,4rrk1/5ppp/p1pb4/1p1n3q/3P2b1/1BP3P1/PP1N1PQP/R1B1R1K1,,,7,35,27,False,202312
202312005965452,35,e1e8,4.0,True,268.0,255.0,4rrk1/5ppp/p1pb4/1p1n3q/3P2b1/1BP3P1/PP1N1PQP/R1B1R1K1,,,7,35,27,False,202312
202312090439880,35,e1f1,5.0,True,101.0,99.0,4rrk1/5ppp/p1pb4/1p1n3q/3P2b1/1BP3P1/PP1N1PQP/R1B1R1K1,,,5,35,27,False,202312
202312090617232,35,e1e8,45.0,True,88.0,93.0,4rrk1/5ppp/p1pb4/1p1n3q/3P2b1/1BP3P1/PP1N1PQP/R1B1R1K1,,,7,35,27,False,202312
202312090838015,35,e1e8,5.0,True,153.0,174.0,4rrk1/5ppp/p1pb4/1p1n3q/3P2b1/1BP3P1/PP1N1PQP/R1B1R1K1,,,7,35,27,False,202312
202312061201483,35,d2e4,3.0,True,45.0,51.0,4rrk1/5ppp/p1pb4/1p1n3q/3P2b1/1BP3P1/PP1N1PQP/R1B1R1K1,,,7,35,27,False,202312
202312061886569,35,e1e8,22.0,True,92.0,115.0,4rrk1/5ppp/p1pb4/1p1n3q/3P2b1/1BP3P1/PP1N1PQP/R1B1R1K1,,,7,35,27,False,202312
202312057273873,35,e1f1,15.0,True,136.0,156.0,4rrk1/5ppp/p1pb4/1p1n3q/3P2b1/1BP3P1/PP1N1PQP/R1B1R1K1,,,7,35,27,False,202312
202312057626099,35,e1e8,48.0,True,294.0,320.0,4rrk1/5ppp/p1pb4/1p1n3q/3P2b1/1BP3P1/PP1N1PQP/R1B1R1K1,,,7,35,27,False,202312
202312023202308,35,e1e8,57.0,True,243.0,278.0,4rrk1/5ppp/p1pb4/1p1n3q/3P2b1/1BP3P1/PP1N1PQP/R1B1R1K1,,,7,35,27,False,202312
202312023596306,39,e1e8,11.0,True,251.0,246.0,4rrk1/5ppp/p1pb4/1p1n3q/3P2b1/1BP3P1/PP1N1PQP/R1B1R1K1,,,11,35,27,False,202312
202312023611249,35,e1f1,6.0,True,50.0,49.0,4rrk1/5ppp/p1pb4/1p1n3q/3P2b1/1BP3P1/PP1N1PQP/R1B1R1K1,,,7,35,27,False,202312
202312023686702,35,e1e8,,True,,,4rrk1/5ppp/p1pb4/1p1n3q/3P2b1/1BP3P1/PP1N1PQP/R1B1R1K1,,,7,35,27,False,202312
202312023981768,35,e1e8,10.0,True,109.0,116.0,4rrk1/5ppp/p1pb4/1p1n3q/3P2b1/1BP3P1/PP1N1PQP/R1B1R1K1,,,7,35,27,False,202312
202312085202230,35,e1e4,56.0,True,109.0,151.0,4rrk1/5ppp/p1pb4/1p1n3q/3P2b1/1BP3P1/PP1N1PQP/R1B1R1K1,,,7,35,27,False,202312
202312085336764,35,e1e8,22.0,True,166.0,183.0,4rrk1/5ppp/p1pb4/1p1n3q/3P2b1/1BP3P1/PP1N1PQP/R1B1R1K1,,,7,35,27,False,202312
202312085666720,35,e1f1,17.0,True,96.0,113.0,4rrk1/5ppp/p1pb4/1p1n3q/3P2b1/1BP3P1/PP1N1PQP/R1B1R1K1,,,7,35,27,False,202312
202312085952326,35,e1e4,24.0,True,188.0,196.0,4rrk1/5ppp/p1pb4/1p1n3q/3P2b1/1BP3P1/PP1N1PQP/R1B1R1K1,,,7,35,27,False,202312
202312009370527,35,e1f1,99.0,True,170.0,184.0,4rrk1/5ppp/p1pb4/1p1n3q/3P2b1/1BP3P1/PP1N1PQP/R1B1R1K1,,,7,35,27,False,202312
202312009992089,35,e1f1,74.0,True,126.0,195.0,4rrk1/5ppp/p1pb4/1p1n3q/3P2b1/1BP3P1/PP1N1PQP/R1B1R1K1,,,7,35,27,False,202312
202312063311119,39,d2e4,12.0,True,85.0,114.0,4rrk1/5ppp/p1pb4/1p1n3q/3P2b1/1BP3P1/PP1N1PQP/R1B1R1K1,,,11,35,27,False,202312
202312063333645,35,d2e4,2.0,True,39.0,44.0,4rrk1/5ppp/p1pb4/1p1n3q/3P2b1/1BP3P1/PP1N1PQP/R1B1R1K1,,,7,35,27,False,202312
202312063413738,35,d2e4,55.0,True,210.0,272.0,4rrk1/5ppp/p1pb4/1p1n3q/3P2b1/1BP3P1/PP1N1PQP/R1B1R1K1,,,7,35,27,False,202312
202312063595015,35,e1f1,14.0,True,261.0,281.0,4rrk1/5ppp/p1pb4/1p1n3q/3P2b1/1BP3P1/PP1N1PQP/R1B1R1K1,,,7,35,27,False,202312
202312063804719,35,e1f1,8.0,True,44.0,50.0,4rrk1/5ppp/p1pb4/1p1n3q/3P2b1/1BP3P1/PP1N1PQP/R1B1R1K1,,,7,35,27,False,202312
202312059409415,35,e1f1,21.0,True,135.0,157.0,4rrk1/5ppp/p1pb4/1p1n3q/3P2b1/1BP3P1/PP1N1PQP/R1B1R1K1,,,7,35,27,False,202312
202312059502925,35,e1e8,33.0,True,103.0,105.0,4rrk1/5ppp/p1pb4/1p1n3q/3P2b1/1BP3P1/PP1N1PQP/R1B1R1K1,,,7,35,27,False,202312
202312059762561,35,d2e4,2.0,True,48.0,53.0,4rrk1/5ppp/p1pb4/1p1n3q/3P2b1/1BP3P1/PP1N1PQP/R1B1R1K1,,,7,35,27,False,202312
202312059811078,35,e1e8,6.0,True,144.0,184.0,4rrk1/5ppp/p1pb4/1p1n3q/3P2b1/1BP3P1/PP1N1PQP/R1B1R1K1,,,7,35,27,False,202312
202312074599311,35,e1e8,28.0,True,517.0,565.0,4rrk1/5ppp/p1pb4/1p1n3q/3P2b1/1BP3P1/PP1N1PQP/R1B1R1K1,,,7,35,27,False,202312
202312040486960,35,d2e4,15.0,True,45.0,25.0,4rrk1/5ppp/p1pb4/1p1n3q/3P2b1/1BP3P1/PP1N1PQP/R1B1R1K1,,,7,35,27,False,202312
202312040598560,35,e1e8,51.0,True,237.0,276.0,4rrk1/5ppp/p1pb4/1p1n3q/3P2b1/1BP3P1/PP1N1PQP/R1B1R1K1,,,7,35,27,False,202312
202312040640690,35,e1e8,11.0,True,62.0,160.0,4rrk1/5ppp/p1pb4/1p1n3q/3P2b1/1BP3P1/PP1N1PQP/R1B1R1K1,,,7,35,27,False,202312
202312040644857,35,e1f1,42.0,True,542.0,554.0,4rrk1/5ppp/p1pb4/1p1n3q/3P2b1/1BP3P1/PP1N1PQP/R1B1R1K1,,,7,35,27,False,202312
202312040810552,35,g2f1,18.0,True,120.0,158.0,4rrk1/5ppp/p1pb4/1p1n3q/3P2b1/1BP3P1/PP1N1PQP/R1B1R1K1,,,7,35,27,False,202312
202312021380108,35,e1e8,51.0,True,104.0,117.0,4rrk1/5ppp/p1pb4/1p1n3q/3P2b1/1BP3P1/PP1N1PQP/R1B1R1K1,,,7,35,27,False,202312
202312021628158,35,d2e4,6.0,True,404.0,630.0,4rrk1/5ppp/p1pb4/1p1n3q/3P2b1/1BP3P1/PP1N1PQP/R1B1R1K1,,,7,35,27,False,202312
202312021748192,35,e1f1,32.0,True,121.0,170.0,4rrk1/5ppp/p1pb4/1p1n3q/3P2b1/1BP3P1/PP1N1PQP/R1B1R1K1,,,7,35,27,False,202312
202312021822728,35,e1e8,109.0,True,607.0,633.0,4rrk1/5ppp/p1pb4/1p1n3q/3P2b1/1BP3P1/PP1N1PQP/R1B1R1K1,,,7,35,27,False,202312
202312062724855,35,g1f1,10.0,True,63.0,117.0,4rrk1/5ppp/p1pb4/1p1n3q/3P2b1/1BP3P1/PP1N1PQP/R1B1R1K1,,,7,35,27,False,202312
202312062774567,35,e1e4,27.0,True,147.0,171.0,4rrk1/5ppp/p1pb4/1p1n3q/3P2b1/1BP3P1/PP1N1PQP/R1B1R1K1,,,7,35,27,False,202312
202312022760991,35,d2e4,6.0,True,144.0,75.0,4rrk1/5ppp/p1pb4/1p1n3q/3P2b1/1BP3P1/PP1N1PQP/R1B1R1K1,,,7,35,27,False,202312
202312042491400,35,d2e4,3.0,True,39.0,54.0,4rrk1/5ppp/p1pb4/1p1n3q/3P2b1/1BP3P1/PP1N1PQP/R1B1R1K1,,,7,35,27,False,202312
202312042775492,35,e1e8,20.0,True,221.0,260.0,4rrk1/5ppp/p1pb4/1p1n3q/3P2b1/1BP3P1/PP1N1PQP/R1B1R1K1,,,5,35,27,False,202312
202312042792509,35,e1e8,2.0,True,183.0,182.0,4rrk1/5ppp/p1pb4/1p1n3q/3P2b1/1BP3P1/PP1N1PQP/R1B1R1K1,,,7,35,27,False,202312
202312039738558,35,e1e8,18.0,True,160.0,120.0,4rrk1/5ppp/p1pb4/1p1n3q/3P2b1/1BP3P1/PP1N1PQP/R1B1R1K1,,,7,35,27,False,202312
202312039785081,35,e1e8,49.0,True,856.0,886.0,4rrk1/5ppp/p1pb4/1p1n3q/3P2b1/1BP3P1/PP1N1PQP/R1B1R1K1,,,7,35,27,False,202312
202312084632782,35,g2f1,15.0,True,137.0,155.0,4rrk1/5ppp/p1pb4/1p1n3q/3P2b1/1BP3P1/PP1N1PQP/R1B1R1K1,,,7,35,27,False,202312
202312080307733,35,b3c2,18.0,True,138.0,147.0,4rrk1/5ppp/p1pb4/1p1n3q/3P2b1/1BP3P1/PP1N1PQP/R1B1R1K1,,,7,35,27,False,202312
202312080511173,35,d2e4,7.0,True,55.0,60.0,4rrk1/5ppp/p1pb4/1p1n3q/3P2b1/1BP3P1/PP1N1PQP/R1B1R1K1,,,7,35,27,False,202312
202312080989225,35,e1e8,19.0,True,144.0,76.0,4rrk1/5ppp/p1pb4/1p1n3q/3P2b1/1BP3P1/PP1N1PQP/R1B1R1K1,,,7,35,27,False,202312
202312051656606,35,e1f1,86.0,True,464.0,551.0,4rrk1/5ppp/p1pb4/1p1n3q/3P2b1/1BP3P1/PP1N1PQP/R1B1R1K1,,,7,35,27,False,202312
202312069199561,35,e1e8,47.0,True,1183.0,477.0,4rrk1/5ppp/p1pb4/1p1n3q/3P2b1/1BP3P1/PP1N1PQP/R1B1R1K1,,,7,35,27,False,202312
202312069359673,35,e1e8,4.0,True,264.0,254.0,4rrk1/5ppp/p1pb4/1p1n3q/3P2b1/1BP3P1/PP1N1PQP/R1B1R1K1,,,7,35,27,False,202312
202312069665006,35,e1f1,22.0,True,259.0,270.0,4rrk1/5ppp/p1pb4/1p1n3q/3P2b1/1BP3P1/PP1N1PQP/R1B1R1K1,,,7,35,27,False,202312
202312069823429,35,e1f1,22.0,True,160.0,161.0,4rrk1/5ppp/p1pb4/1p1n3q/3P2b1/1BP3P1/PP1N1PQP/R1B1R1K1,,,7,35,27,False,202312
202312069863195,35,e1f1,15.0,True,94.0,103.0,4rrk1/5ppp/p1pb4/1p1n3q/3P2b1/1BP3P1/PP1N1PQP/R1B1R1K1,,,7,35,27,False,202312
202312082184505,35,e1e8,5.0,True,240.0,281.0,4rrk1/5ppp/p1pb4/1p1n3q/3P2b1/1BP3P1/PP1N1PQP/R1B1R1K1,,,7,35,27,False,202312
202312082588649,35,e1f1,75.0,True,138.0,188.0,4rrk1/5ppp/p1pb4/1p1n3q/3P2b1/1BP3P1/PP1N1PQP/R1B1R1K1,,,7,35,27,False,202312
202312082595924,35,e1e8,26.0,True,531.0,658.0,4rrk1/5ppp/p1pb4/1p1n3q/3P2b1/1BP3P1/PP1N1PQP/R1B1R1K1,,,7,35,27,False,202312
202312082704957,35,e1e8,55.0,True,75.0,184.0,4rrk1/5ppp/p1pb4/1p1n3q/3P2b1/1BP3P1/PP1N1PQP/R1B1R1K1,,,7,35,27,False,202312
202312082725287,35,e1e8,22.0,True,135.0,165.0,4rrk1/5ppp/p1pb4/1p1n3q/3P2b1/1BP3P1/PP1N1PQP/R1B1R1K1,,,7,35,27,False,202312
202312003184024,35,e1e8,53.0,True,247.0,272.0,4rrk1/5ppp/p1pb4/1p1n3q/3P2b1/1BP3P1/PP1N1PQP/R1B1R1K1,,,7,35,27,False,202312
202312003439279,35,d2e4,9.0,True,38.0,49.0,4rrk1/5ppp/p1pb4/1p1n3q/3P2b1/1BP3P1/PP1N1PQP/R1B1R1K1,,,7,35,27,False,202312
202312003529518,35,d2e4,12.0,True,547.0,1336.0,4rrk1/5ppp/p1pb4/1p1n3q/3P2b1/1BP3P1/PP1N1PQP/R1B1R1K1,,,7,35,27,False,202312
202312003744189,35,d2e4,6.0,True,43.0,47.0,4rrk1/5ppp/p1pb4/1p1n3q/3P2b1/1BP3P1/PP1N1PQP/R1B1R1K1,,,7,35,27,False,202312
202312003912508,35,d2e4,14.0,True,495.0,560.0,4rrk1/5ppp/p1pb4/1p1n3q/3P2b1/1BP3P1/PP1N1PQP/R1B1R1K1,,,7,35,27,False,202312
202312055053206,35,e1e8,22.0,True,276.0,263.0,4rrk1/5ppp/p1pb4/1p1n3q/3P2b1/1BP3P1/PP1N1PQP/R1B1R1K1,,,7,35,27,False,202312
202312055258175,35,e1e8,4.0,True,50.0,52.0,4rrk1/5ppp/p1pb4/1p1n3q/3P2b1/1BP3P1/PP1N1PQP/R1B1R1K1,,,7,35,27,False,202312
202312055512295,35,d2e4,2.0,True,88.0,162.0,4rrk1/5ppp/p1pb4/1p1n3q/3P2b1/1BP3P1/PP1N1PQP/R1B1R1K1,,,7,35,27,False,202312
202312020308806,35,e1e4,96.0,True,517.0,544.0,4rrk1/5ppp/p1pb4/1p1n3q/3P2b1/1BP3P1/PP1N1PQP/R1B1R1K1,,,7,35,27,False,202312
202312020549199,35,e1f1,23.0,True,133.0,157.0,4rrk1/5ppp/p1pb4/1p1n3q/3P2b1/1BP3P1/PP1N1PQP/R1B1R1K1,,,7,35,27,False,202312
202312020564683,35,e1e8,65.0,True,599.0,652.0,4rrk1/5ppp/p1pb4/1p1n3q/3P2b1/1BP3P1/PP1N1PQP/R1B1R1K1,,,7,35,27,False,202312
202312004046665,35,e1e8,10.0,True,87.0,119.0,4rrk1/5ppp/p1pb4/1p1n3q/3P2b1/1BP3P1/PP1N1PQP/R1B1R1K1,,,7,35,27,False,202312
202312004476797,35,e1e8,11.0,True,136.0,80.0,4rrk1/5ppp/p1pb4/1p1n3q/3P2b1/1BP3P1/PP1N1PQP/R1B1R1K1,,,7,35,27,False,202312
202312097174272,35,g1f1,96.0,True,373.0,371.0,4rrk1/5ppp/p1pb4/1p1n3q/3P2b1/1BP3P1/PP1N1PQP/R1B1R1K1,,,7,35,27,False,202312
202312031033398,35,e1e8,43.0,True,129.0,151.0,4rrk1/5ppp/p1pb4/1p1n3q/3P2b1/1BP3P1/PP1N1PQP/R1B1R1K1,,,7,35,27,False,202312
202312031513137,35,e1e4,23.0,True,86.0,59.0,4rrk1/5ppp/p1pb4/1p1n3q/3P2b1/1BP3P1/PP1N1PQP/R1B1R1K1,,,7,35,27,False,202312
202312031668114,35,e1f1,48.0,True,285.0,279.0,4rrk1/5ppp/p1pb4/1p1n3q/3P2b1/1BP3P1/PP1N1PQP/R1B1R1K1,,,7,35,27,False,202312
202312031833166,35,d2e4,16.0,True,161.0,175.0,4rrk1/5ppp/p1pb4/1p1n3q/3P2b1/1BP3P1/PP1N1PQP/R1B1R1K1,,,7,35,27,False,202312
202312060549191,35,e1f1,4.0,True,103.0,176.0,4rrk1/5ppp/p1pb4/1p1n3q/3P2b1/1BP3P1/PP1N1PQP/R1B1R1K1,,,7,35,27,False,202312
202312056016040,35,e1e8,22.0,True,71.0,102.0,4rrk1/5ppp/p1pb4/1p1n3q/3P2b1/1BP3P1/PP1N1PQP/R1B1R1K1,,,7,35,27,False,202312
202312056235883,35,g2f1,54.0,True,597.0,666.0,4rrk1/5ppp/p1pb4/1p1n3q/3P2b1/1BP3P1/PP1N1PQP/R1B1R1K1,,,7,35,27,False,202312
202312056895928,35,d2e4,12.0,True,165.0,144.0,4rrk1/5ppp/p1pb4/1p1n3q/3P2b1/1BP3P1/PP1N1PQP/R1B1R1K1,,,7,35,27,False,202312
202312058795653,35,d2e4,3.0,True,80.0,101.0,4rrk1/5ppp/p1pb4/1p1n3q/3P2b1/1BP3P1/PP1N1PQP/R1B1R1K1,,,7,35,27,False,202312
202312068067612,35,e1f1,79.0,True,169.0,162.0,4rrk1/5ppp/p1pb4/1p1n3q/3P2b1/1BP3P1/PP1N1PQP/R1B1R1K1,,,7,35,27,False,202312
202312068324474,35,e1e8,3.0,True,278.0,322.0,4rrk1/5ppp/p1pb4/1p1n3q/3P2b1/1BP3P1/PP1N1PQP/R1B1R1K1,,,7,35,27,False,202312
202312068435247,35,e1e8,2.0,True,152.0,168.0,4rrk1/5ppp/p1pb4/1p1n3q/3P2b1/1BP3P1/PP1N1PQP/R1B1R1K1,,,7,35,27,False,202312
202312068458528,35,e1e8,56.0,True,600.0,569.0,4rrk1/5ppp/p1pb4/1p1n3q/3P2b1/1BP3P1/PP1N1PQP/R1B1R1K1,,,7,35,27,False,202312
202312068762677,35,e1e8,15.0,True,436.0,461.0,4rrk1/5ppp/p1pb4/1p1n3q/3P2b1/1BP3P1/PP1N1PQP/R1B1R1K1,,,7,35,27,False,202312
202312012083314,35,d2e4,4.0,True,178.0,172.0,4rrk1/5ppp/p1pb4/1p1n3q/3P2b1/1BP3P1/PP1N1PQP/R1B1R1K1,,,7,35,27,False,202312
202312012423683,35,e1e8,67.0,True,806.0,745.0,4rrk1/5ppp/p1pb4/1p1n3q/3P2b1/1BP3P1/PP1N1PQP/R1B1R1K1,,,7,35,27,False,202312
202312012780301,35,g2f1,19.0,True,172.0,192.0,4rrk1/5ppp/p1pb4/1p1n3q/3P2b1/1BP3P1/PP1N1PQP/R1B1R1K1,,,7,35,27,False,202312
202312012835983,35,e1e8,43.0,True,148.0,178.0,4rrk1/5ppp/p1pb4/1p1n3q/3P2b1/1BP3P1/PP1N1PQP/R1B1R1K1,,,7,35,27,False,202312
202312095000824,35,e1e8,2.0,True,148.0,159.0,4rrk1/5ppp/p1pb4/1p1n3q/3P2b1/1BP3P1/PP1N1PQP/R1B1R1K1,,,7,35,27,False,202312
202312095573047,35,e1e8,1.0,True,43.0,52.0,4rrk1/5ppp/p1pb4/1p1n3q/3P2b1/1BP3P1/PP1N1PQP/R1B1R1K1,,,7,35,27,False,202312
202312095578782,35,e1e8,1.0,True,41.0,52.0,4rrk1/5ppp/p1pb4/1p1n3q/3P2b1/1BP3P1/PP1N1PQP/R1B1R1K1,,,7,35,27,False,202312
202312095861796,35,e1e4,25.0,True,185.0,198.0,4rrk1/5ppp/p1pb4/1p1n3q/3P2b1/1BP3P1/PP1N1PQP/R1B1R1K1,,,7,35,27,False,202312
202312095961425,35,d2e4,5.0,True,137.0,148.0,4rrk1/5ppp/p1pb4/1p1n3q/3P2b1/1BP3P1/PP1N1PQP/R1B1R1K1,,,7,35,27,False,202312
202312078233056,35,e1e8,34.0,True,136.0,169.0,4rrk1/5ppp/p1pb4/1p1n3q/3P2b1/1BP3P1/PP1N1PQP/R1B1R1K1,,,7,35,27,False,202312
202312078625527,35,e1e4,41.0,True,172.0,198.0,4rrk1/5ppp/p1pb4/1p1n3q/3P2b1/1BP3P1/PP1N1PQP/R1B1R1K1,,,7,35,27,False,202312
202312078784048,35,e1e8,4.0,True,130.0,175.0,4rrk1/5ppp/p1pb4/1p1n3q/3P2b1/1BP3P1/PP1N1PQP/R1B1R1K1,,,7,35,27,False,202312
202312078817902,35,e1e8,22.0,True,106.0,259.0,4rrk1/5ppp/p1pb4/1p1n3q/3P2b1/1BP3P1/PP1N1PQP/R1B1R1K1,,,7,35,27,False,202312
202312078894616,35,e1e8,4.0,True,52.0,39.0,4rrk1/5ppp/p1pb4/1p1n3q/3P2b1/1BP3P1/PP1N1PQP/R1B1R1K1,,,7,35,27,False,202312
202312027257657,35,e1e8,24.0,True,143.0,159.0,4rrk1/5ppp/p1pb4/1p1n3q/3P2b1/1BP3P1/PP1N1PQP/R1B1R1K1,,,7,35,27,False,202312
202312027279268,35,e1f1,17.0,True,230.0,280.0,4rrk1/5ppp/p1pb4/1p1n3q/3P2b1/1BP3P1/PP1N1PQP/R1B1R1K1,,,7,35,27,False,202312
202312043483748,35,e1e8,4.0,True,131.0,152.0,4rrk1/5ppp/p1pb4/1p1n3q/3P2b1/1BP3P1/PP1N1PQP/R1B1R1K1,,,7,35,27,False,202312
202312043728449,35,e1e8,26.0,True,254.0,264.0,4rrk1/5ppp/p1pb4/1p1n3q/3P2b1/1BP3P1/PP1N1PQP/R1B1R1K1,,,7,35,27,False,202312
202312043889471,35,d2e4,73.0,True,139.0,181.0,4rrk1/5ppp/p1pb4/1p1n3q/3P2b1/1BP3P1/PP1N1PQP/R1B1R1K1,,,7,35,27,False,202312
202312050133806,35,e1e8,0.0,True,1047.0,1010.0,4rrk1/5ppp/p1pb4/1p1n3q/3P2b1/1BP3P1/PP1N1PQP/R1B1R1K1,,,7,35,27,False,202312
202312050237768,35,e1f1,6.0,True,44.0,48.0,4rrk1/5ppp/p1pb4/1p1n3q/3P2b1/1BP3P1/PP1N1PQP/R1B1R1K1,,,7,35,27,False,202312
202312050441964,39,d2e4,59.0,True,497.0,521.0,4rrk1/5ppp/p1pb4/1p1n3q/3P2b1/1BP3P1/PP1N1PQP/R1B1R1K1,,,11,35,27,False,202312
202312050682343,39,f2f3,2.0,True,72.0,120.0,4rrk1/5ppp/p1pb4/1p1n3q/3P2b1/1BP3P1/PP1N1PQP/R1B1R1K1,,,11,35,27,False,202312
202312050753391,35,e1e8,22.0,True,277.0,320.0,4rrk1/5ppp/p1pb4/1p1n3q/3P2b1/1BP3P1/PP1N1PQP/R1B1R1K1,,,7,35,27,False,202312
202312088527807,35,b3d5,12.0,True,157.0,165.0,4rrk1/5ppp/p1pb4/1p1n3q/3P2b1/1BP3P1/PP1N1PQP/R1B1R1K1,,,7,35,27,False,202312
202312088612773,35,e1e8,5.0,True,150.0,156.0,4rrk1/5ppp/p1pb4/1p1n3q/3P2b1/1BP3P1/PP1N1PQP/R1B1R1K1,,,7,35,27,False,202312
202312088630382,35,e1e8,3.0,True,142.0,148.0,4rrk1/5ppp/p1pb4/1p1n3q/3P2b1/1BP3P1/PP1N1PQP/R1B1R1K1,,,7,35,27,False,202312
202312088890522,35,g2f1,6.0,True,549.0,556.0,4rrk1/5ppp/p1pb4/1p1n3q/3P2b1/1BP3P1/PP1N1PQP/R1B1R1K1,,,7,35,27,False,202312
202312028047341,35,e1e4,21.0,True,134.0,134.0,4rrk1/5ppp/p1pb4/1p1n3q/3P2b1/1BP3P1/PP1N1PQP/R1B1R1K1,,,7,35,27,False,202312
202312028183488,35,d2e4,7.0,True,148.0,156.0,4rrk1/5ppp/p1pb4/1p1n3q/3P2b1/1BP3P1/PP1N1PQP/R1B1R1K1,,,7,35,27,False,202312
202312028296745,35,e1e8,227.0,True,728.0,848.0,4rrk1/5ppp/p1pb4/1p1n3q/3P2b1/1BP3P1/PP1N1PQP/R1B1R1K1,,,7,35,27,False,202312
202312028715637,35,e1e8,251.0,True,1390.0,1663.0,4rrk1/5ppp/p1pb4/1p1n3q/3P2b1/1BP3P1/PP1N1PQP/R1B1R1K1,,,7,35,27,False,202312
202312028747200,35,e1e8,8.0,True,966.0,805.0,4rrk1/5ppp/p1pb4/1p1n3q/3P2b1/1BP3P1/PP1N1PQP/R1B1R1K1,,,7,35,27,False,202312
202312028767232,35,e1f1,11.0,True,109.0,165.0,4rrk1/5ppp/p1pb4/1p1n3q/3P2b1/1BP3P1/PP1N1PQP/R1B1R1K1,,,7,35,27,False,202312
202312071073489,35,e1f1,137.0,True,416.0,556.0,4rrk1/5ppp/p1pb4/1p1n3q/3P2b1/1BP3P1/PP1N1PQP/R1B1R1K1,,,7,35,27,False,202312
202312071187564,35,e1e4,50.0,True,173.0,178.0,4rrk1/5ppp/p1pb4/1p1n3q/3P2b1/1BP3P1/PP1N1PQP/R1B1R1K1,,,7,35,27,False,202312
202312071238592,35,g1f1,39.0,True,155.0,197.0,4rrk1/5ppp/p1pb4/1p1n3q/3P2b1/1BP3P1/PP1N1PQP/R1B1R1K1,,,7,35,27,False,202312
202312071338741,35,e1e8,26.0,True,275.0,266.0,4rrk1/5ppp/p1pb4/1p1n3q/3P2b1/1BP3P1/PP1N1PQP/R1B1R1K1,,,7,35,27,False,202312
202312071483446,35,e1e8,19.0,True,38.0,63.0,4rrk1/5ppp/p1pb4/1p1n3q/3P2b1/1BP3P1/PP1N1PQP/R1B1R1K1,,,7,35,27,False,202312
202312071510406,35,d2e4,1.0,True,129.0,161.0,4rrk1/5ppp/p1pb4/1p1n3q/3P2b1/1BP3P1/PP1N1PQP/R1B1R1K1,,,7,35,27,False,202312
202312071913586,35,e1e4,28.0,True,148.0,162.0,4rrk1/5ppp/p1pb4/1p1n3q/3P2b1/1BP3P1/PP1N1PQP/R1B1R1K1,,,7,35,27,False,202312
202312076944911,35,e1e8,9.0,True,113.0,157.0,4rrk1/5ppp/p1pb4/1p1n3q/3P2b1/1BP3P1/PP1N1PQP/R1B1R1K1,,,7,35,27,False,202312
202312076999845,35,e1f1,4.0,True,154.0,164.0,4rrk1/5ppp/p1pb4/1p1n3q/3P2b1/1BP3P1/PP1N1PQP/R1B1R1K1,,,7,35,27,False,202312
202312017428879,35,d2e4,2.0,True,49.0,51.0,4rrk1/5ppp/p1pb4/1p1n3q/3P2b1/1BP3P1/PP1N1PQP/R1B1R1K1,,,7,35,27,False,202312
202312017564855,35,f2f3,8.0,True,154.0,153.0,4rrk1/5ppp/p1pb4/1p1n3q/3P2b1/1BP3P1/PP1N1PQP/R1B1R1K1,,,7,35,27,False,202312
202312053144674,35,e1e8,73.0,True,272.0,287.0,4rrk1/5ppp/p1pb4/1p1n3q/3P2b1/1BP3P1/PP1N1PQP/R1B1R1K1,,,7,35,27,False,202312
202312053481952,39,e1e8,8.0,True,76.0,103.0,4rrk1/5ppp/p1pb4/1p1n3q/3P2b1/1BP3P1/PP1N1PQP/R1B1R1K1,,,11,35,27,False,202312
202312047181392,35,g1f1,12.0,True,140.0,163.0,4rrk1/5ppp/p1pb4/1p1n3q/3P2b1/1BP3P1/PP1N1PQP/R1B1R1K1,,,7,35,27,False,202312
202312047405812,35,d2e4,15.0,True,73.0,118.0,4rrk1/5ppp/p1pb4/1p1n3q/3P2b1/1BP3P1/PP1N1PQP/R1B1R1K1,,,7,35,27,False,202312
202312047773625,35,d2e4,16.0,True,298.0,319.0,4rrk1/5ppp/p1pb4/1p1n3q/3P2b1/1BP3P1/PP1N1PQP/R1B1R1K1,,,7,35,27,False,202312
202312010200726,35,e1e8,101.0,True,458.0,563.0,4rrk1/5ppp/p1pb4/1p1n3q/3P2b1/1BP3P1/PP1N1PQP/R1B1R1K1,,,7,35,27,False,202312
202312010457321,35,e1e8,15.0,True,148.0,162.0,4rrk1/5ppp/p1pb4/1p1n3q/3P2b1/1BP3P1/PP1N1PQP/R1B1R1K1,,,7,35,27,False,202312
202312010789257,35,d2e4,2.0,True,31.0,53.0,4rrk1/5ppp/p1pb4/1p1n3q/3P2b1/1BP3P1/PP1N1PQP/R1B1R1K1,,,7,35,27,False,202312
202312089381992,35,e1e8,2.0,True,265.0,279.0,4rrk1/5ppp/p1pb4/1p1n3q/3P2b1/1BP3P1/PP1N1PQP/R1B1R1K1,,,7,35,27,False,202312
202312089650943,35,e1e8,6.0,True,135.0,141.0,4rrk1/5ppp/p1pb4/1p1n3q/3P2b1/1BP3P1/PP1N1PQP/R1B1R1K1,,,7,35,27,False,202312
202312089750928,37,d2e4,4.0,True,497.0,486.0,4rrk1/5ppp/p1pb4/1p1n3q/3P2b1/1BP3P1/PP1N1PQP/R1B1R1K1,,,7,35,27,False,202312
202312075185506,35,e1e8,19.0,True,154.0,158.0,4rrk1/5ppp/p1pb4/1p1n3q/3P2b1/1BP3P1/PP1N1PQP/R1B1R1K1,,,7,35,27,False,202312
202312096245626,35,e1e8,113.0,True,2022.0,1898.0,4rrk1/5ppp/p1pb4/1p1n3q/3P2b1/1BP3P1/PP1N1PQP/R1B1R1K1,,,7,35,27,False,202312
202312096285649,35,g2f1,28.0,True,77.0,145.0,4rrk1/5ppp/p1pb4/1p1n3q/3P2b1/1BP3P1/PP1N1PQP/R1B1R1K1,,,7,35,27,False,202312
202312096394414,35,e1f1,4.0,True,97.0,109.0,4rrk1/5ppp/p1pb4/1p1n3q/3P2b1/1BP3P1/PP1N1PQP/R1B1R1K1,,,7,35,27,False,202312
202312033332798,35,e1f1,89.0,True,849.0,821.0,4rrk1/5ppp/p1pb4/1p1n3q/3P2b1/1BP3P1/PP1N1PQP/R1B1R1K1,,,7,35,27,False,202312
202312033580189,35,g2f1,52.0,True,114.0,177.0,4rrk1/5ppp/p1pb4/1p1n3q/3P2b1/1BP3P1/PP1N1PQP/R1B1R1K1,,,7,35,27,False,202312
202312086666891,35,e1e8,17.0,True,129.0,156.0,4rrk1/5ppp/p1pb4/1p1n3q/3P2b1/1BP3P1/PP1N1PQP/R1B1R1K1,,,7,35,27,False,202312
202312086930640,35,d2e4,128.0,True,725.0,984.0,4rrk1/5ppp/p1pb4/1p1n3q/3P2b1/1BP3P1/PP1N1PQP/R1B1R1K1,,,7,35,27,False,202312
202312034507799,35,e1f1,22.0,True,128.0,163.0,4rrk1/5ppp/p1pb4/1p1n3q/3P2b1/1BP3P1/PP1N1PQP/R1B1R1K1,,,7,35,27,False,202312
202312034659278,37,e1f1,13.0,True,130.0,131.0,4rrk1/5ppp/p1pb4/1p1n3q/3P2b1/1BP3P1/PP1N1PQP/R1B1R1K1,,,7,35,27,False,202312
202312034853961,35,g2f1,41.0,True,243.0,276.0,4rrk1/5ppp/p1pb4/1p1n3q/3P2b1/1BP3P1/PP1N1PQP/R1B1R1K1,,,7,35,27,False,202312
202312094826698,35,e1e8,2.0,True,32.0,51.0,4rrk1/5ppp/p1pb4/1p1n3q/3P2b1/1BP3P1/PP1N1PQP/R1B1R1K1,,,7,35,27,False,202312
202312094846595,35,g2f1,2.0,True,182.0,159.0,4rrk1/5ppp/p1pb4/1p1n3q/3P2b1/1BP3P1/PP1N1PQP/R1B1R1K1,,,7,35,27,False,202312
202312092087760,35,e1e8,30.0,True,217.0,264.0,4rrk1/5ppp/p1pb4/1p1n3q/3P2b1/1BP3P1/PP1N1PQP/R1B1R1K1,,,7,35,27,False,202312
202312092102012,35,d2e4,5.0,True,129.0,148.0,4rrk1/5ppp/p1pb4/1p1n3q/3P2b1/1BP3P1/PP1N1PQP/R1B1R1K1,,,7,35,27,False,202312
202312092719793,35,e1e8,42.0,True,241.0,277.0,4rrk1/5ppp/p1pb4/1p1n3q/3P2b1/1BP3P1/PP1N1PQP/R1B1R1K1,,,7,35,27,False,202312
202312044275026,35,d2e4,4.0,True,40.0,51.0,4rrk1/5ppp/p1pb4/1p1n3q/3P2b1/1BP3P1/PP1N1PQP/R1B1R1K1,,,7,35,27,False,202312
202312044581897,35,g2f1,29.0,True,178.0,123.0,4rrk1/5ppp/p1pb4/1p1n3q/3P2b1/1BP3P1/PP1N1PQP/R1B1R1K1,,,7,35,27,False,202312
202312044727294,35,e1f1,24.0,True,108.0,100.0,4rrk1/5ppp/p1pb4/1p1n3q/3P2b1/1BP3P1/PP1N1PQP/R1B1R1K1,,,7,35,27,False,202312
202312044741589,35,e1e4,106.0,True,236.0,292.0,4rrk1/5ppp/p1pb4/1p1n3q/3P2b1/1BP3P1/PP1N1PQP/R1B1R1K1,,,7,35,27,False,202312
202312018312652,35,e1e4,32.0,True,236.0,265.0,4rrk1/5ppp/p1pb4/1p1n3q/3P2b1/1BP3P1/PP1N1PQP/R1B1R1K1,,,7,35,27,False,202312
202312054595971,35,e1f1,21.0,True,137.0,163.0,4rrk1/5ppp/p1pb4/1p1n3q/3P2b1/1BP3P1/PP1N1PQP/R1B1R1K1,,,7,35,27,False,202312
202312016089723,35,e1e8,27.0,True,183.0,186.0,4rrk1/5ppp/p1pb4/1p1n3q/3P2b1/1BP3P1/PP1N1PQP/R1B1R1K1,,,7,35,27,False,202312
202312016292315,35,d2e4,1.0,True,241.0,277.0,4rrk1/5ppp/p1pb4/1p1n3q/3P2b1/1BP3P1/PP1N1PQP/R1B1R1K1,,,7,35,27,False,202312
202312016485905,35,e1e8,11.0,True,169.0,187.0,4rrk1/5ppp/p1pb4/1p1n3q/3P2b1/1BP3P1/PP1N1PQP/R1B1R1K1,,,7,35,27,False,202312
202312016588536,35,e1e8,3.0,True,36.0,44.0,4rrk1/5ppp/p1pb4/1p1n3q/3P2b1/1BP3P1/PP1N1PQP/R1B1R1K1,,,7,35,27,False,202312
202312072217478,35,e1e8,18.0,True,132.0,185.0,4rrk1/5ppp/p1pb4/1p1n3q/3P2b1/1BP3P1/PP1N1PQP/R1B1R1K1,,,7,35,27,False,202312
202312072402956,35,e1e8,14.0,True,123.0,143.0,4rrk1/5ppp/p1pb4/1p1n3q/3P2b1/1BP3P1/PP1N1PQP/R1B1R1K1,,,7,35,27,False,202312
202312072418065,35,e1e8,83.0,True,121.0,192.0,4rrk1/5ppp/p1pb4/1p1n3q/3P2b1/1BP3P1/PP1N1PQP/R1B1R1K1,,,7,35,27,False,202312
202312072584999,35,e1e8,13.0,True,144.0,155.0,4rrk1/5ppp/p1pb4/1p1n3q/3P2b1/1BP3P1/PP1N1PQP/R1B1R1K1,,,7,35,27,False,202312
202312072710286,35,e1e8,5.0,True,172.0,192.0,4rrk1/5ppp/p1pb4/1p1n3q/3P2b1/1BP3P1/PP1N1PQP/R1B1R1K1,,,7,35,27,False,202312
202312072738108,35,g2f1,30.0,True,197.0,199.0,4rrk1/5ppp/p1pb4/1p1n3q/3P2b1/1BP3P1/PP1N1PQP/R1B1R1K1,,,7,35,27,False,202312
202312072858490,35,g2f1,6.0,True,82.0,116.0,4rrk1/5ppp/p1pb4/1p1n3q/3P2b1/1BP3P1/PP1N1PQP/R1B1R1K1,,,7,35,27,False,202312
202312083178310,37,d2e4,8.0,True,107.0,126.0,4rrk1/5ppp/p1pb4/1p1n3q/3P2b1/1BP3P1/PP1N1PQP/R1B1R1K1,,,7,35,27,False,202312
202312083376905,35,e1e8,158.0,True,1946.0,2342.0,4rrk1/5ppp/p1pb4/1p1n3q/3P2b1/1BP3P1/PP1N1PQP/R1B1R1K1,,,7,35,27,False,202312
202312030549837,35,e1f1,35.0,True,172.0,175.0,4rrk1/5ppp/p1pb4/1p1n3q/3P2b1/1BP3P1/PP1N1PQP/R1B1R1K1,,,7,35,27,False,202312
202312019333341,35,d2e4,8.0,True,151.0,170.0,4rrk1/5ppp/p1pb4/1p1n3q/3P2b1/1BP3P1/PP1N1PQP/R1B1R1K1,,,7,35,27,False,202312
202312019589779,35,d2e4,36.0,True,448.0,547.0,4rrk1/5ppp/p1pb4/1p1n3q/3P2b1/1BP3P1/PP1N1PQP/R1B1R1K1,,,7,35,27,False,202312
202312019757671,39,e1e8,20.0,True,107.0,162.0,4rrk1/5ppp/p1pb4/1p1n3q/3P2b1/1BP3P1/PP1N1PQP/R1B1R1K1,,,11,35,27,False,202312
202312019933392,35,e1f1,19.0,True,119.0,122.0,4rrk1/5ppp/p1pb4/1p1n3q/3P2b1/1BP3P1/PP1N1PQP/R1B1R1K1,,,7,35,27,False,202312
202312073696931,35,e1e8,30.0,True,545.0,629.0,4rrk1/5ppp/p1pb4/1p1n3q/3P2b1/1BP3P1/PP1N1PQP/R1B1R1K1,,,7,35,27,False,202312
202312067187099,35,e1f1,2.0,True,174.0,198.0,4rrk1/5ppp/p1pb4/1p1n3q/3P2b1/1BP3P1/PP1N1PQP/R1B1R1K1,,,7,35,27,False,202312
202312067965614,35,e1e8,22.0,True,169.0,196.0,4rrk1/5ppp/p1pb4/1p1n3q/3P2b1/1BP3P1/PP1N1PQP/R1B1R1K1,,,7,35,27,False,202312
202312026014351,35,d2e4,9.0,True,159.0,150.0,4rrk1/5ppp/p1pb4/1p1n3q/3P2b1/1BP3P1/PP1N1PQP/R1B1R1K1,,,7,35,27,False,202312
202312079394459,35,e1e8,22.0,True,143.0,191.0,4rrk1/5ppp/p1pb4/1p1n3q/3P2b1/1BP3P1/PP1N1PQP/R1B1R1K1,,,7,35,27,False,202312
202312079708060,35,e1e8,1.0,True,45.0,54.0,4rrk1/5ppp/p1pb4/1p1n3q/3P2b1/1BP3P1/PP1N1PQP/R1B1R1K1,,,7,35,27,False,202312
202312002286012,35,e1e8,14.0,True,156.0,196.0,4rrk1/5ppp/p1pb4/1p1n3q/3P2b1/1BP3P1/PP1N1PQP/R1B1R1K1,,,7,35,27,False,202312
202312002441028,35,e1e8,3.0,True,46.0,50.0,4rrk1/5ppp/p1pb4/1p1n3q/3P2b1/1BP3P1/PP1N1PQP/R1B1R1K1,,,7,35,27,False,202312
202312002453167,35,g2f1,32.0,True,294.0,316.0,4rrk1/5ppp/p1pb4/1p1n3q/3P2b1/1BP3P1/PP1N1PQP/R1B1R1K1,,,7,35,27,False,202312
202312002655894,35,e1f1,12.0,True,149.0,160.0,4rrk1/5ppp/p1pb4/1p1n3q/3P2b1/1BP3P1/PP1N1PQP/R1B1R1K1,,,7,35,27,False,202312
202312014352679,35,e1e8,43.0,True,81.0,120.0,4rrk1/5ppp/p1pb4/1p1n3q/3P2b1/1BP3P1/PP1N1PQP/R1B1R1K1,,,7,35,27,False,202312
202312014368251,35,e1f1,42.0,True,93.0,199.0,4rrk1/5ppp/p1pb4/1p1n3q/3P2b1/1BP3P1/PP1N1PQP/R1B1R1K1,,,7,35,27,False,202312
202312014732318,35,b3d5,1.0,True,39.0,42.0,4rrk1/5ppp/p1pb4/1p1n3q/3P2b1/1BP3P1/PP1N1PQP/R1B1R1K1,,,7,35,27,False,202312
202312007321515,35,e1e8,20.0,True,171.0,242.0,4rrk1/5ppp/p1pb4/1p1n3q/3P2b1/1BP3P1/PP1N1PQP/R1B1R1K1,,,7,35,27,False,202312
202312007376190,35,e1f1,21.0,True,271.0,275.0,4rrk1/5ppp/p1pb4/1p1n3q/3P2b1/1BP3P1/PP1N1PQP/R1B1R1K1,,,7,35,27,False,202312
202312007755725,35,g1f1,8.0,True,30.0,47.0,4rrk1/5ppp/p1pb4/1p1n3q/3P2b1/1BP3P1/PP1N1PQP/R1B1R1K1,,,7,35,27,False,202312
202312024618245,35,e1f1,39.0,True,153.0,129.0,4rrk1/5ppp/p1pb4/1p1n3q/3P2b1/1BP3P1/PP1N1PQP/R1B1R1K1,,,7,35,27,False,202312
202312024915110,35,e1e8,1.0,True,46.0,51.0,4rrk1/5ppp/p1pb4/1p1n3q/3P2b1/1BP3P1/PP1N1PQP/R1B1R1K1,,,7,35,27,False,202312
202312045304447,35,e1f1,23.0,True,147.0,164.0,4rrk1/5ppp/p1pb4/1p1n3q/3P2b1/1BP3P1/PP1N1PQP/R1B1R1K1,,,7,35,27,False,202312
202312045595326,35,d2e4,12.0,True,203.0,278.0,4rrk1/5ppp/p1pb4/1p1n3q/3P2b1/1BP3P1/PP1N1PQP/R1B1R1K1,,,7,35,27,False,202312
202312045775832,35,g2f1,77.0,True,142.0,194.0,4rrk1/5ppp/p1pb4/1p1n3q/3P2b1/1BP3P1/PP1N1PQP/R1B1R1K1,,,7,35,27,False,202312
202312045992301,35,d2e4,1.0,True,138.0,175.0,4rrk1/5ppp/p1pb4/1p1n3q/3P2b1/1BP3P1/PP1N1PQP/R1B1R1K1,,,7,35,27,False,202312
202312052276042,35,e1f1,17.0,True,261.0,262.0,4rrk1/5ppp/p1pb4/1p1n3q/3P2b1/1BP3P1/PP1N1PQP/R1B1R1K1,,,7,35,27,False,202312
202312052925849,35,d2e4,3.0,True,150.0,161.0,4rrk1/5ppp/p1pb4/1p1n3q/3P2b1/1BP3P1/PP1N1PQP/R1B1R1K1,,,7,35,27,False,202312
202312008239280,35,e1f1,12.0,True,233.0,283.0,4rrk1/5ppp/p1pb4/1p1n3q/3P2b1/1BP3P1/PP1N1PQP/R1B1R1K1,,,7,35,27,False,202312
202312008441178,35,d2e4,1.0,True,83.0,99.0,4rrk1/5ppp/p1pb4/1p1n3q/3P2b1/1BP3P1/PP1N1PQP/R1B1R1K1,,,7,35,27,False,202312
202312066584306,35,e1e8,10.0,True,233.0,313.0,4rrk1/5ppp/p1pb4/1p1n3q/3P2b1/1BP3P1/PP1N1PQP/R1B1R1K1,,,7,35,27,False,202312
202312066722550,35,e1e8,17.0,True,100.0,193.0,4rrk1/5ppp/p1pb4/1p1n3q/3P2b1/1BP3P1/PP1N1PQP/R1B1R1K1,,,7,35,27,False,202312
202312066814160,35,g2f1,8.0,True,178.0,163.0,4rrk1/5ppp/p1pb4/1p1n3q/3P2b1/1BP3P1/PP1N1PQP/R1B1R1K1,,,7,35,27,False,202312
202312066968870,35,e1e8,28.0,True,233.0,321.0,4rrk1/5ppp/p1pb4/1p1n3q/3P2b1/1BP3P1/PP1N1PQP/R1B1R1K1,,,7,35,27,False,202312
202312064851811,35,e1e8,14.0,True,185.0,176.0,4rrk1/5ppp/p1pb4/1p1n3q/3P2b1/1BP3P1/PP1N1PQP/R1B1R1K1,,,7,35,27,False,202312
202312041496929,35,e1e8,22.0,True,243.0,286.0,4rrk1/5ppp/p1pb4/1p1n3q/3P2b1/1BP3P1/PP1N1PQP/R1B1R1K1,,,7,35,27,False,202312
202312041547512,35,e1f1,30.0,True,531.0,531.0,4rrk1/5ppp/p1pb4/1p1n3q/3P2b1/1BP3P1/PP1N1PQP/R1B1R1K1,,,7,35,27,False,202312
202312041693640,35,d2e4,12.0,True,48.0,45.0,4rrk1/5ppp/p1pb4/1p1n3q/3P2b1/1BP3P1/PP1N1PQP/R1B1R1K1,,,7,35,27,False,202312
202312041744943,35,e1e8,27.0,True,270.0,314.0,4rrk1/5ppp/p1pb4/1p1n3q/3P2b1/1BP3P1/PP1N1PQP/R1B1R1K1,,,7,35,27,False,202312
202312037336421,35,e1e8,10.0,True,961.0,1011.0,4rrk1/5ppp/p1pb4/1p1n3q/3P2b1/1BP3P1/PP1N1PQP/R1B1R1K1,,,7,35,27,False,202312
202312037607751,35,e1e8,6.0,True,175.0,190.0,4rrk1/5ppp/p1pb4/1p1n3q/3P2b1/1BP3P1/PP1N1PQP/R1B1R1K1,,,7,35,27,False,202312
202312037896377,35,d2e4,11.0,True,273.0,310.0,4rrk1/5ppp/p1pb4/1p1n3q/3P2b1/1BP3P1/PP1N1PQP/R1B1R1K1,,,7,35,27,False,202312
202312029219806,35,d2e4,17.0,True,211.0,282.0,4rrk1/5ppp/p1pb4/1p1n3q/3P2b1/1BP3P1/PP1N1PQP/R1B1R1K1,,,7,35,27,False,202312
202312029628277,35,e1f1,27.0,True,226.0,282.0,4rrk1/5ppp/p1pb4/1p1n3q/3P2b1/1BP3P1/PP1N1PQP/R1B1R1K1,,,7,35,27,False,202312
202312091226517,37,e1e8,12.0,True,243.0,243.0,4rrk1/5ppp/p1pb4/1p1n3q/3P2b1/1BP3P1/PP1N1PQP/R1B1R1K1,,,7,35,27,False,202312
202312091553295,35,g1f1,7.0,True,38.0,47.0,4rrk1/5ppp/p1pb4/1p1n3q/3P2b1/1BP3P1/PP1N1PQP/R1B1R1K1,,,7,35,27,False,202312
202312091634394,35,e1f1,34.0,True,471.0,611.0,4rrk1/5ppp/p1pb4/1p1n3q/3P2b1/1BP3P1/PP1N1PQP/R1B1R1K1,,,7,35,27,False,202312
202312013022633,35,e1e8,6.0,True,43.0,52.0,4rrk1/5ppp/p1pb4/1p1n3q/3P2b1/1BP3P1/PP1N1PQP/R1B1R1K1,,,7,35,27,False,202312
202312081125588,35,e1f1,5.0,True,120.0,157.0,4rrk1/5ppp/p1pb4/1p1n3q/3P2b1/1BP3P1/PP1N1PQP/R1B1R1K1,,,7,35,27,False,202312
202312081484318,35,d2e4,52.0,True,210.0,261.0,4rrk1/5ppp/p1pb4/1p1n3q/3P2b1/1BP3P1/PP1N1PQP/R1B1R1K1,,,7,35,27,False,202312
202312011494028,35,e1e8,24.0,True,141.0,169.0,4rrk1/5ppp/p1pb4/1p1n3q/3P2b1/1BP3P1/PP1N1PQP/R1B1R1K1,,,7,35,27,False,202312
202312011855234,35,e1f1,10.0,True,28.0,31.0,4rrk1/5ppp/p1pb4/1p1n3q/3P2b1/1BP3P1/PP1N1PQP/R1B1R1K1,,,7,35,27,False,202312
202312046229736,35,g2f1,21.0,True,172.0,194.0,4rrk1/5ppp/p1pb4/1p1n3q/3P2b1/1BP3P1/PP1N1PQP/R1B1R1K1,,,7,35,27,False,202312
202312046415311,35,e1e8,30.0,True,253.0,270.0,4rrk1/5ppp/p1pb4/1p1n3q/3P2b1/1BP3P1/PP1N1PQP/R1B1R1K1,,,7,35,27,False,202312
202312025938663,35,d2e4,102.0,True,439.0,545.0,4rrk1/5ppp/p1pb4/1p1n3q/3P2b1/1BP3P1/PP1N1PQP/R1B1R1K1,,,7,35,27,False,202312
202312025943022,35,d2e4,7.0,True,271.0,272.0,4rrk1/5ppp/p1pb4/1p1n3q/3P2b1/1BP3P1/PP1N1PQP/R1B1R1K1,,,7,35,27,False,202312
